source_id,target_id,rel_type
2R2L9FEwH7QvMjxPP6zYsS,23g_xwgnbBFPpY7SDLzbqc,AGGREGATES
2R2L9FEwH7QvMjxPP6zYsS,23g_xwgnbBFPpY7SDLzbqX,AGGREGATES
2R2L9FEwH7QvMjxPP6zYsS,23g_xwgnbBFPpY7SDLzbqk,AGGREGATES
2R2L9FEwH7QvMjxPP6zYsS,23g_xwgnbBFPpY7SDLzbqe,AGGREGATES
2R2L9FEwH7QvMjxPP6zYsS,23g_xwgnbBFPpY7SDLzbqg,AGGREGATES
2R2L9FEwH7QvMjxPP6zYsS,23g_xwgnbBFPpY7SDLzbqq,AGGREGATES
2R2L9FEwH7QvMjxPP6zYsS,23g_xwgnbBFPpY7SDLzbqs,AGGREGATES
2R2L9FEwH7QvMjxPP6zYsS,23g_xwgnbBFPpY7SDLzbqm,AGGREGATES
2R2L9FEwH7QvMjxPP6zYsS,23g_xwgnbBFPpY7SDLzbqo,AGGREGATES
2R2L9FEwH7QvMjxPP6zYsS,22RkM5Nn56FPWZ31993WOt,AGGREGATES
2R2L9FEwH7QvMjxPP6zYsS,22RkM5Nn56FPWZ31993WOn,AGGREGATES
2R2L9FEwH7QvMjxPP6zYsS,22RkM5Nn56FPWZ31993WOp,AGGREGATES
2R2L9FEwH7QvMjxPP6zYsS,22RkM5Nn56FPWZ31993WOj,AGGREGATES
2R2L9FEwH7QvMjxPP6zYsS,22RkM5Nn56FPWZ31993WOl,AGGREGATES
2R2L9FEwH7QvMjxPP6zYsS,22RkM5Nn56FPWZ31993WOf,AGGREGATES
2R2L9FEwH7QvMjxPP6zYsS,22RkM5Nn56FPWZ31993WOh,AGGREGATES
2R2L9FEwH7QvMjxPP6zYsS,22RkM5Nn56FPWZ31993WOb,AGGREGATES
2R2L9FEwH7QvMjxPP6zYsS,22RkM5Nn56FPWZ31993WOd,AGGREGATES
2R2L9FEwH7QvMjxPP6zYsS,22RkM5Nn56FPWZ31993WOX,AGGREGATES
2R2L9FEwH7QvMjxPP6zYsS,22RkM5Nn56FPWZ31993WOZ,AGGREGATES
2R2L9FEwH7QvMjxPP6zYsS,22RkM5Nn56FPWZ31993WPT,AGGREGATES
2R2L9FEwH7QvMjxPP6zYsS,22RkM5Nn56FPWZ31993WPV,AGGREGATES
2R2L9FEwH7QvMjxPP6zYsS,22RkM5Nn56FPWZ31993WPP,AGGREGATES
2R2L9FEwH7QvMjxPP6zYsS,22RkM5Nn56FPWZ31993WPN,AGGREGATES
2R2L9FEwH7QvMjxPP6zYsS,22RkM5Nn56FPWZ31993WPH,AGGREGATES
2R2L9FEwH7QvMjxPP6zYsS,22RkM5Nn56FPWZ31993WPJ,AGGREGATES
2R2L9FEwH7QvMjxPP6zYsS,22RkM5Nn56FPWZ31993WPD,AGGREGATES
2R2L9FEwH7QvMjxPP6zYsS,22RkM5Nn56FPWZ31993WPF,AGGREGATES
2R2L9FEwH7QvMjxPP6zYsS,22RkM5Nn56FPWZ31993WP9,AGGREGATES
2R2L9FEwH7QvMjxPP6zYsS,22RkM5Nn56FPWZ31993WPB,AGGREGATES
2R2L9FEwH7QvMjxPP6zYsS,1nByHgrsr3XvwvIlxl22_d,AGGREGATES
2R2L9FEwH7QvMjxPP6zYsS,1nByHgrsr3XvwvIlxl22_Z,AGGREGATES
2R2L9FEwH7QvMjxPP6zYsS,1nByHgrsr3XvwvIlxl22_j,AGGREGATES
2R2L9FEwH7QvMjxPP6zYsS,1nByHgrsr3XvwvIlxl22_l,AGGREGATES
2R2L9FEwH7QvMjxPP6zYsS,1nByHgrsr3XvwvIlxl22_f,AGGREGATES
2R2L9FEwH7QvMjxPP6zYsS,1nByHgrsr3XvwvIlxl22zb,AGGREGATES
2R2L9FEwH7QvMjxPP6zYsS,1MaZTeJV10VBKZZMRjBH2H,AGGREGATES
2R2L9FEwH7QvMjxPP6zYsS,1MaZTeJV10VBKZZMRjBH3N,AGGREGATES
2R2L9FEwH7QvMjxPP6zYsS,1MaZTeJV10VBKZZMRjBH3f,AGGREGATES
2R2L9FEwH7QvMjxPP6za1o,1cVCCHe_j7CBa4QCkpVfQa,AGGREGATES
2R2L9FEwH7QvMjxPP6za1o,1cVCCHe_j7CBa4QCkpVfQd,AGGREGATES
2R2L9FEwH7QvMjxPP6za1o,1cVCCHe_j7CBa4QCkpVfQY,AGGREGATES
2R2L9FEwH7QvMjxPP6zbFn,1zHkMZY8H87ghiTNgqSMTX,AGGREGATES
2R2L9FEwH7QvMjxPP6zbFn,1zHkMZY8H87ghiTNgqSMTc,AGGREGATES
2R2L9FEwH7QvMjxPP6zbFn,1zHkMZY8H87ghiTNgqSMTj,AGGREGATES
2R2L9FEwH7QvMjxPP6zbFn,1zHkMZY8H87ghiTNgqSMTl,AGGREGATES
2R2L9FEwH7QvMjxPP6zbFn,1zHkMZY8H87ghiTNgqSMTn,AGGREGATES
2R2L9FEwH7QvMjxPP6zbFn,1zHkMZY8H87ghiTNgqSMTp,AGGREGATES
2R2L9FEwH7QvMjxPP6zbFn,1zHkMZY8H87ghiTNgqSMTr,AGGREGATES
2R2L9FEwH7QvMjxPP6zbFn,1zHkMZY8H87ghiTNgqSMTt,AGGREGATES
2R2L9FEwH7QvMjxPP6zbFn,1zHkMZY8H87ghiTNgqSMTv,AGGREGATES
2R2L9FEwH7QvMjxPP6zbFn,1zHkMZY8H87ghiTNgqSMTx,AGGREGATES
2R2L9FEwH7QvMjxPP6zbFn,1zHkMZY8H87ghiTNgqSMTz,AGGREGATES
2R2L9FEwH7QvMjxPP6zbFn,1zHkMZY8H87ghiTNgqSMT$,AGGREGATES
2R2L9FEwH7QvMjxPP6zbFn,1iRXHrXc5FQfzC1YCH4qq$,AGGREGATES
2R2L9FEwH7QvMjxPP6zbFn,1iRXHrXc5FQfzC1YCH4qqz,AGGREGATES
2R2L9FEwH7QvMjxPP6zbFn,1iRXHrXc5FQfzC1YCH4qqZ,AGGREGATES
2R2L9FEwH7QvMjxPP6zbFn,1iRXHrXc5FQfzC1YCH4qqX,AGGREGATES
2R2L9FEwH7QvMjxPP6zbFn,1iRXHrXc5FQfzC1YCH4qqd,AGGREGATES
2R2L9FEwH7QvMjxPP6zbFn,1iRXHrXc5FQfzC1YCH4qqb,AGGREGATES
2R2L9FEwH7QvMjxPP6zbFn,1iRXHrXc5FQfzC1YCH4qqh,AGGREGATES
2R2L9FEwH7QvMjxPP6zbFn,1iRXHrXc5FQfzC1YCH4qqf,AGGREGATES
2R2L9FEwH7QvMjxPP6zbFn,1iRXHrXc5FQfzC1YCH4qql,AGGREGATES
2R2L9FEwH7QvMjxPP6zbFn,1iRXHrXc5FQfzC1YCH4qqj,AGGREGATES
2R2L9FEwH7QvMjxPP6zbFn,1iRXHrXc5FQfzC1YCH4qrJ,AGGREGATES
2R2L9FEwH7QvMjxPP6zbFn,1iRXHrXc5FQfzC1YCH4qrH,AGGREGATES
2R2L9FEwH7QvMjxPP6zbFn,1iRXHrXc5FQfzC1YCH4qrN,AGGREGATES
2R2L9FEwH7QvMjxPP6zbFn,1iRXHrXc5FQfzC1YCH4qrL,AGGREGATES
2R2L9FEwH7QvMjxPP6zbFn,1iRXHrXc5FQfzC1YCH4qrR,AGGREGATES
2R2L9FEwH7QvMjxPP6zbFn,1iRXHrXc5FQfzC1YCH4qrP,AGGREGATES
2R2L9FEwH7QvMjxPP6zbFn,1iRXHrXc5FQfzC1YCH4qsR,AGGREGATES
2R2L9FEwH7QvMjxPP6zbFn,2FQVvBe$n1CB4NJcEruIq$,AGGREGATES
2R2L9FEwH7QvMjxPP6zbFn,2FQVvBe$n1CB4NJcEruIqn,AGGREGATES
2R2L9FEwH7QvMjxPP6zbFn,2FQVvBe$n1CB4NJcEruIqp,AGGREGATES
2R2L9FEwH7QvMjxPP6zbFn,2FQVvBe$n1CB4NJcEruIqr,AGGREGATES
2R2L9FEwH7QvMjxPP6zbFn,2FQVvBe$n1CB4NJcEruIqt,AGGREGATES
2R2L9FEwH7QvMjxPP6zbFn,2FQVvBe$n1CB4NJcEruIqf,AGGREGATES
2R2L9FEwH7QvMjxPP6zbFn,2FQVvBe$n1CB4NJcEruIqh,AGGREGATES
2R2L9FEwH7QvMjxPP6zbFn,2FQVvBe$n1CB4NJcEruIqj,AGGREGATES
2R2L9FEwH7QvMjxPP6zbFn,2ZOo1gu215$vv8AFaILvjM,AGGREGATES
2R2L9FEwH7QvMjxPP6zbFn,2ZOo1gu215$vv8AFaILvjK,AGGREGATES
2R2L9FEwH7QvMjxPP6zbFn,1qdwbD_tP9FvUsO8b2txT8,AGGREGATES
2R2L9FEwH7QvMjxPP6_Yyw,0Dv$DuRJv0neU9c0cjQhGb,AGGREGATES
2R2L9FEwH7QvMjxPP6zbnr,2FO4B4LLz1S8ougO7Uoe2k,AGGREGATES
2R2L9FEwH7QvMjxPP6zbnr,2FO4B4LLz1S8ougO7Uoe2Z,AGGREGATES
2R2L9FEwH7QvMjxPP6zbnr,2FO4B4LLz1S8ougO7Uoe2d,AGGREGATES
2R2L9FEwH7QvMjxPP6zbnr,2FO4B4LLz1S8ougO7Uoe2v,AGGREGATES
2R2L9FEwH7QvMjxPP6zbnr,2FO4B4LLz1S8ougO7Uoe2x,AGGREGATES
2R2L9FEwH7QvMjxPP6zbnr,0smCEVIGnCPgXNgUODHiuK,AGGREGATES
2R2L9FEwH7QvMjxPP6zbnr,0smCEVIGnCPgXNgUODHiuG,AGGREGATES
2R2L9FEwH7QvMjxPP6zbnr,0smCEVIGnCPgXNgUODHiuk,AGGREGATES
2R2L9FEwH7QvMjxPP6zbnr,0smCEVIGnCPgXNgUODHiui,AGGREGATES
2R2L9FEwH7QvMjxPP6zbnr,0smCEVIGnCPgXNgUODHiug,AGGREGATES
2R2L9FEwH7QvMjxPP6zbnr,0smCEVIGnCPgXNgUODHiue,AGGREGATES
2R2L9FEwH7QvMjxPP6zbnr,0smCEVIGnCPgXNgUODHiuc,AGGREGATES
2R2L9FEwH7QvMjxPP6zbnr,0smCEVIGnCPgXNgUODHiyK,AGGREGATES
2R2L9FEwH7QvMjxPP6zbnr,1CEC6J6Q58qRvSZCCHRnHZ,AGGREGATES
2R2L9FEwH7QvMjxPP6zbnr,1CEC6J6Q58qRvSZCCHRnUV,AGGREGATES
2R2L9FEwH7QvMjxPP6zbnr,1CEC6J6Q58qRvSZCCHRnUP,AGGREGATES
2R2L9FEwH7QvMjxPP6zbnr,1CEC6J6Q58qRvSZCCHRnUR,AGGREGATES
2R2L9FEwH7QvMjxPP6zbnr,1CEC6J6Q58qRvSZCCHRnUL,AGGREGATES
2R2L9FEwH7QvMjxPP6zbnr,1CEC6J6Q58qRvSZCCHRnUN,AGGREGATES
2R2L9FEwH7QvMjxPP6zbnr,1CEC6J6Q58qRvSZCCHRnUH,AGGREGATES
2R2L9FEwH7QvMjxPP6zbnr,2I361NKRD2t89zXC_2uDL7,AGGREGATES
2R2L9FEwH7QvMjxPP6zbnr,2I361NKRD2t89zXC_2uDM2,AGGREGATES
2R2L9FEwH7QvMjxPP6zbnr,2I361NKRD2t89zXC_2uDMA,AGGREGATES
2R2L9FEwH7QvMjxPP6zbnr,2I361NKRD2t89zXC_2uDM8,AGGREGATES
2R2L9FEwH7QvMjxPP6zbnr,2I361NKRD2t89zXC_2uDMM,AGGREGATES
2R2L9FEwH7QvMjxPP6zbnr,2I361NKRD2t89zXC_2uDMK,AGGREGATES
2R2L9FEwH7QvMjxPP6zbnr,2I361NKRD2t89zXC_2uDMI,AGGREGATES
2R2L9FEwH7QvMjxPP6zbnr,2I361NKRD2t89zXC_2uDMG,AGGREGATES
2R2L9FEwH7QvMjxPP6zbnr,2Ee0Thqwr1RAAfUCPiTi23,AGGREGATES
2R2L9FEwH7QvMjxPP6zbnr,2Ee0Thqwr1RAAfUCPiTi21,AGGREGATES
2R2L9FEwH7QvMjxPP6zbnr,2Ee0Thqwr1RAAfUCPiTi1$,AGGREGATES
2R2L9FEwH7QvMjxPP6zbnr,2Ee0Thqwr1RAAfUCPiTi1z,AGGREGATES
2R2L9FEwH7QvMjxPP6zbnr,2Ee0Thqwr1RAAfUCPiTi1x,AGGREGATES
2R2L9FEwH7QvMjxPP6zbnr,2Ee0Thqwr1RAAfUCPiTi1v,AGGREGATES
2R2L9FEwH7QvMjxPP6zbnr,1UUpD83t592OKGffEwK02F,AGGREGATES
2R2L9FEwH7QvMjxPP6zbnr,1UUpD83t592OKGffEwK036,AGGREGATES
2R2L9FEwH7QvMjxPP6zbnr,20HMQI6NzFSgRAoTxPunLH,AGGREGATES
2R2L9FEwH7QvMjxPP6zbnr,20HMQI6NzFSgRAoTxPunNz,AGGREGATES
2R2L9FEwH7QvMjxPP6zbnr,0veb4ci815IeytAwS4_unH,AGGREGATES
2R2L9FEwH7QvMjxPP6zbnr,0veb4ci815IeytAwS4_unJ,AGGREGATES
2R2L9FEwH7QvMjxPP6zbnr,0veb4ci815IeytAwS4_unT,AGGREGATES
2R2L9FEwH7QvMjxPP6zbnr,0veb4ci815IeytAwS4_unV,AGGREGATES
2R2L9FEwH7QvMjxPP6zbnr,0veb4ci815IeytAwS4_unP,AGGREGATES
2R2L9FEwH7QvMjxPP6zbnr,0veb4ci815IeytAwS4_unR,AGGREGATES
2R2L9FEwH7QvMjxPP6zbnr,2RulH$oivEaf9OVguchMvW,AGGREGATES
2R2L9FEwH7QvMjxPP6zbnr,2RulH$oivEaf9OVguchMuP,AGGREGATES
2R2L9FEwH7QvMjxPP6zbnr,2RulH$oivEaf9OVguchMuN,AGGREGATES
2R2L9FEwH7QvMjxPP6za06,3JEm$2YzTCaAGDu0dwmKIH,AGGREGATES
2R2L9FEwH7QvMjxPP6za06,3JEm$2YzTCaAGDu0dwmKII,AGGREGATES
2R2L9FEwH7QvMjxPP6za06,3JEm$2YzTCaAGDu0dwmKIK,AGGREGATES
2R2L9FEwH7QvMjxPP6za06,3JEm$2YzTCaAGDu0dwmKIM,AGGREGATES
2R2L9FEwH7QvMjxPP6za06,3JEm$2YzTCaAGDu0dwmKIe,AGGREGATES
2R2L9FEwH7QvMjxPP6za06,3JEm$2YzTCaAGDu0dwmKIg,AGGREGATES
2R2L9FEwH7QvMjxPP6za06,3JEm$2YzTCaAGDu0dwmKIi,AGGREGATES
2R2L9FEwH7QvMjxPP6za06,3JEm$2YzTCaAGDu0dwmKIk,AGGREGATES
2R2L9FEwH7QvMjxPP6za06,1wJlgGJFX7nhT8fMxeBIiw,AGGREGATES
2R2L9FEwH7QvMjxPP6zb5d,2PmAyYbG12EwUp7XTXyReC,AGGREGATES
2R2L9FEwH7QvMjxPP6zb5d,2PmAyYbG12EwUp7XTXyReN,AGGREGATES
2R2L9FEwH7QvMjxPP6zb5d,2PmAyYbG12EwUp7XTXyRd1,AGGREGATES
2R2L9FEwH7QvMjxPP6zb5d,2PmAyYbG12EwUp7XTXyRd5,AGGREGATES
2R2L9FEwH7QvMjxPP6zb5d,2PmAyYbG12EwUp7XTXyRd9,AGGREGATES
2R2L9FEwH7QvMjxPP6zb5d,2PmAyYbG12EwUp7XTXyRdD,AGGREGATES
2R2L9FEwH7QvMjxPP6zb5d,2PmAyYbG12EwUp7XTXyRdJ,AGGREGATES
2R2L9FEwH7QvMjxPP6zb5d,2PmAyYbG12EwUp7XTXyRdH,AGGREGATES
2R2L9FEwH7QvMjxPP6zb5d,2PmAyYbG12EwUp7XTXyRdN,AGGREGATES
2R2L9FEwH7QvMjxPP6zb5d,2PmAyYbG12EwUp7XTXyRdL,AGGREGATES
2R2L9FEwH7QvMjxPP6zb5d,3fu7gGPn12TvRub83GDe8G,AGGREGATES
2R2L9FEwH7QvMjxPP6zb5d,3fu7gGPn12TvRub83GDe8i,AGGREGATES
2R2L9FEwH7QvMjxPP6zb5d,3fu7gGPn12TvRub83GDe8k,AGGREGATES
2R2L9FEwH7QvMjxPP6zb5d,10V2aT_BP8a8swtG80wUGI,AGGREGATES
2R2L9FEwH7QvMjxPP6zb5d,10V2aT_BP8a8swtG80wUGG,AGGREGATES
2R2L9FEwH7QvMjxPP6zb5d,10V2aT_BP8a8swtG80wUGM,AGGREGATES
2R2L9FEwH7QvMjxPP6zb5d,3PZrFlFxvBBfFfpg0veM_Q,AGGREGATES
2R2L9FEwH7QvMjxPP6zb5d,3PZrFlFxvBBfFfpg0veM_O,AGGREGATES
2R2L9FEwH7QvMjxPP6zb5d,3PZrFlFxvBBfFfpg0veM_U,AGGREGATES
2R2L9FEwH7QvMjxPP6zb5d,3PZrFlFxvBBfFfpg0veM_S,AGGREGATES
2R2L9FEwH7QvMjxPP6zb5d,3PZrFlFxvBBfFfpg0veM_I,AGGREGATES
2R2L9FEwH7QvMjxPP6zb5d,3PZrFlFxvBBfFfpg0veM_G,AGGREGATES
2R2L9FEwH7QvMjxPP6zb5d,3PZrFlFxvBBfFfpg0veM_M,AGGREGATES
2R2L9FEwH7QvMjxPP6zb5d,3PZrFlFxvBBfFfpg0veM_K,AGGREGATES
2R2L9FEwH7QvMjxPP6zb5d,3PZrFlFxvBBfFfpg0veM_A,AGGREGATES
2R2L9FEwH7QvMjxPP6zb5d,3PZrFlFxvBBfFfpg0veM_8,AGGREGATES
2R2L9FEwH7QvMjxPP6zb5d,3PZrFlFxvBBfFfpg0veM_E,AGGREGATES
2R2L9FEwH7QvMjxPP6zb5d,3PZrFlFxvBBfFfpg0veM_C,AGGREGATES
2R2L9FEwH7QvMjxPP6zb5d,3PZrFlFxvBBfFfpg0veM_2,AGGREGATES
2R2L9FEwH7QvMjxPP6zb5d,3PZrFlFxvBBfFfpg0veM_0,AGGREGATES
2R2L9FEwH7QvMjxPP6zb5d,3PZrFlFxvBBfFfpg0veM_6,AGGREGATES
2R2L9FEwH7QvMjxPP6zb5d,3PZrFlFxvBBfFfpg0veM_4,AGGREGATES
2R2L9FEwH7QvMjxPP6zb5d,3PZrFlFxvBBfFfpg0veM_w,AGGREGATES
2R2L9FEwH7QvMjxPP6zb5d,3PZrFlFxvBBfFfpg0veM_u,AGGREGATES
2R2L9FEwH7QvMjxPP6zb5d,3pxnnElcDAbPn1EZEp6oCX,AGGREGATES
2R2L9FEwH7QvMjxPP6zb5d,370NsjwGX2LeJoFLHeFobv,AGGREGATES
2R2L9FEwH7QvMjxPP6zb5d,370NsjwGX2LeJoFLHeFobr,AGGREGATES
2R2L9FEwH7QvMjxPP6zb5d,370NsjwGX2LeJoFLHeFobt,AGGREGATES
2R2L9FEwH7QvMjxPP6zb5d,3CarlHTG580e5_977Z9XW8,AGGREGATES
2R2L9FEwH7QvMjxPP6zb5d,3CarlHTG580e5_977Z9XWA,AGGREGATES
2R2L9FEwH7QvMjxPP6zb5d,3CarlHTG580e5_977Z9XXH,AGGREGATES
2R2L9FEwH7QvMjxPP6zb5d,1YUhrFO6H7_v0S21UjDJHr,AGGREGATES
2R2L9FEwH7QvMjxPP6zb5d,1V8vTPfTzB1OHvpx9KPlXL,AGGREGATES
2R2L9FEwH7QvMjxPP6zb5d,1V8vTPfTzB1OHvpx9KPlXN,AGGREGATES
2R2L9FEwH7QvMjxPP6zb5d,0WLcJEMLz4Iwn2pSfIzqhL,AGGREGATES
2R2L9FEwH7QvMjxPP6zb5d,0WLcJEMLz4Iwn2pSfIzqhN,AGGREGATES
2R2L9FEwH7QvMjxPP6zb5d,0WLcJEMLz4Iwn2pSfIzqh9,AGGREGATES
2R2L9FEwH7QvMjxPP6zb5d,0WLcJEMLz4Iwn2pSfIzqhB,AGGREGATES
2R2L9FEwH7QvMjxPP6zb5d,0WLcJEMLz4Iwn2pSfIzqhF,AGGREGATES
2R2L9FEwH7QvMjxPP6zbTO,2PnVHXKvL2r9pIN9ox8zV4,AGGREGATES
2R2L9FEwH7QvMjxPP6zbTO,2PnVHXKvL2r9pIN9ox8zVP,AGGREGATES
2R2L9FEwH7QvMjxPP6zbTO,2PnVHXKvL2r9pIN9ox8zVT,AGGREGATES
2R2L9FEwH7QvMjxPP6zbTO,2PnVHXKvL2r9pIN9ox8zVH,AGGREGATES
2R2L9FEwH7QvMjxPP6zbTO,2PnVHXKvL2r9pIN9ox8zVN,AGGREGATES
2R2L9FEwH7QvMjxPP6zbTO,2PnVHXKvL2r9pIN9ox8zT4,AGGREGATES
2R2L9FEwH7QvMjxPP6zbTO,2PnVHXKvL2r9pIN9ox8zIR,AGGREGATES
2R2L9FEwH7QvMjxPP6zbTO,2PnVHXKvL2r9pIN9ox8zIV,AGGREGATES
2R2L9FEwH7QvMjxPP6zbTO,2PnVHXKvL2r9pIN9ox8zIT,AGGREGATES
2R2L9FEwH7QvMjxPP6zbTO,2PnVHXKvL2r9pIN9ox8zIJ,AGGREGATES
2R2L9FEwH7QvMjxPP6zbTO,2PnVHXKvL2r9pIN9ox8zIH,AGGREGATES
2R2L9FEwH7QvMjxPP6zbTO,2PnVHXKvL2r9pIN9ox8zIN,AGGREGATES
2R2L9FEwH7QvMjxPP6zbTO,2PnVHXKvL2r9pIN9ox8zIL,AGGREGATES
2R2L9FEwH7QvMjxPP6zbTO,2PnVHXKvL2r9pIN9ox8zJh,AGGREGATES
2R2L9FEwH7QvMjxPP6zbTO,0ISkdWpH1C_hmy7_QyZuTQ,AGGREGATES
2R2L9FEwH7QvMjxPP6zbTO,0ISkdWpH1C_hmy7_QyZuTK,AGGREGATES
2R2L9FEwH7QvMjxPP6zbTO,0ISkdWpH1C_hmy7_QyZuUR,AGGREGATES
2R2L9FEwH7QvMjxPP6zbTO,0hmLIpG491Xflu8RZ3kNfK,AGGREGATES
2R2L9FEwH7QvMjxPP6zbTO,0hmLIpG491Xflu8RZ3kNfI,AGGREGATES
2R2L9FEwH7QvMjxPP6zbTO,0hmLIpG491Xflu8RZ3kNfG,AGGREGATES
2R2L9FEwH7QvMjxPP6zbTO,33dI9ZPJP8qBbx5SBMjaEd,AGGREGATES
2R2L9FEwH7QvMjxPP6zbTO,33dI9ZPJP8qBbx5SBMjaEX,AGGREGATES
2R2L9FEwH7QvMjxPP6zbTO,33dI9ZPJP8qBbx5SBMjaEZ,AGGREGATES
2R2L9FEwH7QvMjxPP6zbTO,33dI9ZPJP8qBbx5SBMjaEj,AGGREGATES
2R2L9FEwH7QvMjxPP6zbTO,33dI9ZPJP8qBbx5SBMjaCv,AGGREGATES
2R2L9FEwH7QvMjxPP6zbTO,1Lzahvp1L8YfbOlsKbb4TR,AGGREGATES
2R2L9FEwH7QvMjxPP6zbTO,1Lzahvp1L8YfbOlsKbb4TT,AGGREGATES
2R2L9FEwH7QvMjxPP6zbTO,1Lzahvp1L8YfbOlsKbb4TV,AGGREGATES
2R2L9FEwH7QvMjxPP6zbTO,1Lzahvp1L8YfbOlsKbb4QV,AGGREGATES
2R2L9FEwH7QvMjxPP6zbTO,1Lzahvp1L8YfbOlsKbb4QH,AGGREGATES
2R2L9FEwH7QvMjxPP6zbTO,3XyDTRMObBM8xNN20a6fQh,AGGREGATES
2R2L9FEwH7QvMjxPP6zbTO,2VVtEPwZL6jPge0Fy0QYDy,AGGREGATES
2R2L9FEwH7QvMjxPP6zbTO,3AUumYUinBd97pv_Bis1tU,AGGREGATES
2R2L9FEwH7QvMjxPP6zbTO,3AUumYUinBd97pv_Bis1tS,AGGREGATES
2R2L9FEwH7QvMjxPP6zbTO,3AUumYUinBd97pv_Bis1t2,AGGREGATES
2R2L9FEwH7QvMjxPP6zbTO,3AUumYUinBd97pv_Bis1t0,AGGREGATES
2R2L9FEwH7QvMjxPP6zbTO,3AUumYUinBd97pv_Bis1t6,AGGREGATES
2R2L9FEwH7QvMjxPP6zbTO,3AUumYUinBd97pv_Bis1tC,AGGREGATES
2R2L9FEwH7QvMjxPP6zbTO,3AUumYUinBd97pv_Bis1uo,AGGREGATES
2R2L9FEwH7QvMjxPP6zbTO,3AUumYUinBd97pv_Bis1um,AGGREGATES
2R2L9FEwH7QvMjxPP6zbTO,3AUumYUinBd97pv_Bis1us,AGGREGATES
2R2L9FEwH7QvMjxPP6zbTO,3AUumYUinBd97pv_Bis1wP,AGGREGATES
2R2L9FEwH7QvMjxPP6zbTO,3AUumYUinBd97pv_Bis1wV,AGGREGATES
2R2L9FEwH7QvMjxPP6zbTO,3AUumYUinBd97pv_Bis1wT,AGGREGATES
2R2L9FEwH7QvMjxPP6zbTO,3AUumYUinBd97pv_Bis1$j,AGGREGATES
2R2L9FEwH7QvMjxPP6zbTO,3AUumYUinBd97pv_Bis1$N,AGGREGATES
2R2L9FEwH7QvMjxPP6zbTO,3z7Ak3TxPADudLbTYVxT71,AGGREGATES
2R2L9FEwH7QvMjxPP6zbTO,3z7Ak3TxPADudLbTYVxT73,AGGREGATES
2R2L9FEwH7QvMjxPP6zbTO,3z7Ak3TxPADudLbTYVxT77,AGGREGATES
2R2L9FEwH7QvMjxPP6zbTO,3z7Ak3TxPADudLbTYVxT7S,AGGREGATES
2R2L9FEwH7QvMjxPP6zbTO,3z7Ak3TxPADudLbTYVxT7U,AGGREGATES
2R2L9FEwH7QvMjxPP6zbTO,0_IAKJB4D3bwfBqlSlqkwB,AGGREGATES
2R2L9FEwH7QvMjxPP6zbTO,0_IAKJB4D3bwfBqlSlqkBw,AGGREGATES
2R2L9FEwH7QvMjxPP6z3KC,1I10rsHIz5$B_ZHui$pZJF,AGGREGATES
2R2L9FEwH7QvMjxPP6z3KC,1I10rsHIz5$B_ZHui$pZJ2,AGGREGATES
2R2L9FEwH7QvMjxPP6z3KC,1I10rsHIz5$B_ZHui$pZJ1,AGGREGATES
2R2L9FEwH7QvMjxPP6z3KC,1I10rsHIz5$B_ZHui$pZJ4,AGGREGATES
2R2L9FEwH7QvMjxPP6z3KC,1I10rsHIz5$B_ZHui$pZJO,AGGREGATES
2R2L9FEwH7QvMjxPP6z3KC,1I10rsHIz5$B_ZHui$pZJV,AGGREGATES
2R2L9FEwH7QvMjxPP6z3KC,1I10rsHIz5$B_ZHui$pZJI,AGGREGATES
2R2L9FEwH7QvMjxPP6z3KC,1I10rsHIz5$B_ZHui$pZJH,AGGREGATES
2R2L9FEwH7QvMjxPP6z3KC,1I10rsHIz5$B_ZHui$pZGq,AGGREGATES
2R2L9FEwH7QvMjxPP6z3KC,1Z6_GEfov6KgM9v9JiG9wD,AGGREGATES
2R2L9FEwH7QvMjxPP6z1F8,18i00h7Df6HP4EqpAHKKGH,AGGREGATES
2R2L9FEwH7QvMjxPP6z1F8,18i00h7Df6HP4EqpAHKKHl,AGGREGATES
2R2L9FEwH7QvMjxPP6z1F8,18i00h7Df6HP4EqpAHKKHj,AGGREGATES
2R2L9FEwH7QvMjxPP6za1i,1mKrlPBGX2UhspE3Qazn0g,AGGREGATES
2R2L9FEwH7QvMjxPP6za1i,1mKrlPBGX2UhspE3Qazmuk,AGGREGATES
2R2L9FEwH7QvMjxPP6za1i,1mKrlPBGX2UhspE3Qazmuh,AGGREGATES
2R2L9FEwH7QvMjxPQv2_ma,2R2L9FEwH7QvMjxPQv2_md,AGGREGATES
2R2L9FEwH7QvMjxPQv2_mc,2R2L9FEwH7QvMjxPQv2_ma,AGGREGATES
2R2L9FEwH7QvMjxPP6zaDT,3MO7oUTdv89xH6_DEUW_ZA,AGGREGATES
2R2L9FEwH7QvMjxPP6zaDT,3MO7oUTdv89xH6_DEUW_xM,AGGREGATES
2R2L9FEwH7QvMjxPP6zaDT,3MO7oUTdv89xH6_DEUW_2g,AGGREGATES
2R2L9FEwH7QvMjxPP6zaDT,3MO7oUTdv89xH6_DEUW_2f,AGGREGATES
1KoPf2$795$fql$8WZDOMm,1KoPf2$795$fql$8ZSodqI,AGGREGATES
1KoPf2$795$fql$8WZDOMm,1KoPf2$795$fql$8ZSodqL,AGGREGATES
1KoPf2$795$fql$8WZDOMm,1KoPf2$795$fql$8ZSodqS,AGGREGATES
1KoPf2$795$fql$8WZDOMm,1KoPf2$795$fql$8ZSodqK,AGGREGATES
1KoPf2$795$fql$8WZDOMm,1KoPf2$795$fql$8ZSodqV,AGGREGATES
1KoPf2$795$fql$8WZDOMm,1KoPf2$795$fql$8ZSodqN,AGGREGATES
1KoPf2$795$fql$8WZDOMm,1KoPf2$795$fql$8ZSodqd,AGGREGATES
1KoPf2$795$fql$8WZDOMm,1KoPf2$795$fql$8ZSodqM,AGGREGATES
1KoPf2$795$fql$8WZDOMn,1KoPf2$795$fql$8WZDOMp,AGGREGATES
1KoPf2$795$fql$8WZDOMp,1KoPf2$795$fql$8WZDOMm,AGGREGATES
2R2L9FEwH7QvMjxPQv2_md,2E5h_Z5On2oB9WnlvUr_A5,AGGREGATES
2R2L9FEwH7QvMjxPQv2_md,2E5h_Z5On2oB9WnlvUr_AD,AGGREGATES
2R2L9FEwH7QvMjxPQv2_md,2E5h_Z5On2oB9WnlvUr_AC,AGGREGATES
2R2L9FEwH7QvMjxPQv2_md,2E5h_Z5On2oB9WnlvUr_AF,AGGREGATES
2R2L9FEwH7QvMjxPQv2_md,2E5h_Z5On2oB9WnlvUr_AE,AGGREGATES
2R2L9FEwH7QvMjxPQv2_md,2E5h_Z5On2oB9WnlvUr_A1,AGGREGATES
2R2L9FEwH7QvMjxPQv2_md,2E5h_Z5On2oB9WnlvUr_A0,AGGREGATES
2R2L9FEwH7QvMjxPQv2_md,2E5h_Z5On2oB9WnlvUr_A3,AGGREGATES
2R2L9FEwH7QvMjxPQv2_md,2E5h_Z5On2oB9WnlvUr_A2,AGGREGATES
2R2L9FEwH7QvMjxPQv2_md,2R2L9FEwH7QvMjxPP6zbFn,AGGREGATES
2R2L9FEwH7QvMjxPQv2_md,2R2L9FEwH7QvMjxPP6zbTO,AGGREGATES
2R2L9FEwH7QvMjxPQv2_md,2R2L9FEwH7QvMjxPP6za3_,AGGREGATES
2R2L9FEwH7QvMjxPQv2_md,2R2L9FEwH7QvMjxPP6$tUo,AGGREGATES
2R2L9FEwH7QvMjxPQv2_md,2R2L9FEwH7QvMjxPP6za0m,AGGREGATES
2R2L9FEwH7QvMjxPQv2_md,2R2L9FEwH7QvMjxPP6$eiJ,AGGREGATES
2R2L9FEwH7QvMjxPQv2_md,2R2L9FEwH7QvMjxPP6$hLX,AGGREGATES
2R2L9FEwH7QvMjxPQv2_md,2R2L9FEwH7QvMjxPP6_urS,AGGREGATES
2R2L9FEwH7QvMjxPQv2_md,2R2L9FEwH7QvMjxPP6$hNV,AGGREGATES
2R2L9FEwH7QvMjxPQv2_md,2R2L9FEwH7QvMjxPP6zaDT,AGGREGATES
2R2L9FEwH7QvMjxPQv2_md,2R2L9FEwH7QvMjxPP6za1o,AGGREGATES
2R2L9FEwH7QvMjxPQv2_md,2R2L9FEwH7QvMjxPP6zbnr,AGGREGATES
2R2L9FEwH7QvMjxPQv2_md,2R2L9FEwH7QvMjxPP6_uPY,AGGREGATES
2R2L9FEwH7QvMjxPQv2_md,2R2L9FEwH7QvMjxPP6z1F8,AGGREGATES
2R2L9FEwH7QvMjxPQv2_md,2R2L9FEwH7QvMjxPP6zb5d,AGGREGATES
2R2L9FEwH7QvMjxPQv2_md,2R2L9FEwH7QvMjxPP6_Yyw,AGGREGATES
2R2L9FEwH7QvMjxPQv2_md,2R2L9FEwH7QvMjxPP6zYsS,AGGREGATES
2R2L9FEwH7QvMjxPQv2_md,2R2L9FEwH7QvMjxPP6za06,AGGREGATES
2R2L9FEwH7QvMjxPQv2_md,2R2L9FEwH7QvMjxPP6_uPb,AGGREGATES
2R2L9FEwH7QvMjxPQv2_md,2R2L9FEwH7QvMjxPP6z3KC,AGGREGATES
2R2L9FEwH7QvMjxPQv2_md,2R2L9FEwH7QvMjxPP6zbnl,AGGREGATES
2R2L9FEwH7QvMjxPQv2_md,2R2L9FEwH7QvMjxPP6za1i,AGGREGATES
2E5h_Z5On2oB9WnlwXBwRf,2E5h_Z5On2oB9WnlwXBwRh,AGGREGATES
2E5h_Z5On2oB9WnlwXBwRh,2E5h_Z5On2oB9WnlwXBwRe,AGGREGATES
2R2L9FEwH7QvMjxPP6$tUo,2c5Sh1XeT6RuXWzRxyzREX,CONTAINS
2R2L9FEwH7QvMjxPP6zaDT,1SuLJzh5b6ARNbjye$EeVY,CONTAINS
2R2L9FEwH7QvMjxPP6za1o,2bppvmMXDBN8lU5js4GuwC,CONTAINS
2R2L9FEwH7QvMjxPP6$tUo,1IOYCQM0H5nRJXRtUuHk3c,CONTAINS
2R2L9FEwH7QvMjxPP6$tUo,1IOYCQM0H5nRJXRtUuHk2k,CONTAINS
2R2L9FEwH7QvMjxPP6$tUo,1S7aahvgPAq9DGHGD3g4In,CONTAINS
2R2L9FEwH7QvMjxPP6z1F8,1bKDksX1DBeBEUOB8Ab1en,CONTAINS
2R2L9FEwH7QvMjxPP6z1F8,1bKDksX1DBeBEUOB8Ab1eo,CONTAINS
2R2L9FEwH7QvMjxPP6$tUo,2c5Sh1XeT6RuXWzRxyzRB_,CONTAINS
2R2L9FEwH7QvMjxPP6$tUo,1S7aahvgPAq9DGHGD3g4Io,CONTAINS
2R2L9FEwH7QvMjxPP6z1F8,1bKDksX1DBeBEUOB8Ab1eC,CONTAINS
2R2L9FEwH7QvMjxPP6z1F8,1bKDksX1DBeBEUOB8Ab1eD,CONTAINS
2R2L9FEwH7QvMjxPP6z1F8,1bKDksX1DBeBEUOB8Ab1g7,CONTAINS
2R2L9FEwH7QvMjxPP6z1F8,1bKDksX1DBeBEUOB8Ab1g6,CONTAINS
2R2L9FEwH7QvMjxPP6z1F8,1bKDksX1DBeBEUOB8Ab1fR,CONTAINS
2R2L9FEwH7QvMjxPP6z1F8,1bKDksX1DBeBEUOB8Ab1ea,CONTAINS
2R2L9FEwH7QvMjxPP6z1F8,1bKDksX1DBeBEUOB8Ab1e3,CONTAINS
2R2L9FEwH7QvMjxPP6z1F8,1bKDksX1DBeBEUOB8Ab1g1,CONTAINS
2R2L9FEwH7QvMjxPP6z1F8,1bKDksX1DBeBEUOB8Ab1ep,CONTAINS
2R2L9FEwH7QvMjxPP6$tUo,2c5Sh1XeT6RuXWzRxyzRCu,CONTAINS
2R2L9FEwH7QvMjxPP6$tUo,2c5Sh1XeT6RuXWzRxyzRCv,CONTAINS
2R2L9FEwH7QvMjxPP6$tUo,2c5Sh1XeT6RuXWzRxyzREZ,CONTAINS
2R2L9FEwH7QvMjxPP6$tUo,2c5Sh1XeT6RuXWzRxyzREW,CONTAINS
2R2L9FEwH7QvMjxPP6$tUo,2c5Sh1XeT6RuXWzRxyzREY,CONTAINS
2R2L9FEwH7QvMjxPP6$tUo,1IOYCQM0H5nRJXRtUuHk2l,CONTAINS
2R2L9FEwH7QvMjxPP6$tUo,0uoJ9psVr0TeMSDGiAqRyA,CONTAINS
2R2L9FEwH7QvMjxPP6$tUo,0uoJ9psVr0TeMSDGiAqRy9,CONTAINS
2R2L9FEwH7QvMjxPP6$tUo,2c5Sh1XeT6RuXWzRxyzRBX,CONTAINS
2R2L9FEwH7QvMjxPP6$tUo,2c5Sh1XeT6RuXWzRxyzRCs,CONTAINS
2R2L9FEwH7QvMjxPP6$tUo,2c5Sh1XeT6RuXWzRxyzRBZ,CONTAINS
2R2L9FEwH7QvMjxPP6$tUo,2c5Sh1XeT6RuXWzRxyzRCt,CONTAINS
2R2L9FEwH7QvMjxPP6$tUo,2c5Sh1XeT6RuXWzRxyzRBW,CONTAINS
2R2L9FEwH7QvMjxPP6$tUo,0T1XJkcZLBRhAXef_6rhVf,CONTAINS
2R2L9FEwH7QvMjxPP6$tUo,0T1XJkcZLBRhAXef_6rhUI,CONTAINS
2R2L9FEwH7QvMjxPP6$tUo,0T1XJkcZLBRhAXef_6rhU0,CONTAINS
2R2L9FEwH7QvMjxPP6$tUo,0T1XJkcZLBRhAXef_6rhUL,CONTAINS
2R2L9FEwH7QvMjxPP6$tUo,0T1XJkcZLBRhAXef_6rhVE,CONTAINS
2R2L9FEwH7QvMjxPP6$tUo,0T1XJkcZLBRhAXef_6rhVu,CONTAINS
2R2L9FEwH7QvMjxPP6$tUo,0T1XJkcZLBRhAXef_6rhVc,CONTAINS
2R2L9FEwH7QvMjxPP6$tUo,0T1XJkcZLBRhAXef_6rhSW,CONTAINS
2R2L9FEwH7QvMjxPP6$tUo,0T1XJkcZLBRhAXef_6rhS0,CONTAINS
2R2L9FEwH7QvMjxPP6$tUo,0T1XJkcZLBRhAXef_6rhVv,CONTAINS
2R2L9FEwH7QvMjxPP6$tUo,0T1XJkcZLBRhAXef_6rhSZ,CONTAINS
2R2L9FEwH7QvMjxPP6$tUo,0T1XJkcZLBRhAXef_6rhVF,CONTAINS
2R2L9FEwH7QvMjxPP6$tUo,2c5Sh1XeT6RuXWzRxyzOnA,CONTAINS
2R2L9FEwH7QvMjxPP6$tUo,2c5Sh1XeT6RuXWzRxyzOmI,CONTAINS
2R2L9FEwH7QvMjxPP6$tUo,2c5Sh1XeT6RuXWzRxyzOn8,CONTAINS
2R2L9FEwH7QvMjxPP6$tUo,0T1XJkcZLBRhAXef_6rhS1,CONTAINS
2R2L9FEwH7QvMjxPP6$tUo,2Z_UPakNb0reChYml_WRwH,CONTAINS
2R2L9FEwH7QvMjxPP6z1F8,1EKlTSJ$L9JAy5UDUCbgx$,CONTAINS
2R2L9FEwH7QvMjxPP6z1F8,1EKlTSJ$L9JAy5UDUCbgx_,CONTAINS
2R2L9FEwH7QvMjxPP6z1F8,1bKDksX1DBeBEUOB8Ab1fQ,CONTAINS
2R2L9FEwH7QvMjxPP6$tUo,0T1XJkcZLBRhAXef_6rhQK,CONTAINS
2R2L9FEwH7QvMjxPP6$tUo,0T1XJkcZLBRhAXef_6rhRt,CONTAINS
2R2L9FEwH7QvMjxPP6z1F8,1EKlTSJ$L9JAy5UDUCbgxW,CONTAINS
2R2L9FEwH7QvMjxPP6$tUo,2Z_UPakNb0reChYml_WRwG,CONTAINS
2R2L9FEwH7QvMjxPP6$tUo,0T1XJkcZLBRhAXef_6rhRq,CONTAINS
2R2L9FEwH7QvMjxPP6$tUo,0T1XJkcZLBRhAXef_6rhP4,CONTAINS
2R2L9FEwH7QvMjxPP6$tUo,0T1XJkcZLBRhAXef_6rhRJ,CONTAINS
2R2L9FEwH7QvMjxPP6$tUo,0T1XJkcZLBRhAXef_6rhO3,CONTAINS
2R2L9FEwH7QvMjxPP6$tUo,0T1XJkcZLBRhAXef_6rhPJ,CONTAINS
2R2L9FEwH7QvMjxPP6$tUo,0T1XJkcZLBRhAXef_6rhU3,CONTAINS
2R2L9FEwH7QvMjxPP6$tUo,0T1XJkcZLBRhAXef_6rhPz,CONTAINS
2R2L9FEwH7QvMjxPP6z1F8,1EKlTSJ$L9JAy5UDUCbg6x,CONTAINS
2R2L9FEwH7QvMjxPP6z1F8,1EKlTSJ$L9JAy5UDUCbg6w,CONTAINS
2R2L9FEwH7QvMjxPP6z1F8,18eJjezLr93eTsB1yzF61M,CONTAINS
2R2L9FEwH7QvMjxPP6z3KC,1EKlTSJ$L9JAy5UDUCbg7R,CONTAINS
2R2L9FEwH7QvMjxPP6z1F8,1EKlTSJ$L9JAy5UDUCbg6y,CONTAINS
2R2L9FEwH7QvMjxPP6z3KC,1EKlTSJ$L9JAy5UDUCbg7Q,CONTAINS
2R2L9FEwH7QvMjxPP6z3KC,00gFGeCuDDpBDi0kTgjcuT,CONTAINS
2R2L9FEwH7QvMjxPP6z3KC,00gFGeCuDDpBDi0kTgjcuU,CONTAINS
2R2L9FEwH7QvMjxPP6z3KC,18eJjezLr93eTsB1yzF66b,CONTAINS
2R2L9FEwH7QvMjxPP6z3KC,00gFGeCuDDpBDi0kTgjcuW,CONTAINS
2R2L9FEwH7QvMjxPP6z3KC,00gFGeCuDDpBDi0kTgjcup,CONTAINS
2R2L9FEwH7QvMjxPP6z3KC,00gFGeCuDDpBDi0kTgjcuq,CONTAINS
2R2L9FEwH7QvMjxPP6z3KC,18eJjezLr93eTsB1yzF66F,CONTAINS
2R2L9FEwH7QvMjxPP6z3KC,00gFGeCuDDpBDi0kTgjcus,CONTAINS
2R2L9FEwH7QvMjxPP6z3KC,00gFGeCuDDpBDi0kTgjc$6,CONTAINS
2R2L9FEwH7QvMjxPP6z3KC,00gFGeCuDDpBDi0kTgjcvl,CONTAINS
2R2L9FEwH7QvMjxPP6$tUo,2c5Sh1XeT6RuXWzRxyzOmG,CONTAINS
2R2L9FEwH7QvMjxPP6$tUo,2c5Sh1XeT6RuXWzRxyzOmJ,CONTAINS
2R2L9FEwH7QvMjxPP6$tUo,2c5Sh1XeT6RuXWzRxyzOmd,CONTAINS
2R2L9FEwH7QvMjxPP6$tUo,2c5Sh1XeT6RuXWzRxyzOmH,CONTAINS
2R2L9FEwH7QvMjxPP6$tUo,2c5Sh1XeT6RuXWzRxyzOmc,CONTAINS
2R2L9FEwH7QvMjxPP6$tUo,2c5Sh1XeT6RuXWzRxyzOmb,CONTAINS
2R2L9FEwH7QvMjxPP6$tUo,2c5Sh1XeT6RuXWzRxyzOma,CONTAINS
2R2L9FEwH7QvMjxPP6$tUo,2c5Sh1XeT6RuXWzRxyzRF7,CONTAINS
2R2L9FEwH7QvMjxPP6$tUo,2c5Sh1XeT6RuXWzRxyzRF5,CONTAINS
2R2L9FEwH7QvMjxPP6$tUo,2c5Sh1XeT6RuXWzRxyzRF4,CONTAINS
2R2L9FEwH7QvMjxPP6z3KC,18eJjezLr93eTsB1yzF61o,CONTAINS
2R2L9FEwH7QvMjxPP6$tUo,2c5Sh1XeT6RuXWzRxyzRF2,CONTAINS
2R2L9FEwH7QvMjxPP6z3KC,00gFGeCuDDpBDi0kTgjc$7,CONTAINS
2R2L9FEwH7QvMjxPP6z3KC,00gFGeCuDDpBDi0kTgjc$9,CONTAINS
2R2L9FEwH7QvMjxPP6z3KC,35BZjy3mH7Ou63rag5Xg_R,CONTAINS
2R2L9FEwH7QvMjxPP6z3KC,35BZjy3mH7Ou63rag5Xg_O,CONTAINS
2R2L9FEwH7QvMjxPP6$tUo,3zlO$lZs1EJRdTjoZO2onm,CONTAINS
2R2L9FEwH7QvMjxPP6$tUo,3zlO$lZs1EJRdTjoZO2ong,CONTAINS
2R2L9FEwH7QvMjxPP6$tUo,3zlO$lZs1EJRdTjoZO2onl,CONTAINS
2R2L9FEwH7QvMjxPP6zYsS,00gFGeCuDDpBDi0kTgjcwv,CONTAINS
2R2L9FEwH7QvMjxPP6z3KC,35BZjy3mH7Ou63rag5Xgnc,CONTAINS
2R2L9FEwH7QvMjxPP6z1F8,1TMmHiRcP0Zee6Er_nYG$I,CONTAINS
2R2L9FEwH7QvMjxPP6z1F8,1TMmHiRcP0Zee6Er_nYG$U,CONTAINS
2R2L9FEwH7QvMjxPP6z1F8,18eJjezLr93eTsB1yzF7f4,CONTAINS
2R2L9FEwH7QvMjxPP6z1F8,1TMmHiRcP0Zee6Er_nYG_4,CONTAINS
2R2L9FEwH7QvMjxPP6$tUo,3zlO$lZs1EJRdTjoZO2onr,CONTAINS
2R2L9FEwH7QvMjxPP6z3KC,3lPIjeMLjASRxjE6gw6XKG,CONTAINS
2R2L9FEwH7QvMjxPP6z3KC,3lPIjeMLjASRxjE6gw6XKM,CONTAINS
2R2L9FEwH7QvMjxPP6z3KC,3lPIjeMLjASRxjE6gw6XKw,CONTAINS
2R2L9FEwH7QvMjxPP6z3KC,3lPIjeMLjASRxjE6gw6XKx,CONTAINS
2R2L9FEwH7QvMjxPP6z3KC,3lPIjeMLjASRxjE6gw6XKb,CONTAINS
2R2L9FEwH7QvMjxPP6z3KC,3lPIjeMLjASRxjE6gw6XKJ,CONTAINS
2R2L9FEwH7QvMjxPP6z3KC,3lPIjeMLjASRxjE6gw6XK6,CONTAINS
2R2L9FEwH7QvMjxPP6z3KC,3lPIjeMLjASRxjE6gw6XKI,CONTAINS
2R2L9FEwH7QvMjxPP6$tUo,02wZOykxD2wv1KVVpWkd6x,CONTAINS
2R2L9FEwH7QvMjxPP6$tUo,02wZOykxD2wv1KVVpWkd6e,CONTAINS
2R2L9FEwH7QvMjxPP6$tUo,02wZOykxD2wv1KVVpWkd7I,CONTAINS
2R2L9FEwH7QvMjxPP6$tUo,02wZOykxD2wv1KVVpWkd0T,CONTAINS
2R2L9FEwH7QvMjxPP6$tUo,02wZOykxD2wv1KVVpWkd03,CONTAINS
2R2L9FEwH7QvMjxPP6z3KC,3lPIjeMLjASRxjE6gw6XKv,CONTAINS
2R2L9FEwH7QvMjxPP6$tUo,3LTRvuTIP4VQHZoaleSSGm,CONTAINS
2R2L9FEwH7QvMjxPP6$tUo,3LTRvuTIP4VQHZoaleSSHJ,CONTAINS
2R2L9FEwH7QvMjxPP6$tUo,3LTRvuTIP4VQHZoaleSSIo,CONTAINS
2R2L9FEwH7QvMjxPP6$tUo,3LTRvuTIP4VQHZoaleSSHo,CONTAINS
2R2L9FEwH7QvMjxPP6$tUo,3LTRvuTIP4VQHZoaleSSGn,CONTAINS
2R2L9FEwH7QvMjxPP6$tUo,3LTRvuTIP4VQHZoaleSSN4,CONTAINS
2R2L9FEwH7QvMjxPP6$tUo,3LTRvuTIP4VQHZoaleSSN7,CONTAINS
2R2L9FEwH7QvMjxPP6$tUo,0T1XJkcZLBRhAXef_6rgdU,CONTAINS
2R2L9FEwH7QvMjxPP6$tUo,0T1XJkcZLBRhAXef_6rgdX,CONTAINS
2R2L9FEwH7QvMjxPP6$tUo,0T1XJkcZLBRhAXef_6rga8,CONTAINS
2R2L9FEwH7QvMjxPP6$tUo,0T1XJkcZLBRhAXef_6rgaf,CONTAINS
2R2L9FEwH7QvMjxPP6$tUo,0T1XJkcZLBRhAXef_6rgbu,CONTAINS
2R2L9FEwH7QvMjxPP6$tUo,0T1XJkcZLBRhAXef_6rhQl,CONTAINS
2R2L9FEwH7QvMjxPP6$tUo,0T1XJkcZLBRhAXef_6rhQn,CONTAINS
2R2L9FEwH7QvMjxPP6$tUo,0T1XJkcZLBRhAXef_6rhQX,CONTAINS
2R2L9FEwH7QvMjxPP6$tUo,0T1XJkcZLBRhAXef_6rhQW,CONTAINS
2R2L9FEwH7QvMjxPP6$tUo,0T1XJkcZLBRhAXef_6rhQ1,CONTAINS
2R2L9FEwH7QvMjxPP6$tUo,0T1XJkcZLBRhAXef_6rhQE,CONTAINS
2R2L9FEwH7QvMjxPP6$tUo,0T1XJkcZLBRhAXef_6rhQN,CONTAINS
2R2L9FEwH7QvMjxPP6$tUo,0T1XJkcZLBRhAXef_6rhQU,CONTAINS
2R2L9FEwH7QvMjxPP6$tUo,3LTRvuTIP4VQHZoaleSSNT,CONTAINS
2R2L9FEwH7QvMjxPP6$tUo,3LTRvuTIP4VQHZoaleSSNB,CONTAINS
2R2L9FEwH7QvMjxPP6$tUo,3LTRvuTIP4VQHZoaleSSNS,CONTAINS
2R2L9FEwH7QvMjxPP6$tUo,3LTRvuTIP4VQHZoaleSSNA,CONTAINS
2R2L9FEwH7QvMjxPP6$tUo,3NpDA44rjEgf82kb0mOgT4,CONTAINS
2R2L9FEwH7QvMjxPP6$tUo,3LTRvuTIP4VQHZoaleSSJc,CONTAINS
2R2L9FEwH7QvMjxPP6$tUo,3NpDA44rjEgf82kb0mOgTP,CONTAINS
2R2L9FEwH7QvMjxPP6$tUo,3LTRvuTIP4VQHZoaleSSI9,CONTAINS
2R2L9FEwH7QvMjxPP6$tUo,0T1XJkcZLBRhAXef_6rgaH,CONTAINS
2R2L9FEwH7QvMjxPP6$tUo,3LTRvuTIP4VQHZoaleSSGl,CONTAINS
2R2L9FEwH7QvMjxPP6$tUo,3LTRvuTIP4VQHZoaleSSGk,CONTAINS
2R2L9FEwH7QvMjxPP6$tUo,3LTRvuTIP4VQHZoaleSSGb,CONTAINS
2R2L9FEwH7QvMjxPP6$tUo,3LTRvuTIP4VQHZoaleSSGa,CONTAINS
2R2L9FEwH7QvMjxPP6_Yyw,2Hl6z3Wf90b8r_$wY8vk98,CONTAINS
2R2L9FEwH7QvMjxPP6_Yyw,2Hl6z3Wf90b8r_$wY8vk8H,CONTAINS
2R2L9FEwH7QvMjxPP6z3KC,1EKlTSJ$L9JAy5UDUCbg5w,CONTAINS
2R2L9FEwH7QvMjxPP6z3KC,1EKlTSJ$L9JAy5UDUCbg4c,CONTAINS
2R2L9FEwH7QvMjxPP6z3KC,1EKlTSJ$L9JAy5UDUCbg4f,CONTAINS
2R2L9FEwH7QvMjxPP6z3KC,1EKlTSJ$L9JAy5UDUCbg5C,CONTAINS
2R2L9FEwH7QvMjxPP6z3KC,18eJjezLr93eTsB1yzF63h,CONTAINS
2R2L9FEwH7QvMjxPP6z3KC,1EKlTSJ$L9JAy5UDUCbg5z,CONTAINS
2R2L9FEwH7QvMjxPP6z3KC,1EKlTSJ$L9JAy5UDUCbg5B,CONTAINS
2R2L9FEwH7QvMjxPP6z3KC,1EKlTSJ$L9JAy5UDUCbg5A,CONTAINS
2R2L9FEwH7QvMjxPP6z3KC,1EKlTSJ$L9JAy5UDUCbg4U,CONTAINS
2R2L9FEwH7QvMjxPP6z3KC,1EKlTSJ$L9JAy5UDUCbg4s,CONTAINS
2R2L9FEwH7QvMjxPP6z3KC,1EKlTSJ$L9JAy5UDUCbg7j,CONTAINS
2R2L9FEwH7QvMjxPP6z3KC,1EKlTSJ$L9JAy5UDUCbg41,CONTAINS
2R2L9FEwH7QvMjxPP6z3KC,1EKlTSJ$L9JAy5UDUCbg4q,CONTAINS
2R2L9FEwH7QvMjxPP6z3KC,1EKlTSJ$L9JAy5UDUCbg4r,CONTAINS
2R2L9FEwH7QvMjxPP6z3KC,18eJjezLr93eTsB1yzF63S,CONTAINS
2R2L9FEwH7QvMjxPP6z3KC,1EKlTSJ$L9JAy5UDUCbg7S,CONTAINS
2R2L9FEwH7QvMjxPP6z3KC,1EKlTSJ$L9JAy5UDUCbg7C,CONTAINS
2R2L9FEwH7QvMjxPP6z3KC,1EKlTSJ$L9JAy5UDUCbg43,CONTAINS
2R2L9FEwH7QvMjxPP6z3KC,1EKlTSJ$L9JAy5UDUCbg7F,CONTAINS
2R2L9FEwH7QvMjxPP6z3KC,1EKlTSJ$L9JAy5UDUCbg7h,CONTAINS
2R2L9FEwH7QvMjxPP6z3KC,18eJjezLr93eTsB1yzF601,CONTAINS
2R2L9FEwH7QvMjxPP6z3KC,18eJjezLr93eTsB1yzF60s,CONTAINS
2R2L9FEwH7QvMjxPP6z3KC,1EKlTSJ$L9JAy5UDUCbg7n,CONTAINS
2R2L9FEwH7QvMjxPP6z3KC,18eJjezLr93eTsB1yzF60b,CONTAINS
2R2L9FEwH7QvMjxPP6z3KC,1EKlTSJ$L9JAy5UDUCbg7e,CONTAINS
2R2L9FEwH7QvMjxPP6z3KC,00gFGeCuDDpBDi0kTgjcvY,CONTAINS
2R2L9FEwH7QvMjxPP6z3KC,18eJjezLr93eTsB1yzF67B,CONTAINS
2R2L9FEwH7QvMjxPP6z3KC,00gFGeCuDDpBDi0kTgjcvm,CONTAINS
2R2L9FEwH7QvMjxPP6z3KC,00gFGeCuDDpBDi0kTgjcu9,CONTAINS
2R2L9FEwH7QvMjxPP6z3KC,00gFGeCuDDpBDi0kTgjcvo,CONTAINS
2R2L9FEwH7QvMjxPP6z3KC,00gFGeCuDDpBDi0kTgjcuC,CONTAINS
2R2L9FEwH7QvMjxPP6z3KC,18eJjezLr93eTsB1yzF66n,CONTAINS
2R2L9FEwH7QvMjxPP6zYsS,18eJjezLr93eTsB1yzF641,CONTAINS
2R2L9FEwH7QvMjxPP6z3KC,00gFGeCuDDpBDi0kTgjcuA,CONTAINS
2R2L9FEwH7QvMjxPP6zYsS,00gFGeCuDDpBDi0kTgjcwy,CONTAINS
2R2L9FEwH7QvMjxPP6zYsS,00gFGeCuDDpBDi0kTgjcww,CONTAINS
2R2L9FEwH7QvMjxPP6z3KC,00gFGeCuDDpBDi0kTgjcvA,CONTAINS
2R2L9FEwH7QvMjxPP6z3KC,00gFGeCuDDpBDi0kTgjcvC,CONTAINS
2R2L9FEwH7QvMjxPP6z3KC,00gFGeCuDDpBDi0kTgjcv9,CONTAINS
2R2L9FEwH7QvMjxPP6z3KC,18eJjezLr93eTsB1yzF67n,CONTAINS
2R2L9FEwH7QvMjxPP6z3KC,00gFGeCuDDpBDi0kTgjcvW,CONTAINS
2R2L9FEwH7QvMjxPP6z3KC,18eJjezLr93eTsB1yzF67R,CONTAINS
2R2L9FEwH7QvMjxPP6z3KC,1EKlTSJ$L9JAy5UDUCbgwn,CONTAINS
2R2L9FEwH7QvMjxPP6z3KC,00gFGeCuDDpBDi0kTgjcvV,CONTAINS
2R2L9FEwH7QvMjxPP6z3KC,1EKlTSJ$L9JAy5UDUCbgwF,CONTAINS
2R2L9FEwH7QvMjxPP6z3KC,1EKlTSJ$L9JAy5UDUCbgwZ,CONTAINS
2R2L9FEwH7QvMjxPP6z3KC,1EKlTSJ$L9JAy5UDUCbg5$,CONTAINS
2R2L9FEwH7QvMjxPP6z3KC,1EKlTSJ$L9JAy5UDUCbgx8,CONTAINS
2R2L9FEwH7QvMjxPP6z3KC,1EKlTSJ$L9JAy5UDUCbgx7,CONTAINS
2R2L9FEwH7QvMjxPP6z3KC,1EKlTSJ$L9JAy5UDUCbgx6,CONTAINS
2R2L9FEwH7QvMjxPP6z3KC,1EKlTSJ$L9JAy5UDUCbgwC,CONTAINS
2R2L9FEwH7QvMjxPP6z3KC,1EKlTSJ$L9JAy5UDUCbgwY,CONTAINS
2R2L9FEwH7QvMjxPP6z3KC,1EKlTSJ$L9JAy5UDUCbgwa,CONTAINS
2R2L9FEwH7QvMjxPP6z3KC,18eJjezLr93eTsB1yzF633,CONTAINS
2R2L9FEwH7QvMjxPP6z3KC,1EKlTSJ$L9JAy5UDUCbg4h,CONTAINS
2R2L9FEwH7QvMjxPP6zbTO,2JH4bkKkX2AeigVl5N9K8v,CONTAINS
2R2L9FEwH7QvMjxPP6zbTO,2JH4bkKkX2AeigVl5N9K8j,CONTAINS
2R2L9FEwH7QvMjxPP6zbTO,2JH4bkKkX2AeigVl5N9K8b,CONTAINS
2R2L9FEwH7QvMjxPP6zbTO,2JH4bkKkX2AeigVl5N9K8X,CONTAINS
2R2L9FEwH7QvMjxPP6zbTO,1sQaMmqjv8FA5M37GPCYQF,CONTAINS
2R2L9FEwH7QvMjxPP6zbTO,1sQaMmqjv8FA5M37GPCYQJ,CONTAINS
2R2L9FEwH7QvMjxPP6_Yyw,01HKOEskPAOg_jzUMrwj7$,CONTAINS
2R2L9FEwH7QvMjxPP6_Yyw,3HB_nUB2T9KPc6Vzd2DtPr,CONTAINS
2R2L9FEwH7QvMjxPP6_Yyw,3HB_nUB2T9KPc6Vzd2DtRU,CONTAINS
2R2L9FEwH7QvMjxPP6zbTO,2$0jj0F0j4ZOVJ_4E1Gq1C,CONTAINS
2R2L9FEwH7QvMjxPP6zbTO,2GgWZrkcr8gRh3WGdRTFNN,CONTAINS
2R2L9FEwH7QvMjxPP6zbTO,2GgWZrkcr8gRh3WGdRTFKd,CONTAINS
2R2L9FEwH7QvMjxPP6zbTO,0uDhWBIAn3pvGLLeqdXpYD,CONTAINS
2R2L9FEwH7QvMjxPP6zbTO,0uDhWBIAn3pvGLLeqdXpzE,CONTAINS
2R2L9FEwH7QvMjxPP6zbTO,3eZyeBrqf0oQVb4wrlNtAW,CONTAINS
2R2L9FEwH7QvMjxPP6zbTO,3eZyeBrqf0oQVb4wrlNtAb,CONTAINS
2R2L9FEwH7QvMjxPP6zbTO,3eZyeBrqf0oQVb4wrlNtAY,CONTAINS
2R2L9FEwH7QvMjxPP6zbTO,3eZyeBrqf0oQVb4wrlNtAX,CONTAINS
2R2L9FEwH7QvMjxPP6zbTO,3eZyeBrqf0oQVb4wrlNtBU,CONTAINS
2R2L9FEwH7QvMjxPP6zbTO,3eZyeBrqf0oQVb4wrlNtAZ,CONTAINS
2R2L9FEwH7QvMjxPP6zbTO,0_30tDay5DSuL2ld9$1UG3,CONTAINS
2R2L9FEwH7QvMjxPP6zbTO,0_30tDay5DSuL2ld9$1UUn,CONTAINS
2R2L9FEwH7QvMjxPP6zbTO,0_30tDay5DSuL2ld9$1UVD,CONTAINS
2R2L9FEwH7QvMjxPP6zbTO,0_30tDay5DSuL2ld9$1UGB,CONTAINS
2R2L9FEwH7QvMjxPP6zbTO,0_30tDay5DSuL2ld9$1UVp,CONTAINS
2R2L9FEwH7QvMjxPP6zbTO,2JH4bkKkX2AeigVl5N9K8f,CONTAINS
2R2L9FEwH7QvMjxPP6_Yyw,0qG_W9FHvD6h$N0ydWh5bv,CONTAINS
2R2L9FEwH7QvMjxPP6zbTO,2NBGAABPH6R8K2RVVy7BP2,CONTAINS
2R2L9FEwH7QvMjxPP6zbTO,0X1wHV4nrA8uiSsPPxtUmo,CONTAINS
2R2L9FEwH7QvMjxPP6za06,1o_SkrXVvCfgLXhr47WeRv,CONTAINS
2R2L9FEwH7QvMjxPP6za06,1o_SkrXVvCfgLXhr47WeRY,CONTAINS
2R2L9FEwH7QvMjxPP6za06,1o_SkrXVvCfgLXhr47WeQC,CONTAINS
2R2L9FEwH7QvMjxPP6za06,1o_SkrXVvCfgLXhr47WeRz,CONTAINS
2R2L9FEwH7QvMjxPP6za06,1o_SkrXVvCfgLXhr47WeRn,CONTAINS
2R2L9FEwH7QvMjxPP6zbTO,0X1wHV4nrA8uiSsPPxtUmc,CONTAINS
2R2L9FEwH7QvMjxPP6zbTO,0X1wHV4nrA8uiSsPPxtUmg,CONTAINS
2R2L9FEwH7QvMjxPP6zbTO,0X1wHV4nrA8uiSsPPxtUn1,CONTAINS
2R2L9FEwH7QvMjxPP6zbTO,0X1wHV4nrA8uiSsPPxtUn5,CONTAINS
2R2L9FEwH7QvMjxPP6zbTO,0X1wHV4nrA8uiSsPPxtUn9,CONTAINS
2R2L9FEwH7QvMjxPP6zbTO,0X1wHV4nrA8uiSsPPxtUmJ,CONTAINS
2R2L9FEwH7QvMjxPP6za06,1o_SkrXVvCfgLXhr47WeQ0,CONTAINS
2R2L9FEwH7QvMjxPP6zbTO,0X1wHV4nrA8uiSsPPxtUmk,CONTAINS
2R2L9FEwH7QvMjxPP6zbTO,0_30tDay5DSuL2ld9$1UP2,CONTAINS
2R2L9FEwH7QvMjxPP6zbTO,0_30tDay5DSuL2ld9$1UTl,CONTAINS
2R2L9FEwH7QvMjxPP6zbTO,0_30tDay5DSuL2ld9$1UUb,CONTAINS
2R2L9FEwH7QvMjxPP6zbTO,0_30tDay5DSuL2ld9$1UUG,CONTAINS
2R2L9FEwH7QvMjxPP6zbTO,0_30tDay5DSuL2ld9$1UUz,CONTAINS
2R2L9FEwH7QvMjxPP6zbTO,0_30tDay5DSuL2ld9$1UUX,CONTAINS
2R2L9FEwH7QvMjxPP6zbTO,0_30tDay5DSuL2ld9$1UUr,CONTAINS
2R2L9FEwH7QvMjxPP6zbTO,0_30tDay5DSuL2ld9$1UUv,CONTAINS
2R2L9FEwH7QvMjxPP6zbTO,0_30tDay5DSuL2ld9$1UOb,CONTAINS
2R2L9FEwH7QvMjxPP6zbTO,0_30tDay5DSuL2ld9$1UOL,CONTAINS
2R2L9FEwH7QvMjxPP6zbTO,0_30tDay5DSuL2ld9$1UOz,CONTAINS
2R2L9FEwH7QvMjxPP6zbTO,0_30tDay5DSuL2ld9$1UOH,CONTAINS
2R2L9FEwH7QvMjxPP6zbTO,0_30tDay5DSuL2ld9$1UOX,CONTAINS
2R2L9FEwH7QvMjxPP6zbTO,0_30tDay5DSuL2ld9$1UOv,CONTAINS
2R2L9FEwH7QvMjxPP6zbTO,0_30tDay5DSuL2ld9$1UP6,CONTAINS
2R2L9FEwH7QvMjxPP6zbTO,0_30tDay5DSuL2ld9$1UOr,CONTAINS
2R2L9FEwH7QvMjxPP6zbTO,0_30tDay5DSuL2ld9$1UPD,CONTAINS
2R2L9FEwH7QvMjxPP6zbTO,0_30tDay5DSuL2ld9$1UZO,CONTAINS
2R2L9FEwH7QvMjxPP6zbTO,0_30tDay5DSuL2ld9$1UYf,CONTAINS
2R2L9FEwH7QvMjxPP6zbTO,0_30tDay5DSuL2ld9$1UbO,CONTAINS
2R2L9FEwH7QvMjxPP6zbTO,0_30tDay5DSuL2ld9$1Udj,CONTAINS
2R2L9FEwH7QvMjxPP6zbTO,0_30tDay5DSuL2ld9$1Udr,CONTAINS
2R2L9FEwH7QvMjxPP6zbTO,0_30tDay5DSuL2ld9$1Udf,CONTAINS
2R2L9FEwH7QvMjxPP6zbTO,0_30tDay5DSuL2ld9$1Udn,CONTAINS
2R2L9FEwH7QvMjxPP6zbTO,0_30tDay5DSuL2ld9$1Udv,CONTAINS
2R2L9FEwH7QvMjxPP6zbTO,0_30tDay5DSuL2ld9$1UYL,CONTAINS
2R2L9FEwH7QvMjxPP6zbTO,0_30tDay5DSuL2ld9$1UYT,CONTAINS
2R2L9FEwH7QvMjxPP6zbTO,0_30tDay5DSuL2ld9$1UX8,CONTAINS
2R2L9FEwH7QvMjxPP6zbTO,0X1wHV4nrA8uiSsPPxtUhu,CONTAINS
2R2L9FEwH7QvMjxPP6zbTO,0_30tDay5DSuL2ld9$1Uab,CONTAINS
2R2L9FEwH7QvMjxPP6zbTO,0_30tDay5DSuL2ld9$1UYP,CONTAINS
2R2L9FEwH7QvMjxPP6zbTO,0_30tDay5DSuL2ld9$1UYj,CONTAINS
2R2L9FEwH7QvMjxPP6zbTO,0_30tDay5DSuL2ld9$1UYH,CONTAINS
2R2L9FEwH7QvMjxPP6zbTO,0X1wHV4nrA8uiSsPPxtUhA,CONTAINS
2R2L9FEwH7QvMjxPP6zbTO,0X1wHV4nrA8uiSsPPxtUnz,CONTAINS
2R2L9FEwH7QvMjxPP6zbTO,0X1wHV4nrA8uiSsPPxtUh0,CONTAINS
2R2L9FEwH7QvMjxPP6zbnr,0X1wHV4nrA8uiSsPPxtUh4,CONTAINS
2R2L9FEwH7QvMjxPP6zbTO,0X1wHV4nrA8uiSsPPxtUhD,CONTAINS
2R2L9FEwH7QvMjxPP6zbTO,0X1wHV4nrA8uiSsPPxtUhy,CONTAINS
2R2L9FEwH7QvMjxPP6_Yyw,0r2H3PFDXFMvVHjkTV39Vh,CONTAINS
2R2L9FEwH7QvMjxPP6zbTO,18Bzx0d_b3kRek$scrptaV,CONTAINS
2R2L9FEwH7QvMjxPP6zbTO,21RHv05Qn9cvpryKmUwA64,CONTAINS
2R2L9FEwH7QvMjxPP6_Yyw,09TDqeRTT8FxTSOzIACO9X,CONTAINS
2R2L9FEwH7QvMjxPP6_Yyw,2j1bk_F$b0suUry8qt_93z,CONTAINS
2R2L9FEwH7QvMjxPP6z3KC,3lPIjeMLjASRxjE6gw6XUr,CONTAINS
2R2L9FEwH7QvMjxPP6z3KC,3lPIjeMLjASRxjE6gw6XVA,CONTAINS
2R2L9FEwH7QvMjxPP6z3KC,3lPIjeMLjASRxjE6gw6XVB,CONTAINS
2R2L9FEwH7QvMjxPP6z3KC,3lPIjeMLjASRxjE6gw6XVI,CONTAINS
2R2L9FEwH7QvMjxPP6z3KC,3lPIjeMLjASRxjE6gw6XVo,CONTAINS
2R2L9FEwH7QvMjxPP6z3KC,3lPIjeMLjASRxjE6gw6XVn,CONTAINS
2R2L9FEwH7QvMjxPP6z3KC,3lPIjeMLjASRxjE6gw6XVp,CONTAINS
2R2L9FEwH7QvMjxPP6z3KC,3lPIjeMLjASRxjE6gw6XUd,CONTAINS
2R2L9FEwH7QvMjxPP6z3KC,3lPIjeMLjASRxjE6gw6XUX,CONTAINS
2R2L9FEwH7QvMjxPP6z3KC,3lPIjeMLjASRxjE6gw6XTz,CONTAINS
2R2L9FEwH7QvMjxPP6z3KC,3lPIjeMLjASRxjE6gw6XTy,CONTAINS
2R2L9FEwH7QvMjxPP6z3KC,3lPIjeMLjASRxjE6gw6XTW,CONTAINS
2R2L9FEwH7QvMjxPP6z3KC,3lPIjeMLjASRxjE6gw6XU7,CONTAINS
2R2L9FEwH7QvMjxPP6z3KC,3lPIjeMLjASRxjE6gw6XUZ,CONTAINS
2R2L9FEwH7QvMjxPP6z3KC,3lPIjeMLjASRxjE6gw6XUR,CONTAINS
2R2L9FEwH7QvMjxPP6z3KC,3lPIjeMLjASRxjE6gw6XUW,CONTAINS
2R2L9FEwH7QvMjxPP6$tUo,3NpDA44rjEgf82kb0mOgHS,CONTAINS
2R2L9FEwH7QvMjxPP6$tUo,3NpDA44rjEgf82kb0mOgH3,CONTAINS
2R2L9FEwH7QvMjxPP6$tUo,3NpDA44rjEgf82kb0mOgGO,CONTAINS
2R2L9FEwH7QvMjxPP6$tUo,3NpDA44rjEgf82kb0mOgHx,CONTAINS
2R2L9FEwH7QvMjxPP6$tUo,3NpDA44rjEgf82kb0mOgJp,CONTAINS
2R2L9FEwH7QvMjxPP6$tUo,3NpDA44rjEgf82kb0mOgJG,CONTAINS
2R2L9FEwH7QvMjxPP6$tUo,3NpDA44rjEgf82kb0mOgIZ,CONTAINS
2R2L9FEwH7QvMjxPP6$tUo,3NpDA44rjEgf82kb0mOgIE,CONTAINS
2R2L9FEwH7QvMjxPP6z3KC,3lPIjeMLjASRxjE6gw6XGj,CONTAINS
2R2L9FEwH7QvMjxPP6z3KC,3lPIjeMLjASRxjE6gw6XGP,CONTAINS
2R2L9FEwH7QvMjxPP6z3KC,3lPIjeMLjASRxjE6gw6XGR,CONTAINS
2R2L9FEwH7QvMjxPP6z3KC,3lPIjeMLjASRxjE6gw6XVz,CONTAINS
2R2L9FEwH7QvMjxPP6z3KC,3lPIjeMLjASRxjE6gw6XVJ,CONTAINS
2R2L9FEwH7QvMjxPP6z3KC,3lPIjeMLjASRxjE6gw6XVG,CONTAINS
2R2L9FEwH7QvMjxPP6z3KC,3lPIjeMLjASRxjE6gw6XG5,CONTAINS
2R2L9FEwH7QvMjxPP6$tUo,3NpDA44rjEgf82kb0mOgGp,CONTAINS
2R2L9FEwH7QvMjxPP6z3KC,3lPIjeMLjASRxjE6gw6XGQ,CONTAINS
2R2L9FEwH7QvMjxPP6$tUo,3NpDA44rjEgf82kb0mOgKN,CONTAINS
2R2L9FEwH7QvMjxPP6$tUo,3NpDA44rjEgf82kb0mOgNK,CONTAINS
2R2L9FEwH7QvMjxPP6$tUo,2DDdFKEoH139C7nw5g5baQ,CONTAINS
2R2L9FEwH7QvMjxPP6$tUo,0Mh6jKVM52M9b8YiID6ZDA,CONTAINS
2R2L9FEwH7QvMjxPP6$tUo,2DDdFKEoH139C7nw5g5bak,CONTAINS
2R2L9FEwH7QvMjxPP6$tUo,3uQ7N95OjCFwZtz8A0KmTc,CONTAINS
2R2L9FEwH7QvMjxPP6$tUo,0Mh6jKVM52M9b8YiID6ZEd,CONTAINS
2R2L9FEwH7QvMjxPP6$tUo,3NpDA44rjEgf82kb0mOgLs,CONTAINS
2R2L9FEwH7QvMjxPP6$tUo,3uQ7N95OjCFwZtz8A0Km1R,CONTAINS
2R2L9FEwH7QvMjxPP6$tUo,3uQ7N95OjCFwZtz8A0KmUC,CONTAINS
2R2L9FEwH7QvMjxPP6$tUo,3uQ7N95OjCFwZtz8A0KmUo,CONTAINS
2R2L9FEwH7QvMjxPP6$tUo,3uQ7N95OjCFwZtz8A0KmVZ,CONTAINS
2R2L9FEwH7QvMjxPP6$tUo,3uQ7N95OjCFwZtz8A0KmVE,CONTAINS
2R2L9FEwH7QvMjxPP6$tUo,3NpDA44rjEgf82kb0mOgMB,CONTAINS
2R2L9FEwH7QvMjxPP6$tUo,3NpDA44rjEgf82kb0mOgMa,CONTAINS
2R2L9FEwH7QvMjxPP6$tUo,3NpDA44rjEgf82kb0mOgNl,CONTAINS
2R2L9FEwH7QvMjxPP6$tUo,0Mh6jKVM52M9b8YiID6Z8G,CONTAINS
2R2L9FEwH7QvMjxPP6$tUo,0Mh6jKVM52M9b8YiID6ZC1,CONTAINS
2R2L9FEwH7QvMjxPP6$tUo,0Mh6jKVM52M9b8YiID6ZDu,CONTAINS
2R2L9FEwH7QvMjxPP6$tUo,0Mh6jKVM52M9b8YiID6ZDH,CONTAINS
2R2L9FEwH7QvMjxPP6$tUo,0Mh6jKVM52M9b8YiID6ZBL,CONTAINS
2R2L9FEwH7QvMjxPP6$tUo,0Mh6jKVM52M9b8YiID6ZCY,CONTAINS
2R2L9FEwH7QvMjxPP6$tUo,0T1XJkcZLBRhAXef_6rhQi,CONTAINS
2R2L9FEwH7QvMjxPP6$tUo,3uQ7N95OjCFwZtz8A0KmSF,CONTAINS
2R2L9FEwH7QvMjxPP6$tUo,2DDdFKEoH139C7nw5g5bhk,CONTAINS
2R2L9FEwH7QvMjxPP6$tUo,3uQ7N95OjCFwZtz8A0KmRP,CONTAINS
2R2L9FEwH7QvMjxPP6$tUo,3uQ7N95OjCFwZtz8A0KmO6,CONTAINS
2R2L9FEwH7QvMjxPP6$tUo,0Mh6jKVM52M9b8YiID6Z9m,CONTAINS
2R2L9FEwH7QvMjxPP6$tUo,0Mh6jKVM52M9b8YiID6Z99,CONTAINS
2R2L9FEwH7QvMjxPP6$tUo,0Mh6jKVM52M9b8YiID6ZBu,CONTAINS
2R2L9FEwH7QvMjxPP6$tUo,0Mh6jKVM52M9b8YiID6ZtW,CONTAINS
2R2L9FEwH7QvMjxPP6z3KC,3lPIjeMLjASRxjE6gw6XGn,CONTAINS
2R2L9FEwH7QvMjxPP6z3KC,3lPIjeMLjASRxjE6gw6XH2,CONTAINS
2R2L9FEwH7QvMjxPP6z3KC,3lPIjeMLjASRxjE6gw6XGp,CONTAINS
2R2L9FEwH7QvMjxPP6z3KC,3lPIjeMLjASRxjE6gw6XHD,CONTAINS
2R2L9FEwH7QvMjxPP6z3KC,3lPIjeMLjASRxjE6gw6XGo,CONTAINS
2R2L9FEwH7QvMjxPP6z3KC,3lPIjeMLjASRxjE6gw6XGX,CONTAINS
2R2L9FEwH7QvMjxPP6z3KC,3lPIjeMLjASRxjE6gw6XGZ,CONTAINS
2R2L9FEwH7QvMjxPP6z3KC,3lPIjeMLjASRxjE6gw6XGz,CONTAINS
2R2L9FEwH7QvMjxPP6z3KC,3lPIjeMLjASRxjE6gw6XGY,CONTAINS
2R2L9FEwH7QvMjxPP6z3KC,3lPIjeMLjASRxjE6gw6XIK,CONTAINS
2R2L9FEwH7QvMjxPP6z3KC,3lPIjeMLjASRxjE6gw6XIu,CONTAINS
2R2L9FEwH7QvMjxPP6z3KC,3lPIjeMLjASRxjE6gw6XIB,CONTAINS
2R2L9FEwH7QvMjxPP6z3KC,3lPIjeMLjASRxjE6gw6XIL,CONTAINS
2R2L9FEwH7QvMjxPP6z3KC,3lPIjeMLjASRxjE6gw6XIN,CONTAINS
2R2L9FEwH7QvMjxPP6z3KC,3lPIjeMLjASRxjE6gw6XI9,CONTAINS
2R2L9FEwH7QvMjxPP6z3KC,3lPIjeMLjASRxjE6gw6XHr,CONTAINS
2R2L9FEwH7QvMjxPP6z3KC,3lPIjeMLjASRxjE6gw6XIA,CONTAINS
2R2L9FEwH7QvMjxPP6z3KC,3lPIjeMLjASRxjE6gw6XHa,CONTAINS
2R2L9FEwH7QvMjxPP6z3KC,3lPIjeMLjASRxjE6gw6XHw,CONTAINS
2R2L9FEwH7QvMjxPP6z3KC,3lPIjeMLjASRxjE6gw6XHd,CONTAINS
2R2L9FEwH7QvMjxPP6z3KC,3lPIjeMLjASRxjE6gw6XHc,CONTAINS
2R2L9FEwH7QvMjxPP6z3KC,3lPIjeMLjASRxjE6gw6XHG,CONTAINS
2R2L9FEwH7QvMjxPP6z3KC,3lPIjeMLjASRxjE6gw6XHN,CONTAINS
2R2L9FEwH7QvMjxPP6z3KC,3lPIjeMLjASRxjE6gw6XH1,CONTAINS
2R2L9FEwH7QvMjxPP6z3KC,3lPIjeMLjASRxjE6gw6XH3,CONTAINS
2R2L9FEwH7QvMjxPP6z3KC,3lPIjeMLjASRxjE6gw6XHJ,CONTAINS
2R2L9FEwH7QvMjxPP6z3KC,3lPIjeMLjASRxjE6gw6XK2,CONTAINS
2R2L9FEwH7QvMjxPP6z3KC,3lPIjeMLjASRxjE6gw6XK0,CONTAINS
2R2L9FEwH7QvMjxPP6$tUo,0Mh6jKVM52M9b8YiID6ZqH,CONTAINS
2R2L9FEwH7QvMjxPP6z3KC,3lPIjeMLjASRxjE6gw6XK3,CONTAINS
2R2L9FEwH7QvMjxPP6z3KC,3lPIjeMLjASRxjE6gw6XJo,CONTAINS
2R2L9FEwH7QvMjxPP6z3KC,3lPIjeMLjASRxjE6gw6XJs,CONTAINS
2R2L9FEwH7QvMjxPP6z3KC,3lPIjeMLjASRxjE6gw6XJp,CONTAINS
2R2L9FEwH7QvMjxPP6z3KC,3lPIjeMLjASRxjE6gw6XJZ,CONTAINS
2R2L9FEwH7QvMjxPP6z3KC,3lPIjeMLjASRxjE6gw6XJm,CONTAINS
2R2L9FEwH7QvMjxPP6z3KC,3lPIjeMLjASRxjE6gw6XJj,CONTAINS
2R2L9FEwH7QvMjxPP6z3KC,3lPIjeMLjASRxjE6gw6XIv,CONTAINS
2R2L9FEwH7QvMjxPP6z3KC,3lPIjeMLjASRxjE6gw6XJi,CONTAINS
2R2L9FEwH7QvMjxPP6z3KC,3lPIjeMLjASRxjE6gw6XIx,CONTAINS
2R2L9FEwH7QvMjxPP6z3KC,3lPIjeMLjASRxjE6gw6XIh,CONTAINS
2R2L9FEwH7QvMjxPP6z3KC,3lPIjeMLjASRxjE6gw6XI$,CONTAINS
2R2L9FEwH7QvMjxPP6z3KC,3lPIjeMLjASRxjE6gw6XJl,CONTAINS
2R2L9FEwH7QvMjxPP6z3KC,3lPIjeMLjASRxjE6gw6XTU,CONTAINS
2R2L9FEwH7QvMjxPP6z3KC,3lPIjeMLjASRxjE6gw6XTo,CONTAINS
2R2L9FEwH7QvMjxPP6z3KC,3lPIjeMLjASRxjE6gw6XTm,CONTAINS
2R2L9FEwH7QvMjxPP6z3KC,3XbG0EpaD3QPZhUZSkL4e2,CONTAINS
2R2L9FEwH7QvMjxPP6z3KC,3lPIjeMLjASRxjE6gw6XTi,CONTAINS
2R2L9FEwH7QvMjxPP6z3KC,3lPIjeMLjASRxjE6gw6XTj,CONTAINS
2R2L9FEwH7QvMjxPP6z3KC,3lPIjeMLjASRxjE6gw6XTY,CONTAINS
2R2L9FEwH7QvMjxPP6z3KC,3lPIjeMLjASRxjE6gw6XTO,CONTAINS
2R2L9FEwH7QvMjxPP6z3KC,3lPIjeMLjASRxjE6gw6XTR,CONTAINS
2R2L9FEwH7QvMjxPP6z3KC,3XbG0EpaD3QPZhUZSkL4l7,CONTAINS
2R2L9FEwH7QvMjxPP6z3KC,3XbG0EpaD3QPZhUZSkL4e0,CONTAINS
2R2L9FEwH7QvMjxPP6$tUo,0Mh6jKVM52M9b8YiID6Zp4,CONTAINS
2R2L9FEwH7QvMjxPP6z3KC,3XbG0EpaD3QPZhUZSkL4e1,CONTAINS
2R2L9FEwH7QvMjxPP6$tUo,0Mh6jKVM52M9b8YiID6ZsH,CONTAINS
2R2L9FEwH7QvMjxPP6$tUo,0Mh6jKVM52M9b8YiID6Zr2,CONTAINS
2R2L9FEwH7QvMjxPP6$tUo,0Mh6jKVM52M9b8YiID6ZrY,CONTAINS
2R2L9FEwH7QvMjxPP6z3KC,3lPIjeMLjASRxjE6gw6XTQ,CONTAINS
2R2L9FEwH7QvMjxPP6zbTO,2uad3SNr9Abgez5Hopz96x,CONTAINS
2R2L9FEwH7QvMjxPP6zbTO,0iPiDy_2b9IAwhmoNFHIhI,CONTAINS
2R2L9FEwH7QvMjxPP6zbTO,2uad3SNr9Abgez5Hopz96e,CONTAINS
2R2L9FEwH7QvMjxPP6zbTO,2uad3SNr9Abgez5Hopz96i,CONTAINS
2R2L9FEwH7QvMjxPP6zbTO,2uad3SNr9Abgez5Hopz96X,CONTAINS
2R2L9FEwH7QvMjxPP6zbTO,2uad3SNr9Abgez5Hopz961,CONTAINS
2R2L9FEwH7QvMjxPP6zbTO,2uad3SNr9Abgez5Hopz965,CONTAINS
2R2L9FEwH7QvMjxPP6zbTO,2uad3SNr9Abgez5Hopz96J,CONTAINS
2R2L9FEwH7QvMjxPP6zbTO,2uad3SNr9Abgez5Hopz97_,CONTAINS
2R2L9FEwH7QvMjxPP6zbTO,2uad3SNr9Abgez5Hopz968,CONTAINS
2R2L9FEwH7QvMjxPP6zbTO,2lEcThmxvEUfh3TYCDfNYm,CONTAINS
2R2L9FEwH7QvMjxPP6zbTO,2uad3SNr9Abgez5Hopz96C,CONTAINS
2R2L9FEwH7QvMjxPP6zbTO,2lEcThmxvEUfh3TYCDfNYy,CONTAINS
2R2L9FEwH7QvMjxPP6zbTO,2uad3SNr9Abgez5Hopz97N,CONTAINS
2R2L9FEwH7QvMjxPP6zbTO,2uad3SNr9Abgez5Hopz97h,CONTAINS
2R2L9FEwH7QvMjxPP6zbTO,2uad3SNr9Abgez5Hopz97v,CONTAINS
2R2L9FEwH7QvMjxPP6zbTO,2uad3SNr9Abgez5Hopz97a,CONTAINS
2R2L9FEwH7QvMjxPP6zbTO,2uad3SNr9Abgez5Hopz97l,CONTAINS
2R2L9FEwH7QvMjxPP6z1F8,3CUxCJXNrFtfM$eGhHbEnE,CONTAINS
2R2L9FEwH7QvMjxPP6zaDT,2VpaJzyN91fetNFm7li63j,CONTAINS
2R2L9FEwH7QvMjxPP6zaDT,2VpaJzyN91fetNFm7li6Vh,CONTAINS
2R2L9FEwH7QvMjxPP6zaDT,2VpaJzyN91fetNFm7li63k,CONTAINS
2R2L9FEwH7QvMjxPP6zaDT,1N$lwi1vHAEOl7xXjLJ7Zl,CONTAINS
2R2L9FEwH7QvMjxPP6zaDT,2VpaJzyN91fetNFm7li6UK,CONTAINS
2R2L9FEwH7QvMjxPP6zaDT,2VpaJzyN91fetNFm7li61i,CONTAINS
2R2L9FEwH7QvMjxPP6zaDT,2VpaJzyN91fetNFm7li61j,CONTAINS
2R2L9FEwH7QvMjxPP6zaDT,1N$lwi1vHAEOl7xXjLJ7Zk,CONTAINS
2R2L9FEwH7QvMjxPP6zaDT,2FCCUEgWv73RpcXvGfGgSx,CONTAINS
2R2L9FEwH7QvMjxPP6zaDT,1N$lwi1vHAEOl7xXjLJ7YB,CONTAINS
2R2L9FEwH7QvMjxPP6zaDT,1N$lwi1vHAEOl7xXjLJ7Y8,CONTAINS
2R2L9FEwH7QvMjxPP6z3KC,3tJ6TASGrE_9QqTyX9Ju$Q,CONTAINS
2R2L9FEwH7QvMjxPP6zaDT,2FCCUEgWv73RpcXvGfGgSw,CONTAINS
2R2L9FEwH7QvMjxPP6z3KC,2z3rj012v9q96gCOMDHlDF,CONTAINS
2R2L9FEwH7QvMjxPP6za1o,3CUxCJXNrFtfM$eGhHbEso,CONTAINS
2R2L9FEwH7QvMjxPP6zaDT,39Avj9D6z09QNB2uCrpm5n,CONTAINS
2R2L9FEwH7QvMjxPP6zaDT,39Avj9D6z09QNB2uCrpm5_,CONTAINS
2R2L9FEwH7QvMjxPP6_uPY,060B0Bfjv7MQEXwwmCVVew,CONTAINS
2R2L9FEwH7QvMjxPP6zbFn,060B0Bfjv7MQEXwwmCVVgx,CONTAINS
2R2L9FEwH7QvMjxPP6zbFn,0yHhiOk7b8IBVHQCqr$Qx3,CONTAINS
2R2L9FEwH7QvMjxPP6$eiJ,3a_D5a$uT0BwpgX2hZIhVe,CONTAINS
2R2L9FEwH7QvMjxPP6zbFn,1lL0StQID0pxFPXE_t32xm,CONTAINS
2R2L9FEwH7QvMjxPP6z3KC,2z3rj012v9q96gCOMDHlDI,CONTAINS
2R2L9FEwH7QvMjxPP6za3_,2C7n8d7DjA3edRpqbk2bpL,CONTAINS
2R2L9FEwH7QvMjxPP6$eiJ,3a_D5a$uT0BwpgX2hZIhWU,CONTAINS
2R2L9FEwH7QvMjxPP6zYsS,3XE9gMBSDBQA7ktP$X03tG,CONTAINS
2R2L9FEwH7QvMjxPP6zYsS,3a_D5a$uT0BwpgX2hZIhZe,CONTAINS
2R2L9FEwH7QvMjxPP6z3KC,1guDAeN0H0zPlf9ZUQ7YE5,CONTAINS
2R2L9FEwH7QvMjxPP6zbFn,0lTjux1TnF3gO4c9BNmdqL,CONTAINS
2R2L9FEwH7QvMjxPP6zbFn,1ZSClU8aj9DA2cLrK85veG,CONTAINS
2R2L9FEwH7QvMjxPP6zbFn,0s8ykGtmvFURUfp3D26b4M,CONTAINS
2R2L9FEwH7QvMjxPP6z3KC,0JbEz78eH66xiX7_3phdoU,CONTAINS
2R2L9FEwH7QvMjxPP6zaDT,1fPy6$cnj7VQ4WTD05NMnx,CONTAINS
2R2L9FEwH7QvMjxPP6zaDT,1fPy6$cnj7VQ4WTD05NMnu,CONTAINS
2R2L9FEwH7QvMjxPP6z3KC,2df9q82mXCkfMqjA49MB6T,CONTAINS
2R2L9FEwH7QvMjxPP6z3KC,2df9q82mXCkfMqjA49MB8a,CONTAINS
2R2L9FEwH7QvMjxPP6zbnr,2df9q82mXCkfMqjA49MB4x,CONTAINS
2R2L9FEwH7QvMjxPP6z3KC,2rTeVp_ebBDBZ2eGPwcutS,CONTAINS
2R2L9FEwH7QvMjxPP6z3KC,2df9q82mXCkfMqjA49MB2T,CONTAINS
2R2L9FEwH7QvMjxPP6zaDT,0aX2uluGb2GQyEpkDXhTjL,CONTAINS
2R2L9FEwH7QvMjxPP6zaDT,0aX2uluGb2GQyEpkDXhTW4,CONTAINS
2R2L9FEwH7QvMjxPP6zaDT,0Nbki0kB1EfurK16q8oS2b,CONTAINS
2R2L9FEwH7QvMjxPP6zaDT,0aX2uluGb2GQyEpkDXhTYn,CONTAINS
2R2L9FEwH7QvMjxPP6zaDT,0Nbki0kB1EfurK16q8oS2a,CONTAINS
2R2L9FEwH7QvMjxPP6z1F8,2k9muJ4Z94Z9EHxN$Zq5nE,CONTAINS
2R2L9FEwH7QvMjxPP6z1F8,23KOJOC8r34gdJLN2sXEKj,CONTAINS
2R2L9FEwH7QvMjxPP6z1F8,1JGhw2zk51zAYaF_QLitwW,CONTAINS
2R2L9FEwH7QvMjxPP6z1F8,1Tioc81YzCVBVYqgHH2lRU,CONTAINS
2R2L9FEwH7QvMjxPP6z1F8,1JGhw2zk51zAYaF_QLitr9,CONTAINS
2R2L9FEwH7QvMjxPP6z1F8,04n55fjcH7dhzxSRcFV9eu,CONTAINS
2R2L9FEwH7QvMjxPP6zaDT,17CL1ZhSb0O9UlE41iXqUp,CONTAINS
2R2L9FEwH7QvMjxPP6z3KC,16WH2c66f1ZwI6kV4BBzel,CONTAINS
2R2L9FEwH7QvMjxPP6zaDT,0aX2uluGb2GQyEpkDXhTnG,CONTAINS
2R2L9FEwH7QvMjxPP6zaDT,0aX2uluGb2GQyEpkDXhTsA,CONTAINS
2R2L9FEwH7QvMjxPP6zaDT,0aX2uluGb2GQyEpkDXhTst,CONTAINS
2R2L9FEwH7QvMjxPP6zbTO,2uJwIAtgXBtgMn9ZGF3kDR,CONTAINS
2R2L9FEwH7QvMjxPP6z1F8,06tOzssZ9B4QVX5FaMC$RL,CONTAINS
2R2L9FEwH7QvMjxPP6zaDT,17CL1ZhSb0O9UlE41iXqQK,CONTAINS
2R2L9FEwH7QvMjxPP6z3KC,14W8lqiN98gvcl2g04dZhs,CONTAINS
2R2L9FEwH7QvMjxPP6zbTO,29IjMBpw507frXl36PwtVy,CONTAINS
2R2L9FEwH7QvMjxPP6zbTO,29IjMBpw507frXl36PwtTS,CONTAINS
2R2L9FEwH7QvMjxPP6zbTO,29IjMBpw507frXl36PwtUx,CONTAINS
2R2L9FEwH7QvMjxPP6zbTO,16ec6Spnz1NPtkAKdMsooY,CONTAINS
2R2L9FEwH7QvMjxPP6zbTO,29IjMBpw507frXl36PwtPt,CONTAINS
2R2L9FEwH7QvMjxPP6zbTO,29IjMBpw507frXl36PwtRY,CONTAINS
2R2L9FEwH7QvMjxPP6zbTO,29IjMBpw507frXl36PwtOf,CONTAINS
2R2L9FEwH7QvMjxPP6zbTO,16ec6Spnz1NPtkAKdMsopv,CONTAINS
2R2L9FEwH7QvMjxPP6zbTO,29IjMBpw507frXl36PwtSa,CONTAINS
2R2L9FEwH7QvMjxPP6zbTO,29IjMBpw507frXl36PwtPZ,CONTAINS
2R2L9FEwH7QvMjxPP6zbTO,29IjMBpw507frXl36PwtT$,CONTAINS
2R2L9FEwH7QvMjxPP6zYsS,3BBTcuoz10GhJAt6rTDW20,CONTAINS
2R2L9FEwH7QvMjxPP6zYsS,3BBTcuoz10GhJAt6rTDW33,CONTAINS
2R2L9FEwH7QvMjxPP6zbTO,1GjMnnWan8tQAnfWCQDDNP,CONTAINS
2R2L9FEwH7QvMjxPP6za0m,1GjMnnWan8tQAnfWCQDDMA,CONTAINS
2R2L9FEwH7QvMjxPP6za0m,1GjMnnWan8tQAnfWCQDDNb,CONTAINS
2R2L9FEwH7QvMjxPP6za0m,1GjMnnWan8tQAnfWCQDDGP,CONTAINS
2R2L9FEwH7QvMjxPP6zb5d,2o_DNtSU5D_gKPdOIrACXf,CONTAINS
2R2L9FEwH7QvMjxPP6zb5d,2o_DNtSU5D_gKPdOIrACWX,CONTAINS
2R2L9FEwH7QvMjxPP6za1o,3hFGz1ca19_81uD2zqZyzH,CONTAINS
2R2L9FEwH7QvMjxPP6za06,296NGk$XH3xQq3a2c0vu_a,CONTAINS
2R2L9FEwH7QvMjxPP6za06,296NGk$XH3xQq3a2c0vu_A,CONTAINS
2R2L9FEwH7QvMjxPP6za06,2drar6BATDyAVDBJI0t0SE,CONTAINS
2R2L9FEwH7QvMjxPP6za06,296NGk$XH3xQq3a2c0vuv_,CONTAINS
2R2L9FEwH7QvMjxPP6zbFn,3nplCZLCnAU8TTzzZYI8DN,CONTAINS
2R2L9FEwH7QvMjxPP6zbnr,0veb4ci815IeytAwS4_uq9,CONTAINS
2R2L9FEwH7QvMjxPP6zb5d,2o_DNtSU5D_gKPdOIrACyK,CONTAINS
2R2L9FEwH7QvMjxPP6zbnr,2RulH$oivEaf9OVguchMbq,CONTAINS
2R2L9FEwH7QvMjxPP6zb5d,2o_DNtSU5D_gKPdOIrACZC,CONTAINS
2R2L9FEwH7QvMjxPP6zb5d,2o_DNtSU5D_gKPdOIrACbC,CONTAINS
2R2L9FEwH7QvMjxPP6zb5d,2o_DNtSU5D_gKPdOIrACYP,CONTAINS
2R2L9FEwH7QvMjxPP6z1F8,3Pt1BIDYL7Ux2LlNxeh3_T,CONTAINS
2R2L9FEwH7QvMjxPP6z1F8,3Pt1BIDYL7Ux2LlNxeh3w2,CONTAINS
2R2L9FEwH7QvMjxPP6z1F8,3Pt1BIDYL7Ux2LlNxeh3ya,CONTAINS
2R2L9FEwH7QvMjxPP6z1F8,3Pt1BIDYL7Ux2LlNxeh3zR,CONTAINS
2R2L9FEwH7QvMjxPP6z1F8,3Pt1BIDYL7Ux2LlNxeh3nu,CONTAINS
2R2L9FEwH7QvMjxPP6zbTO,1KeHJE8JXA9OamOp_Vx4as,CONTAINS
2R2L9FEwH7QvMjxPP6zbTO,1KeHJE8JXA9OamOp_Vx4a$,CONTAINS
2R2L9FEwH7QvMjxPP6z1F8,3Pt1BIDYL7Ux2LlNxeh3wy,CONTAINS
2R2L9FEwH7QvMjxPP6z1F8,3Pt1BIDYL7Ux2LlNxeh3wg,CONTAINS
2R2L9FEwH7QvMjxPP6zYsS,0398DzNGjBYO1C$VUhMCYl,CONTAINS
2R2L9FEwH7QvMjxPP6zYsS,0398DzNGjBYO1C$VUhMCYZ,CONTAINS
2R2L9FEwH7QvMjxPP6zYsS,0398DzNGjBYO1C$VUhMCYY,CONTAINS
2R2L9FEwH7QvMjxPP6zYsS,0398DzNGjBYO1C$VUhMCYX,CONTAINS
2R2L9FEwH7QvMjxPP6zYsS,0398DzNGjBYO1C$VUhMCYW,CONTAINS
2R2L9FEwH7QvMjxPP6zYsS,0398DzNGjBYO1C$VUhMCYj,CONTAINS
2R2L9FEwH7QvMjxPP6zYsS,0398DzNGjBYO1C$VUhMCYk,CONTAINS
2R2L9FEwH7QvMjxPP6zYsS,0398DzNGjBYO1C$VUhMCYi,CONTAINS
2R2L9FEwH7QvMjxPP6zYsS,0398DzNGjBYO1C$VUhMCYh,CONTAINS
2R2L9FEwH7QvMjxPP6zYsS,0398DzNGjBYO1C$VUhMCYa,CONTAINS
2R2L9FEwH7QvMjxPP6zYsS,0nnwS387j79QdcJSLMxMRs,CONTAINS
2R2L9FEwH7QvMjxPP6zYsS,0nnwS387j79QdcJSLMxMGi,CONTAINS
2R2L9FEwH7QvMjxPP6z1F8,1rQ6eOrv517erc8mUzEr8W,CONTAINS
2R2L9FEwH7QvMjxPP6z1F8,1rQ6eOrv517erc8mUzEr8d,CONTAINS
2R2L9FEwH7QvMjxPP6zYsS,0nnwS387j79QdcJSLMxMCW,CONTAINS
2R2L9FEwH7QvMjxPP6zYsS,0nnwS387j79QdcJSLMxMCJ,CONTAINS
2R2L9FEwH7QvMjxPP6zYsS,0nnwS387j79QdcJSLMxN$5,CONTAINS
2R2L9FEwH7QvMjxPP6zYsS,0nnwS387j79QdcJSLMxM3M,CONTAINS
2R2L9FEwH7QvMjxPP6zYsS,0nnwS387j79QdcJSLMxMNZ,CONTAINS
2R2L9FEwH7QvMjxPP6zYsS,0nnwS387j79QdcJSLMxMBP,CONTAINS
2R2L9FEwH7QvMjxPP6zYsS,0nnwS387j79QdcJSLMxMAM,CONTAINS
2R2L9FEwH7QvMjxPP6zYsS,0nnwS387j79QdcJSLMxM8d,CONTAINS
2R2L9FEwH7QvMjxPP6zYsS,0nnwS387j79QdcJSLMxMLN,CONTAINS
2R2L9FEwH7QvMjxPP6zYsS,0nnwS387j79QdcJSLMxMHj,CONTAINS
2R2L9FEwH7QvMjxPP6zYsS,0nnwS387j79QdcJSLMxMVt,CONTAINS
2R2L9FEwH7QvMjxPP6zYsS,0nnwS387j79QdcJSLMxML$,CONTAINS
2R2L9FEwH7QvMjxPP6zYsS,0nnwS387j79QdcJSLMxMWR,CONTAINS
2R2L9FEwH7QvMjxPP6zYsS,0nnwS387j79QdcJSLMxMl4,CONTAINS
2R2L9FEwH7QvMjxPP6zYsS,0nnwS387j79QdcJSLMxMsl,CONTAINS
2R2L9FEwH7QvMjxPP6zYsS,0nnwS387j79QdcJSLMxMqv,CONTAINS
2R2L9FEwH7QvMjxPP6zYsS,0nnwS387j79QdcJSLMxMtu,CONTAINS
2R2L9FEwH7QvMjxPP6zYsS,0nnwS387j79QdcJSLMxMe5,CONTAINS
2R2L9FEwH7QvMjxPP6zYsS,0nnwS387j79QdcJSLMxMsI,CONTAINS
2R2L9FEwH7QvMjxPP6zYsS,0nnwS387j79QdcJSLMxMpB,CONTAINS
2R2L9FEwH7QvMjxPP6z3KC,1Z6_GEfov6KgM9v9JiG9vT,CONTAINS
2R2L9FEwH7QvMjxPP6z3KC,1Z6_GEfov6KgM9v9JiG9vR,CONTAINS
2R2L9FEwH7QvMjxPP6z3KC,1Z6_GEfov6KgM9v9JiG9vQ,CONTAINS
2R2L9FEwH7QvMjxPP6z3KC,1Z6_GEfov6KgM9v9JiG9vO,CONTAINS
2R2L9FEwH7QvMjxPP6z1F8,1rQ6eOrv517erc8mUzEr8r,CONTAINS
2R2L9FEwH7QvMjxPP6_Yyw,1rQ6eOrv517erc8mUzErEE,CONTAINS
2R2L9FEwH7QvMjxPP6z1F8,1rQ6eOrv517erc8mUzErED,CONTAINS
2R2L9FEwH7QvMjxPP6zbnl,1rQ6eOrv517erc8mUzErEm,CONTAINS
2R2L9FEwH7QvMjxPP6zbnl,1rQ6eOrv517erc8mUzErEt,CONTAINS
2R2L9FEwH7QvMjxPP6z1F8,1rQ6eOrv517erc8mUzErEo,CONTAINS
2R2L9FEwH7QvMjxPP6zbnl,1rQ6eOrv517erc8mUzErEn,CONTAINS
2R2L9FEwH7QvMjxPP6z1F8,1rQ6eOrv517erc8mUzErEq,CONTAINS
2R2L9FEwH7QvMjxPP6z1F8,1rQ6eOrv517erc8mUzErEx,CONTAINS
2R2L9FEwH7QvMjxPP6z1F8,1rQ6eOrv517erc8mUzErEs,CONTAINS
2R2L9FEwH7QvMjxPP6z1F8,1rQ6eOrv517erc8mUzErEr,CONTAINS
2R2L9FEwH7QvMjxPP6zYsS,0nnwS387j79QdcJSLMxMda,CONTAINS
2R2L9FEwH7QvMjxPP6zYsS,0nnwS387j79QdcJSLMxMOo,CONTAINS
2R2L9FEwH7QvMjxPP6zYsS,0nnwS387j79QdcJSLMxMY0,CONTAINS
2R2L9FEwH7QvMjxPP6zYsS,0nnwS387j79QdcJSLMxMbY,CONTAINS
2R2L9FEwH7QvMjxPP6z1F8,1rQ6eOrv517erc8mUzEr8n,CONTAINS
2R2L9FEwH7QvMjxPP6z1F8,1rQ6eOrv517erc8mUzEr8t,CONTAINS
2R2L9FEwH7QvMjxPP6z1F8,1rQ6eOrv517erc8mUzEr8m,CONTAINS
2R2L9FEwH7QvMjxPP6z1F8,1rQ6eOrv517erc8mUzEr8s,CONTAINS
2R2L9FEwH7QvMjxPP6_Yyw,1rQ6eOrv517erc8mUzEr8H,CONTAINS
2R2L9FEwH7QvMjxPP6z1F8,1rQ6eOrv517erc8mUzEr8G,CONTAINS
2R2L9FEwH7QvMjxPP6z1F8,1rQ6eOrv517erc8mUzEr8N,CONTAINS
2R2L9FEwH7QvMjxPP6zbnl,1rQ6eOrv517erc8mUzErEF,CONTAINS
2R2L9FEwH7QvMjxPP6z1F8,1rQ6eOrv517erc8mUzErEp,CONTAINS
2R2L9FEwH7QvMjxPP6zbnl,1rQ6eOrv517erc8mUzErEC,CONTAINS
2R2L9FEwH7QvMjxPP6z1F8,1rQ6eOrv517erc8mUzErEA,CONTAINS
2R2L9FEwH7QvMjxPP6_Yyw,1rQ6eOrv517erc8mUzErEB,CONTAINS
2R2L9FEwH7QvMjxPP6_Yyw,1rQ6eOrv517erc8mUzErE4,CONTAINS
2R2L9FEwH7QvMjxPP6z1F8,1rQ6eOrv517erc8mUzErE8,CONTAINS
2R2L9FEwH7QvMjxPP6z1F8,1rQ6eOrv517erc8mUzErE9,CONTAINS
2R2L9FEwH7QvMjxPP6_Yyw,1rQ6eOrv517erc8mUzEr90,CONTAINS
2R2L9FEwH7QvMjxPP6z1F8,1rQ6eOrv517erc8mUzEr9K,CONTAINS
2R2L9FEwH7QvMjxPP6z1F8,1rQ6eOrv517erc8mUzEr97,CONTAINS
2R2L9FEwH7QvMjxPP6_Yyw,1rQ6eOrv517erc8mUzEr8o,CONTAINS
2R2L9FEwH7QvMjxPP6z1F8,1rQ6eOrv517erc8mUzEr85,CONTAINS
2R2L9FEwH7QvMjxPP6z1F8,1rQ6eOrv517erc8mUzEr96,CONTAINS
2R2L9FEwH7QvMjxPP6z1F8,1rQ6eOrv517erc8mUzEr9Z,CONTAINS
2R2L9FEwH7QvMjxPP6_Yyw,1rQ6eOrv517erc8mUzEr9m,CONTAINS
2R2L9FEwH7QvMjxPP6z1F8,1rQ6eOrv517erc8mUzErEh,CONTAINS
2R2L9FEwH7QvMjxPP6z1F8,1rQ6eOrv517erc8mUzErEw,CONTAINS
2R2L9FEwH7QvMjxPP6z1F8,1rQ6eOrv517erc8mUzEr9Y,CONTAINS
2R2L9FEwH7QvMjxPP6za0m,1ImEJhg01CJOg3m3oRClV3,CONTAINS
2R2L9FEwH7QvMjxPP6za0m,1ImEJhg01CJOg3m3oRClV2,CONTAINS
2R2L9FEwH7QvMjxPP6za0m,1ImEJhg01CJOg3m3oRClV1,CONTAINS
2R2L9FEwH7QvMjxPP6za0m,1ImEJhg01CJOg3m3oRClV0,CONTAINS
2R2L9FEwH7QvMjxPP6za0m,1ImEJhg01CJOg3m3oRClWv,CONTAINS
2R2L9FEwH7QvMjxPP6za0m,1ImEJhg01CJOg3m3oRClV7,CONTAINS
2R2L9FEwH7QvMjxPP6za0m,1ImEJhg01CJOg3m3oRClVE,CONTAINS
2R2L9FEwH7QvMjxPP6za0m,1ImEJhg01CJOg3m3oRClV4,CONTAINS
2R2L9FEwH7QvMjxPP6za0m,1ImEJhg01CJOg3m3oRClV6,CONTAINS
2R2L9FEwH7QvMjxPP6$tUo,2DfHUuM6v7WB3iWt6Wt0ME,CONTAINS
2R2L9FEwH7QvMjxPP6za0m,1ImEJhg01CJOg3m3oRClVF,CONTAINS
2R2L9FEwH7QvMjxPP6$tUo,2DfHUuM6v7WB3iWt6Wt0Mr,CONTAINS
2R2L9FEwH7QvMjxPP6za0m,1ImEJhg01CJOg3m3oRClVC,CONTAINS
2R2L9FEwH7QvMjxPP6za0m,1ImEJhg01CJOg3m3oRClVD,CONTAINS
2R2L9FEwH7QvMjxPP6za0m,1ImEJhg01CJOg3m3oRClVB,CONTAINS
2R2L9FEwH7QvMjxPP6za0m,1ImEJhg01CJOg3m3oRClV5,CONTAINS
2R2L9FEwH7QvMjxPP6za0m,1ImEJhg01CJOg3m3oRClVA,CONTAINS
2R2L9FEwH7QvMjxPP6zaDT,2_4ii$XczFZhul6tsEAMuc,CONTAINS
2R2L9FEwH7QvMjxPP6za0m,1ImEJhg01CJOg3m3oRClV8,CONTAINS
2R2L9FEwH7QvMjxPP6z1F8,03LEYIvL5779O95R2v9s5T,CONTAINS
2R2L9FEwH7QvMjxPP6z1F8,03LEYIvL5779O95R2v9s5Y,CONTAINS
2R2L9FEwH7QvMjxPP6za0m,1ImEJhg01CJOg3m3oRClWz,CONTAINS
2R2L9FEwH7QvMjxPP6za0m,1ImEJhg01CJOg3m3oRClWw,CONTAINS
2R2L9FEwH7QvMjxPP6za0m,1ImEJhg01CJOg3m3oRClWu,CONTAINS
2R2L9FEwH7QvMjxPP6z1F8,03LEYIvL5779O95R2v9s5W,CONTAINS
2R2L9FEwH7QvMjxPP6z1F8,03LEYIvL5779O95R2v9s5Z,CONTAINS
2R2L9FEwH7QvMjxPP6za0m,1ImEJhg01CJOg3m3oRClWx,CONTAINS
2R2L9FEwH7QvMjxPP6za0m,0juWRLXEL3uQTZDucN1Ot5,CONTAINS
2R2L9FEwH7QvMjxPP6zbnl,3q1IgDacj1GwhLNGmF3njG,CONTAINS
2R2L9FEwH7QvMjxPP6zbnl,3q1IgDacj1GwhLNGmF3njx,CONTAINS
2R2L9FEwH7QvMjxPP6zbnl,3q1IgDacj1GwhLNGmF3nju,CONTAINS
2R2L9FEwH7QvMjxPP6zbnl,3q1IgDacj1GwhLNGmF3ngj,CONTAINS
2R2L9FEwH7QvMjxPP6zbnl,0kLebWaJHARQvYVknMla__,CONTAINS
2R2L9FEwH7QvMjxPP6zbnl,0kLebWaJHARQvYVknMlavN,CONTAINS
2R2L9FEwH7QvMjxPP6z1F8,03LEYIvL5779O95R2v9s52,CONTAINS
2R2L9FEwH7QvMjxPP6$hNV,03LEYIvL5779O95R2v9s53,CONTAINS
2R2L9FEwH7QvMjxPP6z1F8,03LEYIvL5779O95R2v9s6z,CONTAINS
2R2L9FEwH7QvMjxPP6z1F8,03LEYIvL5779O95R2v9s6y,CONTAINS
2R2L9FEwH7QvMjxPP6z1F8,03LEYIvL5779O95R2v9s50,CONTAINS
2R2L9FEwH7QvMjxPP6z1F8,03LEYIvL5779O95R2v9s6M,CONTAINS
2R2L9FEwH7QvMjxPP6z1F8,03LEYIvL5779O95R2v9s64,CONTAINS
2R2L9FEwH7QvMjxPP6z1F8,03LEYIvL5779O95R2v9s6o,CONTAINS
2R2L9FEwH7QvMjxPP6z1F8,03LEYIvL5779O95R2v9s6W,CONTAINS
2R2L9FEwH7QvMjxPP6za0m,1ImEJhg01CJOg3m3oRClW0,CONTAINS
2R2L9FEwH7QvMjxPP6za0m,1ImEJhg01CJOg3m3oRClWE,CONTAINS
2R2L9FEwH7QvMjxPP6za0m,1ImEJhg01CJOg3m3oRClWG,CONTAINS
2R2L9FEwH7QvMjxPP6za0m,1ImEJhg01CJOg3m3oRClWH,CONTAINS
2R2L9FEwH7QvMjxPP6za0m,1ImEJhg01CJOg3m3oRClWI,CONTAINS
2R2L9FEwH7QvMjxPP6za0m,1ImEJhg01CJOg3m3oRClWJ,CONTAINS
2R2L9FEwH7QvMjxPP6za0m,1ImEJhg01CJOg3m3oRClWK,CONTAINS
2R2L9FEwH7QvMjxPP6za0m,1ImEJhg01CJOg3m3oRClWN,CONTAINS
2R2L9FEwH7QvMjxPP6za0m,1ImEJhg01CJOg3m3oRClWL,CONTAINS
2R2L9FEwH7QvMjxPP6za0m,1ImEJhg01CJOg3m3oRClW9,CONTAINS
2R2L9FEwH7QvMjxPP6za0m,1ImEJhg01CJOg3m3oRClWM,CONTAINS
2R2L9FEwH7QvMjxPP6za0m,1ImEJhg01CJOg3m3oRClXx,CONTAINS
2R2L9FEwH7QvMjxPP6za0m,1ImEJhg01CJOg3m3oRClXw,CONTAINS
2R2L9FEwH7QvMjxPP6za0m,1ImEJhg01CJOg3m3oRClXz,CONTAINS
2R2L9FEwH7QvMjxPP6za0m,1ImEJhg01CJOg3m3oRClX$,CONTAINS
2R2L9FEwH7QvMjxPP6za0m,1ImEJhg01CJOg3m3oRClXy,CONTAINS
2R2L9FEwH7QvMjxPP6za0m,1ImEJhg01CJOg3m3oRClXn,CONTAINS
2R2L9FEwH7QvMjxPP6za0m,1ImEJhg01CJOg3m3oRClX_,CONTAINS
2R2L9FEwH7QvMjxPP6za0m,1ImEJhg01CJOg3m3oRClW3,CONTAINS
2R2L9FEwH7QvMjxPP6za0m,1ImEJhg01CJOg3m3oRClXm,CONTAINS
2R2L9FEwH7QvMjxPP6za0m,1ImEJhg01CJOg3m3oRClW2,CONTAINS
2R2L9FEwH7QvMjxPP6za0m,1ImEJhg01CJOg3m3oRClW4,CONTAINS
2R2L9FEwH7QvMjxPP6za0m,1ImEJhg01CJOg3m3oRClW5,CONTAINS
2R2L9FEwH7QvMjxPP6za0m,1ImEJhg01CJOg3m3oRClW6,CONTAINS
2R2L9FEwH7QvMjxPP6za0m,1ImEJhg01CJOg3m3oRClW7,CONTAINS
2R2L9FEwH7QvMjxPP6za0m,1ImEJhg01CJOg3m3oRClXv,CONTAINS
2R2L9FEwH7QvMjxPP6zaDT,03LEYIvL5779O95R2v9s7P,CONTAINS
2R2L9FEwH7QvMjxPP6za0m,1ImEJhg01CJOg3m3oRClXu,CONTAINS
2R2L9FEwH7QvMjxPP6zbFn,08q_zjAafBeRqJw_1EtbpX,CONTAINS
2R2L9FEwH7QvMjxPP6zbFn,08q_zjAafBeRqJw_1EtbpW,CONTAINS
2R2L9FEwH7QvMjxPP6zbFn,0OwFWIO9n2oe5IiSbaNoaE,CONTAINS
2R2L9FEwH7QvMjxPP6zbFn,08q_zjAafBeRqJw_1Etbp_,CONTAINS
2R2L9FEwH7QvMjxPP6zbFn,0OwFWIO9n2oe5IiSbaNobF,CONTAINS
2R2L9FEwH7QvMjxPP6_uPb,0rlkQmNpf2ahkBKJXRt9dm,CONTAINS
2R2L9FEwH7QvMjxPP6_uPb,0rlkQmNpf2ahkBKJXRt9dp,CONTAINS
2R2L9FEwH7QvMjxPP6_uPb,0rlkQmNpf2ahkBKJXRt9dn,CONTAINS
2R2L9FEwH7QvMjxPP6zYsS,0rlkQmNpf2ahkBKJXRt9do,CONTAINS
2R2L9FEwH7QvMjxPP6za06,2PjQadwH5Flf4Iu_RyhQCW,CONTAINS
2R2L9FEwH7QvMjxPP6za06,2PjQadwH5Flf4Iu_RyhQCb,CONTAINS
2R2L9FEwH7QvMjxPP6za06,2PjQadwH5Flf4Iu_RyhQCY,CONTAINS
2R2L9FEwH7QvMjxPP6za06,2PjQadwH5Flf4Iu_RyhQCZ,CONTAINS
2R2L9FEwH7QvMjxPP6zaDT,3Zuv4FmtL8ewTAegmGWcBd,CONTAINS
2R2L9FEwH7QvMjxPP6za1o,3Zuv4FmtL8ewTAegmGWcAO,CONTAINS
2R2L9FEwH7QvMjxPP6zaDT,3Zuv4FmtL8ewTAegmGWcBb,CONTAINS
2R2L9FEwH7QvMjxPP6za1o,3Zuv4FmtL8ewTAegmGWcAQ,CONTAINS
2R2L9FEwH7QvMjxPP6za1o,3Zuv4FmtL8ewTAegmGWcAR,CONTAINS
2R2L9FEwH7QvMjxPP6$tUo,0PdHan7nbB4RydQiKEPL_w,CONTAINS
2R2L9FEwH7QvMjxPP6$tUo,0PdHan7nbB4RydQiKEPLys,CONTAINS
2R2L9FEwH7QvMjxPP6za1o,3Zuv4FmtL8ewTAegmGWcAS,CONTAINS
2R2L9FEwH7QvMjxPP6za1o,3Zuv4FmtL8ewTAegmGWcAT,CONTAINS
2R2L9FEwH7QvMjxPP6zaDT,3Zuv4FmtL8ewTAegmGWcBa,CONTAINS
2R2L9FEwH7QvMjxPP6zbnl,1rQ6eOrv517erc8mUzErCf,CONTAINS
2R2L9FEwH7QvMjxPP6z1F8,1rQ6eOrv517erc8mUzErCe,CONTAINS
2R2L9FEwH7QvMjxPP6za06,2W9eirAAv0Tg7eCheiIo_0,CONTAINS
2R2L9FEwH7QvMjxPP6za06,2W9eirAAv0Tg7eCheiIov4,CONTAINS
2R2L9FEwH7QvMjxPP6za06,2W9eirAAv0Tg7eCheiIowx,CONTAINS
2R2L9FEwH7QvMjxPP6za06,2W9eirAAv0Tg7eCheiIoup,CONTAINS
2R2L9FEwH7QvMjxPP6zbnl,1rQ6eOrv517erc8mUzErES,CONTAINS
2R2L9FEwH7QvMjxPP6_Yyw,1rQ6eOrv517erc8mUzErET,CONTAINS
2R2L9FEwH7QvMjxPP6_Yyw,1rQ6eOrv517erc8mUzErE2,CONTAINS
2R2L9FEwH7QvMjxPP6z1F8,1rQ6eOrv517erc8mUzErE3,CONTAINS
2R2L9FEwH7QvMjxPP6z1F8,1rQ6eOrv517erc8mUzErFy,CONTAINS
2R2L9FEwH7QvMjxPP6z1F8,1rQ6eOrv517erc8mUzErFZ,CONTAINS
2R2L9FEwH7QvMjxPP6zbnl,1rQ6eOrv517erc8mUzErE0,CONTAINS
2R2L9FEwH7QvMjxPP6zbnl,1rQ6eOrv517erc8mUzErE1,CONTAINS
2R2L9FEwH7QvMjxPP6zbnl,1rQ6eOrv517erc8mUzErE6,CONTAINS
2R2L9FEwH7QvMjxPP6_Yyw,1rQ6eOrv517erc8mUzErE7,CONTAINS
2R2L9FEwH7QvMjxPP6z1F8,1rQ6eOrv517erc8mUzErEU,CONTAINS
2R2L9FEwH7QvMjxPP6zbnl,1rQ6eOrv517erc8mUzErE5,CONTAINS
2R2L9FEwH7QvMjxPP6$tUo,1rQ6eOrv517erc8mUzErFr,CONTAINS
2R2L9FEwH7QvMjxPP6$tUo,1rQ6eOrv517erc8mUzErF4,CONTAINS
2R2L9FEwH7QvMjxPP6$tUo,1rQ6eOrv517erc8mUzErFP,CONTAINS
2R2L9FEwH7QvMjxPP6z1F8,1rQ6eOrv517erc8mUzErFw,CONTAINS
2R2L9FEwH7QvMjxPP6z1F8,1rQ6eOrv517erc8mUzErFO,CONTAINS
2R2L9FEwH7QvMjxPP6z1F8,1rQ6eOrv517erc8mUzErFq,CONTAINS
2R2L9FEwH7QvMjxPP6z1F8,1rQ6eOrv517erc8mUzErFv,CONTAINS
2R2L9FEwH7QvMjxPP6z1F8,1rQ6eOrv517erc8mUzErFz,CONTAINS
2R2L9FEwH7QvMjxPP6z1F8,1rQ6eOrv517erc8mUzErFx,CONTAINS
2R2L9FEwH7QvMjxPP6z1F8,1rQ6eOrv517erc8mUzErF_,CONTAINS
2R2L9FEwH7QvMjxPP6z1F8,1rQ6eOrv517erc8mUzErFu,CONTAINS
2R2L9FEwH7QvMjxPP6z1F8,1rQ6eOrv517erc8mUzErF$,CONTAINS
2R2L9FEwH7QvMjxPP6$tUo,1rQ6eOrv517erc8mUzErFe,CONTAINS
2R2L9FEwH7QvMjxPP6$tUo,1rQ6eOrv517erc8mUzErEV,CONTAINS
2R2L9FEwH7QvMjxPP6zYsS,0398DzNGjBYO1C$VUhMCXn,CONTAINS
2R2L9FEwH7QvMjxPP6zYsS,0398DzNGjBYO1C$VUhMCXz,CONTAINS
2R2L9FEwH7QvMjxPP6zYsS,0398DzNGjBYO1C$VUhMCXy,CONTAINS
2R2L9FEwH7QvMjxPP6zbnl,1rQ6eOrv517erc8mUzErCl,CONTAINS
2R2L9FEwH7QvMjxPP6zbnl,1rQ6eOrv517erc8mUzErCj,CONTAINS
2R2L9FEwH7QvMjxPP6z1F8,1rQ6eOrv517erc8mUzErFB,CONTAINS
2R2L9FEwH7QvMjxPP6zbFn,0OwFWIO9n2oe5IiSbaNob1,CONTAINS
2R2L9FEwH7QvMjxPP6zbFn,08q_zjAafBeRqJw_1EtbpZ,CONTAINS
2R2L9FEwH7QvMjxPP6za1i,2mZcaJUPzFYPoM_CVS59lY,CONTAINS
2R2L9FEwH7QvMjxPP6za1i,2mZcaJUPzFYPoM_CVS59lZ,CONTAINS
2R2L9FEwH7QvMjxPP6za1i,2mZcaJUPzFYPoM_CVS59lk,CONTAINS
2R2L9FEwH7QvMjxPP6za1i,2mZcaJUPzFYPoM_CVS59lX,CONTAINS
2R2L9FEwH7QvMjxPP6za1i,2mZcaJUPzFYPoM_CVS59lW,CONTAINS
2R2L9FEwH7QvMjxPP6za1i,2AtGkhGiLE9wSVrFZfJTBN,CONTAINS
2R2L9FEwH7QvMjxPP6za1i,2AtGkhGiLE9wSVrFZfJTBK,CONTAINS
2R2L9FEwH7QvMjxPP6za1i,2mZcaJUPzFYPoM_CVS59lb,CONTAINS
2R2L9FEwH7QvMjxPP6za1i,2mZcaJUPzFYPoM_CVS59la,CONTAINS
2R2L9FEwH7QvMjxPP6za1i,2AtGkhGiLE9wSVrFZfJTBL,CONTAINS
2R2L9FEwH7QvMjxPP6za1o,2Ov2FJ$f94rOTYhqOs0a_Q,CONTAINS
2R2L9FEwH7QvMjxPP6za1o,2Ov2FJ$f94rOTYhqOs0a_R,CONTAINS
2R2L9FEwH7QvMjxPP6za1o,2Ov2FJ$f94rOTYhqOs0a_O,CONTAINS
2R2L9FEwH7QvMjxPP6za1o,2Ov2FJ$f94rOTYhqOs0a_P,CONTAINS
2R2L9FEwH7QvMjxPP6za1o,3CMDx_A410oenEM5GW4ZcP,CONTAINS
2R2L9FEwH7QvMjxPP6za1i,3CMDx_A410oenEM5GW4Ze6,CONTAINS
2R2L9FEwH7QvMjxPP6za1o,2Ov2FJ$f94rOTYhqOs0a_V,CONTAINS
2R2L9FEwH7QvMjxPP6za1o,1kokklh8z3xfTNXU5MoGmD,CONTAINS
2R2L9FEwH7QvMjxPP6za1o,1kokklh8z3xfTNXU5MoGmE,CONTAINS
2R2L9FEwH7QvMjxPP6za1o,2Ov2FJ$f94rOTYhqOs0a_K,CONTAINS
2R2L9FEwH7QvMjxPP6za1o,2Ov2FJ$f94rOTYhqOs0a_L,CONTAINS
2R2L9FEwH7QvMjxPP6za1o,1kokklh8z3xfTNXU5MoGmF,CONTAINS
2R2L9FEwH7QvMjxPP6zbnr,1ImEJhg01CJOg3m3oRCkFa,CONTAINS
2R2L9FEwH7QvMjxPP6zbnr,1ImEJhg01CJOg3m3oRCkHl,CONTAINS
2R2L9FEwH7QvMjxPP6zbnr,1ImEJhg01CJOg3m3oRCkHk,CONTAINS
2R2L9FEwH7QvMjxPP6zbnr,1ImEJhg01CJOg3m3oRCkEx,CONTAINS
2R2L9FEwH7QvMjxPP6zbnr,1ImEJhg01CJOg3m3oRCkEu,CONTAINS
2R2L9FEwH7QvMjxPP6zbnr,1ImEJhg01CJOg3m3oRCkEw,CONTAINS
2R2L9FEwH7QvMjxPP6zbnr,1ImEJhg01CJOg3m3oRCkEz,CONTAINS
2R2L9FEwH7QvMjxPP6zbnr,1ImEJhg01CJOg3m3oRCkEy,CONTAINS
2R2L9FEwH7QvMjxPP6zbnr,1ImEJhg01CJOg3m3oRCkD7,CONTAINS
2R2L9FEwH7QvMjxPP6zbnr,1ImEJhg01CJOg3m3oRCkD4,CONTAINS
2R2L9FEwH7QvMjxPP6zbnr,1ImEJhg01CJOg3m3oRCkEv,CONTAINS
2R2L9FEwH7QvMjxPP6zbnr,1ImEJhg01CJOg3m3oRCkD6,CONTAINS
2R2L9FEwH7QvMjxPP6zbnr,1ImEJhg01CJOg3m3oRCkEp,CONTAINS
2R2L9FEwH7QvMjxPP6zbnr,1ImEJhg01CJOg3m3oRCkEt,CONTAINS
2R2L9FEwH7QvMjxPP6zbnr,1ImEJhg01CJOg3m3oRCkEo,CONTAINS
2R2L9FEwH7QvMjxPP6zbnr,1ImEJhg01CJOg3m3oRCkE_,CONTAINS
2R2L9FEwH7QvMjxPP6zbnr,1ImEJhg01CJOg3m3oRCkEr,CONTAINS
2R2L9FEwH7QvMjxPP6zbnr,1ImEJhg01CJOg3m3oRCkEq,CONTAINS
2R2L9FEwH7QvMjxPP6zbnr,1ImEJhg01CJOg3m3oRCkE$,CONTAINS
2R2L9FEwH7QvMjxPP6zbnr,1ImEJhg01CJOg3m3oRCkEn,CONTAINS
2R2L9FEwH7QvMjxPP6zbnr,1ImEJhg01CJOg3m3oRCkDM,CONTAINS
2R2L9FEwH7QvMjxPP6zbnr,1ImEJhg01CJOg3m3oRCkD9,CONTAINS
2R2L9FEwH7QvMjxPP6zbnr,1ImEJhg01CJOg3m3oRCkEm,CONTAINS
2R2L9FEwH7QvMjxPP6zbnr,1ImEJhg01CJOg3m3oRCkDA,CONTAINS
2R2L9FEwH7QvMjxPP6zbnr,1ImEJhg01CJOg3m3oRCkD8,CONTAINS
2R2L9FEwH7QvMjxPP6zbnr,1ImEJhg01CJOg3m3oRCkDB,CONTAINS
2R2L9FEwH7QvMjxPP6zbnr,1ImEJhg01CJOg3m3oRCkDN,CONTAINS
2R2L9FEwH7QvMjxPP6zbnr,1ImEJhg01CJOg3m3oRCkDL,CONTAINS
2R2L9FEwH7QvMjxPP6zbnr,1ImEJhg01CJOg3m3oRCkDI,CONTAINS
2R2L9FEwH7QvMjxPP6zbnr,1ImEJhg01CJOg3m3oRCkDK,CONTAINS
2R2L9FEwH7QvMjxPP6zbnr,1ImEJhg01CJOg3m3oRCkD2,CONTAINS
2R2L9FEwH7QvMjxPP6zbnr,1ImEJhg01CJOg3m3oRCkD0,CONTAINS
2R2L9FEwH7QvMjxPP6zbnr,1ImEJhg01CJOg3m3oRCkD3,CONTAINS
2R2L9FEwH7QvMjxPP6zbnr,1ImEJhg01CJOg3m3oRCkDC,CONTAINS
2R2L9FEwH7QvMjxPP6zbnr,1ImEJhg01CJOg3m3oRCkDD,CONTAINS
2R2L9FEwH7QvMjxPP6zbnr,1ImEJhg01CJOg3m3oRCkD5,CONTAINS
2R2L9FEwH7QvMjxPP6zbnr,1ImEJhg01CJOg3m3oRCkEV,CONTAINS
2R2L9FEwH7QvMjxPP6zbnr,1ImEJhg01CJOg3m3oRCkEU,CONTAINS
2R2L9FEwH7QvMjxPP6zbnr,1ImEJhg01CJOg3m3oRCkD1,CONTAINS
2R2L9FEwH7QvMjxPP6zbnr,1ImEJhg01CJOg3m3oRCkDE,CONTAINS
2R2L9FEwH7QvMjxPP6zbnr,1ImEJhg01CJOg3m3oRCkDF,CONTAINS
2R2L9FEwH7QvMjxPP6zbnr,1ImEJhg01CJOg3m3oRCkEQ,CONTAINS
2R2L9FEwH7QvMjxPP6zbnr,1ImEJhg01CJOg3m3oRCkET,CONTAINS
2R2L9FEwH7QvMjxPP6zbnr,1ImEJhg01CJOg3m3oRCkES,CONTAINS
2R2L9FEwH7QvMjxPP6zbnr,1ImEJhg01CJOg3m3oRCkE9,CONTAINS
2R2L9FEwH7QvMjxPP6zbnr,1ImEJhg01CJOg3m3oRCkEP,CONTAINS
2R2L9FEwH7QvMjxPP6zbnr,1ImEJhg01CJOg3m3oRCkEO,CONTAINS
2R2L9FEwH7QvMjxPP6zbnr,1ImEJhg01CJOg3m3oRCkER,CONTAINS
2R2L9FEwH7QvMjxPP6zbnr,1ImEJhg01CJOg3m3oRCkFm,CONTAINS
2R2L9FEwH7QvMjxPP6zbnr,1ImEJhg01CJOg3m3oRCkFn,CONTAINS
2R2L9FEwH7QvMjxPP6zbnr,1ImEJhg01CJOg3m3oRCkFr,CONTAINS
2R2L9FEwH7QvMjxPP6zbnr,1ImEJhg01CJOg3m3oRCkF_,CONTAINS
2R2L9FEwH7QvMjxPP6zbnr,1ImEJhg01CJOg3m3oRCkFo,CONTAINS
2R2L9FEwH7QvMjxPP6zbnr,1ImEJhg01CJOg3m3oRCkF$,CONTAINS
2R2L9FEwH7QvMjxPP6zbnr,1ImEJhg01CJOg3m3oRCkFe,CONTAINS
2R2L9FEwH7QvMjxPP6zbnr,1ImEJhg01CJOg3m3oRCkFs,CONTAINS
2R2L9FEwH7QvMjxPP6zbnr,1ImEJhg01CJOg3m3oRCkFf,CONTAINS
2R2L9FEwH7QvMjxPP6zbnr,1ImEJhg01CJOg3m3oRCkFg,CONTAINS
2R2L9FEwH7QvMjxPP6zbnr,1ImEJhg01CJOg3m3oRCkFh,CONTAINS
2R2L9FEwH7QvMjxPP6zbnr,1ImEJhg01CJOg3m3oRCkFp,CONTAINS
2R2L9FEwH7QvMjxPP6zbnr,1ImEJhg01CJOg3m3oRCkFt,CONTAINS
2R2L9FEwH7QvMjxPP6zbnr,1ImEJhg01CJOg3m3oRCkFq,CONTAINS
2R2L9FEwH7QvMjxPP6zbnr,1ImEJhg01CJOg3m3oRCkE8,CONTAINS
2R2L9FEwH7QvMjxPP6zbnr,1ImEJhg01CJOg3m3oRCkFk,CONTAINS
2R2L9FEwH7QvMjxPP6zbnr,1ImEJhg01CJOg3m3oRCkEB,CONTAINS
2R2L9FEwH7QvMjxPP6zbnr,1ImEJhg01CJOg3m3oRCkFl,CONTAINS
2R2L9FEwH7QvMjxPP6zbnr,1ImEJhg01CJOg3m3oRCkFZ,CONTAINS
2R2L9FEwH7QvMjxPP6zbnr,1ImEJhg01CJOg3m3oRCkFi,CONTAINS
2R2L9FEwH7QvMjxPP6zbnr,1ImEJhg01CJOg3m3oRCkFj,CONTAINS
2R2L9FEwH7QvMjxPP6zbnr,1ImEJhg01CJOg3m3oRCkE0,CONTAINS
2R2L9FEwH7QvMjxPP6zbnr,1ImEJhg01CJOg3m3oRCkE1,CONTAINS
2R2L9FEwH7QvMjxPP6zbnr,1ImEJhg01CJOg3m3oRCkEE,CONTAINS
2R2L9FEwH7QvMjxPP6zbnr,1ImEJhg01CJOg3m3oRCkE2,CONTAINS
2R2L9FEwH7QvMjxPP6zbnr,1ImEJhg01CJOg3m3oRCkE3,CONTAINS
2R2L9FEwH7QvMjxPP6zbnr,1ImEJhg01CJOg3m3oRCkEC,CONTAINS
2R2L9FEwH7QvMjxPP6zbnr,1ImEJhg01CJOg3m3oRCkED,CONTAINS
2R2L9FEwH7QvMjxPP6zbnr,1ImEJhg01CJOg3m3oRCkEA,CONTAINS
2R2L9FEwH7QvMjxPP6zbnr,1ImEJhg01CJOg3m3oRCkEF,CONTAINS
2R2L9FEwH7QvMjxPP6zbnr,1ImEJhg01CJOg3m3oRCkFx,CONTAINS
2R2L9FEwH7QvMjxPP6zbnr,1ImEJhg01CJOg3m3oRCkFw,CONTAINS
2R2L9FEwH7QvMjxPP6zbnr,1ImEJhg01CJOg3m3oRCkFv,CONTAINS
2R2L9FEwH7QvMjxPP6zbnr,1ImEJhg01CJOg3m3oRCkFu,CONTAINS
2R2L9FEwH7QvMjxPP6zbnr,1ImEJhg01CJOg3m3oRCkE7,CONTAINS
2R2L9FEwH7QvMjxPP6zbnr,1ImEJhg01CJOg3m3oRCkE6,CONTAINS
2R2L9FEwH7QvMjxPP6zbnr,1ImEJhg01CJOg3m3oRCkE5,CONTAINS
2R2L9FEwH7QvMjxPP6zbnr,1ImEJhg01CJOg3m3oRCkE4,CONTAINS
2R2L9FEwH7QvMjxPP6zbnr,1ImEJhg01CJOg3m3oRCkIG,CONTAINS
2R2L9FEwH7QvMjxPP6zbnr,1ImEJhg01CJOg3m3oRCkIH,CONTAINS
2R2L9FEwH7QvMjxPP6zbnr,1ImEJhg01CJOg3m3oRCkFy,CONTAINS
2R2L9FEwH7QvMjxPP6zbnr,1ImEJhg01CJOg3m3oRCkFz,CONTAINS
2R2L9FEwH7QvMjxPP6zbnr,1ImEJhg01CJOg3m3oRCkFY,CONTAINS
2R2L9FEwH7QvMjxPP6zbnr,1ImEJhg01CJOg3m3oRCkFb,CONTAINS
2R2L9FEwH7QvMjxPP6zbnr,1ImEJhg01CJOg3m3oRCkFd,CONTAINS
2R2L9FEwH7QvMjxPP6zbnr,1ImEJhg01CJOg3m3oRCkDV,CONTAINS
2R2L9FEwH7QvMjxPP6zbnr,1ImEJhg01CJOg3m3oRCkDJ,CONTAINS
2R2L9FEwH7QvMjxPP6zbnr,1ImEJhg01CJOg3m3oRCkDG,CONTAINS
2R2L9FEwH7QvMjxPP6zbnr,1ImEJhg01CJOg3m3oRCkDH,CONTAINS
2R2L9FEwH7QvMjxPP6zbnr,1ImEJhg01CJOg3m3oRCkDU,CONTAINS
2R2L9FEwH7QvMjxPP6zbnr,1ImEJhg01CJOg3m3oRCkDY,CONTAINS
2R2L9FEwH7QvMjxPP6zbnr,1ImEJhg01CJOg3m3oRCkDW,CONTAINS
2R2L9FEwH7QvMjxPP6zbnr,1ImEJhg01CJOg3m3oRCkDb,CONTAINS
2R2L9FEwH7QvMjxPP6za06,1ImEJhg01CJOg3m3oRClsI,CONTAINS
2R2L9FEwH7QvMjxPP6za06,1ImEJhg01CJOg3m3oRClsL,CONTAINS
2R2L9FEwH7QvMjxPP6zbnr,1ImEJhg01CJOg3m3oRCkDS,CONTAINS
2R2L9FEwH7QvMjxPP6zbnr,1ImEJhg01CJOg3m3oRCkDT,CONTAINS
2R2L9FEwH7QvMjxPP6zbnr,1ImEJhg01CJOg3m3oRCkDR,CONTAINS
2R2L9FEwH7QvMjxPP6zbnr,1ImEJhg01CJOg3m3oRCkDQ,CONTAINS
2R2L9FEwH7QvMjxPP6zbnr,1ImEJhg01CJOg3m3oRCkDe,CONTAINS
2R2L9FEwH7QvMjxPP6zbnr,1ImEJhg01CJOg3m3oRCkDw,CONTAINS
2R2L9FEwH7QvMjxPP6zbnr,1ImEJhg01CJOg3m3oRCkDX,CONTAINS
2R2L9FEwH7QvMjxPP6zbnr,1ImEJhg01CJOg3m3oRCkDk,CONTAINS
2R2L9FEwH7QvMjxPP6zbnr,1ImEJhg01CJOg3m3oRCkDl,CONTAINS
2R2L9FEwH7QvMjxPP6zbnr,1ImEJhg01CJOg3m3oRCkDi,CONTAINS
2R2L9FEwH7QvMjxPP6zbnr,1ImEJhg01CJOg3m3oRCkDZ,CONTAINS
2R2L9FEwH7QvMjxPP6zbnr,1ImEJhg01CJOg3m3oRCkDP,CONTAINS
2R2L9FEwH7QvMjxPP6zbnr,1ImEJhg01CJOg3m3oRCkDO,CONTAINS
2R2L9FEwH7QvMjxPP6zbnr,1ImEJhg01CJOg3m3oRCkDa,CONTAINS
2R2L9FEwH7QvMjxPP6zbnr,1ImEJhg01CJOg3m3oRCkDd,CONTAINS
2R2L9FEwH7QvMjxPP6zbnr,1ImEJhg01CJOg3m3oRCkDc,CONTAINS
2R2L9FEwH7QvMjxPP6zbnr,1ImEJhg01CJOg3m3oRCkDg,CONTAINS
2R2L9FEwH7QvMjxPP6zbnr,1ImEJhg01CJOg3m3oRCkDj,CONTAINS
2R2L9FEwH7QvMjxPP6zbnr,1ImEJhg01CJOg3m3oRCkDh,CONTAINS
2R2L9FEwH7QvMjxPP6za06,1ImEJhg01CJOg3m3oRClr0,CONTAINS
2R2L9FEwH7QvMjxPP6za06,1ImEJhg01CJOg3m3oRClr1,CONTAINS
2R2L9FEwH7QvMjxPP6za06,1ImEJhg01CJOg3m3oRClrC,CONTAINS
2R2L9FEwH7QvMjxPP6za06,1ImEJhg01CJOg3m3oRClrA,CONTAINS
2R2L9FEwH7QvMjxPP6za06,1ImEJhg01CJOg3m3oRClrD,CONTAINS
2R2L9FEwH7QvMjxPP6za06,1ImEJhg01CJOg3m3oRClr2,CONTAINS
2R2L9FEwH7QvMjxPP6za06,1ImEJhg01CJOg3m3oRClr3,CONTAINS
2R2L9FEwH7QvMjxPP6zbnr,1ImEJhg01CJOg3m3oRCkDv,CONTAINS
2R2L9FEwH7QvMjxPP6zbnr,1ImEJhg01CJOg3m3oRCkDu,CONTAINS
2R2L9FEwH7QvMjxPP6zbnr,1ImEJhg01CJOg3m3oRCkDx,CONTAINS
2R2L9FEwH7QvMjxPP6za06,1ImEJhg01CJOg3m3oRClrN,CONTAINS
2R2L9FEwH7QvMjxPP6za06,1ImEJhg01CJOg3m3oRClrM,CONTAINS
2R2L9FEwH7QvMjxPP6za06,1ImEJhg01CJOg3m3oRClrL,CONTAINS
2R2L9FEwH7QvMjxPP6za06,1ImEJhg01CJOg3m3oRClrK,CONTAINS
2R2L9FEwH7QvMjxPP6za06,1ImEJhg01CJOg3m3oRClrU,CONTAINS
2R2L9FEwH7QvMjxPP6za06,1ImEJhg01CJOg3m3oRClrJ,CONTAINS
2R2L9FEwH7QvMjxPP6za06,1ImEJhg01CJOg3m3oRClrH,CONTAINS
2R2L9FEwH7QvMjxPP6za06,1ImEJhg01CJOg3m3oRClr9,CONTAINS
2R2L9FEwH7QvMjxPP6za06,1ImEJhg01CJOg3m3oRClrF,CONTAINS
2R2L9FEwH7QvMjxPP6za06,1ImEJhg01CJOg3m3oRClrE,CONTAINS
2R2L9FEwH7QvMjxPP6za06,1ImEJhg01CJOg3m3oRClrB,CONTAINS
2R2L9FEwH7QvMjxPP6za06,1ImEJhg01CJOg3m3oRClrI,CONTAINS
2R2L9FEwH7QvMjxPP6za06,1ImEJhg01CJOg3m3oRClr8,CONTAINS
2R2L9FEwH7QvMjxPP6zbnr,1ImEJhg01CJOg3m3oRCkEj,CONTAINS
2R2L9FEwH7QvMjxPP6zbnr,1ImEJhg01CJOg3m3oRCkEe,CONTAINS
2R2L9FEwH7QvMjxPP6zbnr,1ImEJhg01CJOg3m3oRCkEi,CONTAINS
2R2L9FEwH7QvMjxPP6zbnr,1ImEJhg01CJOg3m3oRCkEH,CONTAINS
2R2L9FEwH7QvMjxPP6zbnr,1ImEJhg01CJOg3m3oRCkEg,CONTAINS
2R2L9FEwH7QvMjxPP6zbnr,1ImEJhg01CJOg3m3oRCkEl,CONTAINS
2R2L9FEwH7QvMjxPP6zbnr,1ImEJhg01CJOg3m3oRCkEI,CONTAINS
2R2L9FEwH7QvMjxPP6zbnr,1ImEJhg01CJOg3m3oRCkEL,CONTAINS
2R2L9FEwH7QvMjxPP6zbnr,1ImEJhg01CJOg3m3oRCkEG,CONTAINS
2R2L9FEwH7QvMjxPP6zbnr,1ImEJhg01CJOg3m3oRCkEJ,CONTAINS
2R2L9FEwH7QvMjxPP6zbnr,1ImEJhg01CJOg3m3oRCkEM,CONTAINS
2R2L9FEwH7QvMjxPP6zbnr,1ImEJhg01CJOg3m3oRCkEN,CONTAINS
2R2L9FEwH7QvMjxPP6zbnr,1ImEJhg01CJOg3m3oRCkEK,CONTAINS
2R2L9FEwH7QvMjxPP6za06,1ImEJhg01CJOg3m3oRClu0,CONTAINS
2R2L9FEwH7QvMjxPP6za06,1ImEJhg01CJOg3m3oRClu3,CONTAINS
2R2L9FEwH7QvMjxPP6zbnr,1ImEJhg01CJOg3m3oRCkEY,CONTAINS
2R2L9FEwH7QvMjxPP6zbnr,1ImEJhg01CJOg3m3oRCkEX,CONTAINS
2R2L9FEwH7QvMjxPP6zbnr,1ImEJhg01CJOg3m3oRCkEk,CONTAINS
2R2L9FEwH7QvMjxPP6zbnr,1ImEJhg01CJOg3m3oRCkEW,CONTAINS
2R2L9FEwH7QvMjxPP6zbnr,1ImEJhg01CJOg3m3oRCkEc,CONTAINS
2R2L9FEwH7QvMjxPP6zbnr,1ImEJhg01CJOg3m3oRCkEb,CONTAINS
2R2L9FEwH7QvMjxPP6zbnr,1ImEJhg01CJOg3m3oRCkEZ,CONTAINS
2R2L9FEwH7QvMjxPP6zbnr,1ImEJhg01CJOg3m3oRCkEa,CONTAINS
2R2L9FEwH7QvMjxPP6zbnr,1ImEJhg01CJOg3m3oRCkEs,CONTAINS
2R2L9FEwH7QvMjxPP6zbnr,1ImEJhg01CJOg3m3oRCkEh,CONTAINS
2R2L9FEwH7QvMjxPP6zbnr,1ImEJhg01CJOg3m3oRCkEf,CONTAINS
2R2L9FEwH7QvMjxPP6zbnr,1ImEJhg01CJOg3m3oRCkEd,CONTAINS
2R2L9FEwH7QvMjxPP6za06,1ImEJhg01CJOg3m3oRClsJ,CONTAINS
2R2L9FEwH7QvMjxPP6za06,1ImEJhg01CJOg3m3oRClsG,CONTAINS
2R2L9FEwH7QvMjxPP6za06,1ImEJhg01CJOg3m3oRClsU,CONTAINS
2R2L9FEwH7QvMjxPP6za06,1ImEJhg01CJOg3m3oRClsV,CONTAINS
2R2L9FEwH7QvMjxPP6za06,1ImEJhg01CJOg3m3oRClsH,CONTAINS
2R2L9FEwH7QvMjxPP6za06,1ImEJhg01CJOg3m3oRCltJ,CONTAINS
2R2L9FEwH7QvMjxPP6za06,1ImEJhg01CJOg3m3oRClsT,CONTAINS
2R2L9FEwH7QvMjxPP6za06,1ImEJhg01CJOg3m3oRClsS,CONTAINS
2R2L9FEwH7QvMjxPP6za06,1ImEJhg01CJOg3m3oRCltI,CONTAINS
2R2L9FEwH7QvMjxPP6za06,1ImEJhg01CJOg3m3oRClsK,CONTAINS
2R2L9FEwH7QvMjxPP6za06,1ImEJhg01CJOg3m3oRClqJ,CONTAINS
2R2L9FEwH7QvMjxPP6za06,1ImEJhg01CJOg3m3oRClqL,CONTAINS
2R2L9FEwH7QvMjxPP6za06,1ImEJhg01CJOg3m3oRClqI,CONTAINS
2R2L9FEwH7QvMjxPP6za06,1ImEJhg01CJOg3m3oRClq9,CONTAINS
2R2L9FEwH7QvMjxPP6za06,1ImEJhg01CJOg3m3oRClq8,CONTAINS
2R2L9FEwH7QvMjxPP6za06,1ImEJhg01CJOg3m3oRClqA,CONTAINS
2R2L9FEwH7QvMjxPP6za06,1ImEJhg01CJOg3m3oRClqD,CONTAINS
2R2L9FEwH7QvMjxPP6za06,1ImEJhg01CJOg3m3oRClqC,CONTAINS
2R2L9FEwH7QvMjxPP6za06,1ImEJhg01CJOg3m3oRClqN,CONTAINS
2R2L9FEwH7QvMjxPP6za06,1ImEJhg01CJOg3m3oRClqM,CONTAINS
2R2L9FEwH7QvMjxPP6za06,1ImEJhg01CJOg3m3oRClq1,CONTAINS
2R2L9FEwH7QvMjxPP6za06,1ImEJhg01CJOg3m3oRClqF,CONTAINS
2R2L9FEwH7QvMjxPP6za06,1ImEJhg01CJOg3m3oRClqE,CONTAINS
2R2L9FEwH7QvMjxPP6za06,1ImEJhg01CJOg3m3oRClqB,CONTAINS
2R2L9FEwH7QvMjxPP6za06,1ImEJhg01CJOg3m3oRClqd,CONTAINS
2R2L9FEwH7QvMjxPP6za06,1ImEJhg01CJOg3m3oRClqQ,CONTAINS
2R2L9FEwH7QvMjxPP6za06,1ImEJhg01CJOg3m3oRClqR,CONTAINS
2R2L9FEwH7QvMjxPP6za06,1ImEJhg01CJOg3m3oRClqH,CONTAINS
2R2L9FEwH7QvMjxPP6za06,1ImEJhg01CJOg3m3oRClqG,CONTAINS
2R2L9FEwH7QvMjxPP6za06,1ImEJhg01CJOg3m3oRClqO,CONTAINS
2R2L9FEwH7QvMjxPP6za06,1ImEJhg01CJOg3m3oRClqc,CONTAINS
2R2L9FEwH7QvMjxPP6za06,1ImEJhg01CJOg3m3oRClqP,CONTAINS
2R2L9FEwH7QvMjxPP6za06,1ImEJhg01CJOg3m3oRClqT,CONTAINS
2R2L9FEwH7QvMjxPP6za06,1ImEJhg01CJOg3m3oRClqS,CONTAINS
2R2L9FEwH7QvMjxPP6za06,1ImEJhg01CJOg3m3oRClqK,CONTAINS
2R2L9FEwH7QvMjxPP6za06,1ImEJhg01CJOg3m3oRClqV,CONTAINS
2R2L9FEwH7QvMjxPP6za06,1ImEJhg01CJOg3m3oRClqU,CONTAINS
2R2L9FEwH7QvMjxPP6za06,1ImEJhg01CJOg3m3oRClrn,CONTAINS
2R2L9FEwH7QvMjxPP6za06,1ImEJhg01CJOg3m3oRClrp,CONTAINS
2R2L9FEwH7QvMjxPP6za06,1ImEJhg01CJOg3m3oRClr_,CONTAINS
2R2L9FEwH7QvMjxPP6za06,1ImEJhg01CJOg3m3oRClrm,CONTAINS
2R2L9FEwH7QvMjxPP6za06,1ImEJhg01CJOg3m3oRClro,CONTAINS
2R2L9FEwH7QvMjxPP6za06,1ImEJhg01CJOg3m3oRClrr,CONTAINS
2R2L9FEwH7QvMjxPP6za06,1ImEJhg01CJOg3m3oRClrt,CONTAINS
2R2L9FEwH7QvMjxPP6za06,1ImEJhg01CJOg3m3oRClrf,CONTAINS
2R2L9FEwH7QvMjxPP6za06,1ImEJhg01CJOg3m3oRClrq,CONTAINS
2R2L9FEwH7QvMjxPP6za06,1ImEJhg01CJOg3m3oRClrh,CONTAINS
2R2L9FEwH7QvMjxPP6za06,1ImEJhg01CJOg3m3oRClrs,CONTAINS
2R2L9FEwH7QvMjxPP6za06,1ImEJhg01CJOg3m3oRClrj,CONTAINS
2R2L9FEwH7QvMjxPP6za06,1ImEJhg01CJOg3m3oRClre,CONTAINS
2R2L9FEwH7QvMjxPP6za06,1ImEJhg01CJOg3m3oRClrg,CONTAINS
2R2L9FEwH7QvMjxPP6za06,1ImEJhg01CJOg3m3oRClq0,CONTAINS
2R2L9FEwH7QvMjxPP6za06,1ImEJhg01CJOg3m3oRClq3,CONTAINS
2R2L9FEwH7QvMjxPP6za06,1ImEJhg01CJOg3m3oRClq2,CONTAINS
2R2L9FEwH7QvMjxPP6za06,1ImEJhg01CJOg3m3oRClq5,CONTAINS
2R2L9FEwH7QvMjxPP6za06,1ImEJhg01CJOg3m3oRClq7,CONTAINS
2R2L9FEwH7QvMjxPP6za06,1ImEJhg01CJOg3m3oRClq4,CONTAINS
2R2L9FEwH7QvMjxPP6za06,1ImEJhg01CJOg3m3oRClq6,CONTAINS
2R2L9FEwH7QvMjxPP6za06,1ImEJhg01CJOg3m3oRClrv,CONTAINS
2R2L9FEwH7QvMjxPP6za06,1ImEJhg01CJOg3m3oRClrx,CONTAINS
2R2L9FEwH7QvMjxPP6za06,1ImEJhg01CJOg3m3oRClru,CONTAINS
2R2L9FEwH7QvMjxPP6za06,1ImEJhg01CJOg3m3oRClrw,CONTAINS
2R2L9FEwH7QvMjxPP6za06,1ImEJhg01CJOg3m3oRClrz,CONTAINS
2R2L9FEwH7QvMjxPP6za06,1ImEJhg01CJOg3m3oRClry,CONTAINS
2R2L9FEwH7QvMjxPP6za06,1ImEJhg01CJOg3m3oRClr$,CONTAINS
2R2L9FEwH7QvMjxPP6za06,1ImEJhg01CJOg3m3oRClsZ,CONTAINS
2R2L9FEwH7QvMjxPP6za06,1ImEJhg01CJOg3m3oRClsd,CONTAINS
2R2L9FEwH7QvMjxPP6za06,1ImEJhg01CJOg3m3oRClsb,CONTAINS
2R2L9FEwH7QvMjxPP6za06,1ImEJhg01CJOg3m3oRClsa,CONTAINS
2R2L9FEwH7QvMjxPP6za06,1ImEJhg01CJOg3m3oRClsO,CONTAINS
2R2L9FEwH7QvMjxPP6za06,1ImEJhg01CJOg3m3oRClsP,CONTAINS
2R2L9FEwH7QvMjxPP6za06,1ImEJhg01CJOg3m3oRClsc,CONTAINS
2R2L9FEwH7QvMjxPP6za06,1ImEJhg01CJOg3m3oRClsQ,CONTAINS
2R2L9FEwH7QvMjxPP6za06,1ImEJhg01CJOg3m3oRClsg,CONTAINS
2R2L9FEwH7QvMjxPP6za06,1ImEJhg01CJOg3m3oRClsj,CONTAINS
2R2L9FEwH7QvMjxPP6za06,1ImEJhg01CJOg3m3oRClsl,CONTAINS
2R2L9FEwH7QvMjxPP6za06,1ImEJhg01CJOg3m3oRClsW,CONTAINS
2R2L9FEwH7QvMjxPP6za06,1ImEJhg01CJOg3m3oRClsi,CONTAINS
2R2L9FEwH7QvMjxPP6za06,1ImEJhg01CJOg3m3oRClsX,CONTAINS
2R2L9FEwH7QvMjxPP6za06,1ImEJhg01CJOg3m3oRClsk,CONTAINS
2R2L9FEwH7QvMjxPP6za06,1ImEJhg01CJOg3m3oRClsY,CONTAINS
2R2L9FEwH7QvMjxPP6za06,1ImEJhg01CJOg3m3oRClrP,CONTAINS
2R2L9FEwH7QvMjxPP6za06,1ImEJhg01CJOg3m3oRClrc,CONTAINS
2R2L9FEwH7QvMjxPP6za06,1ImEJhg01CJOg3m3oRClrV,CONTAINS
2R2L9FEwH7QvMjxPP6za06,1ImEJhg01CJOg3m3oRClrS,CONTAINS
2R2L9FEwH7QvMjxPP6za06,1ImEJhg01CJOg3m3oRClrQ,CONTAINS
2R2L9FEwH7QvMjxPP6za06,1ImEJhg01CJOg3m3oRClrT,CONTAINS
2R2L9FEwH7QvMjxPP6za06,1ImEJhg01CJOg3m3oRClrG,CONTAINS
2R2L9FEwH7QvMjxPP6za06,1ImEJhg01CJOg3m3oRClrb,CONTAINS
2R2L9FEwH7QvMjxPP6za06,1ImEJhg01CJOg3m3oRClrd,CONTAINS
2R2L9FEwH7QvMjxPP6za06,1ImEJhg01CJOg3m3oRClsR,CONTAINS
2R2L9FEwH7QvMjxPP6za06,1ImEJhg01CJOg3m3oRClrZ,CONTAINS
2R2L9FEwH7QvMjxPP6za06,1ImEJhg01CJOg3m3oRClra,CONTAINS
2R2L9FEwH7QvMjxPP6za06,1ImEJhg01CJOg3m3oRClrO,CONTAINS
2R2L9FEwH7QvMjxPP6za06,1ImEJhg01CJOg3m3oRClrY,CONTAINS
2R2L9FEwH7QvMjxPP6za06,1ImEJhg01CJOg3m3oRClrR,CONTAINS
2R2L9FEwH7QvMjxPP6za06,1ImEJhg01CJOg3m3oRClr7,CONTAINS
2R2L9FEwH7QvMjxPP6za06,1ImEJhg01CJOg3m3oRClr6,CONTAINS
2R2L9FEwH7QvMjxPP6za06,1ImEJhg01CJOg3m3oRClr4,CONTAINS
2R2L9FEwH7QvMjxPP6za06,1ImEJhg01CJOg3m3oRClr5,CONTAINS
2R2L9FEwH7QvMjxPP6za06,1ImEJhg01CJOg3m3oRClsx,CONTAINS
2R2L9FEwH7QvMjxPP6za06,1ImEJhg01CJOg3m3oRClsv,CONTAINS
2R2L9FEwH7QvMjxPP6za06,1ImEJhg01CJOg3m3oRClsu,CONTAINS
2R2L9FEwH7QvMjxPP6za06,1ImEJhg01CJOg3m3oRClst,CONTAINS
2R2L9FEwH7QvMjxPP6za06,1ImEJhg01CJOg3m3oRClsq,CONTAINS
2R2L9FEwH7QvMjxPP6za06,1ImEJhg01CJOg3m3oRClsr,CONTAINS
2R2L9FEwH7QvMjxPP6za06,1ImEJhg01CJOg3m3oRClso,CONTAINS
2R2L9FEwH7QvMjxPP6za06,1ImEJhg01CJOg3m3oRClsf,CONTAINS
2R2L9FEwH7QvMjxPP6za06,1ImEJhg01CJOg3m3oRClsh,CONTAINS
2R2L9FEwH7QvMjxPP6za06,1ImEJhg01CJOg3m3oRClse,CONTAINS
2R2L9FEwH7QvMjxPP6za06,1ImEJhg01CJOg3m3oRClss,CONTAINS
2R2L9FEwH7QvMjxPP6za06,1ImEJhg01CJOg3m3oRCls$,CONTAINS
2R2L9FEwH7QvMjxPP6za06,1ImEJhg01CJOg3m3oRClsy,CONTAINS
2R2L9FEwH7QvMjxPP6za06,1ImEJhg01CJOg3m3oRClsz,CONTAINS
2R2L9FEwH7QvMjxPP6za06,1ImEJhg01CJOg3m3oRClsw,CONTAINS
2R2L9FEwH7QvMjxPP6za06,1ImEJhg01CJOg3m3oRClsp,CONTAINS
2R2L9FEwH7QvMjxPP6za06,1ImEJhg01CJOg3m3oRClsm,CONTAINS
2R2L9FEwH7QvMjxPP6za06,1ImEJhg01CJOg3m3oRClsn,CONTAINS
2R2L9FEwH7QvMjxPP6za06,1ImEJhg01CJOg3m3oRCls_,CONTAINS
2R2L9FEwH7QvMjxPP6za0m,1ImEJhg01CJOg3m3oRClWh,CONTAINS
2R2L9FEwH7QvMjxPP6za0m,1ImEJhg01CJOg3m3oRClWj,CONTAINS
2R2L9FEwH7QvMjxPP6za0m,1ImEJhg01CJOg3m3oRClWg,CONTAINS
2R2L9FEwH7QvMjxPP6za0m,1ImEJhg01CJOg3m3oRClW$,CONTAINS
2R2L9FEwH7QvMjxPP6za0m,1ImEJhg01CJOg3m3oRClWn,CONTAINS
2R2L9FEwH7QvMjxPP6za0m,1ImEJhg01CJOg3m3oRClW_,CONTAINS
2R2L9FEwH7QvMjxPP6za0m,1ImEJhg01CJOg3m3oRClWe,CONTAINS
2R2L9FEwH7QvMjxPP6za0m,1ImEJhg01CJOg3m3oRClWf,CONTAINS
2R2L9FEwH7QvMjxPP6za0m,1ImEJhg01CJOg3m3oRClWt,CONTAINS
2R2L9FEwH7QvMjxPP6za0m,1ImEJhg01CJOg3m3oRClWi,CONTAINS
2R2L9FEwH7QvMjxPP6za0m,1ImEJhg01CJOg3m3oRClWs,CONTAINS
2R2L9FEwH7QvMjxPP6za0m,1ImEJhg01CJOg3m3oRClar,CONTAINS
2R2L9FEwH7QvMjxPP6za0m,1ImEJhg01CJOg3m3oRClaq,CONTAINS
2R2L9FEwH7QvMjxPP6za0m,1ImEJhg01CJOg3m3oRClY7,CONTAINS
2R2L9FEwH7QvMjxPP6za0m,1ImEJhg01CJOg3m3oRClY4,CONTAINS
2R2L9FEwH7QvMjxPP6za0m,1ImEJhg01CJOg3m3oRClWB,CONTAINS
2R2L9FEwH7QvMjxPP6za0m,1ImEJhg01CJOg3m3oRClW8,CONTAINS
2R2L9FEwH7QvMjxPP6za0m,1ImEJhg01CJOg3m3oRClWD,CONTAINS
2R2L9FEwH7QvMjxPP6za0m,1ImEJhg01CJOg3m3oRClWA,CONTAINS
2R2L9FEwH7QvMjxPP6za0m,1ImEJhg01CJOg3m3oRClWF,CONTAINS
2R2L9FEwH7QvMjxPP6za0m,1ImEJhg01CJOg3m3oRClWC,CONTAINS
2R2L9FEwH7QvMjxPP6za0m,1ImEJhg01CJOg3m3oRClW1,CONTAINS
2R2L9FEwH7QvMjxPP6za0m,1ImEJhg01CJOg3m3oRClWZ,CONTAINS
2R2L9FEwH7QvMjxPP6za0m,1ImEJhg01CJOg3m3oRClWl,CONTAINS
2R2L9FEwH7QvMjxPP6za0m,1ImEJhg01CJOg3m3oRClWX,CONTAINS
2R2L9FEwH7QvMjxPP6za0m,1ImEJhg01CJOg3m3oRClWk,CONTAINS
2R2L9FEwH7QvMjxPP6za0m,1ImEJhg01CJOg3m3oRClWa,CONTAINS
2R2L9FEwH7QvMjxPP6za0m,1ImEJhg01CJOg3m3oRClWd,CONTAINS
2R2L9FEwH7QvMjxPP6za0m,1ImEJhg01CJOg3m3oRClWY,CONTAINS
2R2L9FEwH7QvMjxPP6za0m,1ImEJhg01CJOg3m3oRClWb,CONTAINS
2R2L9FEwH7QvMjxPP6za0m,1ImEJhg01CJOg3m3oRClWO,CONTAINS
2R2L9FEwH7QvMjxPP6za0m,1ImEJhg01CJOg3m3oRClWP,CONTAINS
2R2L9FEwH7QvMjxPP6za0m,1ImEJhg01CJOg3m3oRClWc,CONTAINS
2R2L9FEwH7QvMjxPP6za0m,1ImEJhg01CJOg3m3oRClWV,CONTAINS
2R2L9FEwH7QvMjxPP6za0m,1ImEJhg01CJOg3m3oRClWT,CONTAINS
2R2L9FEwH7QvMjxPP6za0m,1ImEJhg01CJOg3m3oRClWU,CONTAINS
2R2L9FEwH7QvMjxPP6za0m,1ImEJhg01CJOg3m3oRClWW,CONTAINS
2R2L9FEwH7QvMjxPP6za0m,1ImEJhg01CJOg3m3oRClWS,CONTAINS
2R2L9FEwH7QvMjxPP6za0m,1ImEJhg01CJOg3m3oRClWr,CONTAINS
2R2L9FEwH7QvMjxPP6za0m,1ImEJhg01CJOg3m3oRClWq,CONTAINS
2R2L9FEwH7QvMjxPP6za0m,1ImEJhg01CJOg3m3oRClWy,CONTAINS
2R2L9FEwH7QvMjxPP6za0m,1ImEJhg01CJOg3m3oRClWo,CONTAINS
2R2L9FEwH7QvMjxPP6za0m,1ImEJhg01CJOg3m3oRClWm,CONTAINS
2R2L9FEwH7QvMjxPP6za0m,1ImEJhg01CJOg3m3oRClWp,CONTAINS
2R2L9FEwH7QvMjxPP6za0m,1ImEJhg01CJOg3m3oRClWQ,CONTAINS
2R2L9FEwH7QvMjxPP6za0m,1ImEJhg01CJOg3m3oRClWR,CONTAINS
2R2L9FEwH7QvMjxPP6za0m,1ImEJhg01CJOg3m3oRClXc,CONTAINS
2R2L9FEwH7QvMjxPP6za0m,1ImEJhg01CJOg3m3oRClXP,CONTAINS
2R2L9FEwH7QvMjxPP6za0m,1ImEJhg01CJOg3m3oRClXR,CONTAINS
2R2L9FEwH7QvMjxPP6za0m,1ImEJhg01CJOg3m3oRClXO,CONTAINS
2R2L9FEwH7QvMjxPP6za0m,1ImEJhg01CJOg3m3oRClXQ,CONTAINS
2R2L9FEwH7QvMjxPP6za0m,1ImEJhg01CJOg3m3oRClXV,CONTAINS
2R2L9FEwH7QvMjxPP6za0m,1ImEJhg01CJOg3m3oRClXT,CONTAINS
2R2L9FEwH7QvMjxPP6za0m,1ImEJhg01CJOg3m3oRClXS,CONTAINS
2R2L9FEwH7QvMjxPP6za0m,1ImEJhg01CJOg3m3oRClXj,CONTAINS
2R2L9FEwH7QvMjxPP6za0m,1ImEJhg01CJOg3m3oRClXl,CONTAINS
2R2L9FEwH7QvMjxPP6za0m,1ImEJhg01CJOg3m3oRClXg,CONTAINS
2R2L9FEwH7QvMjxPP6za0m,1ImEJhg01CJOg3m3oRClXX,CONTAINS
2R2L9FEwH7QvMjxPP6za0m,1ImEJhg01CJOg3m3oRClXi,CONTAINS
2R2L9FEwH7QvMjxPP6za0m,1ImEJhg01CJOg3m3oRClXY,CONTAINS
2R2L9FEwH7QvMjxPP6za0m,1ImEJhg01CJOg3m3oRClXW,CONTAINS
2R2L9FEwH7QvMjxPP6za0m,1ImEJhg01CJOg3m3oRClXk,CONTAINS
2R2L9FEwH7QvMjxPP6za0m,1ImEJhg01CJOg3m3oRClXZ,CONTAINS
2R2L9FEwH7QvMjxPP6za0m,1ImEJhg01CJOg3m3oRClXo,CONTAINS
2R2L9FEwH7QvMjxPP6za0m,1ImEJhg01CJOg3m3oRClXp,CONTAINS
2R2L9FEwH7QvMjxPP6za0m,1ImEJhg01CJOg3m3oRClXq,CONTAINS
2R2L9FEwH7QvMjxPP6za0m,1ImEJhg01CJOg3m3oRClXr,CONTAINS
2R2L9FEwH7QvMjxPP6za0m,1ImEJhg01CJOg3m3oRClXs,CONTAINS
2R2L9FEwH7QvMjxPP6za0m,1ImEJhg01CJOg3m3oRClXf,CONTAINS
2R2L9FEwH7QvMjxPP6za0m,1ImEJhg01CJOg3m3oRClXt,CONTAINS
2R2L9FEwH7QvMjxPP6za0m,1ImEJhg01CJOg3m3oRClXh,CONTAINS
2R2L9FEwH7QvMjxPP6za0m,1ImEJhg01CJOg3m3oRClXe,CONTAINS
2R2L9FEwH7QvMjxPP6za06,1ImEJhg01CJOg3m3oRClrX,CONTAINS
2R2L9FEwH7QvMjxPP6za06,1ImEJhg01CJOg3m3oRClrW,CONTAINS
2R2L9FEwH7QvMjxPP6za06,1ImEJhg01CJOg3m3oRClrl,CONTAINS
2R2L9FEwH7QvMjxPP6za06,1ImEJhg01CJOg3m3oRClri,CONTAINS
2R2L9FEwH7QvMjxPP6za06,1ImEJhg01CJOg3m3oRClrk,CONTAINS
2R2L9FEwH7QvMjxPP6za0m,1ImEJhg01CJOg3m3oRClX5,CONTAINS
2R2L9FEwH7QvMjxPP6za0m,1ImEJhg01CJOg3m3oRClX4,CONTAINS
2R2L9FEwH7QvMjxPP6za0m,1ImEJhg01CJOg3m3oRClX7,CONTAINS
2R2L9FEwH7QvMjxPP6za0m,1ImEJhg01CJOg3m3oRClX2,CONTAINS
2R2L9FEwH7QvMjxPP6za0m,1ImEJhg01CJOg3m3oRClXC,CONTAINS
2R2L9FEwH7QvMjxPP6za0m,1ImEJhg01CJOg3m3oRClX6,CONTAINS
2R2L9FEwH7QvMjxPP6za0m,1ImEJhg01CJOg3m3oRClYv,CONTAINS
2R2L9FEwH7QvMjxPP6za0m,1ImEJhg01CJOg3m3oRClX3,CONTAINS
2R2L9FEwH7QvMjxPP6za0m,1ImEJhg01CJOg3m3oRClX8,CONTAINS
2R2L9FEwH7QvMjxPP6za0m,1ImEJhg01CJOg3m3oRClXB,CONTAINS
2R2L9FEwH7QvMjxPP6za0m,1ImEJhg01CJOg3m3oRClXD,CONTAINS
2R2L9FEwH7QvMjxPP6za0m,1ImEJhg01CJOg3m3oRClXA,CONTAINS
2R2L9FEwH7QvMjxPP6za0m,1ImEJhg01CJOg3m3oRClXE,CONTAINS
2R2L9FEwH7QvMjxPP6za0m,1ImEJhg01CJOg3m3oRClXF,CONTAINS
2R2L9FEwH7QvMjxPP6za0m,1ImEJhg01CJOg3m3oRClX0,CONTAINS
2R2L9FEwH7QvMjxPP6za0m,1ImEJhg01CJOg3m3oRClX1,CONTAINS
2R2L9FEwH7QvMjxPP6za0m,1ImEJhg01CJOg3m3oRClXG,CONTAINS
2R2L9FEwH7QvMjxPP6za0m,1ImEJhg01CJOg3m3oRClXU,CONTAINS
2R2L9FEwH7QvMjxPP6za0m,1ImEJhg01CJOg3m3oRClXH,CONTAINS
2R2L9FEwH7QvMjxPP6za0m,1ImEJhg01CJOg3m3oRClXL,CONTAINS
2R2L9FEwH7QvMjxPP6za0m,1ImEJhg01CJOg3m3oRClXK,CONTAINS
2R2L9FEwH7QvMjxPP6za0m,1ImEJhg01CJOg3m3oRClXJ,CONTAINS
2R2L9FEwH7QvMjxPP6za0m,1ImEJhg01CJOg3m3oRClXI,CONTAINS
2R2L9FEwH7QvMjxPP6za0m,1ImEJhg01CJOg3m3oRClXa,CONTAINS
2R2L9FEwH7QvMjxPP6za0m,1ImEJhg01CJOg3m3oRClXb,CONTAINS
2R2L9FEwH7QvMjxPP6za0m,1ImEJhg01CJOg3m3oRClXd,CONTAINS
2R2L9FEwH7QvMjxPP6za0m,1ImEJhg01CJOg3m3oRClXN,CONTAINS
2R2L9FEwH7QvMjxPP6za0m,1ImEJhg01CJOg3m3oRClXM,CONTAINS
2R2L9FEwH7QvMjxPP6za0m,1ImEJhg01CJOg3m3oRClX9,CONTAINS
2R2L9FEwH7QvMjxPP6zb5d,2S8sqhWKT3WOiCtdCaE1XM,CONTAINS
2R2L9FEwH7QvMjxPP6zb5d,09bUgXLWDEo8jPFR_2DsjH,CONTAINS
2R2L9FEwH7QvMjxPP6zb5d,2S8sqhWKT3WOiCtdCaE1XN,CONTAINS
2R2L9FEwH7QvMjxPP6zb5d,2S8sqhWKT3WOiCtdCaE1XL,CONTAINS
2R2L9FEwH7QvMjxPP6zb5d,2S8sqhWKT3WOiCtdCaE1XR,CONTAINS
2R2L9FEwH7QvMjxPP6zb5d,2S8sqhWKT3WOiCtdCaE1XQ,CONTAINS
2R2L9FEwH7QvMjxPP6zb5d,2S8sqhWKT3WOiCtdCaE1XK,CONTAINS
2R2L9FEwH7QvMjxPP6zb5d,2S8sqhWKT3WOiCtdCaE1XP,CONTAINS
2R2L9FEwH7QvMjxPP6zb5d,09bUgXLWDEo8jPFR_2DsjO,CONTAINS
2R2L9FEwH7QvMjxPP6za1o,09bUgXLWDEo8jPFR_2Dsj0,CONTAINS
2R2L9FEwH7QvMjxPP6zb5d,09bUgXLWDEo8jPFR_2DsjR,CONTAINS
2R2L9FEwH7QvMjxPP6zb5d,09bUgXLWDEo8jPFR_2DsjT,CONTAINS
2R2L9FEwH7QvMjxPP6zb5d,09bUgXLWDEo8jPFR_2DsjQ,CONTAINS
2R2L9FEwH7QvMjxPP6zb5d,09bUgXLWDEo8jPFR_2DsjU,CONTAINS
2R2L9FEwH7QvMjxPP6zYsS,09bUgXLWDEo8jPFR_2DsjV,CONTAINS
2R2L9FEwH7QvMjxPP6zb5d,2S8sqhWKT3WOiCtdCaE1XJ,CONTAINS
2R2L9FEwH7QvMjxPP6zb5d,2S8sqhWKT3WOiCtdCaE1XC,CONTAINS
2R2L9FEwH7QvMjxPP6zb5d,2S8sqhWKT3WOiCtdCaE1XG,CONTAINS
2R2L9FEwH7QvMjxPP6zb5d,2S8sqhWKT3WOiCtdCaE1XD,CONTAINS
2R2L9FEwH7QvMjxPP6zb5d,2S8sqhWKT3WOiCtdCaE1XH,CONTAINS
2R2L9FEwH7QvMjxPP6zb5d,2S8sqhWKT3WOiCtdCaE1XI,CONTAINS
2R2L9FEwH7QvMjxPP6zb5d,2S8sqhWKT3WOiCtdCaE1XO,CONTAINS
2R2L9FEwH7QvMjxPP6zb5d,2S8sqhWKT3WOiCtdCaE1XV,CONTAINS
2R2L9FEwH7QvMjxPP6zb5d,2S8sqhWKT3WOiCtdCaE1XF,CONTAINS
2R2L9FEwH7QvMjxPP6zb5d,2S8sqhWKT3WOiCtdCaE1XE,CONTAINS
2R2L9FEwH7QvMjxPP6zbnr,12fPxqwqHBYRq_5dnn6Sml,CONTAINS
2R2L9FEwH7QvMjxPP6za0m,12fPxqwqHBYRq_5dnn6Smh,CONTAINS
2R2L9FEwH7QvMjxPP6za0m,12fPxqwqHBYRq_5dnn6Smb,CONTAINS
2R2L9FEwH7QvMjxPP6za0m,12fPxqwqHBYRq_5dnn6Smg,CONTAINS
2R2L9FEwH7QvMjxPP6za0m,12fPxqwqHBYRq_5dnn6Sma,CONTAINS
2R2L9FEwH7QvMjxPP6zbFn,09bUgXLWDEo8jPFR_2DsjE,CONTAINS
2R2L9FEwH7QvMjxPP6zbFn,09bUgXLWDEo8jPFR_2Dsj1,CONTAINS
2R2L9FEwH7QvMjxPP6zbFn,09bUgXLWDEo8jPFR_2DsjA,CONTAINS
2R2L9FEwH7QvMjxPP6zbFn,09bUgXLWDEo8jPFR_2DsjD,CONTAINS
2R2L9FEwH7QvMjxPP6zbFn,09bUgXLWDEo8jPFR_2Dsj8,CONTAINS
2R2L9FEwH7QvMjxPP6zbFn,09bUgXLWDEo8jPFR_2DsjB,CONTAINS
2R2L9FEwH7QvMjxPP6za06,09bUgXLWDEo8jPFR_2DsiF,CONTAINS
2R2L9FEwH7QvMjxPP6za0m,09bUgXLWDEo8jPFR_2DsiO,CONTAINS
2R2L9FEwH7QvMjxPP6zbnr,09bUgXLWDEo8jPFR_2DsiS,CONTAINS
2R2L9FEwH7QvMjxPP6_uPb,0P40QVXAr4XgAvLz9gmeZS,CONTAINS
2R2L9FEwH7QvMjxPP6zbnr,09bUgXLWDEo8jPFR_2Dsji,CONTAINS
2R2L9FEwH7QvMjxPP6zbnr,09bUgXLWDEo8jPFR_2Dsjg,CONTAINS
2R2L9FEwH7QvMjxPP6zbnr,09bUgXLWDEo8jPFR_2Dsjj,CONTAINS
2R2L9FEwH7QvMjxPP6zbnr,09bUgXLWDEo8jPFR_2DsjN,CONTAINS
2R2L9FEwH7QvMjxPP6zbnr,09bUgXLWDEo8jPFR_2Dsjf,CONTAINS
2R2L9FEwH7QvMjxPP6zbnr,09bUgXLWDEo8jPFR_2Dsjh,CONTAINS
2R2L9FEwH7QvMjxPP6zbnr,09bUgXLWDEo8jPFR_2DsjK,CONTAINS
2R2L9FEwH7QvMjxPP6zbnr,09bUgXLWDEo8jPFR_2DsjM,CONTAINS
2R2L9FEwH7QvMjxPP6zbnr,12fPxqwqHBYRq_5dnn6Smi,CONTAINS
2R2L9FEwH7QvMjxPP6zbnr,12fPxqwqHBYRq_5dnn6Smk,CONTAINS
2R2L9FEwH7QvMjxPP6_uPb,09bUgXLWDEo8jPFR_2DsiB,CONTAINS
2R2L9FEwH7QvMjxPP6zbnr,12fPxqwqHBYRq_5dnn6Smj,CONTAINS
2R2L9FEwH7QvMjxPP6za06,0P40QVXAr4XgAvLz9gmeZa,CONTAINS
2R2L9FEwH7QvMjxPP6_uPb,0P40QVXAr4XgAvLz9gmeZQ,CONTAINS
2R2L9FEwH7QvMjxPP6za06,0P40QVXAr4XgAvLz9gmeZW,CONTAINS
2R2L9FEwH7QvMjxPP6za06,0P40QVXAr4XgAvLz9gmeZY,CONTAINS
2R2L9FEwH7QvMjxPP6_uPb,0P40QVXAr4XgAvLz9gmeZO,CONTAINS
2R2L9FEwH7QvMjxPP6_uPb,0P40QVXAr4XgAvLz9gmeZR,CONTAINS
2R2L9FEwH7QvMjxPP6za06,0P40QVXAr4XgAvLz9gmeZb,CONTAINS
2R2L9FEwH7QvMjxPP6_uPb,0P40QVXAr4XgAvLz9gmeZP,CONTAINS
2R2L9FEwH7QvMjxPP6za06,0P40QVXAr4XgAvLz9gmeZZ,CONTAINS
2R2L9FEwH7QvMjxPP6zbFn,0I89kxcfn5aPoCoZL7rdHl,CONTAINS
2R2L9FEwH7QvMjxPP6zb5d,3R4D_pRzb7zO6$RWcrzzKF,CONTAINS
2R2L9FEwH7QvMjxPP6zb5d,3R4D_pRzb7zO6$RWcrzzK2,CONTAINS
2R2L9FEwH7QvMjxPP6zb5d,3R4D_pRzb7zO6$RWcrzzK3,CONTAINS
2R2L9FEwH7QvMjxPP6zb5d,3R4D_pRzb7zO6$RWcrzzK4,CONTAINS
2R2L9FEwH7QvMjxPP6zb5d,3FT4oGIt5Aj8lQl$YI2Q7i,CONTAINS
2R2L9FEwH7QvMjxPP6zb5d,3FT4oGIt5Aj8lQl$YI2Q7l,CONTAINS
2R2L9FEwH7QvMjxPP6zb5d,3FT4oGIt5Aj8lQl$YI2Q7g,CONTAINS
2R2L9FEwH7QvMjxPP6zb5d,3a5krMuaH4FPRTncbK52UY,CONTAINS
2R2L9FEwH7QvMjxPP6zb5d,3FT4oGIt5Aj8lQl$YI2Q7j,CONTAINS
2R2L9FEwH7QvMjxPP6zbnr,0FOj8ytPH4yhrZKUXPE0qc,CONTAINS
2R2L9FEwH7QvMjxPP6zaDT,3$HMG0vJbDxw6O2Wzb$FKr,CONTAINS
2R2L9FEwH7QvMjxPP6zaDT,3$HMG0vJbDxw6O2Wzb$FNS,CONTAINS
2R2L9FEwH7QvMjxPP6zaDT,3$HMG0vJbDxw6O2Wzb$FKz,CONTAINS
2R2L9FEwH7QvMjxPP6zaDT,3$HMG0vJbDxw6O2Wzb$FKn,CONTAINS
2R2L9FEwH7QvMjxPP6zaDT,3$HMG0vJbDxw6O2Wzb$FL5,CONTAINS
2R2L9FEwH7QvMjxPP6zaDT,3$HMG0vJbDxw6O2Wzb$FKv,CONTAINS
2R2L9FEwH7QvMjxPP6zaDT,3$HMG0vJbDxw6O2Wzb$FL1,CONTAINS
2R2L9FEwH7QvMjxPP6zbnr,0C9A9EI_X9XPTyUttRuLKh,CONTAINS
2R2L9FEwH7QvMjxPP6zbnr,0C9A9EI_X9XPTyUttRuLKf,CONTAINS
2R2L9FEwH7QvMjxPP6zbnr,0C9A9EI_X9XPTyUttRuLKg,CONTAINS
2R2L9FEwH7QvMjxPP6zbnr,0C9A9EI_X9XPTyUttRuLKl,CONTAINS
2R2L9FEwH7QvMjxPP6zbnr,0C9A9EI_X9XPTyUttRuLKe,CONTAINS
2R2L9FEwH7QvMjxPP6zbnr,0C9A9EI_X9XPTyUttRuLKy,CONTAINS
2R2L9FEwH7QvMjxPP6zbnr,0C9A9EI_X9XPTyUttRuLKz,CONTAINS
2R2L9FEwH7QvMjxPP6zbnr,0C9A9EI_X9XPTyUttRuLK_,CONTAINS
2R2L9FEwH7QvMjxPP6zbnr,0C9A9EI_X9XPTyUttRuLKu,CONTAINS
2R2L9FEwH7QvMjxPP6zbnr,0C9A9EI_X9XPTyUttRuLK$,CONTAINS
2R2L9FEwH7QvMjxPP6zbnr,0C9A9EI_X9XPTyUttRuLKo,CONTAINS
2R2L9FEwH7QvMjxPP6zbnr,0C9A9EI_X9XPTyUttRuLKn,CONTAINS
2R2L9FEwH7QvMjxPP6zbnr,0C9A9EI_X9XPTyUttRuLKp,CONTAINS
2R2L9FEwH7QvMjxPP6zbnr,0C9A9EI_X9XPTyUttRuLN0,CONTAINS
2R2L9FEwH7QvMjxPP6zbnr,0C9A9EI_X9XPTyUttRuLN7,CONTAINS
2R2L9FEwH7QvMjxPP6zbnr,0C9A9EI_X9XPTyUttRuLN1,CONTAINS
2R2L9FEwH7QvMjxPP6zbnr,0C9A9EI_X9XPTyUttRuLKw,CONTAINS
2R2L9FEwH7QvMjxPP6zbnr,0C9A9EI_X9XPTyUttRuLKv,CONTAINS
2R2L9FEwH7QvMjxPP6zbnr,0C9A9EI_X9XPTyUttRuLN4,CONTAINS
2R2L9FEwH7QvMjxPP6zbnr,0C9A9EI_X9XPTyUttRuLKx,CONTAINS
2R2L9FEwH7QvMjxPP6zbnr,0C9A9EI_X9XPTyUttRuLN6,CONTAINS
2R2L9FEwH7QvMjxPP6zbnr,0C9A9EI_X9XPTyUttRuLN5,CONTAINS
2R2L9FEwH7QvMjxPP6zbnr,0C9A9EI_X9XPTyUttRuLKY,CONTAINS
2R2L9FEwH7QvMjxPP6zbnr,0C9A9EI_X9XPTyUttRuLKX,CONTAINS
2R2L9FEwH7QvMjxPP6zbnr,35ZMaE2hL45QaxEnc01C1h,CONTAINS
2R2L9FEwH7QvMjxPP6zbnr,35ZMaE2hL45QaxEnc01C1f,CONTAINS
2R2L9FEwH7QvMjxPP6zbnr,35ZMaE2hL45QaxEnc01C1e,CONTAINS
2R2L9FEwH7QvMjxPP6zbnr,0FOj8ytPH4yhrZKUXPE0wS,CONTAINS
2R2L9FEwH7QvMjxPP6zbnr,0FOj8ytPH4yhrZKUXPE0wT,CONTAINS
2R2L9FEwH7QvMjxPP6zbnr,0FOj8ytPH4yhrZKUXPE0wU,CONTAINS
2R2L9FEwH7QvMjxPP6zbnr,0FOj8ytPH4yhrZKUXPE0wQ,CONTAINS
2R2L9FEwH7QvMjxPP6zbnr,0FOj8ytPH4yhrZKUXPE0wR,CONTAINS
2R2L9FEwH7QvMjxPP6zbnr,1ij8remSr2nftPAFs2o7nc,CONTAINS
2R2L9FEwH7QvMjxPP6zbnr,1ij8remSr2nftPAFs2o7nd,CONTAINS
2R2L9FEwH7QvMjxPP6zbnr,1ij8remSr2nftPAFs2o7na,CONTAINS
2R2L9FEwH7QvMjxPP6zbnr,1ij8remSr2nftPAFs2o7nb,CONTAINS
2R2L9FEwH7QvMjxPP6zaDT,35ZMaE2hL45QaxEnc01C1_,CONTAINS
2R2L9FEwH7QvMjxPP6zaDT,35ZMaE2hL45QaxEnc01C1z,CONTAINS
2R2L9FEwH7QvMjxPP6z3KC,0hfRkgj2T19geTrxeLJPbw,CONTAINS
2R2L9FEwH7QvMjxPP6$hNV,0hfRkgj2T19geTrxeLJPbu,CONTAINS
2R2L9FEwH7QvMjxPP6zYsS,2bppvmMXDBN8lU5js4Guw9,CONTAINS
2R2L9FEwH7QvMjxPP6zbnr,35ZMaE2hL45QaxEnc01C1i,CONTAINS
2R2L9FEwH7QvMjxPP6zbnr,35ZMaE2hL45QaxEnc01C1I,CONTAINS
2R2L9FEwH7QvMjxPP6zbnr,35ZMaE2hL45QaxEnc01C1H,CONTAINS
2R2L9FEwH7QvMjxPP6zbnr,35ZMaE2hL45QaxEnc01CK$,CONTAINS
2R2L9FEwH7QvMjxPP6za1o,1XsNKwd8n4rRcpiSOYwpzF,CONTAINS
2R2L9FEwH7QvMjxPP6za06,12fPxqwqHBYRq_5dnn6SmZ,CONTAINS
2R2L9FEwH7QvMjxPP6za06,12fPxqwqHBYRq_5dnn6SmY,CONTAINS
2R2L9FEwH7QvMjxPP6za06,12fPxqwqHBYRq_5dnn6SmX,CONTAINS
2R2L9FEwH7QvMjxPP6za06,12fPxqwqHBYRq_5dnn6SmW,CONTAINS
2R2L9FEwH7QvMjxPP6z1F8,0hfRkgj2T19geTrxeLJPYW,CONTAINS
2R2L9FEwH7QvMjxPP6z1F8,0hfRkgj2T19geTrxeLJPYZ,CONTAINS
2R2L9FEwH7QvMjxPP6z1F8,0hfRkgj2T19geTrxeLJPYX,CONTAINS
2R2L9FEwH7QvMjxPP6z1F8,0hfRkgj2T19geTrxeLJPYd,CONTAINS
2R2L9FEwH7QvMjxPP6z1F8,0hfRkgj2T19geTrxeLJPYa,CONTAINS
2R2L9FEwH7QvMjxPP6z1F8,0hfRkgj2T19geTrxeLJPYY,CONTAINS
2R2L9FEwH7QvMjxPP6z1F8,0hfRkgj2T19geTrxeLJPYb,CONTAINS
2R2L9FEwH7QvMjxPP6z3KC,0hfRkgj2T19geTrxeLJPbv,CONTAINS
2R2L9FEwH7QvMjxPP6$hNV,0hfRkgj2T19geTrxeLJPbd,CONTAINS
2R2L9FEwH7QvMjxPP6z1F8,0hfRkgj2T19geTrxeLJPYc,CONTAINS
2R2L9FEwH7QvMjxPP6zYsS,2bppvmMXDBN8lU5js4GuwD,CONTAINS
2R2L9FEwH7QvMjxPP6_uPb,2bppvmMXDBN8lU5js4Guwe,CONTAINS
2R2L9FEwH7QvMjxPP6_uPb,2bppvmMXDBN8lU5js4Guwc,CONTAINS
2R2L9FEwH7QvMjxPP6_uPb,2bppvmMXDBN8lU5js4Guwd,CONTAINS
2R2L9FEwH7QvMjxPP6_uPb,2bppvmMXDBN8lU5js4Guwf,CONTAINS
2R2L9FEwH7QvMjxPP6zYsS,2bppvmMXDBN8lU5js4GuwF,CONTAINS
2R2L9FEwH7QvMjxPP6zYsS,2bppvmMXDBN8lU5js4GuwE,CONTAINS
2R2L9FEwH7QvMjxPP6zYsS,2bppvmMXDBN8lU5js4Guwm,CONTAINS
2R2L9FEwH7QvMjxPP6zYsS,2bppvmMXDBN8lU5js4GuwA,CONTAINS
2R2L9FEwH7QvMjxPP6$tUo,1WtIuHNMfFIgaRQaKf_snL,CONTAINS
2R2L9FEwH7QvMjxPP6z1F8,3BXEwjEIv1JPupppyWhAvy,CONTAINS
2R2L9FEwH7QvMjxPP6z1F8,3BXEwjEIv1JPupppyWhAvz,CONTAINS
2R2L9FEwH7QvMjxPP6z1F8,3BXEwjEIv1JPupppyWhAvw,CONTAINS
2R2L9FEwH7QvMjxPP6_Yyw,1WtIuHNMfFIgaRQaKf_sqM,CONTAINS
2R2L9FEwH7QvMjxPP6zbTO,32AaFqY2L1X97ulWG9CiIw,CONTAINS
2R2L9FEwH7QvMjxPP6zbTO,32AaFqY2L1X97ulWG9CiI_,CONTAINS
2R2L9FEwH7QvMjxPP6$tUo,1WtIuHNMfFIgaRQaKf_sng,CONTAINS
2R2L9FEwH7QvMjxPP6_Yyw,1WtIuHNMfFIgaRQaKf_soj,CONTAINS
2R2L9FEwH7QvMjxPP6z1F8,3BXEwjEIv1JPupppyWhAvx,CONTAINS
2R2L9FEwH7QvMjxPP6zbTO,32AaFqY2L1X97ulWG9CiM1,CONTAINS
2R2L9FEwH7QvMjxPP6zbTO,32AaFqY2L1X97ulWG9CiKc,CONTAINS
2R2L9FEwH7QvMjxPP6zaDT,3$HMG0vJbDxw6O2Wzb$FLD,CONTAINS
2R2L9FEwH7QvMjxPP6zaDT,3$HMG0vJbDxw6O2Wzb$FL9,CONTAINS
2R2L9FEwH7QvMjxPP6zbTO,32AaFqY2L1X97ulWG9CiJJ,CONTAINS
2R2L9FEwH7QvMjxPP6zbTO,32AaFqY2L1X97ulWG9CiG2,CONTAINS
2R2L9FEwH7QvMjxPP6zbTO,32AaFqY2L1X97ulWG9CiIs,CONTAINS
2R2L9FEwH7QvMjxPP6zbTO,32AaFqY2L1X97ulWG9CiH4,CONTAINS
2R2L9FEwH7QvMjxPP6zbTO,32AaFqY2L1X97ulWG9CiMP,CONTAINS
2R2L9FEwH7QvMjxPP6zbTO,32AaFqY2L1X97ulWG9CiMT,CONTAINS
2R2L9FEwH7QvMjxPP6zYsS,2yMGZYWe52bPtRRTVguexW,CONTAINS
2R2L9FEwH7QvMjxPP6zYsS,2yMGZYWe52bPtRRTVguexX,CONTAINS
2R2L9FEwH7QvMjxPP6zYsS,2yMGZYWe52bPtRRTVguexZ,CONTAINS
2R2L9FEwH7QvMjxPP6zYsS,2yMGZYWe52bPtRRTVguexY,CONTAINS
2R2L9FEwH7QvMjxPP6zYsS,2yMGZYWe52bPtRRTVguexc,CONTAINS
2R2L9FEwH7QvMjxPP6zYsS,2yMGZYWe52bPtRRTVguexd,CONTAINS
2R2L9FEwH7QvMjxPP6zbFn,2yMGZYWe52bPtRRTVguexf,CONTAINS
2R2L9FEwH7QvMjxPP6zbFn,2yMGZYWe52bPtRRTVgueum,CONTAINS
2R2L9FEwH7QvMjxPP6zbFn,2yMGZYWe52bPtRRTVgueuq,CONTAINS
2R2L9FEwH7QvMjxPP6zbFn,2yMGZYWe52bPtRRTVgueur,CONTAINS
2R2L9FEwH7QvMjxPP6zb5d,2yMGZYWe52bPtRRTVgue$L,CONTAINS
2R2L9FEwH7QvMjxPP6zYsS,0I89kxcfn5aPoCoZL7rag$,CONTAINS
2R2L9FEwH7QvMjxPP6zYsS,0I89kxcfn5aPoCoZL7rag_,CONTAINS
2R2L9FEwH7QvMjxPP6zYsS,0I89kxcfn5aPoCoZL7ragz,CONTAINS
2R2L9FEwH7QvMjxPP6zYsS,0I89kxcfn5aPoCoZL7ragy,CONTAINS
2R2L9FEwH7QvMjxPP6zYsS,0I89kxcfn5aPoCoZL7ragp,CONTAINS
2R2L9FEwH7QvMjxPP6zYsS,0I89kxcfn5aPoCoZL7ragm,CONTAINS
2R2L9FEwH7QvMjxPP6zYsS,0I89kxcfn5aPoCoZL7ragn,CONTAINS
2R2L9FEwH7QvMjxPP6zbFn,2yMGZYWe52bPtRRTVgueux,CONTAINS
2R2L9FEwH7QvMjxPP6zbFn,2yMGZYWe52bPtRRTVgueut,CONTAINS
2R2L9FEwH7QvMjxPP6zbFn,2yMGZYWe52bPtRRTVgueus,CONTAINS
2R2L9FEwH7QvMjxPP6zYsS,0I89kxcfn5aPoCoZL7rag4,CONTAINS
2R2L9FEwH7QvMjxPP6zYsS,0I89kxcfn5aPoCoZL7rag7,CONTAINS
2R2L9FEwH7QvMjxPP6zbFn,0I89kxcfn5aPoCoZL7rabq,CONTAINS
2R2L9FEwH7QvMjxPP6zYsS,0I89kxcfn5aPoCoZL7ragw,CONTAINS
2R2L9FEwH7QvMjxPP6zYsS,0I89kxcfn5aPoCoZL7ragx,CONTAINS
2R2L9FEwH7QvMjxPP6zYsS,0I89kxcfn5aPoCoZL7rag6,CONTAINS
2R2L9FEwH7QvMjxPP6zYsS,0I89kxcfn5aPoCoZL7ragu,CONTAINS
2R2L9FEwH7QvMjxPP6zYsS,0I89kxcfn5aPoCoZL7ragv,CONTAINS
2R2L9FEwH7QvMjxPP6zbFn,0I89kxcfn5aPoCoZL7rac8,CONTAINS
2R2L9FEwH7QvMjxPP6zbFn,0I89kxcfn5aPoCoZL7racB,CONTAINS
2R2L9FEwH7QvMjxPP6zbFn,0I89kxcfn5aPoCoZL7racM,CONTAINS
2R2L9FEwH7QvMjxPP6zbFn,0I89kxcfn5aPoCoZL7rac9,CONTAINS
2R2L9FEwH7QvMjxPP6zbFn,0I89kxcfn5aPoCoZL7racF,CONTAINS
2R2L9FEwH7QvMjxPP6zbFn,0I89kxcfn5aPoCoZL7racE,CONTAINS
2R2L9FEwH7QvMjxPP6zbFn,0I89kxcfn5aPoCoZL7racA,CONTAINS
2R2L9FEwH7QvMjxPP6zbFn,0I89kxcfn5aPoCoZL7rac1,CONTAINS
2R2L9FEwH7QvMjxPP6zbFn,0I89kxcfn5aPoCoZL7racD,CONTAINS
2R2L9FEwH7QvMjxPP6zbFn,0I89kxcfn5aPoCoZL7racC,CONTAINS
2R2L9FEwH7QvMjxPP6zbFn,0I89kxcfn5aPoCoZL7rac2,CONTAINS
2R2L9FEwH7QvMjxPP6zbFn,0I89kxcfn5aPoCoZL7rac5,CONTAINS
2R2L9FEwH7QvMjxPP6zbFn,0I89kxcfn5aPoCoZL7rac0,CONTAINS
2R2L9FEwH7QvMjxPP6zbFn,0I89kxcfn5aPoCoZL7rac3,CONTAINS
2R2L9FEwH7QvMjxPP6zYsS,0I89kxcfn5aPoCoZL7rdLM,CONTAINS
2R2L9FEwH7QvMjxPP6zYsS,0I89kxcfn5aPoCoZL7rdLN,CONTAINS
2R2L9FEwH7QvMjxPP6zYsS,0I89kxcfn5aPoCoZL7rdL9,CONTAINS
2R2L9FEwH7QvMjxPP6zYsS,0I89kxcfn5aPoCoZL7rdLL,CONTAINS
2R2L9FEwH7QvMjxPP6zb5d,2jzBBNhz9A2gVReR_XMj41,CONTAINS
2R2L9FEwH7QvMjxPP6zb5d,2jzBBNhz9A2gVReR_XMj7_,CONTAINS
2R2L9FEwH7QvMjxPP6zb5d,2jzBBNhz9A2gVReR_XMj7$,CONTAINS
2R2L9FEwH7QvMjxPP6zb5d,2jzBBNhz9A2gVReR_XMj7y,CONTAINS
2R2L9FEwH7QvMjxPP6zb5d,2jzBBNhz9A2gVReR_XMj7z,CONTAINS
2R2L9FEwH7QvMjxPP6zb5d,2jzBBNhz9A2gVReR_XMj7w,CONTAINS
2R2L9FEwH7QvMjxPP6zYsS,0I89kxcfn5aPoCoZL7rdLD,CONTAINS
2R2L9FEwH7QvMjxPP6zbnr,2jzBBNhz9A2gVReR_XMj4G,CONTAINS
2R2L9FEwH7QvMjxPP6zbnr,2jzBBNhz9A2gVReR_XMj4H,CONTAINS
2R2L9FEwH7QvMjxPP6zbnr,2jzBBNhz9A2gVReR_XMj4J,CONTAINS
2R2L9FEwH7QvMjxPP6zbnr,2jzBBNhz9A2gVReR_XMj4F,CONTAINS
2R2L9FEwH7QvMjxPP6zbnr,2jzBBNhz9A2gVReR_XMj4E,CONTAINS
2R2L9FEwH7QvMjxPP6zbnr,2jzBBNhz9A2gVReR_XMj4D,CONTAINS
2R2L9FEwH7QvMjxPP6zbnr,2jzBBNhz9A2gVReR_XMj4C,CONTAINS
2R2L9FEwH7QvMjxPP6zbnr,0I89kxcfn5aPoCoZL7raeh,CONTAINS
2R2L9FEwH7QvMjxPP6zbnr,0I89kxcfn5aPoCoZL7rael,CONTAINS
2R2L9FEwH7QvMjxPP6zbnr,0I89kxcfn5aPoCoZL7raej,CONTAINS
2R2L9FEwH7QvMjxPP6zbnr,0I89kxcfn5aPoCoZL7raeg,CONTAINS
2R2L9FEwH7QvMjxPP6zb5d,0I89kxcfn5aPoCoZL7rai8,CONTAINS
2R2L9FEwH7QvMjxPP6zb5d,0I89kxcfn5aPoCoZL7raiB,CONTAINS
2R2L9FEwH7QvMjxPP6zb5d,0I89kxcfn5aPoCoZL7raiA,CONTAINS
2R2L9FEwH7QvMjxPP6zbnr,0I89kxcfn5aPoCoZL7raeZ,CONTAINS
2R2L9FEwH7QvMjxPP6zb5d,0I89kxcfn5aPoCoZL7rai9,CONTAINS
2R2L9FEwH7QvMjxPP6zb5d,0I89kxcfn5aPoCoZL7raiD,CONTAINS
2R2L9FEwH7QvMjxPP6zbFn,0I89kxcfn5aPoCoZL7rdHt,CONTAINS
2R2L9FEwH7QvMjxPP6zbFn,0I89kxcfn5aPoCoZL7rdHh,CONTAINS
2R2L9FEwH7QvMjxPP6zbFn,0I89kxcfn5aPoCoZL7rdHf,CONTAINS
2R2L9FEwH7QvMjxPP6zbFn,0I89kxcfn5aPoCoZL7rdHe,CONTAINS
2R2L9FEwH7QvMjxPP6zbnr,0P40QVXAr4XgAvLz9gmeZx,CONTAINS
2R2L9FEwH7QvMjxPP6zbnr,0P40QVXAr4XgAvLz9gmeZy,CONTAINS
2R2L9FEwH7QvMjxPP6zbnr,0P40QVXAr4XgAvLz9gmeZz,CONTAINS
2R2L9FEwH7QvMjxPP6zbFn,2jzBBNhz9A2gVReR_XMj7j,CONTAINS
2R2L9FEwH7QvMjxPP6zbFn,2jzBBNhz9A2gVReR_XMj7e,CONTAINS
2R2L9FEwH7QvMjxPP6zbFn,2jzBBNhz9A2gVReR_XMj7h,CONTAINS
2R2L9FEwH7QvMjxPP6zbFn,2jzBBNhz9A2gVReR_XMj7c,CONTAINS
2R2L9FEwH7QvMjxPP6zbFn,2jzBBNhz9A2gVReR_XMj7f,CONTAINS
2R2L9FEwH7QvMjxPP6zbFn,2jzBBNhz9A2gVReR_XMj7b,CONTAINS
2R2L9FEwH7QvMjxPP6zbFn,2jzBBNhz9A2gVReR_XMj7Y,CONTAINS
2R2L9FEwH7QvMjxPP6zbFn,2jzBBNhz9A2gVReR_XMj7d,CONTAINS
2R2L9FEwH7QvMjxPP6za0m,0P40QVXAr4XgAvLz9gmeZq,CONTAINS
2R2L9FEwH7QvMjxPP6za0m,0P40QVXAr4XgAvLz9gmeZt,CONTAINS
2R2L9FEwH7QvMjxPP6zbnr,0P40QVXAr4XgAvLz9gmeZn,CONTAINS
2R2L9FEwH7QvMjxPP6zbnr,0P40QVXAr4XgAvLz9gmeZm,CONTAINS
2R2L9FEwH7QvMjxPP6za0m,0P40QVXAr4XgAvLz9gmeZr,CONTAINS
2R2L9FEwH7QvMjxPP6zbnr,0P40QVXAr4XgAvLz9gmeZ_,CONTAINS
2R2L9FEwH7QvMjxPP6zbnr,0P40QVXAr4XgAvLz9gmeZ$,CONTAINS
2R2L9FEwH7QvMjxPP6za06,0P40QVXAr4XgAvLz9gmeZk,CONTAINS
2R2L9FEwH7QvMjxPP6za06,0P40QVXAr4XgAvLz9gmeZX,CONTAINS
2R2L9FEwH7QvMjxPP6za0m,0P40QVXAr4XgAvLz9gmeZg,CONTAINS
2R2L9FEwH7QvMjxPP6za06,0P40QVXAr4XgAvLz9gmeZl,CONTAINS
2R2L9FEwH7QvMjxPP6za0m,0P40QVXAr4XgAvLz9gmeZh,CONTAINS
2R2L9FEwH7QvMjxPP6za0m,0P40QVXAr4XgAvLz9gmeZe,CONTAINS
2R2L9FEwH7QvMjxPP6za0m,0P40QVXAr4XgAvLz9gmeZs,CONTAINS
2R2L9FEwH7QvMjxPP6za0m,0P40QVXAr4XgAvLz9gmeZf,CONTAINS
2R2L9FEwH7QvMjxPP6zYsS,2jzBBNhz9A2gVReR_XMj7N,CONTAINS
2R2L9FEwH7QvMjxPP6zYsS,2jzBBNhz9A2gVReR_XMj7M,CONTAINS
2R2L9FEwH7QvMjxPP6zYsS,2jzBBNhz9A2gVReR_XMj7I,CONTAINS
2R2L9FEwH7QvMjxPP6zYsS,2jzBBNhz9A2gVReR_XMj7J,CONTAINS
2R2L9FEwH7QvMjxPP6zYsS,2jzBBNhz9A2gVReR_XMj7G,CONTAINS
2R2L9FEwH7QvMjxPP6zYsS,2jzBBNhz9A2gVReR_XMj7K,CONTAINS
2R2L9FEwH7QvMjxPP6zYsS,2jzBBNhz9A2gVReR_XMj7L,CONTAINS
2R2L9FEwH7QvMjxPP6zYsS,2jzBBNhz9A2gVReR_XMj7H,CONTAINS
2R2L9FEwH7QvMjxPP6zYsS,2jzBBNhz9A2gVReR_XMj7E,CONTAINS
2R2L9FEwH7QvMjxPP6zb5d,2jzBBNhz9A2gVReR_XMj7s,CONTAINS
2R2L9FEwH7QvMjxPP6zb5d,2jzBBNhz9A2gVReR_XMj7x,CONTAINS
2R2L9FEwH7QvMjxPP6zb5d,2jzBBNhz9A2gVReR_XMj7u,CONTAINS
2R2L9FEwH7QvMjxPP6zbFn,2jzBBNhz9A2gVReR_XMj7g,CONTAINS
2R2L9FEwH7QvMjxPP6zb5d,2jzBBNhz9A2gVReR_XMj7v,CONTAINS
2R2L9FEwH7QvMjxPP6zb5d,2S8sqhWKT3WOiCtdCaE1Yc,CONTAINS
2R2L9FEwH7QvMjxPP6zb5d,2S8sqhWKT3WOiCtdCaE1YX,CONTAINS
2R2L9FEwH7QvMjxPP6zb5d,2S8sqhWKT3WOiCtdCaE1Yd,CONTAINS
2R2L9FEwH7QvMjxPP6zb5d,2S8sqhWKT3WOiCtdCaE1YW,CONTAINS
2R2L9FEwH7QvMjxPP6zb5d,2S8sqhWKT3WOiCtdCaE1Yb,CONTAINS
2R2L9FEwH7QvMjxPP6zbnr,0C9A9EI_X9XPTyUttRuLLe,CONTAINS
2R2L9FEwH7QvMjxPP6zbnr,0C9A9EI_X9XPTyUttRuLLf,CONTAINS
2R2L9FEwH7QvMjxPP6zbnr,0C9A9EI_X9XPTyUttRuLLh,CONTAINS
2R2L9FEwH7QvMjxPP6zbnr,0C9A9EI_X9XPTyUttRuLLg,CONTAINS
2R2L9FEwH7QvMjxPP6zbnr,0C9A9EI_X9XPTyUttRuLf3,CONTAINS
2R2L9FEwH7QvMjxPP6zbFn,0398DzNGjBYO1C$VUhMCa4,CONTAINS
2R2L9FEwH7QvMjxPP6zb5d,2S8sqhWKT3WOiCtdCaE1YJ,CONTAINS
2R2L9FEwH7QvMjxPP6zb5d,2S8sqhWKT3WOiCtdCaE1YI,CONTAINS
2R2L9FEwH7QvMjxPP6zb5d,2S8sqhWKT3WOiCtdCaE1YC,CONTAINS
2R2L9FEwH7QvMjxPP6zb5d,2S8sqhWKT3WOiCtdCaE1YD,CONTAINS
2R2L9FEwH7QvMjxPP6zb5d,2S8sqhWKT3WOiCtdCaE1YF,CONTAINS
2R2L9FEwH7QvMjxPP6zb5d,2S8sqhWKT3WOiCtdCaE1YM,CONTAINS
2R2L9FEwH7QvMjxPP6zb5d,2S8sqhWKT3WOiCtdCaE1YE,CONTAINS
2R2L9FEwH7QvMjxPP6zb5d,2S8sqhWKT3WOiCtdCaE1YH,CONTAINS
2R2L9FEwH7QvMjxPP6zb5d,2S8sqhWKT3WOiCtdCaE1YL,CONTAINS
2R2L9FEwH7QvMjxPP6zb5d,2S8sqhWKT3WOiCtdCaE1YK,CONTAINS
2R2L9FEwH7QvMjxPP6zb5d,2S8sqhWKT3WOiCtdCaE1YG,CONTAINS
2R2L9FEwH7QvMjxPP6zbFn,0398DzNGjBYO1C$VUhMCab,CONTAINS
2R2L9FEwH7QvMjxPP6zb5d,2S8sqhWKT3WOiCtdCaE1YN,CONTAINS
2R2L9FEwH7QvMjxPP6zbFn,0398DzNGjBYO1C$VUhMCad,CONTAINS
2R2L9FEwH7QvMjxPP6zbFn,0398DzNGjBYO1C$VUhMCaP,CONTAINS
2R2L9FEwH7QvMjxPP6zbFn,0398DzNGjBYO1C$VUhMCac,CONTAINS
2R2L9FEwH7QvMjxPP6zbFn,0398DzNGjBYO1C$VUhMCaO,CONTAINS
2R2L9FEwH7QvMjxPP6zb5d,2S8sqhWKT3WOiCtdCaE1Ye,CONTAINS
2R2L9FEwH7QvMjxPP6zb5d,2S8sqhWKT3WOiCtdCaE1Yl,CONTAINS
2R2L9FEwH7QvMjxPP6zbFn,0398DzNGjBYO1C$VUhMCaB,CONTAINS
2R2L9FEwH7QvMjxPP6zbFn,0398DzNGjBYO1C$VUhMCaA,CONTAINS
2R2L9FEwH7QvMjxPP6zbFn,0398DzNGjBYO1C$VUhMCaC,CONTAINS
2R2L9FEwH7QvMjxPP6zbFn,0398DzNGjBYO1C$VUhMCaD,CONTAINS
2R2L9FEwH7QvMjxPP6zbFn,0398DzNGjBYO1C$VUhMCaE,CONTAINS
2R2L9FEwH7QvMjxPP6zbFn,0398DzNGjBYO1C$VUhMCa3,CONTAINS
2R2L9FEwH7QvMjxPP6zb5d,2S8sqhWKT3WOiCtdCaE1Y8,CONTAINS
2R2L9FEwH7QvMjxPP6zb5d,2S8sqhWKT3WOiCtdCaE1YA,CONTAINS
2R2L9FEwH7QvMjxPP6zb5d,2S8sqhWKT3WOiCtdCaE1Y7,CONTAINS
2R2L9FEwH7QvMjxPP6zb5d,2S8sqhWKT3WOiCtdCaE1Y6,CONTAINS
2R2L9FEwH7QvMjxPP6zbFn,0398DzNGjBYO1C$VUhMCaT,CONTAINS
2R2L9FEwH7QvMjxPP6zbFn,0398DzNGjBYO1C$VUhMCaU,CONTAINS
2R2L9FEwH7QvMjxPP6zbFn,0398DzNGjBYO1C$VUhMCaI,CONTAINS
2R2L9FEwH7QvMjxPP6zbFn,0398DzNGjBYO1C$VUhMCaJ,CONTAINS
2R2L9FEwH7QvMjxPP6zbFn,0398DzNGjBYO1C$VUhMCaQ,CONTAINS
2R2L9FEwH7QvMjxPP6zbFn,0398DzNGjBYO1C$VUhMCaR,CONTAINS
2R2L9FEwH7QvMjxPP6zbFn,0398DzNGjBYO1C$VUhMCaS,CONTAINS
2R2L9FEwH7QvMjxPP6zbFn,0398DzNGjBYO1C$VUhMCaV,CONTAINS
2R2L9FEwH7QvMjxPP6zb5d,2S8sqhWKT3WOiCtdCaE1YO,CONTAINS
2R2L9FEwH7QvMjxPP6zbFn,0398DzNGjBYO1C$VUhMCaH,CONTAINS
2R2L9FEwH7QvMjxPP6zbFn,0398DzNGjBYO1C$VUhMCaG,CONTAINS
2R2L9FEwH7QvMjxPP6zb5d,2S8sqhWKT3WOiCtdCaE1YR,CONTAINS
2R2L9FEwH7QvMjxPP6zb5d,2S8sqhWKT3WOiCtdCaE1YQ,CONTAINS
2R2L9FEwH7QvMjxPP6zbFn,0398DzNGjBYO1C$VUhMCaa,CONTAINS
2R2L9FEwH7QvMjxPP6zb5d,2S8sqhWKT3WOiCtdCaE1YP,CONTAINS
2R2L9FEwH7QvMjxPP6zbFn,0398DzNGjBYO1C$VUhMCaK,CONTAINS
2R2L9FEwH7QvMjxPP6zYsS,0398DzNGjBYO1C$VUhMCYQ,CONTAINS
2R2L9FEwH7QvMjxPP6zYsS,0398DzNGjBYO1C$VUhMCYR,CONTAINS
2R2L9FEwH7QvMjxPP6zYsS,0398DzNGjBYO1C$VUhMCYS,CONTAINS
2R2L9FEwH7QvMjxPP6zbFn,0398DzNGjBYO1C$VUhMCZH,CONTAINS
2R2L9FEwH7QvMjxPP6zYsS,0398DzNGjBYO1C$VUhMCYg,CONTAINS
2R2L9FEwH7QvMjxPP6zYsS,0398DzNGjBYO1C$VUhMCYf,CONTAINS
2R2L9FEwH7QvMjxPP6zYsS,0398DzNGjBYO1C$VUhMCYt,CONTAINS
2R2L9FEwH7QvMjxPP6zYsS,0398DzNGjBYO1C$VUhMCYr,CONTAINS
2R2L9FEwH7QvMjxPP6zbFn,0398DzNGjBYO1C$VUhMCZJ,CONTAINS
2R2L9FEwH7QvMjxPP6zYsS,0398DzNGjBYO1C$VUhMCYq,CONTAINS
2R2L9FEwH7QvMjxPP6zbFn,0398DzNGjBYO1C$VUhMCZI,CONTAINS
2R2L9FEwH7QvMjxPP6zYsS,0398DzNGjBYO1C$VUhMCYs,CONTAINS
2R2L9FEwH7QvMjxPP6zYsS,0398DzNGjBYO1C$VUhMCYe,CONTAINS
2R2L9FEwH7QvMjxPP6zYsS,0398DzNGjBYO1C$VUhMCYK,CONTAINS
2R2L9FEwH7QvMjxPP6zbFn,0398DzNGjBYO1C$VUhMCZi,CONTAINS
2R2L9FEwH7QvMjxPP6zbFn,0398DzNGjBYO1C$VUhMCZX,CONTAINS
2R2L9FEwH7QvMjxPP6zYsS,0398DzNGjBYO1C$VUhMCYT,CONTAINS
2R2L9FEwH7QvMjxPP6zYsS,0398DzNGjBYO1C$VUhMCYU,CONTAINS
2R2L9FEwH7QvMjxPP6zYsS,0398DzNGjBYO1C$VUhMCYJ,CONTAINS
2R2L9FEwH7QvMjxPP6zbFn,0398DzNGjBYO1C$VUhMCZj,CONTAINS
2R2L9FEwH7QvMjxPP6zbnr,0I89kxcfn5aPoCoZL7raXv,CONTAINS
2R2L9FEwH7QvMjxPP6zbnr,0I89kxcfn5aPoCoZL7raXu,CONTAINS
2R2L9FEwH7QvMjxPP6zb5d,0I89kxcfn5aPoCoZL7raWX,CONTAINS
2R2L9FEwH7QvMjxPP6zb5d,0I89kxcfn5aPoCoZL7raWZ,CONTAINS
2R2L9FEwH7QvMjxPP6zb5d,0I89kxcfn5aPoCoZL7raWi,CONTAINS
2R2L9FEwH7QvMjxPP6zb5d,0I89kxcfn5aPoCoZL7raWk,CONTAINS
2R2L9FEwH7QvMjxPP6zb5d,0I89kxcfn5aPoCoZL7raWh,CONTAINS
2R2L9FEwH7QvMjxPP6zb5d,0I89kxcfn5aPoCoZL7raWg,CONTAINS
2R2L9FEwH7QvMjxPP6zb5d,0I89kxcfn5aPoCoZL7raWW,CONTAINS
2R2L9FEwH7QvMjxPP6zb5d,0I89kxcfn5aPoCoZL7raWl,CONTAINS
2R2L9FEwH7QvMjxPP6zb5d,0I89kxcfn5aPoCoZL7raWa,CONTAINS
2R2L9FEwH7QvMjxPP6zb5d,0I89kxcfn5aPoCoZL7raWb,CONTAINS
2R2L9FEwH7QvMjxPP6zb5d,0I89kxcfn5aPoCoZL7raWc,CONTAINS
2R2L9FEwH7QvMjxPP6zb5d,0I89kxcfn5aPoCoZL7raWd,CONTAINS
2R2L9FEwH7QvMjxPP6zb5d,0I89kxcfn5aPoCoZL7raWj,CONTAINS
2R2L9FEwH7QvMjxPP6zb5d,0I89kxcfn5aPoCoZL7raWY,CONTAINS
2R2L9FEwH7QvMjxPP6zbnr,0C9A9EI_X9XPTyUttRuLLo,CONTAINS
2R2L9FEwH7QvMjxPP6zbnr,0C9A9EI_X9XPTyUttRuLL$,CONTAINS
2R2L9FEwH7QvMjxPP6zbnr,0C9A9EI_X9XPTyUttRuLL_,CONTAINS
2R2L9FEwH7QvMjxPP6zbnr,0C9A9EI_X9XPTyUttRuLLz,CONTAINS
2R2L9FEwH7QvMjxPP6zbnr,0C9A9EI_X9XPTyUttRuLLs,CONTAINS
2R2L9FEwH7QvMjxPP6zbnr,0C9A9EI_X9XPTyUttRuLLr,CONTAINS
2R2L9FEwH7QvMjxPP6zbnr,0C9A9EI_X9XPTyUttRuLLq,CONTAINS
2R2L9FEwH7QvMjxPP6zbnr,0C9A9EI_X9XPTyUttRuLLn,CONTAINS
2R2L9FEwH7QvMjxPP6zbnr,0C9A9EI_X9XPTyUttRuLLm,CONTAINS
2R2L9FEwH7QvMjxPP6zbnr,0C9A9EI_X9XPTyUttRuLLw,CONTAINS
2R2L9FEwH7QvMjxPP6zbnr,0C9A9EI_X9XPTyUttRuLLu,CONTAINS
2R2L9FEwH7QvMjxPP6zbnr,0C9A9EI_X9XPTyUttRuLK7,CONTAINS
2R2L9FEwH7QvMjxPP6zbnr,0C9A9EI_X9XPTyUttRuLK6,CONTAINS
2R2L9FEwH7QvMjxPP6zbnr,0C9A9EI_X9XPTyUttRuLLp,CONTAINS
2R2L9FEwH7QvMjxPP6zbnr,0C9A9EI_X9XPTyUttRuLLy,CONTAINS
2R2L9FEwH7QvMjxPP6zbnr,0I89kxcfn5aPoCoZL7raX4,CONTAINS
2R2L9FEwH7QvMjxPP6zbnr,0I89kxcfn5aPoCoZL7raX7,CONTAINS
2R2L9FEwH7QvMjxPP6zbnr,0I89kxcfn5aPoCoZL7raXx,CONTAINS
2R2L9FEwH7QvMjxPP6zbnr,0I89kxcfn5aPoCoZL7raXC,CONTAINS
2R2L9FEwH7QvMjxPP6zbnr,0I89kxcfn5aPoCoZL7raX1,CONTAINS
2R2L9FEwH7QvMjxPP6zbnr,0I89kxcfn5aPoCoZL7raX0,CONTAINS
2R2L9FEwH7QvMjxPP6zYsS,2yMGZYWe52bPtRRTVguebK,CONTAINS
2R2L9FEwH7QvMjxPP6zbnr,0I89kxcfn5aPoCoZL7raXE,CONTAINS
2R2L9FEwH7QvMjxPP6zbnr,0I89kxcfn5aPoCoZL7raX6,CONTAINS
2R2L9FEwH7QvMjxPP6zbnr,0I89kxcfn5aPoCoZL7raX3,CONTAINS
2R2L9FEwH7QvMjxPP6zbnr,0I89kxcfn5aPoCoZL7raX2,CONTAINS
2R2L9FEwH7QvMjxPP6zbnr,0I89kxcfn5aPoCoZL7raX5,CONTAINS
2R2L9FEwH7QvMjxPP6zbnr,0C9A9EI_X9XPTyUttRuLiT,CONTAINS
2R2L9FEwH7QvMjxPP6zb5d,2yMGZYWe52bPtRRTVguezX,CONTAINS
2R2L9FEwH7QvMjxPP6zb5d,2yMGZYWe52bPtRRTVguezd,CONTAINS
2R2L9FEwH7QvMjxPP6zb5d,2yMGZYWe52bPtRRTVguezY,CONTAINS
2R2L9FEwH7QvMjxPP6zb5d,2yMGZYWe52bPtRRTVguezZ,CONTAINS
2R2L9FEwH7QvMjxPP6zb5d,2yMGZYWe52bPtRRTVguezW,CONTAINS
2R2L9FEwH7QvMjxPP6zb5d,2yMGZYWe52bPtRRTVguezy,CONTAINS
2R2L9FEwH7QvMjxPP6zbnr,0C9A9EI_X9XPTyUttRuLLt,CONTAINS
2R2L9FEwH7QvMjxPP6zbnr,0C9A9EI_X9XPTyUttRuLf7,CONTAINS
2R2L9FEwH7QvMjxPP6zbnr,0C9A9EI_X9XPTyUttRuLf2,CONTAINS
2R2L9FEwH7QvMjxPP6zbnr,0C9A9EI_X9XPTyUttRuLf6,CONTAINS
2R2L9FEwH7QvMjxPP6zbnr,0C9A9EI_X9XPTyUttRuLf1,CONTAINS
2R2L9FEwH7QvMjxPP6zbnr,0C9A9EI_X9XPTyUttRuLf0,CONTAINS
1KoPf2$795$fql$8ZSodqN,3nm3X5SkrDxfe$vjwHhmqm,CONTAINS
2R2L9FEwH7QvMjxPP6zbFn,3L2ob2RfPCQRbpIvDuvSRh,CONTAINS
2R2L9FEwH7QvMjxPP6zbFn,3L2ob2RfPCQRbpIvDuvSQ3,CONTAINS
2R2L9FEwH7QvMjxPP6zbTO,2MXzqWFrL2KezWe0RS6Fgx,CONTAINS
2R2L9FEwH7QvMjxPP6zbTO,2MXzqWFrL2KezWe0RS6Fcn,CONTAINS
2R2L9FEwH7QvMjxPP6zbTO,2MXzqWFrL2KezWe0RS6FWM,CONTAINS
2R2L9FEwH7QvMjxPP6zbTO,2MXzqWFrL2KezWe0RS6Fbi,CONTAINS
2R2L9FEwH7QvMjxPP6zbFn,2GgWZrkcr8gRh3WGdRTFM0,CONTAINS
2R2L9FEwH7QvMjxPP6zbFn,1sQaMmqjv8FA5M37GPCYR6,CONTAINS
2R2L9FEwH7QvMjxPP6zbFn,1sQaMmqjv8FA5M37GPCYKq,CONTAINS
2R2L9FEwH7QvMjxPP6zbFn,1sQaMmqjv8FA5M37GPCYKY,CONTAINS
2R2L9FEwH7QvMjxPP6zbFn,1sQaMmqjv8FA5M37GPCYKG,CONTAINS
2R2L9FEwH7QvMjxPP6zbFn,2GgWZrkcr8gRh3WGdRTF9J,CONTAINS
2R2L9FEwH7QvMjxPP6zbTO,3lsnMlJh56BuvF539bsgZk,CONTAINS
2R2L9FEwH7QvMjxPP6zbFn,2GgWZrkcr8gRh3WGdRTFLX,CONTAINS
2R2L9FEwH7QvMjxPP6zbFn,2GgWZrkcr8gRh3WGdRTFL$,CONTAINS
2R2L9FEwH7QvMjxPP6zbFn,2GgWZrkcr8gRh3WGdRTFNf,CONTAINS
2R2L9FEwH7QvMjxPP6zbFn,2GgWZrkcr8gRh3WGdRTFNF,CONTAINS
2R2L9FEwH7QvMjxPP6zbTO,1kCHS0_ZnBYAZAwlWtNcod,CONTAINS
2R2L9FEwH7QvMjxPP6zbTO,2$0jj0F0j4ZOVJ_4E1GqBo,CONTAINS
2R2L9FEwH7QvMjxPP6z3KC,17gyA8FDf8qgd0EnCneTjh,CONTAINS
2R2L9FEwH7QvMjxPP6z3KC,17gyA8FDf8qgd0EnCneT$R,CONTAINS
2R2L9FEwH7QvMjxPP6za3_,1oW0tejVXANRg3v_hRnAzZ,CONTAINS
2R2L9FEwH7QvMjxPP6zbTO,2NBGAABPH6R8K2RVVy7BAU,CONTAINS
2R2L9FEwH7QvMjxPP6zbTO,0QSGFNqFnDcA0Bx5dQwRwx,CONTAINS
2R2L9FEwH7QvMjxPP6zbTO,2NBGAABPH6R8K2RVVy7BAf,CONTAINS
2R2L9FEwH7QvMjxPP6zbTO,3Y_B_J3Wz5chsJ5dDFsgbT,CONTAINS
2R2L9FEwH7QvMjxPP6zbTO,2NBGAABPH6R8K2RVVy7BCr,CONTAINS
2R2L9FEwH7QvMjxPP6zbTO,2NBGAABPH6R8K2RVVy7BE2,CONTAINS
2R2L9FEwH7QvMjxPP6zbTO,3cv77r$jrA2eHYPOB0DdOb,CONTAINS
2R2L9FEwH7QvMjxPP6zbTO,2NBGAABPH6R8K2RVVy7BFC,CONTAINS
2R2L9FEwH7QvMjxPP6zbTO,2NBGAABPH6R8K2RVVy7BE4,CONTAINS
2R2L9FEwH7QvMjxPP6zbTO,3SUDHdjXnFJxrb3a5Nv$6K,CONTAINS
2R2L9FEwH7QvMjxPP6zbTO,23QZWevSj5YgrlSjVwaqKP,CONTAINS
2R2L9FEwH7QvMjxPP6zbTO,2NBGAABPH6R8K2RVVy7BR5,CONTAINS
2R2L9FEwH7QvMjxPP6zbTO,1nWoGMwAz1eAKAIYNI_EqG,CONTAINS
2R2L9FEwH7QvMjxPP6zbTO,2BW5MYVkXBSPMUv$$q4pbo,CONTAINS
2R2L9FEwH7QvMjxPP6za0m,2TGaCAN8T53PHxHNjtbglS,CONTAINS
2R2L9FEwH7QvMjxPP6zbTO,3HXSYvUYvD8xykO5UKlFtK,CONTAINS
2R2L9FEwH7QvMjxPP6zbTO,2ftpqDuKX9xu7UIOmFlxw0,CONTAINS
2R2L9FEwH7QvMjxPP6zbTO,3qx5uRmhrAWApv6Bbn7Nwm,CONTAINS
2R2L9FEwH7QvMjxPP6zbTO,0eZOtA05T0YQiiwTa1r$W9,CONTAINS
2R2L9FEwH7QvMjxPP6zbTO,3_MPVicgf6MxBR6QzBm04d,CONTAINS
2R2L9FEwH7QvMjxPP6zbTO,1SwBe39s14c8mfWcUQsKoo,CONTAINS
2R2L9FEwH7QvMjxPP6zbTO,1SwBe39s14c8mfWcUQsKxM,CONTAINS
2R2L9FEwH7QvMjxPP6zbTO,2dkIDMtrrA7fDLPU2ykkP4,CONTAINS
2R2L9FEwH7QvMjxPP6zbTO,0iv_NTFBjFUgpBU8rTd61M,CONTAINS
2R2L9FEwH7QvMjxPP6zbTO,18$H_NIKHCjQh8oKqii4kO,CONTAINS
2R2L9FEwH7QvMjxPP6zbTO,3uFgNJ_zrEeOdr5rCfrKa3,CONTAINS
2R2L9FEwH7QvMjxPP6zbTO,18Bzx0d_b3kRek$scrptke,CONTAINS
2R2L9FEwH7QvMjxPP6zbTO,18Bzx0d_b3kRek$scrptjQ,CONTAINS
2R2L9FEwH7QvMjxPP6zbTO,3RbaM3Ck90ufsaCU2FFeXX,CONTAINS
2R2L9FEwH7QvMjxPP6zbTO,2WSqcJFmT89gORL_uktAzn,CONTAINS
2R2L9FEwH7QvMjxPP6zbFn,0iPiDy_2b9IAwhmoNFHJKN,CONTAINS
2R2L9FEwH7QvMjxPP6zbTO,2wbXOb7YT1VhBGGVyrgcBp,CONTAINS
2R2L9FEwH7QvMjxPP6zbTO,2wbXOb7YT1VhBGGVyrgc8L,CONTAINS
2R2L9FEwH7QvMjxPP6zbTO,3dtNv9xLz1D8ToBkRp8cdJ,CONTAINS
2R2L9FEwH7QvMjxPP6z3KC,3UC5WPlR19_QhAecJj3azE,CONTAINS
2R2L9FEwH7QvMjxPP6z1F8,3SlEueal9DSQhY_7NTiFF1,CONTAINS
2R2L9FEwH7QvMjxPP6z1F8,0bcw6hwr1EsgLnukViOupW,CONTAINS
2R2L9FEwH7QvMjxPP6zbTO,3kuvdV1wPC_OBeQY96p51g,CONTAINS
2R2L9FEwH7QvMjxPP6zbFn,3nplCZLCnAU8TTzzZYI8Fj,CONTAINS
2R2L9FEwH7QvMjxPP6_uPb,2o_DNtSU5D_gKPdOIrACbc,CONTAINS
2R2L9FEwH7QvMjxPP6_uPb,296NGk$XH3xQq3a2c0vuyM,CONTAINS
2R2L9FEwH7QvMjxPP6_uPb,1My4hp3bz9s8rGwDqc_jrC,CONTAINS
2R2L9FEwH7QvMjxPP6_uPb,296NGk$XH3xQq3a2c0vuzl,CONTAINS
2R2L9FEwH7QvMjxPP6_uPb,1My4hp3bz9s8rGwDqc_jrD,CONTAINS
2R2L9FEwH7QvMjxPP6_uPb,296NGk$XH3xQq3a2c0vuzN,CONTAINS
2R2L9FEwH7QvMjxPP6_uPb,296NGk$XH3xQq3a2c0vuzA,CONTAINS
2R2L9FEwH7QvMjxPP6_uPb,2o_DNtSU5D_gKPdOIrACb7,CONTAINS
2R2L9FEwH7QvMjxPP6_uPb,2o_DNtSU5D_gKPdOIrACY_,CONTAINS
2R2L9FEwH7QvMjxPP6_uPb,2o_DNtSU5D_gKPdOIrACXC,CONTAINS
2R2L9FEwH7QvMjxPP6zaDT,1L4mPJL4L3IwajqcqdMNPS,CONTAINS
2R2L9FEwH7QvMjxPP6zaDT,1L4mPJL4L3IwajqcqdMNP3,CONTAINS
2R2L9FEwH7QvMjxPP6zaDT,1L4mPJL4L3IwajqcqdMNO$,CONTAINS
2R2L9FEwH7QvMjxPP6z1F8,0nnwS387j79QdcJSLMxNqr,CONTAINS
2R2L9FEwH7QvMjxPP6zaDT,1Z6_GEfov6KgM9v9JiG9vS,CONTAINS
2R2L9FEwH7QvMjxPP6$hNV,03LEYIvL5779O95R2v9s4I,CONTAINS
2R2L9FEwH7QvMjxPP6zbFn,1q0i_prLL3B894p8oIJFUL,CONTAINS
2R2L9FEwH7QvMjxPP6zbFn,0ybbkg7$TCuwgwEKC7sjWR,CONTAINS
2R2L9FEwH7QvMjxPP6zYsS,0rlkQmNpf2ahkBKJXRt9dz,CONTAINS
2R2L9FEwH7QvMjxPP6zbFn,16SUhYH7nDahfi330dcoS2,CONTAINS
2R2L9FEwH7QvMjxPP6zbFn,0tS9fxyX17rw42WxtYSv6v,CONTAINS
2R2L9FEwH7QvMjxPP6zbFn,33m$XWMYT7nQV7IkxGqJ5U,CONTAINS
2R2L9FEwH7QvMjxPP6zbFn,2mMnX8ZBD7KPjmF5kSFN6S,CONTAINS
2R2L9FEwH7QvMjxPP6zYsS,0rlkQmNpf2ahkBKJXRt9a1,CONTAINS
2R2L9FEwH7QvMjxPP6zYsS,0rlkQmNpf2ahkBKJXRt9a5,CONTAINS
2R2L9FEwH7QvMjxPP6zYsS,0rlkQmNpf2ahkBKJXRt9dv,CONTAINS
2R2L9FEwH7QvMjxPP6zYsS,25ZM$tFZzC6OXuDrHvYx1F,CONTAINS
2R2L9FEwH7QvMjxPP6zYsS,0DGdOYi_XCeOSJyKQGD8Ci,CONTAINS
2R2L9FEwH7QvMjxPP6zYsS,3fo_LMqL93VRK1c2R7xGHe,CONTAINS
2R2L9FEwH7QvMjxPP6zYsS,3aUTq8$DPDp8QT_BOI7xLJ,CONTAINS
2R2L9FEwH7QvMjxPP6za06,3Zuv4FmtL8ewTAegmGWcA_,CONTAINS
2R2L9FEwH7QvMjxPP6za3_,3Zuv4FmtL8ewTAegmGWcAv,CONTAINS
2R2L9FEwH7QvMjxPP6zaDT,3Zuv4FmtL8ewTAegmGWcA6,CONTAINS
2R2L9FEwH7QvMjxPP6za1o,3Zuv4FmtL8ewTAegmGWcAV,CONTAINS
2R2L9FEwH7QvMjxPP6za1o,3Zuv4FmtL8ewTAegmGWcAu,CONTAINS
2R2L9FEwH7QvMjxPP6za1i,3Zuv4FmtL8ewTAegmGWcAx,CONTAINS
2R2L9FEwH7QvMjxPP6zYsS,0398DzNGjBYO1C$VUhMCX$,CONTAINS
2R2L9FEwH7QvMjxPP6zYsS,0398DzNGjBYO1C$VUhMCX_,CONTAINS
2R2L9FEwH7QvMjxPP6zbFn,0OwFWIO9n2oe5IiSbaNob8,CONTAINS
2R2L9FEwH7QvMjxPP6z1F8,0398DzNGjBYO1C$VUhMCXo,CONTAINS
2R2L9FEwH7QvMjxPP6zbFn,0OwFWIO9n2oe5IiSbaNobK,CONTAINS
2R2L9FEwH7QvMjxPP6zbFn,08q_zjAafBeRqJw_1Etbpj,CONTAINS
2R2L9FEwH7QvMjxPP6zbFn,08q_zjAafBeRqJw_1Etbpf,CONTAINS
2R2L9FEwH7QvMjxPP6zbFn,08q_zjAafBeRqJw_1EtbmL,CONTAINS
2R2L9FEwH7QvMjxPP6zbFn,08q_zjAafBeRqJw_1EtbmH,CONTAINS
2R2L9FEwH7QvMjxPP6_urS,2AtGkhGiLE9wSVrFZfJTBA,CONTAINS
2R2L9FEwH7QvMjxPP6z1F8,1kokklh8z3xfTNXU5MoGmB,CONTAINS
2R2L9FEwH7QvMjxPP6z1F8,1kokklh8z3xfTNXU5MoGmC,CONTAINS
2R2L9FEwH7QvMjxPP6_urS,2AtGkhGiLE9wSVrFZfJTBB,CONTAINS
2R2L9FEwH7QvMjxPP6zb5d,13mwVebsH9KvmEturYgHKX,CONTAINS
2R2L9FEwH7QvMjxPP6zb5d,3UUHv3Rq1FXxvmZ11AMRrr,CONTAINS
2R2L9FEwH7QvMjxPP6zb5d,3roMAAhdv7_upopG74pmrS,CONTAINS
2R2L9FEwH7QvMjxPP6zb5d,0hTVFJQwH9ewDHXdzzpX13,CONTAINS
2R2L9FEwH7QvMjxPP6za1i,09bUgXLWDEo8jPFR_2DsgQ,CONTAINS
2R2L9FEwH7QvMjxPP6zYsS,2nXdvZlq5AgxVReVXAryYf,CONTAINS
2R2L9FEwH7QvMjxPP6zbFn,2nXdvZlq5AgxVReVXAryZP,CONTAINS
2R2L9FEwH7QvMjxPP6za06,09bUgXLWDEo8jPFR_2Dsgm,CONTAINS
2R2L9FEwH7QvMjxPP6zbFn,2nXdvZlq5AgxVReVXAryZ9,CONTAINS
2R2L9FEwH7QvMjxPP6z1F8,2nXdvZlq5AgxVReVXAryYR,CONTAINS
2R2L9FEwH7QvMjxPP6zYsS,2nXdvZlq5AgxVReVXAryYD,CONTAINS
2R2L9FEwH7QvMjxPP6z1F8,2nXdvZlq5AgxVReVXAryXc,CONTAINS
2R2L9FEwH7QvMjxPP6zb5d,2OYQ9ZI8f6ogEt9Osk7raD,CONTAINS
2R2L9FEwH7QvMjxPP6zbTO,2OYQ9ZI8f6ogEt9Osk7rM6,CONTAINS
2R2L9FEwH7QvMjxPP6zbTO,2OYQ9ZI8f6ogEt9Osk7rMv,CONTAINS
2R2L9FEwH7QvMjxPP6zbnr,2H_RI8jSb9_fTdQufbyavc,CONTAINS
2R2L9FEwH7QvMjxPP6zbnr,2H_RI8jSb9_fTdQufbyawF,CONTAINS
2R2L9FEwH7QvMjxPP6zb5d,3R4D_pRzb7zO6$RWcrzzKH,CONTAINS
2R2L9FEwH7QvMjxPP6zb5d,3R4D_pRzb7zO6$RWcrzzKT,CONTAINS
2R2L9FEwH7QvMjxPP6zb5d,3R4D_pRzb7zO6$RWcrzzK9,CONTAINS
2R2L9FEwH7QvMjxPP6zb5d,3R4D_pRzb7zO6$RWcrzzKL,CONTAINS
2R2L9FEwH7QvMjxPP6zb5d,3clUbbjLf1B9C_lMgdruHN,CONTAINS
2R2L9FEwH7QvMjxPP6zb5d,221qHdXFX56A6vYiXgpsIw,CONTAINS
2R2L9FEwH7QvMjxPP6zbnr,1no0LwfPf4sAMrGjGIuT7c,CONTAINS
2R2L9FEwH7QvMjxPP6zbnr,1no0LwfPf4sAMrGjGIuUvA,CONTAINS
2R2L9FEwH7QvMjxPP6zbnr,0FOj8ytPH4yhrZKUXPE0wV,CONTAINS
2R2L9FEwH7QvMjxPP6zbnr,1Er0Ub2Y12MfaFflX5Aaw_,CONTAINS
2R2L9FEwH7QvMjxPP6zbnr,3XI4nL6Vf5xB1pEujjI0dK,CONTAINS
2R2L9FEwH7QvMjxPP6zb5d,3a5krMuaH4FPRTncbK52Ub,CONTAINS
2R2L9FEwH7QvMjxPP6zb5d,3a5krMuaH4FPRTncbK52PP,CONTAINS
2R2L9FEwH7QvMjxPP6zbFn,3CD6atCC54zwk8sRAXCKbL,CONTAINS
2R2L9FEwH7QvMjxPP6zb5d,0C9A9EI_X9XPTyUttRuLKW,CONTAINS
2R2L9FEwH7QvMjxPP6zb5d,0C9A9EI_X9XPTyUttRuLKd,CONTAINS
2R2L9FEwH7QvMjxPP6zb5d,0C9A9EI_X9XPTyUttRuLKi,CONTAINS
2R2L9FEwH7QvMjxPP6zb5d,0C9A9EI_X9XPTyUttRuLKZ,CONTAINS
2R2L9FEwH7QvMjxPP6zb5d,0C9A9EI_X9XPTyUttRuLKk,CONTAINS
2R2L9FEwH7QvMjxPP6zb5d,0C9A9EI_X9XPTyUttRuLKj,CONTAINS
2R2L9FEwH7QvMjxPP6zbnr,35ZMaE2hL45QaxEnc01C1g,CONTAINS
2R2L9FEwH7QvMjxPP6zb5d,2H_RI8jSb9_fTdQufbyawv,CONTAINS
2R2L9FEwH7QvMjxPP6zbnr,1ij8remSr2nftPAFs2o7nX,CONTAINS
2R2L9FEwH7QvMjxPP6zbnr,35ZMaE2hL45QaxEnc01C1l,CONTAINS
2R2L9FEwH7QvMjxPP6zbnr,35ZMaE2hL45QaxEnc01C1J,CONTAINS
2R2L9FEwH7QvMjxPP6zbnr,35ZMaE2hL45QaxEnc01C1G,CONTAINS
2R2L9FEwH7QvMjxPP6zbFn,2yMGZYWe52bPtRRTVguexi,CONTAINS
2R2L9FEwH7QvMjxPP6zbFn,17Iw_ji052aBsjk0EhQ_5t,CONTAINS
2R2L9FEwH7QvMjxPP6zbFn,2yMGZYWe52bPtRRTVguewT,CONTAINS
2R2L9FEwH7QvMjxPP6zbFn,2yMGZYWe52bPtRRTVguewM,CONTAINS
2R2L9FEwH7QvMjxPP6zbFn,0EH6sPA1P2xxwhAUTwXw2x,CONTAINS
2R2L9FEwH7QvMjxPP6zbFn,3a_niRBkLA$PYXTFH_UD18,CONTAINS
2R2L9FEwH7QvMjxPP6zbFn,2yMGZYWe52bPtRRTVguewK,CONTAINS
2R2L9FEwH7QvMjxPP6zbFn,2yMGZYWe52bPtRRTVguewG,CONTAINS
2R2L9FEwH7QvMjxPP6zbFn,0CTPYda8PBI8wWgCuxjbXO,CONTAINS
2R2L9FEwH7QvMjxPP6zbFn,1ZN7G9klz0xu0sJ_gCFFTa,CONTAINS
2R2L9FEwH7QvMjxPP6zbFn,2yMGZYWe52bPtRRTVguewV,CONTAINS
2R2L9FEwH7QvMjxPP6zbFn,0z7C8EGpTD6v8cDPgMrA9y,CONTAINS
2R2L9FEwH7QvMjxPP6zbFn,2yMGZYWe52bPtRRTVguexe,CONTAINS
2R2L9FEwH7QvMjxPP6zbFn,0TmRRXiOr85hgF$jGQ0K5x,CONTAINS
2R2L9FEwH7QvMjxPP6zb5d,2H0HyIAhv1NQLzUIHmgCA4,CONTAINS
2R2L9FEwH7QvMjxPP6zb5d,2yMGZYWe52bPtRRTVgue$K,CONTAINS
2R2L9FEwH7QvMjxPP6zb5d,2yMGZYWe52bPtRRTVgue$S,CONTAINS
2R2L9FEwH7QvMjxPP6zb5d,1ViLR6QuPFYhJyKAT7Hvu0,CONTAINS
2R2L9FEwH7QvMjxPP6zb5d,2yMGZYWe52bPtRRTVgue$0,CONTAINS
2R2L9FEwH7QvMjxPP6zb5d,2yMGZYWe52bPtRRTVgue$O,CONTAINS
2R2L9FEwH7QvMjxPP6zb5d,2eTBIYRf5BUvhR8Lq4MNLU,CONTAINS
2R2L9FEwH7QvMjxPP6zb5d,1VCQLRa4zBM8uvg4QAZq_i,CONTAINS
2R2L9FEwH7QvMjxPP6zb5d,17mErHxnr1xR3MBgQHA2b9,CONTAINS
2R2L9FEwH7QvMjxPP6zb5d,0WbvvzA25AfxVl5E1G4IYD,CONTAINS
2R2L9FEwH7QvMjxPP6zb5d,2qGj3iYQLAEOMDzstk_zdE,CONTAINS
2R2L9FEwH7QvMjxPP6zb5d,2yMGZYWe52bPtRRTVgue$2,CONTAINS
2R2L9FEwH7QvMjxPP6zYsS,0I89kxcfn5aPoCoZL7ragt,CONTAINS
2R2L9FEwH7QvMjxPP6zYsS,0I89kxcfn5aPoCoZL7ragj,CONTAINS
2R2L9FEwH7QvMjxPP6zbFn,1cV2ReFD989QHqexkM3gEg,CONTAINS
2R2L9FEwH7QvMjxPP6$hLX,0I89kxcfn5aPoCoZL7rabv,CONTAINS
2R2L9FEwH7QvMjxPP6zbFn,3RIjhhJbj0w8nn36bQ4WKC,CONTAINS
2R2L9FEwH7QvMjxPP6$hLX,0I89kxcfn5aPoCoZL7rabx,CONTAINS
2R2L9FEwH7QvMjxPP6$hLX,0I89kxcfn5aPoCoZL7rabu,CONTAINS
2R2L9FEwH7QvMjxPP6$hLX,0I89kxcfn5aPoCoZL7rab6,CONTAINS
2R2L9FEwH7QvMjxPP6zbFn,0I89kxcfn5aPoCoZL7racv,CONTAINS
2R2L9FEwH7QvMjxPP6_uPb,0I89kxcfn5aPoCoZL7racS,CONTAINS
2R2L9FEwH7QvMjxPP6zbFn,0I89kxcfn5aPoCoZL7rac$,CONTAINS
2R2L9FEwH7QvMjxPP6zbFn,2dmcHG0F53gR0pb0s7EMNv,CONTAINS
2R2L9FEwH7QvMjxPP6zYsS,0I89kxcfn5aPoCoZL7rdL1,CONTAINS
2R2L9FEwH7QvMjxPP6zbFn,0gBYSXWBn6LhkzopdVGK0q,CONTAINS
2R2L9FEwH7QvMjxPP6zYsS,0I89kxcfn5aPoCoZL7rdL5,CONTAINS
2R2L9FEwH7QvMjxPP6zb5d,2jzBBNhz9A2gVReR_XMj47,CONTAINS
2R2L9FEwH7QvMjxPP6zYsS,2SzFdECE1FNfdau5Eemmox,CONTAINS
2R2L9FEwH7QvMjxPP6zYsS,0n$AJ9in54fwUnspQlbse2,CONTAINS
2R2L9FEwH7QvMjxPP6zbnr,0I89kxcfn5aPoCoZL7ralR,CONTAINS
2R2L9FEwH7QvMjxPP6zbnr,0I89kxcfn5aPoCoZL7raed,CONTAINS
2R2L9FEwH7QvMjxPP6zYsS,1aAFGpVOHAPxGqPeTUGqoU,CONTAINS
2R2L9FEwH7QvMjxPP6zYsS,3GcHynVez4e8DPugobD4HI,CONTAINS
2R2L9FEwH7QvMjxPP6z1F8,0I89kxcfn5aPoCoZL7rafq,CONTAINS
2R2L9FEwH7QvMjxPP6z1F8,0I89kxcfn5aPoCoZL7raft,CONTAINS
2R2L9FEwH7QvMjxPP6z1F8,0I89kxcfn5aPoCoZL7rafs,CONTAINS
2R2L9FEwH7QvMjxPP6z1F8,0I89kxcfn5aPoCoZL7raff,CONTAINS
2R2L9FEwH7QvMjxPP6zbnr,3yjOWxqx10PORXgv1k0Pu9,CONTAINS
2R2L9FEwH7QvMjxPP6zbnr,0K7mpWRZb1HAzA3xCVW1Lt,CONTAINS
2R2L9FEwH7QvMjxPP6zbFn,0I89kxcfn5aPoCoZL7rdHd,CONTAINS
2R2L9FEwH7QvMjxPP6zbFn,0I89kxcfn5aPoCoZL7rdHZ,CONTAINS
2R2L9FEwH7QvMjxPP6$hLX,2jzBBNhz9A2gVReR_XMj7W,CONTAINS
2R2L9FEwH7QvMjxPP6$hLX,2jzBBNhz9A2gVReR_XMj7Z,CONTAINS
2R2L9FEwH7QvMjxPP6$hLX,2jzBBNhz9A2gVReR_XMj7X,CONTAINS
2R2L9FEwH7QvMjxPP6z1F8,2jzBBNhz9A2gVReR_XMj7F,CONTAINS
2R2L9FEwH7QvMjxPP6z1F8,2jzBBNhz9A2gVReR_XMj7C,CONTAINS
2R2L9FEwH7QvMjxPP6z1F8,2jzBBNhz9A2gVReR_XMj7D,CONTAINS
2R2L9FEwH7QvMjxPP6_uPb,2jzBBNhz9A2gVReR_XMj7t,CONTAINS
2R2L9FEwH7QvMjxPP6_uPb,2jzBBNhz9A2gVReR_XMj7q,CONTAINS
2R2L9FEwH7QvMjxPP6_uPb,2jzBBNhz9A2gVReR_XMj7r,CONTAINS
2R2L9FEwH7QvMjxPP6_uPb,2S8sqhWKT3WOiCtdCaE1Ya,CONTAINS
2R2L9FEwH7QvMjxPP6_uPb,2S8sqhWKT3WOiCtdCaE1Yh,CONTAINS
2R2L9FEwH7QvMjxPP6_uPb,2S8sqhWKT3WOiCtdCaE1Yg,CONTAINS
2R2L9FEwH7QvMjxPP6$hLX,0398DzNGjBYO1C$VUhMCa6,CONTAINS
2R2L9FEwH7QvMjxPP6$hLX,0398DzNGjBYO1C$VUhMCa5,CONTAINS
2R2L9FEwH7QvMjxPP6_uPb,2S8sqhWKT3WOiCtdCaE1Yj,CONTAINS
2R2L9FEwH7QvMjxPP6_uPb,2S8sqhWKT3WOiCtdCaE1Yk,CONTAINS
2R2L9FEwH7QvMjxPP6_uPb,2S8sqhWKT3WOiCtdCaE1Yf,CONTAINS
2R2L9FEwH7QvMjxPP6$hLX,0398DzNGjBYO1C$VUhMCaF,CONTAINS
2R2L9FEwH7QvMjxPP6$hLX,0398DzNGjBYO1C$VUhMCa0,CONTAINS
2R2L9FEwH7QvMjxPP6$hLX,0398DzNGjBYO1C$VUhMCa1,CONTAINS
2R2L9FEwH7QvMjxPP6$hLX,0398DzNGjBYO1C$VUhMCa2,CONTAINS
2R2L9FEwH7QvMjxPP6z1F8,0398DzNGjBYO1C$VUhMCYM,CONTAINS
2R2L9FEwH7QvMjxPP6_uPb,2S8sqhWKT3WOiCtdCaE1Y9,CONTAINS
2R2L9FEwH7QvMjxPP6zb5d,2S8sqhWKT3WOiCtdCaE1Y4,CONTAINS
2R2L9FEwH7QvMjxPP6zb5d,2S8sqhWKT3WOiCtdCaE1Y5,CONTAINS
2R2L9FEwH7QvMjxPP6z1F8,0398DzNGjBYO1C$VUhMCYL,CONTAINS
2R2L9FEwH7QvMjxPP6$hLX,0398DzNGjBYO1C$VUhMCZY,CONTAINS
2R2L9FEwH7QvMjxPP6zbFn,0398DzNGjBYO1C$VUhMCZl,CONTAINS
2R2L9FEwH7QvMjxPP6zbFn,0398DzNGjBYO1C$VUhMCZk,CONTAINS
2R2L9FEwH7QvMjxPP6z1F8,0398DzNGjBYO1C$VUhMCYV,CONTAINS
2R2L9FEwH7QvMjxPP6z1F8,0398DzNGjBYO1C$VUhMCYH,CONTAINS
2R2L9FEwH7QvMjxPP6z1F8,0398DzNGjBYO1C$VUhMCYG,CONTAINS
2R2L9FEwH7QvMjxPP6z1F8,0398DzNGjBYO1C$VUhMCYI,CONTAINS
2R2L9FEwH7QvMjxPP6zbnr,3gfsKHKlzFigqXTbEKGTCT,CONTAINS
2R2L9FEwH7QvMjxPP6zb5d,0I89kxcfn5aPoCoZL7raWn,CONTAINS
2R2L9FEwH7QvMjxPP6zb5d,0I89kxcfn5aPoCoZL7raW_,CONTAINS
2R2L9FEwH7QvMjxPP6zb5d,0I89kxcfn5aPoCoZL7raW$,CONTAINS
2R2L9FEwH7QvMjxPP6zb5d,0I89kxcfn5aPoCoZL7raWy,CONTAINS
2R2L9FEwH7QvMjxPP6zb5d,0I89kxcfn5aPoCoZL7radQ,CONTAINS
2R2L9FEwH7QvMjxPP6zb5d,0I89kxcfn5aPoCoZL7radG,CONTAINS
2R2L9FEwH7QvMjxPP6_uPb,0I89kxcfn5aPoCoZL7racT,CONTAINS
2R2L9FEwH7QvMjxPP6_uPb,0I89kxcfn5aPoCoZL7racQ,CONTAINS
2R2L9FEwH7QvMjxPP6_uPb,0I89kxcfn5aPoCoZL7racR,CONTAINS
2R2L9FEwH7QvMjxPP6zb5d,3L6$F1ie15yBtVF0OO$189,CONTAINS
2R2L9FEwH7QvMjxPP6zb5d,0ZupWr6ET9xf7jQkYMpZGe,CONTAINS
2R2L9FEwH7QvMjxPP6zYsS,2y3XssJE133gkkjdUTNfpy,CONTAINS
2R2L9FEwH7QvMjxPP6zYsS,2yMGZYWe52bPtRRTVguebA,CONTAINS
2R2L9FEwH7QvMjxPP6zYsS,2yMGZYWe52bPtRRTVgueb7,CONTAINS
2R2L9FEwH7QvMjxPP6zYsS,1$k0hbeOLFAhzeAJ9EWkl0,CONTAINS
2R2L9FEwH7QvMjxPP6zb5d,0C9A9EI_X9XPTyUttRuLLv,CONTAINS
2R2L9FEwH7QvMjxPP6zbnr,0C9A9EI_X9XPTyUttRuLK4,CONTAINS
2R2L9FEwH7QvMjxPP6zbnr,0C9A9EI_X9XPTyUttRuLK5,CONTAINS
2R2L9FEwH7QvMjxPP6zYsS,0dY3F5ZMbEkv7RkriHlaC6,CONTAINS
2R2L9FEwH7QvMjxPP6zYsS,2yMGZYWe52bPtRRTVgueb1,CONTAINS
2R2L9FEwH7QvMjxPP6zYsS,2yMGZYWe52bPtRRTVgueb3,CONTAINS
2R2L9FEwH7QvMjxPP6zYsS,2yMGZYWe52bPtRRTVguebV,CONTAINS
2R2L9FEwH7QvMjxPP6zYsS,2uJwDDVP93NB5pqCPDIeu5,CONTAINS
2R2L9FEwH7QvMjxPP6zYsS,3$FQBidQXCxAhDOSx55HYb,CONTAINS
2R2L9FEwH7QvMjxPP6zYsS,2yMGZYWe52bPtRRTVguebR,CONTAINS
2R2L9FEwH7QvMjxPP6zYsS,0x_e1gWj91IR4aKmr684DJ,CONTAINS
2R2L9FEwH7QvMjxPP6zYsS,1GmI99YErBexxKiSEzl48t,CONTAINS
2R2L9FEwH7QvMjxPP6zYsS,2yMGZYWe52bPtRRTVgueb8,CONTAINS
2R2L9FEwH7QvMjxPP6zbnr,0I89kxcfn5aPoCoZL7raX$,CONTAINS
2R2L9FEwH7QvMjxPP6zbnr,0C9A9EI_X9XPTyUttRuLic,CONTAINS
2R2L9FEwH7QvMjxPP6zbnr,0C9A9EI_X9XPTyUttRuLiW,CONTAINS
2R2L9FEwH7QvMjxPP6zbnr,0f0ZiRFeP0cw9bNc2L$xY1,CONTAINS
2R2L9FEwH7QvMjxPP6zbnr,0C9A9EI_X9XPTyUttRuLiQ,CONTAINS
2R2L9FEwH7QvMjxPP6zbnr,3ogSGP0R13XAt69Aw_aUj$,CONTAINS
2R2L9FEwH7QvMjxPP6zbnr,3ZA9L1RnfAIgL5XjrqdsUl,CONTAINS
2R2L9FEwH7QvMjxPP6zbnr,38FGfa4a17wwIeXm54n2gl,CONTAINS
2R2L9FEwH7QvMjxPP6zbnr,3GpVaK8q5AqvE6XKxDljda,CONTAINS
2R2L9FEwH7QvMjxPP6zbnr,0C9A9EI_X9XPTyUttRuLiU,CONTAINS
2R2L9FEwH7QvMjxPP6zb5d,2yMGZYWe52bPtRRTVgue$9,CONTAINS
2R2L9FEwH7QvMjxPP6zb5d,2yMGZYWe52bPtRRTVgue$B,CONTAINS
2R2L9FEwH7QvMjxPP6zbnr,0C9A9EI_X9XPTyUttRuLil,CONTAINS
2R2L9FEwH7QvMjxPP6zbnr,0C9A9EI_X9XPTyUttRuLif,CONTAINS
2R2L9FEwH7QvMjxPP6zbnr,0eN$qAmFP4Dugg13SKTq$O,CONTAINS
2R2L9FEwH7QvMjxPP6zbnr,0C9A9EI_X9XPTyUttRuLiY,CONTAINS
2R2L9FEwH7QvMjxPP6zbnr,2SasSjVofAkfrMqezzDHCz,CONTAINS
2R2L9FEwH7QvMjxPP6_uPb,0jP_FPW891yRBz0fI8zcOe,CONTAINS
2R2L9FEwH7QvMjxPP6za0m,0jP_FPW891yRBz0fI8zcPA,CONTAINS
2R2L9FEwH7QvMjxPP6za06,0jP_FPW891yRBz0fI8zcOx,CONTAINS
2R2L9FEwH7QvMjxPP6$hLX,0jP_FPW891yRBz0fI8zcOQ,CONTAINS
2R2L9FEwH7QvMjxPP6_urS,0d7iw08zjAMBKPTOWLW_BO,CONTAINS
2R2L9FEwH7QvMjxPP6_Yyw,1ovPBKVxH90QYbaUaasEpe,CONTAINS
2R2L9FEwH7QvMjxPP6_urS,0d7iw08zjAMBKPTOWLW_BP,CONTAINS
2R2L9FEwH7QvMjxPP6_urS,0d7iw08zjAMBKPTOWLW_B6,CONTAINS
2R2L9FEwH7QvMjxPP6_uPb,0d7iw08zjAMBKPTOWLW_B2,CONTAINS
2R2L9FEwH7QvMjxPP6_uPb,0d7iw08zjAMBKPTOWLW_B4,CONTAINS
2R2L9FEwH7QvMjxPP6zbFn,0d7iw08zjAMBKPTOWLW_BF,CONTAINS
2R2L9FEwH7QvMjxPP6zbFn,0d7iw08zjAMBKPTOWLW_BE,CONTAINS
2R2L9FEwH7QvMjxPP6zbFn,0d7iw08zjAMBKPTOWLW_BC,CONTAINS
2R2L9FEwH7QvMjxPP6_uPb,0d7iw08zjAMBKPTOWLW_B5,CONTAINS
2R2L9FEwH7QvMjxPP6_Yyw,1aBQBPAYj7tvUemG9ugCLi,CONTAINS
2R2L9FEwH7QvMjxPP6_Yyw,1aBQBPAYj7tvUemG9ugCJz,CONTAINS
2R2L9FEwH7QvMjxPP6_Yyw,1aBQBPAYj7tvUemG9ugCMU,CONTAINS
2R2L9FEwH7QvMjxPP6zb5d,0d7iw08zjAMBKPTOWLW_As,CONTAINS
2R2L9FEwH7QvMjxPP6zbnr,2HkrgwIe5B7uY6ZTSMkZu4,CONTAINS
2R2L9FEwH7QvMjxPP6zbnr,1aBQBPAYj7tvUemG9ugCHE,CONTAINS
2R2L9FEwH7QvMjxPP6zbnr,1aBQBPAYj7tvUemG9ugCGf,CONTAINS
2R2L9FEwH7QvMjxPP6_uPb,0KwnPp9xH0twwJsxazd97m,CONTAINS
2R2L9FEwH7QvMjxPP6zbFn,0KwnPp9xH0twwJsxazd97Z,CONTAINS
2R2L9FEwH7QvMjxPP6_uPb,0KwnPp9xH0twwJsxazd97n,CONTAINS
2R2L9FEwH7QvMjxPP6zb5d,0d7iw08zjAMBKPTOWLW_B8,CONTAINS
2R2L9FEwH7QvMjxPP6zb5d,0d7iw08zjAMBKPTOWLW_B9,CONTAINS
2R2L9FEwH7QvMjxPP6zb5d,3nu8rI2DL8vQJoBLNbLekN,CONTAINS
2R2L9FEwH7QvMjxPP6zb5d,3nu8rI2DL8vQJoBLNbLeX$,CONTAINS
2R2L9FEwH7QvMjxPP6zbFn,0KwnPp9xH0twwJsxazd97Y,CONTAINS
2R2L9FEwH7QvMjxPP6_Yyw,3nu8rI2DL8vQJoBLNbLeku,CONTAINS
2R2L9FEwH7QvMjxPP6_Yyw,3nu8rI2DL8vQJoBLNbLekv,CONTAINS
2R2L9FEwH7QvMjxPP6zbnr,3nu8rI2DL8vQJoBLNbLeko,CONTAINS
2R2L9FEwH7QvMjxPP6zbnr,3nu8rI2DL8vQJoBLNbLekp,CONTAINS
2R2L9FEwH7QvMjxPP6zbFn,0LdvcneY51qvcThC5EYMo8,CONTAINS
2R2L9FEwH7QvMjxPP6zb5d,0LdvcneY51qvcThC5EYMoP,CONTAINS
2R2L9FEwH7QvMjxPP6zbFn,01JMyLiAX6vOKsRWa6DbEL,CONTAINS
2R2L9FEwH7QvMjxPP6zb5d,01JMyLiAX6vOKsRWa6DbUW,CONTAINS
2R2L9FEwH7QvMjxPP6_uPb,0LdvcneY51qvcThC5EYMo7,CONTAINS
2R2L9FEwH7QvMjxPP6_urS,1oW0tejVXANRg3v_hRnAzj,CONTAINS
2R2L9FEwH7QvMjxPP6_uPb,01JMyLiAX6vOKsRWa6DbE7,CONTAINS
2R2L9FEwH7QvMjxPP6z1F8,1vKuNLpq5FtuO62GLuougT,CONTAINS
2R2L9FEwH7QvMjxPP6z1F8,32GYtfjCb4L8sUbhGE5GzZ,CONTAINS
2R2L9FEwH7QvMjxPP6zb5d,0WOfgLyIX46QnJ1IlFxUPj,CONTAINS
2R2L9FEwH7QvMjxPP6_Yyw,0WOfgLyIX46QnJ1IlFxUPR,CONTAINS
2R2L9FEwH7QvMjxPP6zbFn,2uPBm0fPb5mAvVHD998Zs6,CONTAINS
2R2L9FEwH7QvMjxPP6_Yyw,0WOfgLyIX46QnJ1IlFxUPO,CONTAINS
2R2L9FEwH7QvMjxPP6zb5d,0WOfgLyIX46QnJ1IlFxUPi,CONTAINS
2R2L9FEwH7QvMjxPP6_uPb,3aDltZr4z2S9RWzBVYu_j8,CONTAINS
2R2L9FEwH7QvMjxPP6zbnr,0bcw6hwr1EsgLnukViOu1j,CONTAINS
2R2L9FEwH7QvMjxPP6_uPb,0bcw6hwr1EsgLnukViOuJa,CONTAINS
2R2L9FEwH7QvMjxPP6zbFn,0bcw6hwr1EsgLnukViOuJ4,CONTAINS
2R2L9FEwH7QvMjxPP6zbnr,17boMUxhv77OhauBJIF6nt,CONTAINS
2R2L9FEwH7QvMjxPP6z1F8,2rOqAXDs9DxeW$ABqLLvPn,CONTAINS
2R2L9FEwH7QvMjxPP6zbnr,3E9g1pNln6BxCZLu6RE63p,CONTAINS
2R2L9FEwH7QvMjxPP6zbnr,3E9g1pNln6BxCZLu6RE62u,CONTAINS
2R2L9FEwH7QvMjxPP6zbnr,3E9g1pNln6BxCZLu6RE63z,CONTAINS
2R2L9FEwH7QvMjxPP6zbnr,3E9g1pNln6BxCZLu6RE626,CONTAINS
2R2L9FEwH7QvMjxPP6zbnr,3E9g1pNln6BxCZLu6RE62K,CONTAINS
2R2L9FEwH7QvMjxPP6zbnr,3E9g1pNln6BxCZLu6RE62F,CONTAINS
2R2L9FEwH7QvMjxPP6_Yyw,3dtNv9xLz1D8ToBkRp8cNb,CONTAINS
2R2L9FEwH7QvMjxPP6_Yyw,3dtNv9xLz1D8ToBkRp8cNh,CONTAINS
2R2L9FEwH7QvMjxPP6_Yyw,3dtNv9xLz1D8ToBkRp8cNe,CONTAINS
2R2L9FEwH7QvMjxPP6_Yyw,3dtNv9xLz1D8ToBkRp8cNk,CONTAINS
2R2L9FEwH7QvMjxPP6zbnr,3E9g1pNln6BxCZLu6RE62T,CONTAINS
2R2L9FEwH7QvMjxPP6zbnr,3E9g1pNln6BxCZLu6RE63g,CONTAINS
2R2L9FEwH7QvMjxPP6_Yyw,3dtNv9xLz1D8ToBkRp8cNl,CONTAINS
2R2L9FEwH7QvMjxPP6_Yyw,3dtNv9xLz1D8ToBkRp8cNi,CONTAINS
2R2L9FEwH7QvMjxPP6_Yyw,3dtNv9xLz1D8ToBkRp8cNj,CONTAINS
2R2L9FEwH7QvMjxPP6z1F8,3CUxCJXNrFtfM$eGhHbEnI,CONTAINS
2R2L9FEwH7QvMjxPP6z1F8,3CUxCJXNrFtfM$eGhHbEnJ,CONTAINS
2R2L9FEwH7QvMjxPP6z1F8,3CUxCJXNrFtfM$eGhHbEnC,CONTAINS
2R2L9FEwH7QvMjxPP6z1F8,3CUxCJXNrFtfM$eGhHbEnD,CONTAINS
2R2L9FEwH7QvMjxPP6zb5d,1Z_7EjX0vD8ePhxcMX5I35,CONTAINS
2R2L9FEwH7QvMjxPP6zb5d,1Z_7EjX0vD8ePhxcMX5I3Q,CONTAINS
2R2L9FEwH7QvMjxPP6zb5d,1Z_7EjX0vD8ePhxcMX5I3R,CONTAINS
2R2L9FEwH7QvMjxPP6zb5d,1Z_7EjX0vD8ePhxcMX5I3P,CONTAINS
2R2L9FEwH7QvMjxPP6zb5d,1Z_7EjX0vD8ePhxcMX5I3O,CONTAINS
2R2L9FEwH7QvMjxPP6zb5d,1Z_7EjX0vD8ePhxcMX5I36,CONTAINS
2R2L9FEwH7QvMjxPP6zb5d,1Z_7EjX0vD8ePhxcMX5I37,CONTAINS
2R2L9FEwH7QvMjxPP6zb5d,1Z_7EjX0vD8ePhxcMX5I34,CONTAINS
2R2L9FEwH7QvMjxPP6zb5d,1Z_7EjX0vD8ePhxcMX5I3S,CONTAINS
2R2L9FEwH7QvMjxPP6zb5d,1Z_7EjX0vD8ePhxcMX5I3T,CONTAINS
2R2L9FEwH7QvMjxPP6zb5d,1Z_7EjX0vD8ePhxcMX5I3I,CONTAINS
2R2L9FEwH7QvMjxPP6zb5d,1Z_7EjX0vD8ePhxcMX5I3J,CONTAINS
2R2L9FEwH7QvMjxPP6zb5d,1Z_7EjX0vD8ePhxcMX5I3G,CONTAINS
2R2L9FEwH7QvMjxPP6zb5d,1Z_7EjX0vD8ePhxcMX5I3U,CONTAINS
2R2L9FEwH7QvMjxPP6zb5d,1Z_7EjX0vD8ePhxcMX5I3V,CONTAINS
2R2L9FEwH7QvMjxPP6zbFn,1_WIDbMXf5_P7QWlk1nZ8i,CONTAINS
2R2L9FEwH7QvMjxPP6zbFn,1_WIDbMXf5_P7QWlk1nZBj,CONTAINS
2R2L9FEwH7QvMjxPP6zbFn,1_WIDbMXf5_P7QWlk1nZBp,CONTAINS
2R2L9FEwH7QvMjxPP6zbFn,1_WIDbMXf5_P7QWlk1nZCm,CONTAINS
2R2L9FEwH7QvMjxPP6zbFn,1_WIDbMXf5_P7QWlk1nZAQ,CONTAINS
2R2L9FEwH7QvMjxPP6zbFn,1_WIDbMXf5_P7QWlk1nZ9E,CONTAINS
2R2L9FEwH7QvMjxPP6zbFn,1_WIDbMXf5_P7QWlk1nZCR,CONTAINS
2R2L9FEwH7QvMjxPP6zb5d,1Z_7EjX0vD8ePhxcMX5I30,CONTAINS
2R2L9FEwH7QvMjxPP6zbFn,1_WIDbMXf5_P7QWlk1nZ93,CONTAINS
2R2L9FEwH7QvMjxPP6zb5d,1Z_7EjX0vD8ePhxcMX5I33,CONTAINS
2R2L9FEwH7QvMjxPP6zb5d,1Z_7EjX0vD8ePhxcMX5I31,CONTAINS
2R2L9FEwH7QvMjxPP6zbFn,1_WIDbMXf5_P7QWlk1nZMT,CONTAINS
2R2L9FEwH7QvMjxPP6zbFn,1_WIDbMXf5_P7QWlk1nZMI,CONTAINS
2R2L9FEwH7QvMjxPP6zbFn,1_WIDbMXf5_P7QWlk1nZ9t,CONTAINS
2R2L9FEwH7QvMjxPP6zbFn,1_WIDbMXf5_P7QWlk1nZ9e,CONTAINS
2R2L9FEwH7QvMjxPP6zbnr,1_WIDbMXf5_P7QWlk1nZo1,CONTAINS
2R2L9FEwH7QvMjxPP6zbnr,1_WIDbMXf5_P7QWlk1nZoL,CONTAINS
2R2L9FEwH7QvMjxPP6zbnr,1_WIDbMXf5_P7QWlk1nZoU,CONTAINS
2R2L9FEwH7QvMjxPP6zbnr,2RzE07DK18ZBDqq1q2qm_M,CONTAINS
2R2L9FEwH7QvMjxPP6zbnr,1_WIDbMXf5_P7QWlk1nZrY,CONTAINS
2R2L9FEwH7QvMjxPP6zbnr,1_WIDbMXf5_P7QWlk1nZrb,CONTAINS
2R2L9FEwH7QvMjxPP6zbnr,1_WIDbMXf5_P7QWlk1nZrv,CONTAINS
2R2L9FEwH7QvMjxPP6zbnr,1_WIDbMXf5_P7QWlk1nZoD,CONTAINS
2R2L9FEwH7QvMjxPP6zbnr,1_WIDbMXf5_P7QWlk1nZoA,CONTAINS
2R2L9FEwH7QvMjxPP6zbFn,1_WIDbMXf5_P7QWlk1nZB6,CONTAINS
2R2L9FEwH7QvMjxPP6zbFn,1_WIDbMXf5_P7QWlk1nZAz,CONTAINS
2R2L9FEwH7QvMjxPP6zbFn,1_WIDbMXf5_P7QWlk1nZFB,CONTAINS
2R2L9FEwH7QvMjxPP6zbFn,1_WIDbMXf5_P7QWlk1nZKZ,CONTAINS
2R2L9FEwH7QvMjxPP6zbFn,1_WIDbMXf5_P7QWlk1nZMr,CONTAINS
2R2L9FEwH7QvMjxPP6zbFn,1_WIDbMXf5_P7QWlk1nZNf,CONTAINS
2R2L9FEwH7QvMjxPP6zbFn,3CUxCJXNrFtfM$eGhHbEt0,CONTAINS
2R2L9FEwH7QvMjxPP6zbFn,3CUxCJXNrFtfM$eGhHbEt3,CONTAINS
2R2L9FEwH7QvMjxPP6zbFn,3CUxCJXNrFtfM$eGhHbEt2,CONTAINS
2R2L9FEwH7QvMjxPP6zbFn,1_WIDbMXf5_P7QWlk1nZI1,CONTAINS
2R2L9FEwH7QvMjxPP6zbnr,1_WIDbMXf5_P7QWlk1nZrs,CONTAINS
2R2L9FEwH7QvMjxPP6zbnr,1_WIDbMXf5_P7QWlk1nZse,CONTAINS
2R2L9FEwH7QvMjxPP6zbFn,1_WIDbMXf5_P7QWlk1nZLi,CONTAINS
2R2L9FEwH7QvMjxPP6zbnr,1_WIDbMXf5_P7QWlk1nZrk,CONTAINS
2R2L9FEwH7QvMjxPP6zbnr,1_WIDbMXf5_P7QWlk1nZrH,CONTAINS
2R2L9FEwH7QvMjxPP6zbnr,1_WIDbMXf5_P7QWlk1nZrQ,CONTAINS
2R2L9FEwH7QvMjxPP6zbFn,1_WIDbMXf5_P7QWlk1nZN2,CONTAINS
2R2L9FEwH7QvMjxPP6za1o,3CUxCJXNrFtfM$eGhHbEtA,CONTAINS
2R2L9FEwH7QvMjxPP6zbFn,3CUxCJXNrFtfM$eGhHbEt4,CONTAINS
2R2L9FEwH7QvMjxPP6za1i,3CUxCJXNrFtfM$eGhHbEt5,CONTAINS
2R2L9FEwH7QvMjxPP6$hLX,3CUxCJXNrFtfM$eGhHbEsp,CONTAINS
2R2L9FEwH7QvMjxPP6$hLX,3CUxCJXNrFtfM$eGhHbEsm,CONTAINS
2R2L9FEwH7QvMjxPP6$hLX,3CUxCJXNrFtfM$eGhHbEss,CONTAINS
2R2L9FEwH7QvMjxPP6_uPb,3CUxCJXNrFtfM$eGhHbEsw,CONTAINS
2R2L9FEwH7QvMjxPP6_uPb,3CUxCJXNrFtfM$eGhHbEsx,CONTAINS
2R2L9FEwH7QvMjxPP6$hLX,3CUxCJXNrFtfM$eGhHbEsn,CONTAINS
2R2L9FEwH7QvMjxPP6_uPb,3CUxCJXNrFtfM$eGhHbEsv,CONTAINS
2R2L9FEwH7QvMjxPP6zbFn,3CUxCJXNrFtfM$eGhHbEsz,CONTAINS
2R2L9FEwH7QvMjxPP6_uPb,3CUxCJXNrFtfM$eGhHbEsu,CONTAINS
2R2L9FEwH7QvMjxPP6_uPb,1guDAeN0H0zPlf9ZUQ7YEi,CONTAINS
2R2L9FEwH7QvMjxPP6_uPb,220f_W1HD7pOPffF2hx9Yq,CONTAINS
2R2L9FEwH7QvMjxPP6_uPb,220f_W1HD7pOPffF2hx9YN,CONTAINS
2R2L9FEwH7QvMjxPP6_Yyw,10xymLOUbEJQViGYNPNlUE,CONTAINS
2R2L9FEwH7QvMjxPP6_Yyw,10xymLOUbEJQViGYNPNlU9,CONTAINS
2R2L9FEwH7QvMjxPP6_Yyw,10xymLOUbEJQViGYNPNlUF,CONTAINS
2R2L9FEwH7QvMjxPP6_Yyw,10xymLOUbEJQViGYNPNlUC,CONTAINS
2R2L9FEwH7QvMjxPP6_Yyw,10xymLOUbEJQViGYNPNlUI,CONTAINS
2R2L9FEwH7QvMjxPP6_Yyw,10xymLOUbEJQViGYNPNlU5,CONTAINS
2R2L9FEwH7QvMjxPP6_Yyw,10xymLOUbEJQViGYNPNlUD,CONTAINS
2R2L9FEwH7QvMjxPP6_Yyw,10xymLOUbEJQViGYNPNlU8,CONTAINS
2R2L9FEwH7QvMjxPP6_Yyw,10xymLOUbEJQViGYNPNlU4,CONTAINS
2R2L9FEwH7QvMjxPP6_Yyw,10xymLOUbEJQViGYNPNlUA,CONTAINS
2R2L9FEwH7QvMjxPP6_Yyw,10xymLOUbEJQViGYNPNlUB,CONTAINS
2R2L9FEwH7QvMjxPP6_Yyw,10xymLOUbEJQViGYNPNlUK,CONTAINS
2R2L9FEwH7QvMjxPP6_Yyw,10xymLOUbEJQViGYNPNlUL,CONTAINS
2R2L9FEwH7QvMjxPP6zbnr,1guDAeN0H0zPlf9ZUQ7YEO,CONTAINS
2R2L9FEwH7QvMjxPP6zbnr,1guDAeN0H0zPlf9ZUQ7YEV,CONTAINS
2R2L9FEwH7QvMjxPP6_Yyw,10xymLOUbEJQViGYNPNlUN,CONTAINS
2R2L9FEwH7QvMjxPP6_Yyw,10xymLOUbEJQViGYNPNlUM,CONTAINS
2R2L9FEwH7QvMjxPP6_Yyw,10xymLOUbEJQViGYNPNlUH,CONTAINS
2R2L9FEwH7QvMjxPP6_Yyw,10xymLOUbEJQViGYNPNlUG,CONTAINS
2R2L9FEwH7QvMjxPP6_Yyw,10xymLOUbEJQViGYNPNlUJ,CONTAINS
2R2L9FEwH7QvMjxPP6zbFn,1guDAeN0H0zPlf9ZUQ7YEK,CONTAINS
2R2L9FEwH7QvMjxPP6zbnr,1guDAeN0H0zPlf9ZUQ7YEU,CONTAINS
2R2L9FEwH7QvMjxPP6zbFn,1guDAeN0H0zPlf9ZUQ7YEL,CONTAINS
2R2L9FEwH7QvMjxPP6_Yyw,1guDAeN0H0zPlf9ZUQ7YEH,CONTAINS
2R2L9FEwH7QvMjxPP6_Yyw,1guDAeN0H0zPlf9ZUQ7YEI,CONTAINS
2R2L9FEwH7QvMjxPP6_Yyw,1guDAeN0H0zPlf9ZUQ7YEJ,CONTAINS
2R2L9FEwH7QvMjxPP6zb5d,1guDAeN0H0zPlf9ZUQ7YEl,CONTAINS
2R2L9FEwH7QvMjxPP6zb5d,1guDAeN0H0zPlf9ZUQ7YEe,CONTAINS
2R2L9FEwH7QvMjxPP6zb5d,1guDAeN0H0zPlf9ZUQ7YEf,CONTAINS
2R2L9FEwH7QvMjxPP6zbFn,1guDAeN0H0zPlf9ZUQ7YEM,CONTAINS
2R2L9FEwH7QvMjxPP6zbnr,07pQnIypnCceWiTzvo9Uc$,CONTAINS
2R2L9FEwH7QvMjxPP6zbnr,07pQnIypnCceWiTzvo9Uc_,CONTAINS
2R2L9FEwH7QvMjxPP6zbnr,07pQnIypnCceWiTzvo9Uct,CONTAINS
2R2L9FEwH7QvMjxPP6zbnr,07pQnIypnCceWiTzvo9Ucs,CONTAINS
2R2L9FEwH7QvMjxPP6zbnr,07pQnIypnCceWiTzvo9Uft,CONTAINS
2R2L9FEwH7QvMjxPP6zbnr,07pQnIypnCceWiTzvo9UcX,CONTAINS
2R2L9FEwH7QvMjxPP6zbnr,1Rj6co6mzEyQGnEjMR5117,CONTAINS
2R2L9FEwH7QvMjxPP6zbnr,1Rj6co6mzEyQGnEjMR51G_,CONTAINS
2R2L9FEwH7QvMjxPP6zbnr,07pQnIypnCceWiTzvo9Uce,CONTAINS
2R2L9FEwH7QvMjxPP6zbnr,07pQnIypnCceWiTzvo9Ucl,CONTAINS
2R2L9FEwH7QvMjxPP6zbnr,07pQnIypnCceWiTzvo9UeY,CONTAINS
2R2L9FEwH7QvMjxPP6zbFn,10xymLOUbEJQViGYNPNlSF,CONTAINS
2R2L9FEwH7QvMjxPP6zbFn,10xymLOUbEJQViGYNPNlSE,CONTAINS
2R2L9FEwH7QvMjxPP6zb5d,10xymLOUbEJQViGYNPNlUe,CONTAINS
2R2L9FEwH7QvMjxPP6zb5d,10xymLOUbEJQViGYNPNlUk,CONTAINS
2R2L9FEwH7QvMjxPP6zb5d,10xymLOUbEJQViGYNPNlUl,CONTAINS
2R2L9FEwH7QvMjxPP6_Yyw,10xymLOUbEJQViGYNPNlU7,CONTAINS
2R2L9FEwH7QvMjxPP6zb5d,10xymLOUbEJQViGYNPNlUh,CONTAINS
2R2L9FEwH7QvMjxPP6zb5d,10xymLOUbEJQViGYNPNlUf,CONTAINS
2R2L9FEwH7QvMjxPP6zb5d,10xymLOUbEJQViGYNPNlUW,CONTAINS
2R2L9FEwH7QvMjxPP6zb5d,10xymLOUbEJQViGYNPNlUi,CONTAINS
2R2L9FEwH7QvMjxPP6zb5d,10xymLOUbEJQViGYNPNlUo,CONTAINS
2R2L9FEwH7QvMjxPP6_Yyw,10xymLOUbEJQViGYNPNlU6,CONTAINS
2R2L9FEwH7QvMjxPP6zb5d,10xymLOUbEJQViGYNPNlUj,CONTAINS
2R2L9FEwH7QvMjxPP6zb5d,10xymLOUbEJQViGYNPNlVS,CONTAINS
2R2L9FEwH7QvMjxPP6zb5d,10xymLOUbEJQViGYNPNlVT,CONTAINS
2R2L9FEwH7QvMjxPP6zb5d,10xymLOUbEJQViGYNPNlUY,CONTAINS
2R2L9FEwH7QvMjxPP6zb5d,10xymLOUbEJQViGYNPNlUZ,CONTAINS
2R2L9FEwH7QvMjxPP6zbFn,10xymLOUbEJQViGYNPNlSL,CONTAINS
2R2L9FEwH7QvMjxPP6zbFn,10xymLOUbEJQViGYNPNlSA,CONTAINS
2R2L9FEwH7QvMjxPP6zbFn,10xymLOUbEJQViGYNPNlS0,CONTAINS
2R2L9FEwH7QvMjxPP6zbFn,10xymLOUbEJQViGYNPNlS5,CONTAINS
2R2L9FEwH7QvMjxPP6zbFn,10xymLOUbEJQViGYNPNlSK,CONTAINS
2R2L9FEwH7QvMjxPP6zb5d,10xymLOUbEJQViGYNPNlVV,CONTAINS
2R2L9FEwH7QvMjxPP6zbFn,10xymLOUbEJQViGYNPNlSG,CONTAINS
2R2L9FEwH7QvMjxPP6zbFn,10xymLOUbEJQViGYNPNlSJ,CONTAINS
2R2L9FEwH7QvMjxPP6zbnr,2fQZ_uq3PFIQ5Iqp8gc1cr,CONTAINS
2R2L9FEwH7QvMjxPP6_Yyw,1AFUTRrKzD3RPSgcH0z8Tf,CONTAINS
2R2L9FEwH7QvMjxPP6zbFn,10xymLOUbEJQViGYNPNl3r,CONTAINS
2R2L9FEwH7QvMjxPP6zbFn,10xymLOUbEJQViGYNPNl2G,CONTAINS
2R2L9FEwH7QvMjxPP6zbFn,10xymLOUbEJQViGYNPNl2T,CONTAINS
2R2L9FEwH7QvMjxPP6zbFn,10xymLOUbEJQViGYNPNlSa,CONTAINS
2R2L9FEwH7QvMjxPP6zbFn,10xymLOUbEJQViGYNPNlS$,CONTAINS
2R2L9FEwH7QvMjxPP6zbFn,10xymLOUbEJQViGYNPNlS3,CONTAINS
2R2L9FEwH7QvMjxPP6zb5d,1Z_7EjX0vD8ePhxcMX5I0l,CONTAINS
2R2L9FEwH7QvMjxPP6zb5d,1Z_7EjX0vD8ePhxcMX5I0k,CONTAINS
2R2L9FEwH7QvMjxPP6zb5d,1Z_7EjX0vD8ePhxcMX5I0i,CONTAINS
2R2L9FEwH7QvMjxPP6zb5d,1Z_7EjX0vD8ePhxcMX5I0g,CONTAINS
2R2L9FEwH7QvMjxPP6zb5d,1Z_7EjX0vD8ePhxcMX5I3L,CONTAINS
2R2L9FEwH7QvMjxPP6zb5d,1Z_7EjX0vD8ePhxcMX5I3K,CONTAINS
2R2L9FEwH7QvMjxPP6zb5d,1Z_7EjX0vD8ePhxcMX5I0h,CONTAINS
2R2L9FEwH7QvMjxPP6zb5d,1Z_7EjX0vD8ePhxcMX5I0f,CONTAINS
2R2L9FEwH7QvMjxPP6zb5d,1Z_7EjX0vD8ePhxcMX5I0e,CONTAINS
2R2L9FEwH7QvMjxPP6_Yyw,1AFUTRrKzD3RPSgcH0z8IH,CONTAINS
2R2L9FEwH7QvMjxPP6_Yyw,1AFUTRrKzD3RPSgcH0z8IU,CONTAINS
2R2L9FEwH7QvMjxPP6_Yyw,1AFUTRrKzD3RPSgcH0z8II,CONTAINS
2R2L9FEwH7QvMjxPP6_Yyw,1AFUTRrKzD3RPSgcH0z8IJ,CONTAINS
2R2L9FEwH7QvMjxPP6_Yyw,1AFUTRrKzD3RPSgcH0z8IL,CONTAINS
2R2L9FEwH7QvMjxPP6_Yyw,1AFUTRrKzD3RPSgcH0z8IV,CONTAINS
2R2L9FEwH7QvMjxPP6zb5d,1AFUTRrKzD3RPSgcH0z8I$,CONTAINS
2R2L9FEwH7QvMjxPP6_Yyw,1AFUTRrKzD3RPSgcH0z8IG,CONTAINS
2R2L9FEwH7QvMjxPP6_Yyw,1AFUTRrKzD3RPSgcH0z8IT,CONTAINS
2R2L9FEwH7QvMjxPP6_Yyw,1AFUTRrKzD3RPSgcH0z8IS,CONTAINS
2R2L9FEwH7QvMjxPP6zb5d,10xymLOUbEJQViGYNPNlUX,CONTAINS
2R2L9FEwH7QvMjxPP6_Yyw,1AFUTRrKzD3RPSgcH0z8I8,CONTAINS
2R2L9FEwH7QvMjxPP6_Yyw,1AFUTRrKzD3RPSgcH0z8IB,CONTAINS
2R2L9FEwH7QvMjxPP6_Yyw,1AFUTRrKzD3RPSgcH0z8IA,CONTAINS
2R2L9FEwH7QvMjxPP6_Yyw,1AFUTRrKzD3RPSgcH0z8ID,CONTAINS
2R2L9FEwH7QvMjxPP6zb5d,10xymLOUbEJQViGYNPNlUg,CONTAINS
2R2L9FEwH7QvMjxPP6zb5d,10xymLOUbEJQViGYNPNlUb,CONTAINS
2R2L9FEwH7QvMjxPP6zb5d,10xymLOUbEJQViGYNPNlUa,CONTAINS
2R2L9FEwH7QvMjxPP6zb5d,10xymLOUbEJQViGYNPNlUd,CONTAINS
2R2L9FEwH7QvMjxPP6zb5d,10xymLOUbEJQViGYNPNlUc,CONTAINS
2R2L9FEwH7QvMjxPP6_Yyw,1AFUTRrKzD3RPSgcH0z8I1,CONTAINS
2R2L9FEwH7QvMjxPP6_Yyw,1AFUTRrKzD3RPSgcH0z8I0,CONTAINS
2R2L9FEwH7QvMjxPP6zb5d,1Z_7EjX0vD8ePhxcMX5I3N,CONTAINS
2R2L9FEwH7QvMjxPP6_Yyw,1AFUTRrKzD3RPSgcH0z8IC,CONTAINS
2R2L9FEwH7QvMjxPP6_Yyw,1AFUTRrKzD3RPSgcH0z8IF,CONTAINS
2R2L9FEwH7QvMjxPP6_Yyw,1AFUTRrKzD3RPSgcH0z8IE,CONTAINS
2R2L9FEwH7QvMjxPP6zbFn,2XY1wUiaX8QxNhd4kZxh$a,CONTAINS
2R2L9FEwH7QvMjxPP6zbFn,2XY1wUiaX8QxNhd4kZxh$5,CONTAINS
2R2L9FEwH7QvMjxPP6zbFn,2XY1wUiaX8QxNhd4kZxh$t,CONTAINS
2R2L9FEwH7QvMjxPP6zbFn,2XY1wUiaX8QxNhd4kZxhym,CONTAINS
2R2L9FEwH7QvMjxPP6zbFn,2XY1wUiaX8QxNhd4kZxh$K,CONTAINS
2R2L9FEwH7QvMjxPP6zbFn,2XY1wUiaX8QxNhd4kZxhzS,CONTAINS
2R2L9FEwH7QvMjxPP6zbFn,2XY1wUiaX8QxNhd4kZxhyH,CONTAINS
2R2L9FEwH7QvMjxPP6zbFn,2XY1wUiaX8QxNhd4kZxhzG,CONTAINS
2R2L9FEwH7QvMjxPP6zbFn,2XY1wUiaX8QxNhd4kZxhzK,CONTAINS
2R2L9FEwH7QvMjxPP6zbFn,2XY1wUiaX8QxNhd4kZxhzO,CONTAINS
2R2L9FEwH7QvMjxPP6zbFn,2XY1wUiaX8QxNhd4kZxhz4,CONTAINS
2R2L9FEwH7QvMjxPP6zbFn,2XY1wUiaX8QxNhd4kZxhz8,CONTAINS
2R2L9FEwH7QvMjxPP6zb5d,1Z_7EjX0vD8ePhxcMX5I3H,CONTAINS
2R2L9FEwH7QvMjxPP6zb5d,1Z_7EjX0vD8ePhxcMX5I3M,CONTAINS
2R2L9FEwH7QvMjxPP6zbFn,2XY1wUiaX8QxNhd4kZxeBw,CONTAINS
2R2L9FEwH7QvMjxPP6zbFn,2XY1wUiaX8QxNhd4kZxh_y,CONTAINS
2R2L9FEwH7QvMjxPP6_Yyw,1AFUTRrKzD3RPSgcH0z8I4,CONTAINS
2R2L9FEwH7QvMjxPP6_Yyw,1AFUTRrKzD3RPSgcH0z8IP,CONTAINS
2R2L9FEwH7QvMjxPP6_Yyw,1AFUTRrKzD3RPSgcH0z8I3,CONTAINS
2R2L9FEwH7QvMjxPP6_Yyw,1AFUTRrKzD3RPSgcH0z8I7,CONTAINS
2R2L9FEwH7QvMjxPP6_Yyw,1AFUTRrKzD3RPSgcH0z8I5,CONTAINS
2R2L9FEwH7QvMjxPP6_Yyw,1AFUTRrKzD3RPSgcH0z8I2,CONTAINS
2R2L9FEwH7QvMjxPP6_Yyw,1AFUTRrKzD3RPSgcH0z8IM,CONTAINS
2R2L9FEwH7QvMjxPP6_Yyw,1AFUTRrKzD3RPSgcH0z8IK,CONTAINS
2R2L9FEwH7QvMjxPP6_Yyw,1AFUTRrKzD3RPSgcH0z8IN,CONTAINS
2R2L9FEwH7QvMjxPP6zb5d,1Z_7EjX0vD8ePhxcMX5I32,CONTAINS
2R2L9FEwH7QvMjxPP6zbFn,2XY1wUiaX8QxNhd4kZxhzC,CONTAINS
2R2L9FEwH7QvMjxPP6zbFn,2XY1wUiaX8QxNhd4kZxhz0,CONTAINS
2R2L9FEwH7QvMjxPP6_Yyw,1AFUTRrKzD3RPSgcH0z8IO,CONTAINS
2R2L9FEwH7QvMjxPP6_Yyw,1AFUTRrKzD3RPSgcH0z8IR,CONTAINS
2R2L9FEwH7QvMjxPP6_Yyw,1AFUTRrKzD3RPSgcH0z8I6,CONTAINS
2R2L9FEwH7QvMjxPP6_Yyw,1AFUTRrKzD3RPSgcH0z8IQ,CONTAINS
2R2L9FEwH7QvMjxPP6z1F8,1rOSqxJhL7Q8VUE72gXvOX,CONTAINS
2R2L9FEwH7QvMjxPP6z1F8,1rOSqxJhL7Q8VUE72gXvOq,CONTAINS
2R2L9FEwH7QvMjxPP6z1F8,1rOSqxJhL7Q8VUE72gXvOt,CONTAINS
2R2L9FEwH7QvMjxPP6z1F8,1rOSqxJhL7Q8VUE72gXvOc,CONTAINS
2R2L9FEwH7QvMjxPP6z1F8,1rOSqxJhL7Q8VUE72gXvOJ,CONTAINS
2R2L9FEwH7QvMjxPP6z1F8,1rOSqxJhL7Q8VUE72gXvO0,CONTAINS
2R2L9FEwH7QvMjxPP6z1F8,1rOSqxJhL7Q8VUE72gXvO3,CONTAINS
2R2L9FEwH7QvMjxPP6z1F8,1rOSqxJhL7Q8VUE72gXvOG,CONTAINS
2R2L9FEwH7QvMjxPP6z1F8,1rOSqxJhL7Q8VUE72gXvRK,CONTAINS
2R2L9FEwH7QvMjxPP6z1F8,1rOSqxJhL7Q8VUE72gXvRN,CONTAINS
2R2L9FEwH7QvMjxPP6z1F8,1rOSqxJhL7Q8VUE72gXvPX,CONTAINS
2R2L9FEwH7QvMjxPP6z1F8,1Mcf$biDvDIB5aZWsSyHup,CONTAINS
2R2L9FEwH7QvMjxPP6$hLX,1KphmnYeX1wPLhP_co5Ijb,CONTAINS
2R2L9FEwH7QvMjxPP6_uPb,1KphmnYeX1wPLhP_co5Ija,CONTAINS
2R2L9FEwH7QvMjxPP6_urS,1KphmnYeX1wPLhP_co5Ijv,CONTAINS
2R2L9FEwH7QvMjxPP6_urS,1KphmnYeX1wPLhP_co5Iju,CONTAINS
2R2L9FEwH7QvMjxPP6_uPb,1KphmnYeX1wPLhP_co5Ijd,CONTAINS
2R2L9FEwH7QvMjxPP6_uPb,1KphmnYeX1wPLhP_co5Ijx,CONTAINS
2R2L9FEwH7QvMjxPP6$hLX,1KphmnYeX1wPLhP_co5Ijg,CONTAINS
2R2L9FEwH7QvMjxPP6_uPb,1KphmnYeX1wPLhP_co5Ijw,CONTAINS
2R2L9FEwH7QvMjxPP6_uPb,0Wm9OiXjPApAk3HmKSLtap,CONTAINS
2R2L9FEwH7QvMjxPP6_uPb,1KphmnYeX1wPLhP_co5Iki,CONTAINS
2R2L9FEwH7QvMjxPP6_uPb,0Wm9OiXjPApAk3HmKSLtbT,CONTAINS
2R2L9FEwH7QvMjxPP6$hLX,0Wm9OiXjPApAk3HmKSLtdR,CONTAINS
2R2L9FEwH7QvMjxPP6_uPb,0RfdXiv0TCxxZWQPfpFnGQ,CONTAINS
2R2L9FEwH7QvMjxPP6_uPb,1KphmnYeX1wPLhP_co5IjK,CONTAINS
2R2L9FEwH7QvMjxPP6$hLX,1KphmnYeX1wPLhP_co5IkF,CONTAINS
2R2L9FEwH7QvMjxPP6_uPb,1KphmnYeX1wPLhP_co5IkE,CONTAINS
2R2L9FEwH7QvMjxPP6$hLX,1KphmnYeX1wPLhP_co5IjR,CONTAINS
2R2L9FEwH7QvMjxPP6_uPb,0RfdXiv0TCxxZWQPfpFnGR,CONTAINS
2R2L9FEwH7QvMjxPP6_uPb,0RfdXiv0TCxxZWQPfpFnGO,CONTAINS
2R2L9FEwH7QvMjxPP6_uPb,1KphmnYeX1wPLhP_co5IjW,CONTAINS
2R2L9FEwH7QvMjxPP6_uPb,1KphmnYeX1wPLhP_co5Ik9,CONTAINS
2R2L9FEwH7QvMjxPP6_urS,1KphmnYeX1wPLhP_co5Ik8,CONTAINS
2R2L9FEwH7QvMjxPP6_uPb,1KphmnYeX1wPLhP_co5IjZ,CONTAINS
2R2L9FEwH7QvMjxPP6$hLX,1KphmnYeX1wPLhP_co5IkC,CONTAINS
2R2L9FEwH7QvMjxPP6_urS,1KphmnYeX1wPLhP_co5Ijc,CONTAINS
2R2L9FEwH7QvMjxPP6_urS,1KphmnYeX1wPLhP_co5IjX,CONTAINS
2R2L9FEwH7QvMjxPP6$hLX,1KphmnYeX1wPLhP_co5Ijy,CONTAINS
2R2L9FEwH7QvMjxPP6_uPb,1KphmnYeX1wPLhP_co5Ij$,CONTAINS
2R2L9FEwH7QvMjxPP6_uPb,1KphmnYeX1wPLhP_co5Ij_,CONTAINS
2R2L9FEwH7QvMjxPP6_uPb,1KphmnYeX1wPLhP_co5IjH,CONTAINS
2R2L9FEwH7QvMjxPP6_urS,1KphmnYeX1wPLhP_co5IjN,CONTAINS
2R2L9FEwH7QvMjxPP6_uPb,1KphmnYeX1wPLhP_co5IjG,CONTAINS
2R2L9FEwH7QvMjxPP6_urS,1KphmnYeX1wPLhP_co5IjM,CONTAINS
2R2L9FEwH7QvMjxPP6$hLX,1KphmnYeX1wPLhP_co5Ijz,CONTAINS
2R2L9FEwH7QvMjxPP6$hLX,1KphmnYeX1wPLhP_co5IjQ,CONTAINS
2R2L9FEwH7QvMjxPP6_uPb,1KphmnYeX1wPLhP_co5IjL,CONTAINS
2R2L9FEwH7QvMjxPP6_uPb,13SAABVn95jBb7fx_YOhdu,CONTAINS
2R2L9FEwH7QvMjxPP6_uPb,13SAABVn95jBb7fx_YOhdv,CONTAINS
2R2L9FEwH7QvMjxPP6$hNV,14W8lqiN98gvcl2g04dZgf,CONTAINS
2R2L9FEwH7QvMjxPP6_urS,14W8lqiN98gvcl2g04dZge,CONTAINS
2R2L9FEwH7QvMjxPP6_urS,0Wm9OiXjPApAk3HmKSLto3,CONTAINS
2R2L9FEwH7QvMjxPP6_urS,0Wm9OiXjPApAk3HmKSLtrV,CONTAINS
2R2L9FEwH7QvMjxPP6z1F8,0RG7bsoQ17YQxM17UNmPD4,CONTAINS
2R2L9FEwH7QvMjxPP6zaDT,0RG7bsoQ17YQxM17UNmOpX,CONTAINS
2R2L9FEwH7QvMjxPP6_uPb,200r6ccSz9Uwor4NoXbOik,CONTAINS
2R2L9FEwH7QvMjxPP6_uPb,200r6ccSz9Uwor4NoXbOil,CONTAINS
2R2L9FEwH7QvMjxPP6_uPb,13SAABVn95jBb7fx_YOhhW,CONTAINS
2R2L9FEwH7QvMjxPP6_urS,1KphmnYeX1wPLhP_co5IkB,CONTAINS
2R2L9FEwH7QvMjxPP6_uPb,1KphmnYeX1wPLhP_co5IkA,CONTAINS
2R2L9FEwH7QvMjxPP6_uPb,13SAABVn95jBb7fx_YOhf9,CONTAINS
2R2L9FEwH7QvMjxPP6_uPb,1KphmnYeX1wPLhP_co5Ikn,CONTAINS
2R2L9FEwH7QvMjxPP6_uPb,1KphmnYeX1wPLhP_co5Ik5,CONTAINS
2R2L9FEwH7QvMjxPP6$hLX,1KphmnYeX1wPLhP_co5Ikt,CONTAINS
2R2L9FEwH7QvMjxPP6_uPb,1KphmnYeX1wPLhP_co5Ikm,CONTAINS
2R2L9FEwH7QvMjxPP6_urS,1KphmnYeX1wPLhP_co5Ikp,CONTAINS
2R2L9FEwH7QvMjxPP6$hLX,1KphmnYeX1wPLhP_co5Iks,CONTAINS
2R2L9FEwH7QvMjxPP6$hLX,0Wm9OiXjPApAk3HmKSLtdZ,CONTAINS
2R2L9FEwH7QvMjxPP6_urS,1KphmnYeX1wPLhP_co5Iko,CONTAINS
2R2L9FEwH7QvMjxPP6_uPb,1KphmnYeX1wPLhP_co5Ikj,CONTAINS
2R2L9FEwH7QvMjxPP6_Yyw,3e8Mms5uzBV9xYl2IBs1l2,CONTAINS
2R2L9FEwH7QvMjxPP6zb5d,3e8Mms5uzBV9xYl2IBs1ll,CONTAINS
2R2L9FEwH7QvMjxPP6zbFn,3e8Mms5uzBV9xYl2IBs1iH,CONTAINS
2R2L9FEwH7QvMjxPP6_uPb,3e8Mms5uzBV9xYl2IBs1in,CONTAINS
2R2L9FEwH7QvMjxPP6za1o,1pBcRHOFD6O8LbKxe$d8Fl,CONTAINS
2R2L9FEwH7QvMjxPP6za0m,1pBcRHOFD6O8LbKxe$d9nA,CONTAINS
2R2L9FEwH7QvMjxPP6$tUo,1pBcRHOFD6O8LbKxe$d8Ea,CONTAINS
2R2L9FEwH7QvMjxPP6z1F8,0CbDvuSgPEj9UJmwG8hQ6x,CONTAINS
2R2L9FEwH7QvMjxPP6za06,2k9muJ4Z94Z9EHxN$Zq4Zm,CONTAINS
2R2L9FEwH7QvMjxPP6za06,2k9muJ4Z94Z9EHxN$Zq4Zs,CONTAINS
2R2L9FEwH7QvMjxPP6za06,2k9muJ4Z94Z9EHxN$Zq4Zt,CONTAINS
2R2L9FEwH7QvMjxPP6z3KC,2k9muJ4Z94Z9EHxN$Zq4ZA,CONTAINS
2R2L9FEwH7QvMjxPP6za06,2k9muJ4Z94Z9EHxN$Zq4Zn,CONTAINS
2R2L9FEwH7QvMjxPP6za1o,2k9muJ4Z94Z9EHxN$Zq4ZB,CONTAINS
2R2L9FEwH7QvMjxPP6za1o,2k9muJ4Z94Z9EHxN$Zq4Z8,CONTAINS
2R2L9FEwH7QvMjxPP6z3KC,2k9muJ4Z94Z9EHxN$Zq4Zq,CONTAINS
2R2L9FEwH7QvMjxPP6z3KC,2k9muJ4Z94Z9EHxN$Zq4Zr,CONTAINS
2R2L9FEwH7QvMjxPP6_uPY,2k9muJ4Z94Z9EHxN$Zq4ZC,CONTAINS
2R2L9FEwH7QvMjxPP6z3KC,2k9muJ4Z94Z9EHxN$Zq4Z3,CONTAINS
2R2L9FEwH7QvMjxPP6_uPY,2k9muJ4Z94Z9EHxN$Zq4ZD,CONTAINS
2R2L9FEwH7QvMjxPP6_uPY,2k9muJ4Z94Z9EHxN$Zq4Z2,CONTAINS
2R2L9FEwH7QvMjxPP6za1o,2k9muJ4Z94Z9EHxN$Zq4Z9,CONTAINS
2R2L9FEwH7QvMjxPP6_uPY,2k9muJ4Z94Z9EHxN$Zq4ZF,CONTAINS
2R2L9FEwH7QvMjxPP6za1o,2k9muJ4Z94Z9EHxN$Zq4ZE,CONTAINS
2R2L9FEwH7QvMjxPP6_urS,3e8Mms5uzBV9xYl2IBs1v2,CONTAINS
2R2L9FEwH7QvMjxPP6zbnr,3e8Mms5uzBV9xYl2IBs1lK,CONTAINS
2R2L9FEwH7QvMjxPP6_uPY,3DgfZQtTD2VADkvsbt1vuj,CONTAINS
2R2L9FEwH7QvMjxPP6za06,1pBcRHOFD6O8LbKxe$d9mN,CONTAINS
2R2L9FEwH7QvMjxPP6$hLX,2_I6awnorByf_4S_s3z81y,CONTAINS
2R2L9FEwH7QvMjxPP6$hLX,3SlEueal9DSQhY_7NTi8i$,CONTAINS
2R2L9FEwH7QvMjxPP6_uPb,0RfdXiv0TCxxZWQPfpFnGb,CONTAINS
2R2L9FEwH7QvMjxPP6$hLX,2_I6awnorByf_4S_s3z8nd,CONTAINS
2R2L9FEwH7QvMjxPP6$hLX,3SlEueal9DSQhY_7NTi8iI,CONTAINS
2R2L9FEwH7QvMjxPP6z3KC,3CUxCJXNrFtfM$eGhHbEnM,CONTAINS
2R2L9FEwH7QvMjxPP6z3KC,3CUxCJXNrFtfM$eGhHbEnH,CONTAINS
2R2L9FEwH7QvMjxPP6z3KC,3CUxCJXNrFtfM$eGhHbEnN,CONTAINS
2R2L9FEwH7QvMjxPP6_urS,1R9cOIVzf4CuOKv7e$chB2,CONTAINS
2R2L9FEwH7QvMjxPP6z3KC,3CUxCJXNrFtfM$eGhHbEnG,CONTAINS
2R2L9FEwH7QvMjxPP6_urS,1R9cOIVzf4CuOKv7e$chB9,CONTAINS
2R2L9FEwH7QvMjxPP6$hNV,1R9cOIVzf4CuOKv7e$chBA,CONTAINS
2R2L9FEwH7QvMjxPP6$hNV,1R9cOIVzf4CuOKv7e$chB3,CONTAINS
2R2L9FEwH7QvMjxPP6_urS,1R9cOIVzf4CuOKv7e$chKr,CONTAINS
2R2L9FEwH7QvMjxPP6z1F8,2zNmpnizX2lQzkJBZW6hvA,CONTAINS
2R2L9FEwH7QvMjxPP6z1F8,2rkFvoS1v3Qg6nZ4BpBjEq,CONTAINS
2R2L9FEwH7QvMjxPP6zaDT,2rkFvoS1v3Qg6nZ4BpBjF$,CONTAINS
2R2L9FEwH7QvMjxPP6zaDT,2rkFvoS1v3Qg6nZ4BpBjEr,CONTAINS
2R2L9FEwH7QvMjxPP6$hNV,1R9cOIVzf4CuOKv7e$chKs,CONTAINS
2R2L9FEwH7QvMjxPP6_uPb,1fdgt6mInBvuZJWqyAETIn,CONTAINS
2R2L9FEwH7QvMjxPP6_uPb,1fdgt6mInBvuZJWqyAETIm,CONTAINS
2R2L9FEwH7QvMjxPP6_urS,0SSMA7xXn3qB0jVaBW7obI,CONTAINS
2R2L9FEwH7QvMjxPP6_uPb,177IT1nbz4KvJpMqt4FlGg,CONTAINS
2R2L9FEwH7QvMjxPP6_uPb,2xEnMfmrf8iwbEdGol$sb6,CONTAINS
2R2L9FEwH7QvMjxPP6_uPb,2xEnMfmrf8iwbEdGol$sb7,CONTAINS
2R2L9FEwH7QvMjxPP6_uPb,3w0eRvhkL99Axa1$FQZg4D,CONTAINS
2R2L9FEwH7QvMjxPP6zaDT,2rkFvoS1v3Qg6nZ4BpBjET,CONTAINS
2R2L9FEwH7QvMjxPP6zaDT,2rkFvoS1v3Qg6nZ4BpBjnc,CONTAINS
2R2L9FEwH7QvMjxPP6z1F8,2rkFvoS1v3Qg6nZ4BpBjES,CONTAINS
2R2L9FEwH7QvMjxPP6z1F8,2rkFvoS1v3Qg6nZ4BpBjnX,CONTAINS
2R2L9FEwH7QvMjxPP6_uPb,1R9cOIVzf4CuOKv7e$ch9K,CONTAINS
2R2L9FEwH7QvMjxPP6z1F8,2rkFvoS1v3Qg6nZ4BpBjF_,CONTAINS
2R2L9FEwH7QvMjxPP6zaDT,2zNmpnizX2lQzkJBZW6hva,CONTAINS
2R2L9FEwH7QvMjxPP6_uPb,1R9cOIVzf4CuOKv7e$chAO,CONTAINS
2R2L9FEwH7QvMjxPP6_uPb,1R9cOIVzf4CuOKv7e$chAN,CONTAINS
2R2L9FEwH7QvMjxPP6_uPb,1R9cOIVzf4CuOKv7e$ch9I,CONTAINS
2R2L9FEwH7QvMjxPP6_uPb,1R9cOIVzf4CuOKv7e$ch9J,CONTAINS
2R2L9FEwH7QvMjxPP6_uPb,1fdgt6mInBvuZJWqyAETIs,CONTAINS
2R2L9FEwH7QvMjxPP6_uPb,1fdgt6mInBvuZJWqyAETIt,CONTAINS
2R2L9FEwH7QvMjxPP6_uPb,1R9cOIVzf4CuOKv7e$chAL,CONTAINS
2R2L9FEwH7QvMjxPP6_uPb,1R9cOIVzf4CuOKv7e$chAM,CONTAINS
2R2L9FEwH7QvMjxPP6$hNV,1R9cOIVzf4CuOKv7e$chBt,CONTAINS
2R2L9FEwH7QvMjxPP6_urS,1R9cOIVzf4CuOKv7e$chBs,CONTAINS
2R2L9FEwH7QvMjxPP6_uPb,1R9cOIVzf4CuOKv7e$chA2,CONTAINS
2R2L9FEwH7QvMjxPP6_uPb,1R9cOIVzf4CuOKv7e$ch9H,CONTAINS
2R2L9FEwH7QvMjxPP6_uPb,1R9cOIVzf4CuOKv7e$chA1,CONTAINS
2R2L9FEwH7QvMjxPP6_uPb,1R9cOIVzf4CuOKv7e$chB$,CONTAINS
2R2L9FEwH7QvMjxPP6_uPb,1R9cOIVzf4CuOKv7e$chA0,CONTAINS
2R2L9FEwH7QvMjxPP6$hNV,1rDM5HpvP4ThPwnd64mZcH,CONTAINS
2R2L9FEwH7QvMjxPP6zaDT,2dODMlejr6rOoAqBgmXkBF,CONTAINS
2R2L9FEwH7QvMjxPP6zaDT,2dODMlejr6rOoAqBgmXk8y,CONTAINS
2R2L9FEwH7QvMjxPP6zaDT,2dODMlejr6rOoAqBgmXkAk,CONTAINS
2R2L9FEwH7QvMjxPP6zaDT,2dODMlejr6rOoAqBgmXkEb,CONTAINS
2R2L9FEwH7QvMjxPP6zaDT,2dODMlejr6rOoAqBgmXkF3,CONTAINS
2R2L9FEwH7QvMjxPP6zaDT,1S2iD14L527RsgFFCvM81P,CONTAINS
2R2L9FEwH7QvMjxPP6zaDT,1S2iD14L527RsgFFCvM86y,CONTAINS
2R2L9FEwH7QvMjxPP6zaDT,04uPFKjgzBUOH$vGVV11rp,CONTAINS
2R2L9FEwH7QvMjxPP6zaDT,1S2iD14L527RsgFFCvM80h,CONTAINS
2R2L9FEwH7QvMjxPP6zaDT,1S2iD14L527RsgFFCvM82B,CONTAINS
2R2L9FEwH7QvMjxPP6zaDT,2dODMlejr6rOoAqBgmXk4h,CONTAINS
2R2L9FEwH7QvMjxPP6zaDT,2dODMlejr6rOoAqBgmXk65,CONTAINS
2R2L9FEwH7QvMjxPP6zaDT,2dODMlejr6rOoAqBgmXk53,CONTAINS
2R2L9FEwH7QvMjxPP6zaDT,1S2iD14L527RsgFFCvM9aH,CONTAINS
2R2L9FEwH7QvMjxPP6zaDT,1S2iD14L527RsgFFCvM9yE,CONTAINS
2R2L9FEwH7QvMjxPP6zaDT,2dODMlejr6rOoAqBgmXk2r,CONTAINS
2R2L9FEwH7QvMjxPP6zaDT,2dODMlejr6rOoAqBgmXk1z,CONTAINS
2R2L9FEwH7QvMjxPP6zaDT,2dODMlejr6rOoAqBgmXkDb,CONTAINS
2R2L9FEwH7QvMjxPP6zaDT,2dODMlejr6rOoAqBgmXkvd,CONTAINS
2R2L9FEwH7QvMjxPP6zaDT,1S2iD14L527RsgFFCvM9vz,CONTAINS
2R2L9FEwH7QvMjxPP6zaDT,1S2iD14L527RsgFFCvM9qo,CONTAINS
2R2L9FEwH7QvMjxPP6zaDT,2dODMlejr6rOoAqBgmXk_V,CONTAINS
2R2L9FEwH7QvMjxPP6zaDT,1S2iD14L527RsgFFCvM8JN,CONTAINS
2R2L9FEwH7QvMjxPP6zaDT,1S2iD14L527RsgFFCvM8GN,CONTAINS
2R2L9FEwH7QvMjxPP6zaDT,1S2iD14L527RsgFFCvM8RF,CONTAINS
2R2L9FEwH7QvMjxPP6zaDT,1S2iD14L527RsgFFCvM9hb,CONTAINS
2R2L9FEwH7QvMjxPP6zaDT,1S2iD14L527RsgFFCvM9eD,CONTAINS
2R2L9FEwH7QvMjxPP6zaDT,1S2iD14L527RsgFFCvM9jl,CONTAINS
2R2L9FEwH7QvMjxPP6zaDT,1S2iD14L527RsgFFCvM8Vd,CONTAINS
2R2L9FEwH7QvMjxPP6zaDT,1S2iD14L527RsgFFCvM8Us,CONTAINS
2R2L9FEwH7QvMjxPP6zaDT,1S2iD14L527RsgFFCvM8QI,CONTAINS
2R2L9FEwH7QvMjxPP6zaDT,1S2iD14L527RsgFFCvM8Tx,CONTAINS
2R2L9FEwH7QvMjxPP6zaDT,1S2iD14L527RsgFFCvM8OX,CONTAINS
2R2L9FEwH7QvMjxPP6zaDT,1S2iD14L527RsgFFCvM8Ps,CONTAINS
2R2L9FEwH7QvMjxPP6z3KC,3QmfkFRoT1E9$A3fuWNC1r,CONTAINS
2R2L9FEwH7QvMjxPP6z3KC,3QmfkFRoT1E9$A3fuWNC5z,CONTAINS
2R2L9FEwH7QvMjxPP6z3KC,3QmfkFRoT1E9$A3fuWNC0O,CONTAINS
2R2L9FEwH7QvMjxPP6z3KC,3QmfkFRoT1E9$A3fuWNC4H,CONTAINS
2R2L9FEwH7QvMjxPP6z3KC,3QmfkFRoT1E9$A3fuWNCEQ,CONTAINS
2R2L9FEwH7QvMjxPP6z3KC,1iyoERsXz2Cv89C$RaT0vL,CONTAINS
2R2L9FEwH7QvMjxPP6z3KC,3QmfkFRoT1E9$A3fuWNCAe,CONTAINS
2R2L9FEwH7QvMjxPP6z3KC,3QmfkFRoT1E9$A3fuWNCy7,CONTAINS
2R2L9FEwH7QvMjxPP6z3KC,3QmfkFRoT1E9$A3fuWNCzL,CONTAINS
2R2L9FEwH7QvMjxPP6z3KC,3QmfkFRoT1E9$A3fuWNC95,CONTAINS
2R2L9FEwH7QvMjxPP6z3KC,3QmfkFRoT1E9$A3fuWNC8H,CONTAINS
2R2L9FEwH7QvMjxPP6z3KC,3QmfkFRoT1E9$A3fuWNC3_,CONTAINS
2R2L9FEwH7QvMjxPP6z3KC,1iyoERsXz2Cv89C$RaT0vG,CONTAINS
2R2L9FEwH7QvMjxPP6z3KC,1iyoERsXz2Cv89C$RaT0vJ,CONTAINS
2R2L9FEwH7QvMjxPP6z3KC,1iyoERsXz2Cv89C$RaT0vN,CONTAINS
2R2L9FEwH7QvMjxPP6z3KC,1iyoERsXz2Cv89C$RaT0vK,CONTAINS
2R2L9FEwH7QvMjxPP6z3KC,1iyoERsXz2Cv89C$RaT0vg,CONTAINS
2R2L9FEwH7QvMjxPP6z3KC,3QmfkFRoT1E9$A3fuWNCR4,CONTAINS
2R2L9FEwH7QvMjxPP6z3KC,3QmfkFRoT1E9$A3fuWNCRI,CONTAINS
2R2L9FEwH7QvMjxPP6z3KC,1iyoERsXz2Cv89C$RaT0vV,CONTAINS
2R2L9FEwH7QvMjxPP6z3KC,1iyoERsXz2Cv89C$RaT0vH,CONTAINS
2R2L9FEwH7QvMjxPP6z3KC,1iyoERsXz2Cv89C$RaT0vM,CONTAINS
2R2L9FEwH7QvMjxPP6z3KC,1iyoERsXz2Cv89C$RaT0vT,CONTAINS
2R2L9FEwH7QvMjxPP6z3KC,1iyoERsXz2Cv89C$RaT0vS,CONTAINS
2R2L9FEwH7QvMjxPP6z3KC,1iyoERsXz2Cv89C$RaT0vI,CONTAINS
2R2L9FEwH7QvMjxPP6z3KC,1iyoERsXz2Cv89C$RaT0vU,CONTAINS
2R2L9FEwH7QvMjxPP6zYsS,06MvY_2Gr0AgeAktGGlSIJ,CONTAINS
2R2L9FEwH7QvMjxPP6zYsS,06MvY_2Gr0AgeAktGGlSLx,CONTAINS
2R2L9FEwH7QvMjxPP6zYsS,06MvY_2Gr0AgeAktGGlSdn,CONTAINS
2R2L9FEwH7QvMjxPP6zYsS,06MvY_2Gr0AgeAktGGlSJ4,CONTAINS
2R2L9FEwH7QvMjxPP6zYsS,06MvY_2Gr0AgeAktGGlSJf,CONTAINS
2R2L9FEwH7QvMjxPP6zYsS,06MvY_2Gr0AgeAktGGlSGu,CONTAINS
2R2L9FEwH7QvMjxPP6zYsS,06MvY_2Gr0AgeAktGGlSI$,CONTAINS
2R2L9FEwH7QvMjxPP6zYsS,06MvY_2Gr0AgeAktGGlSI7,CONTAINS
2R2L9FEwH7QvMjxPP6zYsS,06MvY_2Gr0AgeAktGGlSHR,CONTAINS
2R2L9FEwH7QvMjxPP6zYsS,06MvY_2Gr0AgeAktGGlSG3,CONTAINS
2R2L9FEwH7QvMjxPP6zYsS,06MvY_2Gr0AgeAktGGlSHY,CONTAINS
2R2L9FEwH7QvMjxPP6zYsS,06MvY_2Gr0AgeAktGGlSU3,CONTAINS
2R2L9FEwH7QvMjxPP6z3KC,3RyenZGC9CbOyK8eeC0CuL,CONTAINS
2R2L9FEwH7QvMjxPP6z3KC,3RyenZGC9CbOyK8eeC0C_2,CONTAINS
2R2L9FEwH7QvMjxPP6z3KC,3RyenZGC9CbOyK8eeC0Cme,CONTAINS
2R2L9FEwH7QvMjxPP6z3KC,3RyenZGC9CbOyK8eeC0Ct8,CONTAINS
2R2L9FEwH7QvMjxPP6z3KC,3RyenZGC9CbOyK8eeC0Co_,CONTAINS
2R2L9FEwH7QvMjxPP6z3KC,3RyenZGC9CbOyK8eeC0CwI,CONTAINS
2R2L9FEwH7QvMjxPP6z3KC,3RyenZGC9CbOyK8eeC0Cr1,CONTAINS
2R2L9FEwH7QvMjxPP6z3KC,3RyenZGC9CbOyK8eeC0D8i,CONTAINS
2R2L9FEwH7QvMjxPP6z3KC,3RyenZGC9CbOyK8eeC0DEU,CONTAINS
2R2L9FEwH7QvMjxPP6z3KC,3RyenZGC9CbOyK8eeC0DAl,CONTAINS
2R2L9FEwH7QvMjxPP6z3KC,3RyenZGC9CbOyK8eeC0Cpg,CONTAINS
2R2L9FEwH7QvMjxPP6z3KC,3RyenZGC9CbOyK8eeC0D4o,CONTAINS
2R2L9FEwH7QvMjxPP6z3KC,3RyenZGC9CbOyK8eeC0D6f,CONTAINS
2R2L9FEwH7QvMjxPP6za1i,0$$FjhXnfF7B5Fv7MShCpa,CONTAINS
2R2L9FEwH7QvMjxPP6za1i,0$$FjhXnfF7B5Fv7MShCmz,CONTAINS
2R2L9FEwH7QvMjxPP6za1i,0$$FjhXnfF7B5Fv7MShCmL,CONTAINS
2R2L9FEwH7QvMjxPP6za1i,0$$FjhXnfF7B5Fv7MShC_U,CONTAINS
2R2L9FEwH7QvMjxPP6za1i,0$$FjhXnfF7B5Fv7MShC_3,CONTAINS
2R2L9FEwH7QvMjxPP6za1i,0$$FjhXnfF7B5Fv7MShCnj,CONTAINS
2R2L9FEwH7QvMjxPP6za1i,0$$FjhXnfF7B5Fv7MShC$d,CONTAINS
2R2L9FEwH7QvMjxPP6zaDT,0btauB88LBgOb8ZUIQOcGt,CONTAINS
2R2L9FEwH7QvMjxPP6za1i,1Z$Uq0UWXA29QM6ftvWojY,CONTAINS
2R2L9FEwH7QvMjxPP6za1i,0$$FjhXnfF7B5Fv7MShChi,CONTAINS
2R2L9FEwH7QvMjxPP6zYsS,0btauB88LBgOb8ZUIQOcGr,CONTAINS
2R2L9FEwH7QvMjxPP6z3KC,0btauB88LBgOb8ZUIQOcGq,CONTAINS
2R2L9FEwH7QvMjxPP6za1i,0$$FjhXnfF7B5Fv7MShCfe,CONTAINS
2R2L9FEwH7QvMjxPP6za1i,0$$FjhXnfF7B5Fv7MShCeq,CONTAINS
2R2L9FEwH7QvMjxPP6za1i,0$$FjhXnfF7B5Fv7MShCgP,CONTAINS
2R2L9FEwH7QvMjxPP6za1i,0$$FjhXnfF7B5Fv7MShCsH,CONTAINS
2R2L9FEwH7QvMjxPP6za1i,0$$FjhXnfF7B5Fv7MShCqN,CONTAINS
2R2L9FEwH7QvMjxPP6za1i,0$$FjhXnfF7B5Fv7MShCe9,CONTAINS
2R2L9FEwH7QvMjxPP6za1i,0$$FjhXnfF7B5Fv7MShCs$,CONTAINS
2R2L9FEwH7QvMjxPP6za1i,0$$FjhXnfF7B5Fv7MShCr4,CONTAINS
2R2L9FEwH7QvMjxPP6za1i,0$$FjhXnfF7B5Fv7MShCtX,CONTAINS
2R2L9FEwH7QvMjxPP6za1i,0$$FjhXnfF7B5Fv7MShCrl,CONTAINS
2R2L9FEwH7QvMjxPP6z3KC,24MTLV_1bChwhMysTATnpY,CONTAINS
2R2L9FEwH7QvMjxPP6z3KC,24MTLV_1bChwhMysTATnpZ,CONTAINS
2R2L9FEwH7QvMjxPP6z3KC,24MTLV_1bChwhMysTATnpX,CONTAINS
2R2L9FEwH7QvMjxPP6z3KC,24MTLV_1bChwhMysTATnpU,CONTAINS
2R2L9FEwH7QvMjxPP6z3KC,24MTLV_1bChwhMysTATnpT,CONTAINS
2R2L9FEwH7QvMjxPP6z3KC,24MTLV_1bChwhMysTATnpS,CONTAINS
2R2L9FEwH7QvMjxPP6z3KC,24MTLV_1bChwhMysTATnpW,CONTAINS
2R2L9FEwH7QvMjxPP6z3KC,24MTLV_1bChwhMysTATnpV,CONTAINS
2R2L9FEwH7QvMjxPP6z3KC,24MTLV_1bChwhMysTATnpR,CONTAINS
2R2L9FEwH7QvMjxPP6z3KC,24MTLV_1bChwhMysTATnpQ,CONTAINS
2R2L9FEwH7QvMjxPP6z3KC,24MTLV_1bChwhMysTATnpM,CONTAINS
2R2L9FEwH7QvMjxPP6z3KC,24MTLV_1bChwhMysTATnpO,CONTAINS
2R2L9FEwH7QvMjxPP6z3KC,24MTLV_1bChwhMysTATnpP,CONTAINS
2R2L9FEwH7QvMjxPP6zaDT,0yl1vx7cT3fvY_CprPQvUb,CONTAINS
2R2L9FEwH7QvMjxPP6zaDT,0yl1vx7cT3fvY_CprPQvUg,CONTAINS
2R2L9FEwH7QvMjxPP6zaDT,0yl1vx7cT3fvY_CprPQvUa,CONTAINS
2R2L9FEwH7QvMjxPP6zaDT,0yl1vx7cT3fvY_CprPQvUd,CONTAINS
2R2L9FEwH7QvMjxPP6zaDT,0yl1vx7cT3fvY_CprPQvUc,CONTAINS
2R2L9FEwH7QvMjxPP6zaDT,0yl1vx7cT3fvY_CprPQvUh,CONTAINS
2R2L9FEwH7QvMjxPP6zaDT,0yl1vx7cT3fvY_CprPQvUe,CONTAINS
2R2L9FEwH7QvMjxPP6zaDT,0yl1vx7cT3fvY_CprPQvUf,CONTAINS
2R2L9FEwH7QvMjxPP6zaDT,0yl1vx7cT3fvY_CprPQvUk,CONTAINS
2R2L9FEwH7QvMjxPP6zaDT,0yl1vx7cT3fvY_CprPQvUl,CONTAINS
2R2L9FEwH7QvMjxPP6zaDT,0yl1vx7cT3fvY_CprPQvUi,CONTAINS
2R2L9FEwH7QvMjxPP6zaDT,0yl1vx7cT3fvY_CprPQvUj,CONTAINS
2R2L9FEwH7QvMjxPP6zaDT,3WPfyBzd9CKeHxeqbkyX1A,CONTAINS
2R2L9FEwH7QvMjxPP6zaDT,1xDdNyjX9D_8SqvA7g7iaH,CONTAINS
2R2L9FEwH7QvMjxPP6zaDT,1xDdNyjX9D_8SqvA7g7iyG,CONTAINS
2R2L9FEwH7QvMjxPP6zaDT,1xDdNyjX9D_8SqvA7g7icc,CONTAINS
2R2L9FEwH7QvMjxPP6zaDT,1xDdNyjX9D_8SqvA7g7iYY,CONTAINS
2R2L9FEwH7QvMjxPP6zaDT,1xDdNyjX9D_8SqvA7g7iWy,CONTAINS
2R2L9FEwH7QvMjxPP6zaDT,1xDdNyjX9D_8SqvA7g7iZK,CONTAINS
2R2L9FEwH7QvMjxPP6zaDT,1xDdNyjX9D_8SqvA7g7isZ,CONTAINS
2R2L9FEwH7QvMjxPP6zaDT,1xDdNyjX9D_8SqvA7g7jDy,CONTAINS
2R2L9FEwH7QvMjxPP6zaDT,1xDdNyjX9D_8SqvA7g7jBC,CONTAINS
2R2L9FEwH7QvMjxPP6zaDT,1xDdNyjX9D_8SqvA7g7jBn,CONTAINS
2R2L9FEwH7QvMjxPP6zaDT,1xDdNyjX9D_8SqvA7g7i95,CONTAINS
2R2L9FEwH7QvMjxPP6zaDT,1xDdNyjX9D_8SqvA7g7iFf,CONTAINS
2R2L9FEwH7QvMjxPP6zaDT,1xDdNyjX9D_8SqvA7g7iBr,CONTAINS
2R2L9FEwH7QvMjxPP6zaDT,1xDdNyjX9D_8SqvA7g7huB,CONTAINS
2R2L9FEwH7QvMjxPP6zaDT,1xDdNyjX9D_8SqvA7g7hrf,CONTAINS
2R2L9FEwH7QvMjxPP6zaDT,1xDdNyjX9D_8SqvA7g7hxd,CONTAINS
2R2L9FEwH7QvMjxPP6zaDT,1vygNf4e94iPUvzYKTBVb3,CONTAINS
2R2L9FEwH7QvMjxPP6zaDT,1vygNf4e94iPUvzYKTBVap,CONTAINS
2R2L9FEwH7QvMjxPP6zaDT,0kk0TDyYPE8vgmL0aU_vh6,CONTAINS
2R2L9FEwH7QvMjxPP6zaDT,0kk0TDyYPE8vgmL0aU_vh9,CONTAINS
2R2L9FEwH7QvMjxPP6zaDT,0kk0TDyYPE8vgmL0aU_vhN,CONTAINS
2R2L9FEwH7QvMjxPP6zaDT,0kk0TDyYPE8vgmL0aU_vhM,CONTAINS
2R2L9FEwH7QvMjxPP6zaDT,0kk0TDyYPE8vgmL0aU_vhP,CONTAINS
2R2L9FEwH7QvMjxPP6zaDT,0kk0TDyYPE8vgmL0aU_vhO,CONTAINS
2R2L9FEwH7QvMjxPP6zaDT,0kk0TDyYPE8vgmL0aU_vhQ,CONTAINS
2R2L9FEwH7QvMjxPP6zaDT,0kk0TDyYPE8vgmL0aU_vhR,CONTAINS
2R2L9FEwH7QvMjxPP6zaDT,0kk0TDyYPE8vgmL0aU_vhT,CONTAINS
2R2L9FEwH7QvMjxPP6zaDT,0kk0TDyYPE8vgmL0aU_vhS,CONTAINS
2R2L9FEwH7QvMjxPP6zaDT,1xDdNyjX9D_8SqvA7g7i2C,CONTAINS
2R2L9FEwH7QvMjxPP6zaDT,1xDdNyjX9D_8SqvA7g7iDl,CONTAINS
2R2L9FEwH7QvMjxPP6zaDT,1xDdNyjX9D_8SqvA7g7i7F,CONTAINS
2R2L9FEwH7QvMjxPP6zaDT,1xDdNyjX9D_8SqvA7g7iON,CONTAINS
2R2L9FEwH7QvMjxPP6zaDT,1xDdNyjX9D_8SqvA7g7iIj,CONTAINS
2R2L9FEwH7QvMjxPP6zaDT,1xDdNyjX9D_8SqvA7g7iSH,CONTAINS
2R2L9FEwH7QvMjxPP6zaDT,1xDdNyjX9D_8SqvA7g7ifx,CONTAINS
2R2L9FEwH7QvMjxPP6zaDT,1xDdNyjX9D_8SqvA7g7i4Z,CONTAINS
2R2L9FEwH7QvMjxPP6zaDT,1xDdNyjX9D_8SqvA7g7il0,CONTAINS
2R2L9FEwH7QvMjxPP6zaDT,0kk0TDyYPE8vgmL0aU_vhV,CONTAINS
2R2L9FEwH7QvMjxPP6zaDT,1xDdNyjX9D_8SqvA7g7ih1,CONTAINS
2R2L9FEwH7QvMjxPP6zaDT,0kk0TDyYPE8vgmL0aU_vh0,CONTAINS
2R2L9FEwH7QvMjxPP6zaDT,0kk0TDyYPE8vgmL0aU_vh1,CONTAINS
2R2L9FEwH7QvMjxPP6zaDT,0kk0TDyYPE8vgmL0aU_vhU,CONTAINS
2R2L9FEwH7QvMjxPP6zaDT,0kk0TDyYPE8vgmL0aU_vh2,CONTAINS
2R2L9FEwH7QvMjxPP6zaDT,0kk0TDyYPE8vgmL0aU_vh3,CONTAINS
2R2L9FEwH7QvMjxPP6zaDT,0kk0TDyYPE8vgmL0aU_vh4,CONTAINS
2R2L9FEwH7QvMjxPP6zaDT,0kk0TDyYPE8vgmL0aU_vh5,CONTAINS
2R2L9FEwH7QvMjxPP6zaDT,0kk0TDyYPE8vgmL0aU_vh7,CONTAINS
2R2L9FEwH7QvMjxPP6za1o,0GOXfJHZDECOOvdC44FgVW,CONTAINS
2R2L9FEwH7QvMjxPP6za1o,0GOXfJHZDECOOvdC44FgVl,CONTAINS
2R2L9FEwH7QvMjxPP6za1o,0GOXfJHZDECOOvdC44FgVY,CONTAINS
2R2L9FEwH7QvMjxPP6za1o,0GOXfJHZDECOOvdC44FgVX,CONTAINS
2R2L9FEwH7QvMjxPP6za1o,0GOXfJHZDECOOvdC44FgVZ,CONTAINS
2R2L9FEwH7QvMjxPP6za3_,1xyJZhi6H8VuBXYo7zZxJJ,CONTAINS
2R2L9FEwH7QvMjxPP6za3_,1xyJZhi6H8VuBXYo7zZxJd,CONTAINS
2R2L9FEwH7QvMjxPP6za3_,1xyJZhi6H8VuBXYo7zZxJc,CONTAINS
2R2L9FEwH7QvMjxPP6za3_,1xyJZhi6H8VuBXYo7zZxJa,CONTAINS
2R2L9FEwH7QvMjxPP6za3_,1xyJZhi6H8VuBXYo7zZxJb,CONTAINS
2R2L9FEwH7QvMjxPP6za3_,1xyJZhi6H8VuBXYo7zZxJY,CONTAINS
2R2L9FEwH7QvMjxPP6za3_,1xyJZhi6H8VuBXYo7zZxJX,CONTAINS
2R2L9FEwH7QvMjxPP6za3_,1xyJZhi6H8VuBXYo7zZxJW,CONTAINS
2R2L9FEwH7QvMjxPP6za3_,1xyJZhi6H8VuBXYo7zZxJZ,CONTAINS
2R2L9FEwH7QvMjxPP6za3_,1xyJZhi6H8VuBXYo7zZxJS,CONTAINS
2R2L9FEwH7QvMjxPP6za3_,1xyJZhi6H8VuBXYo7zZxJV,CONTAINS
2R2L9FEwH7QvMjxPP6za3_,1xyJZhi6H8VuBXYo7zZxJU,CONTAINS
2R2L9FEwH7QvMjxPP6za3_,1xyJZhi6H8VuBXYo7zZxJI,CONTAINS
2R2L9FEwH7QvMjxPP6za3_,1xyJZhi6H8VuBXYo7zZxJT,CONTAINS
2R2L9FEwH7QvMjxPP6za3_,1xyJZhi6H8VuBXYo7zZxJR,CONTAINS
2R2L9FEwH7QvMjxPP6za3_,1xyJZhi6H8VuBXYo7zZxJQ,CONTAINS
2R2L9FEwH7QvMjxPP6za3_,1xyJZhi6H8VuBXYo7zZxJP,CONTAINS
2R2L9FEwH7QvMjxPP6za3_,1xyJZhi6H8VuBXYo7zZxJO,CONTAINS
2R2L9FEwH7QvMjxPP6za1o,0GOXfJHZDECOOvdC44FgVw,CONTAINS
2R2L9FEwH7QvMjxPP6za1o,0GOXfJHZDECOOvdC44FgVx,CONTAINS
2R2L9FEwH7QvMjxPP6za1o,0GOXfJHZDECOOvdC44FgVv,CONTAINS
2R2L9FEwH7QvMjxPP6za1o,0GOXfJHZDECOOvdC44FgVz,CONTAINS
2R2L9FEwH7QvMjxPP6za1o,0GOXfJHZDECOOvdC44FgVb,CONTAINS
2R2L9FEwH7QvMjxPP6za1o,0GOXfJHZDECOOvdC44FgVa,CONTAINS
2R2L9FEwH7QvMjxPP6za1o,0GOXfJHZDECOOvdC44FgVu,CONTAINS
2R2L9FEwH7QvMjxPP6za1o,0GOXfJHZDECOOvdC44FgVd,CONTAINS
2R2L9FEwH7QvMjxPP6za1o,0GOXfJHZDECOOvdC44FgVc,CONTAINS
2R2L9FEwH7QvMjxPP6za1o,0GOXfJHZDECOOvdC44FgVn,CONTAINS
2R2L9FEwH7QvMjxPP6za3_,1xyJZhi6H8VuBXYo7zZxJj,CONTAINS
2R2L9FEwH7QvMjxPP6za1o,0GOXfJHZDECOOvdC44FgVy,CONTAINS
2R2L9FEwH7QvMjxPP6za1o,0GOXfJHZDECOOvdC44FgVm,CONTAINS
2R2L9FEwH7QvMjxPP6za1o,0GOXfJHZDECOOvdC44FgV_,CONTAINS
2R2L9FEwH7QvMjxPP6za1o,0GOXfJHZDECOOvdC44FgV$,CONTAINS
2R2L9FEwH7QvMjxPP6z3KC,2kGTfvFEP5Q8Tg9oUeyJY7,CONTAINS
2R2L9FEwH7QvMjxPP6z3KC,2kGTfvFEP5Q8Tg9oUeyJYA,CONTAINS
2R2L9FEwH7QvMjxPP6z3KC,2kGTfvFEP5Q8Tg9oUeyJY9,CONTAINS
2R2L9FEwH7QvMjxPP6z3KC,2kGTfvFEP5Q8Tg9oUeyJY8,CONTAINS
2R2L9FEwH7QvMjxPP6z3KC,2kGTfvFEP5Q8Tg9oUeyJYC,CONTAINS
2R2L9FEwH7QvMjxPP6z3KC,2kGTfvFEP5Q8Tg9oUeyJY5,CONTAINS
2R2L9FEwH7QvMjxPP6z3KC,2kGTfvFEP5Q8Tg9oUeyJY6,CONTAINS
2R2L9FEwH7QvMjxPP6z3KC,2kGTfvFEP5Q8Tg9oUeyJYB,CONTAINS
2R2L9FEwH7QvMjxPP6z3KC,2kGTfvFEP5Q8Tg9oUeyJY4,CONTAINS
2R2L9FEwH7QvMjxPP6z3KC,2kGTfvFEP5Q8Tg9oUeyJYD,CONTAINS
2R2L9FEwH7QvMjxPP6z3KC,2kGTfvFEP5Q8Tg9oUeyJYE,CONTAINS
2R2L9FEwH7QvMjxPP6z3KC,2kGTfvFEP5Q8Tg9oUeyJYF,CONTAINS
2R2L9FEwH7QvMjxPP6za06,3WJ7AA5fnD48zebolJt0qF,CONTAINS
2R2L9FEwH7QvMjxPP6za06,3WJ7AA5fnD48zebolJt0qD,CONTAINS
2R2L9FEwH7QvMjxPP6za06,3WJ7AA5fnD48zebolJt1Bm,CONTAINS
2R2L9FEwH7QvMjxPP6za06,3WJ7AA5fnD48zebolJt0qZ,CONTAINS
2R2L9FEwH7QvMjxPP6za06,3WJ7AA5fnD48zebolJt0qC,CONTAINS
2R2L9FEwH7QvMjxPP6za06,3WJ7AA5fnD48zebolJt0qa,CONTAINS
2R2L9FEwH7QvMjxPP6za06,3WJ7AA5fnD48zebolJt0qB,CONTAINS
2R2L9FEwH7QvMjxPP6za06,3WJ7AA5fnD48zebolJt0qE,CONTAINS
2R2L9FEwH7QvMjxPP6za06,3WJ7AA5fnD48zebolJt0qw,CONTAINS
2R2L9FEwH7QvMjxPP6za06,3WJ7AA5fnD48zebolJt0qv,CONTAINS
2R2L9FEwH7QvMjxPP6za06,3WJ7AA5fnD48zebolJt0qu,CONTAINS
2R2L9FEwH7QvMjxPP6za06,3WJ7AA5fnD48zebolJt0qY,CONTAINS
2R2L9FEwH7QvMjxPP6za06,3WJ7AA5fnD48zebolJt0qW,CONTAINS
2R2L9FEwH7QvMjxPP6za06,3WJ7AA5fnD48zebolJt0qX,CONTAINS
2R2L9FEwH7QvMjxPP6za06,3WJ7AA5fnD48zebolJt0q$,CONTAINS
2R2L9FEwH7QvMjxPP6za06,3WJ7AA5fnD48zebolJt0q_,CONTAINS
2R2L9FEwH7QvMjxPP6za06,3WJ7AA5fnD48zebolJt0qy,CONTAINS
2R2L9FEwH7QvMjxPP6za06,3WJ7AA5fnD48zebolJt0qz,CONTAINS
2R2L9FEwH7QvMjxPP6za06,3WJ7AA5fnD48zebolJt0qx,CONTAINS
2R2L9FEwH7QvMjxPP6za0m,0_3YgL4094SPd6D24gGZO3,CONTAINS
2R2L9FEwH7QvMjxPP6za0m,0_3YgL4094SPd6D24gGZO0,CONTAINS
2R2L9FEwH7QvMjxPP6za0m,0_3YgL4094SPd6D24gGZO2,CONTAINS
2R2L9FEwH7QvMjxPP6za0m,0_3YgL4094SPd6D24gGZO1,CONTAINS
2R2L9FEwH7QvMjxPP6za0m,0_3YgL4094SPd6D24gGZVf,CONTAINS
2R2L9FEwH7QvMjxPP6za0m,0_3YgL4094SPd6D24gGZVl,CONTAINS
2R2L9FEwH7QvMjxPP6za0m,0_3YgL4094SPd6D24gGZVi,CONTAINS
2R2L9FEwH7QvMjxPP6za0m,0_3YgL4094SPd6D24gGZVg,CONTAINS
2R2L9FEwH7QvMjxPP6za0m,0_3YgL4094SPd6D24gGZVj,CONTAINS
2R2L9FEwH7QvMjxPP6za0m,0_3YgL4094SPd6D24gGZVe,CONTAINS
2R2L9FEwH7QvMjxPP6za0m,0_3YgL4094SPd6D24gGZVh,CONTAINS
2R2L9FEwH7QvMjxPP6za0m,0_3YgL4094SPd6D24gGZOK,CONTAINS
2R2L9FEwH7QvMjxPP6za0m,0_3YgL4094SPd6D24gGZON,CONTAINS
2R2L9FEwH7QvMjxPP6za0m,0_3YgL4094SPd6D24gGZOI,CONTAINS
2R2L9FEwH7QvMjxPP6za0m,0_3YgL4094SPd6D24gGZOL,CONTAINS
2R2L9FEwH7QvMjxPP6za0m,0_3YgL4094SPd6D24gGZOH,CONTAINS
2R2L9FEwH7QvMjxPP6za0m,0_3YgL4094SPd6D24gGZOG,CONTAINS
2R2L9FEwH7QvMjxPP6za0m,0_3YgL4094SPd6D24gGZOJ,CONTAINS
2R2L9FEwH7QvMjxPP6za0m,0_3YgL4094SPd6D24gGZVk,CONTAINS
2R2L9FEwH7QvMjxPP6za0m,0_3YgL4094SPd6D24gGZOS,CONTAINS
2R2L9FEwH7QvMjxPP6za0m,0_3YgL4094SPd6D24gGZOV,CONTAINS
2R2L9FEwH7QvMjxPP6za0m,0_3YgL4094SPd6D24gGZOR,CONTAINS
2R2L9FEwH7QvMjxPP6za0m,0_3YgL4094SPd6D24gGZOT,CONTAINS
2R2L9FEwH7QvMjxPP6za0m,0_3YgL4094SPd6D24gGZOP,CONTAINS
2R2L9FEwH7QvMjxPP6za0m,0_3YgL4094SPd6D24gGZOQ,CONTAINS
2R2L9FEwH7QvMjxPP6za0m,0_3YgL4094SPd6D24gGZOO,CONTAINS
2R2L9FEwH7QvMjxPP6za0m,0_3YgL4094SPd6D24gGZOM,CONTAINS
2R2L9FEwH7QvMjxPP6za0m,0_3YgL4094SPd6D24gGZOU,CONTAINS
2R2L9FEwH7QvMjxPP6_uPY,3pAmqgtYj5ufKF9VLbwpgu,CONTAINS
2R2L9FEwH7QvMjxPP6_uPY,3pAmqgtYj5ufKF9VLbwpgb,CONTAINS
2R2L9FEwH7QvMjxPP6_uPY,3pAmqgtYj5ufKF9VLbwpgw,CONTAINS
2R2L9FEwH7QvMjxPP6za06,3pAmqgtYj5ufKF9VLbwphp,CONTAINS
2R2L9FEwH7QvMjxPP6za06,3pAmqgtYj5ufKF9VLbwpho,CONTAINS
2R2L9FEwH7QvMjxPP6za06,3pAmqgtYj5ufKF9VLbwphz,CONTAINS
2R2L9FEwH7QvMjxPP6za06,3pAmqgtYj5ufKF9VLbwphy,CONTAINS
2R2L9FEwH7QvMjxPP6za06,3pAmqgtYj5ufKF9VLbwph$,CONTAINS
2R2L9FEwH7QvMjxPP6_uPY,3pAmqgtYj5ufKF9VLbwpgo,CONTAINS
2R2L9FEwH7QvMjxPP6_uPY,3pAmqgtYj5ufKF9VLbwpgz,CONTAINS
2R2L9FEwH7QvMjxPP6za06,3pAmqgtYj5ufKF9VLbwpKA,CONTAINS
2R2L9FEwH7QvMjxPP6za06,3pAmqgtYj5ufKF9VLbwpKB,CONTAINS
2R2L9FEwH7QvMjxPP6za06,3pAmqgtYj5ufKF9VLbwphr,CONTAINS
2R2L9FEwH7QvMjxPP6za06,3pAmqgtYj5ufKF9VLbwpht,CONTAINS
2R2L9FEwH7QvMjxPP6za06,3pAmqgtYj5ufKF9VLbwphq,CONTAINS
2R2L9FEwH7QvMjxPP6za06,3pAmqgtYj5ufKF9VLbwphs,CONTAINS
2R2L9FEwH7QvMjxPP6za06,3pAmqgtYj5ufKF9VLbwphm,CONTAINS
2R2L9FEwH7QvMjxPP6za06,3pAmqgtYj5ufKF9VLbwphn,CONTAINS
2R2L9FEwH7QvMjxPP6za06,3pAmqgtYj5ufKF9VLbwpKC,CONTAINS
2R2L9FEwH7QvMjxPP6za06,3pAmqgtYj5ufKF9VLbwpKD,CONTAINS
2R2L9FEwH7QvMjxPP6za06,3pAmqgtYj5ufKF9VLbwpK8,CONTAINS
2R2L9FEwH7QvMjxPP6za06,3pAmqgtYj5ufKF9VLbwpK2,CONTAINS
2R2L9FEwH7QvMjxPP6za06,3pAmqgtYj5ufKF9VLbwpKE,CONTAINS
2R2L9FEwH7QvMjxPP6za06,3pAmqgtYj5ufKF9VLbwpK9,CONTAINS
2R2L9FEwH7QvMjxPP6za06,3pAmqgtYj5ufKF9VLbwpKF,CONTAINS
2R2L9FEwH7QvMjxPP6za06,3pAmqgtYj5ufKF9VLbwpK4,CONTAINS
2R2L9FEwH7QvMjxPP6za06,3pAmqgtYj5ufKF9VLbwpK5,CONTAINS
2R2L9FEwH7QvMjxPP6za06,3pAmqgtYj5ufKF9VLbwpK7,CONTAINS
2R2L9FEwH7QvMjxPP6za06,3pAmqgtYj5ufKF9VLbwpK0,CONTAINS
2R2L9FEwH7QvMjxPP6za06,3pAmqgtYj5ufKF9VLbwpK1,CONTAINS
2R2L9FEwH7QvMjxPP6za06,3pAmqgtYj5ufKF9VLbwpKQ,CONTAINS
2R2L9FEwH7QvMjxPP6za06,3pAmqgtYj5ufKF9VLbwpK3,CONTAINS
2R2L9FEwH7QvMjxPP6za06,3pAmqgtYj5ufKF9VLbwpKS,CONTAINS
2R2L9FEwH7QvMjxPP6za06,3pAmqgtYj5ufKF9VLbwpKV,CONTAINS
2R2L9FEwH7QvMjxPP6za06,3pAmqgtYj5ufKF9VLbwpK6,CONTAINS
2R2L9FEwH7QvMjxPP6za06,3pAmqgtYj5ufKF9VLbwpKT,CONTAINS
2R2L9FEwH7QvMjxPP6za06,3pAmqgtYj5ufKF9VLbwpKO,CONTAINS
2R2L9FEwH7QvMjxPP6za06,3pAmqgtYj5ufKF9VLbwpKP,CONTAINS
2R2L9FEwH7QvMjxPP6za06,3pAmqgtYj5ufKF9VLbwpKU,CONTAINS
2R2L9FEwH7QvMjxPP6za06,3pAmqgtYj5ufKF9VLbwpKR,CONTAINS
2R2L9FEwH7QvMjxPP6za06,3pAmqgtYj5ufKF9VLbwpKL,CONTAINS
2R2L9FEwH7QvMjxPP6za06,3pAmqgtYj5ufKF9VLbwpKM,CONTAINS
2R2L9FEwH7QvMjxPP6za06,3pAmqgtYj5ufKF9VLbwpKN,CONTAINS
2R2L9FEwH7QvMjxPP6za06,3pAmqgtYj5ufKF9VLbwpKH,CONTAINS
2R2L9FEwH7QvMjxPP6za06,3pAmqgtYj5ufKF9VLbwpKI,CONTAINS
2R2L9FEwH7QvMjxPP6za06,3pAmqgtYj5ufKF9VLbwpKJ,CONTAINS
2R2L9FEwH7QvMjxPP6za06,3pAmqgtYj5ufKF9VLbwpKK,CONTAINS
2R2L9FEwH7QvMjxPP6za06,3pAmqgtYj5ufKF9VLbwpKG,CONTAINS
2R2L9FEwH7QvMjxPP6_uPY,3pAmqgtYj5ufKF9VLbwpg7,CONTAINS
2R2L9FEwH7QvMjxPP6_uPY,3pAmqgtYj5ufKF9VLbwpg6,CONTAINS
2R2L9FEwH7QvMjxPP6_uPY,3pAmqgtYj5ufKF9VLbwpg4,CONTAINS
2R2L9FEwH7QvMjxPP6za1o,3pAmqgtYj5ufKF9VLbwpf7,CONTAINS
2R2L9FEwH7QvMjxPP6_uPY,3pAmqgtYj5ufKF9VLbwpg1,CONTAINS
2R2L9FEwH7QvMjxPP6za1o,3pAmqgtYj5ufKF9VLbwpf4,CONTAINS
2R2L9FEwH7QvMjxPP6za1o,3pAmqgtYj5ufKF9VLbwpf6,CONTAINS
2R2L9FEwH7QvMjxPP6za1o,3pAmqgtYj5ufKF9VLbwpf0,CONTAINS
2R2L9FEwH7QvMjxPP6za1o,3pAmqgtYj5ufKF9VLbwpf1,CONTAINS
2R2L9FEwH7QvMjxPP6za1o,3pAmqgtYj5ufKF9VLbwpfD,CONTAINS
2R2L9FEwH7QvMjxPP6za1o,3pAmqgtYj5ufKF9VLbwpf2,CONTAINS
2R2L9FEwH7QvMjxPP6za1o,3pAmqgtYj5ufKF9VLbwpfC,CONTAINS
2R2L9FEwH7QvMjxPP6_uPY,3pAmqgtYj5ufKF9VLbwpgJ,CONTAINS
2R2L9FEwH7QvMjxPP6_uPY,3pAmqgtYj5ufKF9VLbwpgH,CONTAINS
2R2L9FEwH7QvMjxPP6_uPY,3pAmqgtYj5ufKF9VLbwpgS,CONTAINS
2R2L9FEwH7QvMjxPP6_uPY,3pAmqgtYj5ufKF9VLbwpgT,CONTAINS
2R2L9FEwH7QvMjxPP6_uPY,3pAmqgtYj5ufKF9VLbwpgI,CONTAINS
2R2L9FEwH7QvMjxPP6_uPY,3pAmqgtYj5ufKF9VLbwpgO,CONTAINS
2R2L9FEwH7QvMjxPP6_uPY,3pAmqgtYj5ufKF9VLbwpgP,CONTAINS
2R2L9FEwH7QvMjxPP6_uPY,3pAmqgtYj5ufKF9VLbwpgU,CONTAINS
2R2L9FEwH7QvMjxPP6_uPY,3pAmqgtYj5ufKF9VLbwpgV,CONTAINS
2R2L9FEwH7QvMjxPP6_uPY,3pAmqgtYj5ufKF9VLbwpg5,CONTAINS
2R2L9FEwH7QvMjxPP6_uPY,3pAmqgtYj5ufKF9VLbwpgQ,CONTAINS
2R2L9FEwH7QvMjxPP6_uPY,3pAmqgtYj5ufKF9VLbwpgR,CONTAINS
2R2L9FEwH7QvMjxPP6_uPY,3pAmqgtYj5ufKF9VLbwpgi,CONTAINS
2R2L9FEwH7QvMjxPP6_uPY,3pAmqgtYj5ufKF9VLbwpgk,CONTAINS
2R2L9FEwH7QvMjxPP6_uPY,3pAmqgtYj5ufKF9VLbwpgl,CONTAINS
2R2L9FEwH7QvMjxPP6_uPY,3pAmqgtYj5ufKF9VLbwpge,CONTAINS
2R2L9FEwH7QvMjxPP6_uPY,3pAmqgtYj5ufKF9VLbwpgf,CONTAINS
2R2L9FEwH7QvMjxPP6_uPY,3pAmqgtYj5ufKF9VLbwpgg,CONTAINS
2R2L9FEwH7QvMjxPP6_uPY,3pAmqgtYj5ufKF9VLbwpgh,CONTAINS
2R2L9FEwH7QvMjxPP6_uPY,3pAmqgtYj5ufKF9VLbwpgK,CONTAINS
2R2L9FEwH7QvMjxPP6_uPY,3pAmqgtYj5ufKF9VLbwpgL,CONTAINS
2R2L9FEwH7QvMjxPP6_uPY,3pAmqgtYj5ufKF9VLbwpgM,CONTAINS
2R2L9FEwH7QvMjxPP6_uPY,3pAmqgtYj5ufKF9VLbwpgN,CONTAINS
2R2L9FEwH7QvMjxPP6_uPY,3pAmqgtYj5ufKF9VLbwpgG,CONTAINS
2R2L9FEwH7QvMjxPP6_uPY,3pAmqgtYj5ufKF9VLbwpg_,CONTAINS
2R2L9FEwH7QvMjxPP6_uPY,3pAmqgtYj5ufKF9VLbwpgx,CONTAINS
2R2L9FEwH7QvMjxPP6_uPY,3pAmqgtYj5ufKF9VLbwpgv,CONTAINS
2R2L9FEwH7QvMjxPP6_uPY,3pAmqgtYj5ufKF9VLbwpg$,CONTAINS
2R2L9FEwH7QvMjxPP6_uPY,3pAmqgtYj5ufKF9VLbwpgy,CONTAINS
2R2L9FEwH7QvMjxPP6_uPY,3pAmqgtYj5ufKF9VLbwpgY,CONTAINS
2R2L9FEwH7QvMjxPP6_uPY,3pAmqgtYj5ufKF9VLbwpgW,CONTAINS
2R2L9FEwH7QvMjxPP6_uPY,3pAmqgtYj5ufKF9VLbwpgj,CONTAINS
2R2L9FEwH7QvMjxPP6_uPY,3pAmqgtYj5ufKF9VLbwpgc,CONTAINS
2R2L9FEwH7QvMjxPP6_uPY,3pAmqgtYj5ufKF9VLbwpgZ,CONTAINS
2R2L9FEwH7QvMjxPP6_uPY,3pAmqgtYj5ufKF9VLbwpgX,CONTAINS
2R2L9FEwH7QvMjxPP6_uPY,3pAmqgtYj5ufKF9VLbwpgd,CONTAINS
2R2L9FEwH7QvMjxPP6_uPY,3pAmqgtYj5ufKF9VLbwpga,CONTAINS
2R2L9FEwH7QvMjxPP6$hNV,3pAmqgtYj5ufKF9VLbwplS,CONTAINS
2R2L9FEwH7QvMjxPP6$hNV,3pAmqgtYj5ufKF9VLbwplH,CONTAINS
2R2L9FEwH7QvMjxPP6$hNV,3pAmqgtYj5ufKF9VLbwplI,CONTAINS
2R2L9FEwH7QvMjxPP6$hNV,3pAmqgtYj5ufKF9VLbwplV,CONTAINS
2R2L9FEwH7QvMjxPP6$hNV,3pAmqgtYj5ufKF9VLbwplT,CONTAINS
2R2L9FEwH7QvMjxPP6za1o,3pAmqgtYj5ufKF9VLbwpec,CONTAINS
2R2L9FEwH7QvMjxPP6$hNV,3pAmqgtYj5ufKF9VLbwplM,CONTAINS
2R2L9FEwH7QvMjxPP6$hNV,3pAmqgtYj5ufKF9VLbwplK,CONTAINS
2R2L9FEwH7QvMjxPP6$hNV,3pAmqgtYj5ufKF9VLbwplL,CONTAINS
2R2L9FEwH7QvMjxPP6$hNV,3pAmqgtYj5ufKF9VLbwplJ,CONTAINS
2R2L9FEwH7QvMjxPP6$hNV,3pAmqgtYj5ufKF9VLbwplG,CONTAINS
2R2L9FEwH7QvMjxPP6za1o,3pAmqgtYj5ufKF9VLbwpel,CONTAINS
2R2L9FEwH7QvMjxPP6za1o,3pAmqgtYj5ufKF9VLbwpei,CONTAINS
2R2L9FEwH7QvMjxPP6za1o,3pAmqgtYj5ufKF9VLbwpej,CONTAINS
2R2L9FEwH7QvMjxPP6$hNV,3pAmqgtYj5ufKF9VLbwplk,CONTAINS
2R2L9FEwH7QvMjxPP6za1o,3pAmqgtYj5ufKF9VLbwpeh,CONTAINS
2R2L9FEwH7QvMjxPP6za1o,3pAmqgtYj5ufKF9VLbwpee,CONTAINS
2R2L9FEwH7QvMjxPP6za1o,3pAmqgtYj5ufKF9VLbwped,CONTAINS
2R2L9FEwH7QvMjxPP6za1o,3pAmqgtYj5ufKF9VLbwpea,CONTAINS
2R2L9FEwH7QvMjxPP6za1o,3pAmqgtYj5ufKF9VLbwpeY,CONTAINS
2R2L9FEwH7QvMjxPP6za1o,3pAmqgtYj5ufKF9VLbwpeZ,CONTAINS
2R2L9FEwH7QvMjxPP6za1o,3pAmqgtYj5ufKF9VLbwpeW,CONTAINS
2R2L9FEwH7QvMjxPP6za1o,3pAmqgtYj5ufKF9VLbwpeX,CONTAINS
2R2L9FEwH7QvMjxPP6za1o,3pAmqgtYj5ufKF9VLbwpek,CONTAINS
2R2L9FEwH7QvMjxPP6za1o,3pAmqgtYj5ufKF9VLbwpe_,CONTAINS
2R2L9FEwH7QvMjxPP6za1o,3pAmqgtYj5ufKF9VLbwpev,CONTAINS
2R2L9FEwH7QvMjxPP6za1o,3pAmqgtYj5ufKF9VLbwpey,CONTAINS
2R2L9FEwH7QvMjxPP6za1o,3pAmqgtYj5ufKF9VLbwpeo,CONTAINS
2R2L9FEwH7QvMjxPP6za1o,3pAmqgtYj5ufKF9VLbwpez,CONTAINS
2R2L9FEwH7QvMjxPP6za1o,3pAmqgtYj5ufKF9VLbwpep,CONTAINS
2R2L9FEwH7QvMjxPP6za1o,3pAmqgtYj5ufKF9VLbwpeu,CONTAINS
2R2L9FEwH7QvMjxPP6za1o,3pAmqgtYj5ufKF9VLbwpex,CONTAINS
2R2L9FEwH7QvMjxPP6za1o,3pAmqgtYj5ufKF9VLbwpef,CONTAINS
2R2L9FEwH7QvMjxPP6za1o,3pAmqgtYj5ufKF9VLbwpe$,CONTAINS
2R2L9FEwH7QvMjxPP6za1o,3pAmqgtYj5ufKF9VLbwpew,CONTAINS
2R2L9FEwH7QvMjxPP6za1o,3pAmqgtYj5ufKF9VLbwpeb,CONTAINS
2R2L9FEwH7QvMjxPP6za1o,3pAmqgtYj5ufKF9VLbwpfF,CONTAINS
2R2L9FEwH7QvMjxPP6za1o,3pAmqgtYj5ufKF9VLbwpfE,CONTAINS
2R2L9FEwH7QvMjxPP6za1o,3pAmqgtYj5ufKF9VLbwpeq,CONTAINS
2R2L9FEwH7QvMjxPP6za1o,3pAmqgtYj5ufKF9VLbwpf8,CONTAINS
2R2L9FEwH7QvMjxPP6za1o,3pAmqgtYj5ufKF9VLbwpf3,CONTAINS
2R2L9FEwH7QvMjxPP6za1o,3pAmqgtYj5ufKF9VLbwpf9,CONTAINS
2R2L9FEwH7QvMjxPP6za1o,3pAmqgtYj5ufKF9VLbwpem,CONTAINS
2R2L9FEwH7QvMjxPP6za1o,3pAmqgtYj5ufKF9VLbwpes,CONTAINS
2R2L9FEwH7QvMjxPP6za1o,3pAmqgtYj5ufKF9VLbwpet,CONTAINS
2R2L9FEwH7QvMjxPP6za1o,3pAmqgtYj5ufKF9VLbwpfA,CONTAINS
2R2L9FEwH7QvMjxPP6za1o,3pAmqgtYj5ufKF9VLbwper,CONTAINS
2R2L9FEwH7QvMjxPP6za1o,3pAmqgtYj5ufKF9VLbwpen,CONTAINS
2R2L9FEwH7QvMjxPP6za1o,3pAmqgtYj5ufKF9VLbwpfB,CONTAINS
2R2L9FEwH7QvMjxPP6$hNV,3pAmqgtYj5ufKF9VLbwpl8,CONTAINS
2R2L9FEwH7QvMjxPP6$hNV,3pAmqgtYj5ufKF9VLbwpl9,CONTAINS
2R2L9FEwH7QvMjxPP6$hNV,3pAmqgtYj5ufKF9VLbwplE,CONTAINS
2R2L9FEwH7QvMjxPP6$hNV,3pAmqgtYj5ufKF9VLbwplF,CONTAINS
2R2L9FEwH7QvMjxPP6za0m,2NWO0x1wbC0Q9JqftbpFh1,CONTAINS
2R2L9FEwH7QvMjxPP6za0m,2NWO0x1wbC0Q9JqftbpFhE,CONTAINS
2R2L9FEwH7QvMjxPP6$hNV,3pAmqgtYj5ufKF9VLbwpks,CONTAINS
2R2L9FEwH7QvMjxPP6$hNV,3pAmqgtYj5ufKF9VLbwpkt,CONTAINS
2R2L9FEwH7QvMjxPP6$hNV,3pAmqgtYj5ufKF9VLbwpkq,CONTAINS
2R2L9FEwH7QvMjxPP6$hNV,3pAmqgtYj5ufKF9VLbwpkr,CONTAINS
2R2L9FEwH7QvMjxPP6$hNV,3pAmqgtYj5ufKF9VLbwplA,CONTAINS
2R2L9FEwH7QvMjxPP6$hNV,3pAmqgtYj5ufKF9VLbwplB,CONTAINS
2R2L9FEwH7QvMjxPP6$tUo,2NWO0x1wbC0Q9JqftbpFhf,CONTAINS
2R2L9FEwH7QvMjxPP6$tUo,2NWO0x1wbC0Q9JqftbpFht,CONTAINS
2R2L9FEwH7QvMjxPP6$tUo,2NWO0x1wbC0Q9JqftbpFhs,CONTAINS
2R2L9FEwH7QvMjxPP6$tUo,2NWO0x1wbC0Q9JqftbpFhr,CONTAINS
2R2L9FEwH7QvMjxPP6$tUo,2NWO0x1wbC0Q9JqftbpFhq,CONTAINS
2R2L9FEwH7QvMjxPP6za0m,2NWO0x1wbC0Q9JqftbpFh0,CONTAINS
2R2L9FEwH7QvMjxPP6za0m,2NWO0x1wbC0Q9JqftbpFh3,CONTAINS
2R2L9FEwH7QvMjxPP6za0m,2NWO0x1wbC0Q9JqftbpFhC,CONTAINS
2R2L9FEwH7QvMjxPP6za0m,2NWO0x1wbC0Q9JqftbpFhF,CONTAINS
2R2L9FEwH7QvMjxPP6za06,2NWO0x1wbC0Q9JqftbpFh9,CONTAINS
2R2L9FEwH7QvMjxPP6za06,2NWO0x1wbC0Q9JqftbpFh8,CONTAINS
2R2L9FEwH7QvMjxPP6za06,2NWO0x1wbC0Q9JqftbpFhM,CONTAINS
2R2L9FEwH7QvMjxPP6$tUo,2NWO0x1wbC0Q9JqftbpFhe,CONTAINS
2R2L9FEwH7QvMjxPP6za06,2NWO0x1wbC0Q9JqftbpFhN,CONTAINS
2R2L9FEwH7QvMjxPP6$hNV,3pAmqgtYj5ufKF9VLbwpl2,CONTAINS
2R2L9FEwH7QvMjxPP6$hNV,3pAmqgtYj5ufKF9VLbwpl3,CONTAINS
2R2L9FEwH7QvMjxPP6$hNV,3pAmqgtYj5ufKF9VLbwpl1,CONTAINS
2R2L9FEwH7QvMjxPP6$hNV,3pAmqgtYj5ufKF9VLbwpl0,CONTAINS
2R2L9FEwH7QvMjxPP6$hNV,3pAmqgtYj5ufKF9VLbwpl6,CONTAINS
2R2L9FEwH7QvMjxPP6$hNV,3pAmqgtYj5ufKF9VLbwplf,CONTAINS
2R2L9FEwH7QvMjxPP6$hNV,3pAmqgtYj5ufKF9VLbwplN,CONTAINS
2R2L9FEwH7QvMjxPP6$hNV,3pAmqgtYj5ufKF9VLbwple,CONTAINS
2R2L9FEwH7QvMjxPP6$hNV,3pAmqgtYj5ufKF9VLbwplD,CONTAINS
2R2L9FEwH7QvMjxPP6$hNV,3pAmqgtYj5ufKF9VLbwplC,CONTAINS
2R2L9FEwH7QvMjxPP6$hNV,3pAmqgtYj5ufKF9VLbwplg,CONTAINS
2R2L9FEwH7QvMjxPP6$hNV,3pAmqgtYj5ufKF9VLbwplh,CONTAINS
2R2L9FEwH7QvMjxPP6$hNV,3pAmqgtYj5ufKF9VLbwpko,CONTAINS
2R2L9FEwH7QvMjxPP6$hNV,3pAmqgtYj5ufKF9VLbwpkz,CONTAINS
2R2L9FEwH7QvMjxPP6$hNV,3pAmqgtYj5ufKF9VLbwplP,CONTAINS
2R2L9FEwH7QvMjxPP6$hNV,3pAmqgtYj5ufKF9VLbwpkn,CONTAINS
2R2L9FEwH7QvMjxPP6$hNV,3pAmqgtYj5ufKF9VLbwpkm,CONTAINS
2R2L9FEwH7QvMjxPP6$hNV,3pAmqgtYj5ufKF9VLbwpkp,CONTAINS
2R2L9FEwH7QvMjxPP6$hNV,3pAmqgtYj5ufKF9VLbwpl5,CONTAINS
2R2L9FEwH7QvMjxPP6$hNV,3pAmqgtYj5ufKF9VLbwplQ,CONTAINS
2R2L9FEwH7QvMjxPP6$hNV,3pAmqgtYj5ufKF9VLbwpl7,CONTAINS
2R2L9FEwH7QvMjxPP6$hNV,3pAmqgtYj5ufKF9VLbwpl4,CONTAINS
2R2L9FEwH7QvMjxPP6$hNV,3pAmqgtYj5ufKF9VLbwplU,CONTAINS
2R2L9FEwH7QvMjxPP6$hNV,3pAmqgtYj5ufKF9VLbwplR,CONTAINS
2R2L9FEwH7QvMjxPP6$hNV,3pAmqgtYj5ufKF9VLbwplO,CONTAINS
2R2L9FEwH7QvMjxPP6$tUo,0X$JAqx6vD7PjB9u2iXzpW,CONTAINS
2R2L9FEwH7QvMjxPP6$tUo,0X$JAqx6vD7PjB9u2iXzyT,CONTAINS
2R2L9FEwH7QvMjxPP6$tUo,0X$JAqx6vD7PjB9u2iXzyW,CONTAINS
2R2L9FEwH7QvMjxPP6$tUo,0X$JAqx6vD7PjB9u2iXzyo,CONTAINS
2R2L9FEwH7QvMjxPP6$hNV,2NWO0x1wbC0Q9JqftbpFge,CONTAINS
2R2L9FEwH7QvMjxPP6$hNV,2NWO0x1wbC0Q9JqftbpFgi,CONTAINS
2R2L9FEwH7QvMjxPP6$hNV,2NWO0x1wbC0Q9JqftbpFgj,CONTAINS
2R2L9FEwH7QvMjxPP6za06,2NWO0x1wbC0Q9JqftbpFhL,CONTAINS
2R2L9FEwH7QvMjxPP6_uPY,2NWO0x1wbC0Q9JqftbpFhH,CONTAINS
2R2L9FEwH7QvMjxPP6za06,2NWO0x1wbC0Q9JqftbpFhK,CONTAINS
2R2L9FEwH7QvMjxPP6$hNV,2NWO0x1wbC0Q9JqftbpFgl,CONTAINS
2R2L9FEwH7QvMjxPP6za1o,2NWO0x1wbC0Q9JqftbpFgZ,CONTAINS
2R2L9FEwH7QvMjxPP6za1o,2NWO0x1wbC0Q9JqftbpFgY,CONTAINS
2R2L9FEwH7QvMjxPP6za1o,2NWO0x1wbC0Q9JqftbpFgb,CONTAINS
2R2L9FEwH7QvMjxPP6za1o,2NWO0x1wbC0Q9JqftbpFgd,CONTAINS
2R2L9FEwH7QvMjxPP6_uPY,2NWO0x1wbC0Q9JqftbpFhQ,CONTAINS
2R2L9FEwH7QvMjxPP6za1o,2NWO0x1wbC0Q9JqftbpFga,CONTAINS
2R2L9FEwH7QvMjxPP6za1o,2NWO0x1wbC0Q9JqftbpFgc,CONTAINS
2R2L9FEwH7QvMjxPP6$hNV,2NWO0x1wbC0Q9JqftbpFgh,CONTAINS
2R2L9FEwH7QvMjxPP6$hNV,2NWO0x1wbC0Q9JqftbpFgg,CONTAINS
2R2L9FEwH7QvMjxPP6_uPY,2NWO0x1wbC0Q9JqftbpFhS,CONTAINS
2R2L9FEwH7QvMjxPP6_uPY,2NWO0x1wbC0Q9JqftbpFhT,CONTAINS
2R2L9FEwH7QvMjxPP6_uPY,2NWO0x1wbC0Q9JqftbpFhU,CONTAINS
2R2L9FEwH7QvMjxPP6_uPY,2NWO0x1wbC0Q9JqftbpFhV,CONTAINS
2R2L9FEwH7QvMjxPP6$hNV,0yl1vx7cT3fvY_CprPQvTx,CONTAINS
2R2L9FEwH7QvMjxPP6$hNV,0yl1vx7cT3fvY_CprPQvTs,CONTAINS
2R2L9FEwH7QvMjxPP6$hNV,0yl1vx7cT3fvY_CprPQvTw,CONTAINS
2R2L9FEwH7QvMjxPP6$hNV,0yl1vx7cT3fvY_CprPQvTr,CONTAINS
2R2L9FEwH7QvMjxPP6$hNV,0yl1vx7cT3fvY_CprPQvSP,CONTAINS
2R2L9FEwH7QvMjxPP6$hNV,0yl1vx7cT3fvY_CprPQvS8,CONTAINS
2R2L9FEwH7QvMjxPP6$hNV,0yl1vx7cT3fvY_CprPQvSB,CONTAINS
2R2L9FEwH7QvMjxPP6$hNV,0yl1vx7cT3fvY_CprPQvS5,CONTAINS
2R2L9FEwH7QvMjxPP6$hNV,0yl1vx7cT3fvY_CprPQvS4,CONTAINS
2R2L9FEwH7QvMjxPP6$hNV,0yl1vx7cT3fvY_CprPQvS7,CONTAINS
2R2L9FEwH7QvMjxPP6$hNV,0yl1vx7cT3fvY_CprPQvSA,CONTAINS
2R2L9FEwH7QvMjxPP6$hNV,0yl1vx7cT3fvY_CprPQvS1,CONTAINS
2R2L9FEwH7QvMjxPP6$hNV,0yl1vx7cT3fvY_CprPQvTp,CONTAINS
2R2L9FEwH7QvMjxPP6$hNV,0yl1vx7cT3fvY_CprPQvS6,CONTAINS
2R2L9FEwH7QvMjxPP6$hNV,0yl1vx7cT3fvY_CprPQvTm,CONTAINS
2R2L9FEwH7QvMjxPP6$hNV,0yl1vx7cT3fvY_CprPQvTo,CONTAINS
2R2L9FEwH7QvMjxPP6$hNV,0yl1vx7cT3fvY_CprPQvSD,CONTAINS
2R2L9FEwH7QvMjxPP6$hNV,0yl1vx7cT3fvY_CprPQvSR,CONTAINS
2R2L9FEwH7QvMjxPP6$hNV,0yl1vx7cT3fvY_CprPQvSQ,CONTAINS
2R2L9FEwH7QvMjxPP6$hNV,0yl1vx7cT3fvY_CprPQvSL,CONTAINS
2R2L9FEwH7QvMjxPP6$hNV,0yl1vx7cT3fvY_CprPQvSK,CONTAINS
2R2L9FEwH7QvMjxPP6$hNV,0yl1vx7cT3fvY_CprPQvSN,CONTAINS
2R2L9FEwH7QvMjxPP6$hNV,0yl1vx7cT3fvY_CprPQvSM,CONTAINS
2R2L9FEwH7QvMjxPP6$hNV,0yl1vx7cT3fvY_CprPQvS0,CONTAINS
2R2L9FEwH7QvMjxPP6$hNV,0yl1vx7cT3fvY_CprPQvS3,CONTAINS
2R2L9FEwH7QvMjxPP6$hNV,0yl1vx7cT3fvY_CprPQvS2,CONTAINS
2R2L9FEwH7QvMjxPP6$hNV,0yl1vx7cT3fvY_CprPQvST,CONTAINS
2R2L9FEwH7QvMjxPP6$hNV,0yl1vx7cT3fvY_CprPQvSS,CONTAINS
2R2L9FEwH7QvMjxPP6$hNV,0yl1vx7cT3fvY_CprPQvSV,CONTAINS
2R2L9FEwH7QvMjxPP6$hNV,0yl1vx7cT3fvY_CprPQvSU,CONTAINS
2R2L9FEwH7QvMjxPP6$hNV,0yl1vx7cT3fvY_CprPQvSO,CONTAINS
2R2L9FEwH7QvMjxPP6$hNV,0yl1vx7cT3fvY_CprPQvTt,CONTAINS
2R2L9FEwH7QvMjxPP6$hNV,0yl1vx7cT3fvY_CprPQvTz,CONTAINS
2R2L9FEwH7QvMjxPP6$hNV,0yl1vx7cT3fvY_CprPQvTn,CONTAINS
2R2L9FEwH7QvMjxPP6$hNV,0yl1vx7cT3fvY_CprPQvTq,CONTAINS
2R2L9FEwH7QvMjxPP6$hNV,0yl1vx7cT3fvY_CprPQvTy,CONTAINS
2R2L9FEwH7QvMjxPP6$hNV,0yl1vx7cT3fvY_CprPQvT$,CONTAINS
2R2L9FEwH7QvMjxPP6$hNV,0yl1vx7cT3fvY_CprPQvT_,CONTAINS
2R2L9FEwH7QvMjxPP6$hNV,0yl1vx7cT3fvY_CprPQvTv,CONTAINS
2R2L9FEwH7QvMjxPP6$hNV,0yl1vx7cT3fvY_CprPQvTu,CONTAINS
2R2L9FEwH7QvMjxPP6za1o,2UDwvn8652gOQTMBgzgTh5,CONTAINS
2R2L9FEwH7QvMjxPP6za1o,2UDwvn8652gOQTMBgzgTh0,CONTAINS
2R2L9FEwH7QvMjxPP6za1o,2UDwvn8652gOQTMBgzgTh3,CONTAINS
2R2L9FEwH7QvMjxPP6za1o,2UDwvn8652gOQTMBgzgTh4,CONTAINS
2R2L9FEwH7QvMjxPP6za1o,2UDwvn8652gOQTMBgzgThP,CONTAINS
2R2L9FEwH7QvMjxPP6za1o,2UDwvn8652gOQTMBgzgTh7,CONTAINS
2R2L9FEwH7QvMjxPP6za1o,2UDwvn8652gOQTMBgzgTh2,CONTAINS
2R2L9FEwH7QvMjxPP6za1o,2UDwvn8652gOQTMBgzgThO,CONTAINS
2R2L9FEwH7QvMjxPP6za1o,2UDwvn8652gOQTMBgzgThR,CONTAINS
2R2L9FEwH7QvMjxPP6za1o,2UDwvn8652gOQTMBgzgTh6,CONTAINS
2R2L9FEwH7QvMjxPP6za1o,2UDwvn8652gOQTMBgzgThT,CONTAINS
2R2L9FEwH7QvMjxPP6za1o,2UDwvn8652gOQTMBgzgThQ,CONTAINS
2R2L9FEwH7QvMjxPP6za1o,2UDwvn8652gOQTMBgzgThj,CONTAINS
2R2L9FEwH7QvMjxPP6za1o,2UDwvn8652gOQTMBgzgThi,CONTAINS
2R2L9FEwH7QvMjxPP6za1o,2UDwvn8652gOQTMBgzgThS,CONTAINS
2R2L9FEwH7QvMjxPP6za1o,2UDwvn8652gOQTMBgzgThV,CONTAINS
2R2L9FEwH7QvMjxPP6za1o,2UDwvn8652gOQTMBgzgThk,CONTAINS
2R2L9FEwH7QvMjxPP6za1o,2UDwvn8652gOQTMBgzgThX,CONTAINS
2R2L9FEwH7QvMjxPP6za1o,2UDwvn8652gOQTMBgzgThW,CONTAINS
2R2L9FEwH7QvMjxPP6za1o,2UDwvn8652gOQTMBgzgThl,CONTAINS
2R2L9FEwH7QvMjxPP6za1o,2UDwvn8652gOQTMBgzgThY,CONTAINS
2R2L9FEwH7QvMjxPP6za1o,2UDwvn8652gOQTMBgzgThZ,CONTAINS
2R2L9FEwH7QvMjxPP6za1o,2UDwvn8652gOQTMBgzgTha,CONTAINS
2R2L9FEwH7QvMjxPP6za1o,2UDwvn8652gOQTMBgzgThd,CONTAINS
2R2L9FEwH7QvMjxPP6za1o,2UDwvn8652gOQTMBgzgThb,CONTAINS
2R2L9FEwH7QvMjxPP6za1o,2UDwvn8652gOQTMBgzgTh$,CONTAINS
2R2L9FEwH7QvMjxPP6za1o,2UDwvn8652gOQTMBgzgThz,CONTAINS
2R2L9FEwH7QvMjxPP6za1o,2UDwvn8652gOQTMBgzgThy,CONTAINS
2R2L9FEwH7QvMjxPP6za1o,2UDwvn8652gOQTMBgzgThx,CONTAINS
2R2L9FEwH7QvMjxPP6za1o,2UDwvn8652gOQTMBgzgThw,CONTAINS
2R2L9FEwH7QvMjxPP6za1o,2UDwvn8652gOQTMBgzgThu,CONTAINS
2R2L9FEwH7QvMjxPP6za1o,2UDwvn8652gOQTMBgzgThc,CONTAINS
2R2L9FEwH7QvMjxPP6za1o,2UDwvn8652gOQTMBgzgThv,CONTAINS
2R2L9FEwH7QvMjxPP6za1o,2UDwvn8652gOQTMBgzgTht,CONTAINS
2R2L9FEwH7QvMjxPP6za1o,2UDwvn8652gOQTMBgzgThr,CONTAINS
2R2L9FEwH7QvMjxPP6za1o,2UDwvn8652gOQTMBgzgThq,CONTAINS
2R2L9FEwH7QvMjxPP6za1o,2UDwvn8652gOQTMBgzgThp,CONTAINS
2R2L9FEwH7QvMjxPP6za1o,2UDwvn8652gOQTMBgzgTho,CONTAINS
2R2L9FEwH7QvMjxPP6za1o,2UDwvn8652gOQTMBgzgThm,CONTAINS
2R2L9FEwH7QvMjxPP6za1o,2UDwvn8652gOQTMBgzgThn,CONTAINS
2R2L9FEwH7QvMjxPP6za1o,2UDwvn8652gOQTMBgzgTh_,CONTAINS
2R2L9FEwH7QvMjxPP6za1o,2UDwvn8652gOQTMBgzgTeC,CONTAINS
2R2L9FEwH7QvMjxPP6za1o,2UDwvn8652gOQTMBgzgTeF,CONTAINS
2R2L9FEwH7QvMjxPP6za1o,2UDwvn8652gOQTMBgzgTeA,CONTAINS
2R2L9FEwH7QvMjxPP6za1o,2UDwvn8652gOQTMBgzgTeD,CONTAINS
2R2L9FEwH7QvMjxPP6za1o,2UDwvn8652gOQTMBgzgTe8,CONTAINS
2R2L9FEwH7QvMjxPP6za1o,2UDwvn8652gOQTMBgzgTeB,CONTAINS
2R2L9FEwH7QvMjxPP6za1o,2UDwvn8652gOQTMBgzgThs,CONTAINS
2R2L9FEwH7QvMjxPP6za1o,2UDwvn8652gOQTMBgzgTe9,CONTAINS
2R2L9FEwH7QvMjxPP6za1o,2UDwvn8652gOQTMBgzgTe5,CONTAINS
2R2L9FEwH7QvMjxPP6za1o,2UDwvn8652gOQTMBgzgTe4,CONTAINS
2R2L9FEwH7QvMjxPP6_uPY,3QmfkFRoT1E9$A3fuWNCun,CONTAINS
2R2L9FEwH7QvMjxPP6_uPY,3QmfkFRoT1E9$A3fuWNCuu,CONTAINS
2R2L9FEwH7QvMjxPP6_uPY,3QmfkFRoT1E9$A3fuWNCu$,CONTAINS
2R2L9FEwH7QvMjxPP6_uPY,3QmfkFRoT1E9$A3fuWNCu_,CONTAINS
2R2L9FEwH7QvMjxPP6_uPY,3QmfkFRoT1E9$A3fuWNCuy,CONTAINS
2R2L9FEwH7QvMjxPP6_uPY,3QmfkFRoT1E9$A3fuWNCu6,CONTAINS
2R2L9FEwH7QvMjxPP6_uPY,3QmfkFRoT1E9$A3fuWNCuv,CONTAINS
2R2L9FEwH7QvMjxPP6_uPY,3QmfkFRoT1E9$A3fuWNCu4,CONTAINS
2R2L9FEwH7QvMjxPP6_uPY,3QmfkFRoT1E9$A3fuWNCu7,CONTAINS
2R2L9FEwH7QvMjxPP6_uPY,3QmfkFRoT1E9$A3fuWNCuw,CONTAINS
2R2L9FEwH7QvMjxPP6_uPY,3QmfkFRoT1E9$A3fuWNCuz,CONTAINS
2R2L9FEwH7QvMjxPP6_uPY,3QmfkFRoT1E9$A3fuWNCux,CONTAINS
2R2L9FEwH7QvMjxPP6_uPY,3QmfkFRoT1E9$A3fuWNCu5,CONTAINS
2R2L9FEwH7QvMjxPP6_uPY,3QmfkFRoT1E9$A3fuWNCu3,CONTAINS
2R2L9FEwH7QvMjxPP6_uPY,3QmfkFRoT1E9$A3fuWNCu2,CONTAINS
2R2L9FEwH7QvMjxPP6za1o,2UDwvn8652gOQTMBgzgTh1,CONTAINS
2R2L9FEwH7QvMjxPP6za1o,2UDwvn8652gOQTMBgzgThE,CONTAINS
2R2L9FEwH7QvMjxPP6za1o,2UDwvn8652gOQTMBgzgTeZ,CONTAINS
2R2L9FEwH7QvMjxPP6za1o,2UDwvn8652gOQTMBgzgTeh,CONTAINS
2R2L9FEwH7QvMjxPP6za1o,2UDwvn8652gOQTMBgzgTeY,CONTAINS
2R2L9FEwH7QvMjxPP6za1o,2UDwvn8652gOQTMBgzgTeI,CONTAINS
2R2L9FEwH7QvMjxPP6za1o,2UDwvn8652gOQTMBgzgTeW,CONTAINS
2R2L9FEwH7QvMjxPP6za1o,2UDwvn8652gOQTMBgzgTeX,CONTAINS
2R2L9FEwH7QvMjxPP6za1o,2UDwvn8652gOQTMBgzgTeJ,CONTAINS
2R2L9FEwH7QvMjxPP6za1o,2UDwvn8652gOQTMBgzgTef,CONTAINS
2R2L9FEwH7QvMjxPP6za1o,2UDwvn8652gOQTMBgzgTeL,CONTAINS
2R2L9FEwH7QvMjxPP6za1o,2UDwvn8652gOQTMBgzgTeH,CONTAINS
2R2L9FEwH7QvMjxPP6za1o,2UDwvn8652gOQTMBgzgTeN,CONTAINS
2R2L9FEwH7QvMjxPP6za1o,2UDwvn8652gOQTMBgzgTeP,CONTAINS
2R2L9FEwH7QvMjxPP6za1o,2UDwvn8652gOQTMBgzgTee,CONTAINS
2R2L9FEwH7QvMjxPP6za1o,2UDwvn8652gOQTMBgzgTeK,CONTAINS
2R2L9FEwH7QvMjxPP6za1o,2UDwvn8652gOQTMBgzgTe6,CONTAINS
2R2L9FEwH7QvMjxPP6za1o,2UDwvn8652gOQTMBgzgTe7,CONTAINS
2R2L9FEwH7QvMjxPP6za1o,2UDwvn8652gOQTMBgzgTeO,CONTAINS
2R2L9FEwH7QvMjxPP6za1o,2UDwvn8652gOQTMBgzgTeQ,CONTAINS
2R2L9FEwH7QvMjxPP6za1o,2UDwvn8652gOQTMBgzgTeU,CONTAINS
2R2L9FEwH7QvMjxPP6za1o,2UDwvn8652gOQTMBgzgTeS,CONTAINS
2R2L9FEwH7QvMjxPP6za1o,2UDwvn8652gOQTMBgzgTe3,CONTAINS
2R2L9FEwH7QvMjxPP6za1o,2UDwvn8652gOQTMBgzgTeE,CONTAINS
2R2L9FEwH7QvMjxPP6za1o,2UDwvn8652gOQTMBgzgTe1,CONTAINS
2R2L9FEwH7QvMjxPP6za1o,2UDwvn8652gOQTMBgzgTeT,CONTAINS
2R2L9FEwH7QvMjxPP6za1o,2UDwvn8652gOQTMBgzgTe2,CONTAINS
2R2L9FEwH7QvMjxPP6za1o,2UDwvn8652gOQTMBgzgTe0,CONTAINS
2R2L9FEwH7QvMjxPP6za1o,2UDwvn8652gOQTMBgzgTec,CONTAINS
2R2L9FEwH7QvMjxPP6za1o,2UDwvn8652gOQTMBgzgTea,CONTAINS
2R2L9FEwH7QvMjxPP6za1o,2UDwvn8652gOQTMBgzgTed,CONTAINS
2R2L9FEwH7QvMjxPP6za1o,2UDwvn8652gOQTMBgzgTeb,CONTAINS
2R2L9FEwH7QvMjxPP6za1o,2UDwvn8652gOQTMBgzgTeu,CONTAINS
2R2L9FEwH7QvMjxPP6za1o,2UDwvn8652gOQTMBgzgTev,CONTAINS
2R2L9FEwH7QvMjxPP6za1o,2UDwvn8652gOQTMBgzgTei,CONTAINS
2R2L9FEwH7QvMjxPP6za1o,2UDwvn8652gOQTMBgzgTek,CONTAINS
2R2L9FEwH7QvMjxPP6za1o,2UDwvn8652gOQTMBgzgTej,CONTAINS
2R2L9FEwH7QvMjxPP6za0m,3XduyAG3LE2eDeO0BfVivY,CONTAINS
2R2L9FEwH7QvMjxPP6za0m,3XduyAG3LE2eDeO0BfVivW,CONTAINS
2R2L9FEwH7QvMjxPP6za0m,3XduyAG3LE2eDeO0BfVivZ,CONTAINS
2R2L9FEwH7QvMjxPP6za0m,3XduyAG3LE2eDeO0BfVivn,CONTAINS
2R2L9FEwH7QvMjxPP6za0m,3XduyAG3LE2eDeO0BfViuE,CONTAINS
2R2L9FEwH7QvMjxPP6za0m,3XduyAG3LE2eDeO0BfViuF,CONTAINS
2R2L9FEwH7QvMjxPP6za0m,3XduyAG3LE2eDeO0BfViuD,CONTAINS
2R2L9FEwH7QvMjxPP6za0m,3XduyAG3LE2eDeO0BfViuC,CONTAINS
2R2L9FEwH7QvMjxPP6za0m,3XduyAG3LE2eDeO0BfViuA,CONTAINS
2R2L9FEwH7QvMjxPP6za0m,3XduyAG3LE2eDeO0BfViuB,CONTAINS
2R2L9FEwH7QvMjxPP6za0m,3XduyAG3LE2eDeO0BfViu8,CONTAINS
2R2L9FEwH7QvMjxPP6za0m,3XduyAG3LE2eDeO0BfVivv,CONTAINS
2R2L9FEwH7QvMjxPP6za0m,3XduyAG3LE2eDeO0BfVivs,CONTAINS
2R2L9FEwH7QvMjxPP6za0m,3XduyAG3LE2eDeO0BfVivX,CONTAINS
2R2L9FEwH7QvMjxPP6za0m,3XduyAG3LE2eDeO0BfViv_,CONTAINS
2R2L9FEwH7QvMjxPP6za0m,3XduyAG3LE2eDeO0BfVivy,CONTAINS
2R2L9FEwH7QvMjxPP6za0m,3XduyAG3LE2eDeO0BfVivw,CONTAINS
2R2L9FEwH7QvMjxPP6za0m,3XduyAG3LE2eDeO0BfViv$,CONTAINS
2R2L9FEwH7QvMjxPP6za0m,3XduyAG3LE2eDeO0BfVivu,CONTAINS
2R2L9FEwH7QvMjxPP6za0m,3XduyAG3LE2eDeO0BfVivz,CONTAINS
2R2L9FEwH7QvMjxPP6za0m,3XduyAG3LE2eDeO0BfVivx,CONTAINS
2R2L9FEwH7QvMjxPP6za0m,3XduyAG3LE2eDeO0BfVivc,CONTAINS
2R2L9FEwH7QvMjxPP6za0m,3XduyAG3LE2eDeO0BfVivd,CONTAINS
2R2L9FEwH7QvMjxPP6za0m,3XduyAG3LE2eDeO0BfViva,CONTAINS
2R2L9FEwH7QvMjxPP6za0m,3XduyAG3LE2eDeO0BfVivb,CONTAINS
2R2L9FEwH7QvMjxPP6za0m,3XduyAG3LE2eDeO0BfViuS,CONTAINS
2R2L9FEwH7QvMjxPP6za0m,3XduyAG3LE2eDeO0BfViu4,CONTAINS
2R2L9FEwH7QvMjxPP6za0m,3XduyAG3LE2eDeO0BfViuT,CONTAINS
2R2L9FEwH7QvMjxPP6za0m,3XduyAG3LE2eDeO0BfViu9,CONTAINS
2R2L9FEwH7QvMjxPP6za0m,3XduyAG3LE2eDeO0BfViu3,CONTAINS
2R2L9FEwH7QvMjxPP6za0m,3XduyAG3LE2eDeO0BfViu7,CONTAINS
2R2L9FEwH7QvMjxPP6za0m,3XduyAG3LE2eDeO0BfViu6,CONTAINS
2R2L9FEwH7QvMjxPP6za0m,3XduyAG3LE2eDeO0BfViu5,CONTAINS
2R2L9FEwH7QvMjxPP6za0m,3XduyAG3LE2eDeO0BfViu2,CONTAINS
2R2L9FEwH7QvMjxPP6za0m,3XduyAG3LE2eDeO0BfViuG,CONTAINS
2R2L9FEwH7QvMjxPP6za0m,3XduyAG3LE2eDeO0BfViuH,CONTAINS
2R2L9FEwH7QvMjxPP6za0m,3XduyAG3LE2eDeO0BfViuk,CONTAINS
2R2L9FEwH7QvMjxPP6za0m,3XduyAG3LE2eDeO0BfViul,CONTAINS
2R2L9FEwH7QvMjxPP6za0m,3XduyAG3LE2eDeO0BfVivr,CONTAINS
2R2L9FEwH7QvMjxPP6za0m,3XduyAG3LE2eDeO0BfVivq,CONTAINS
2R2L9FEwH7QvMjxPP6za0m,3XduyAG3LE2eDeO0BfVivt,CONTAINS
2R2L9FEwH7QvMjxPP6za0m,3XduyAG3LE2eDeO0BfVivm,CONTAINS
2R2L9FEwH7QvMjxPP6za0m,3XduyAG3LE2eDeO0BfVivp,CONTAINS
2R2L9FEwH7QvMjxPP6za0m,3XduyAG3LE2eDeO0BfVivo,CONTAINS
2R2L9FEwH7QvMjxPP6za0m,3XduyAG3LE2eDeO0BfViu1,CONTAINS
2R2L9FEwH7QvMjxPP6za0m,3XduyAG3LE2eDeO0BfViuU,CONTAINS
2R2L9FEwH7QvMjxPP6za0m,3XduyAG3LE2eDeO0BfViuV,CONTAINS
2R2L9FEwH7QvMjxPP6za0m,3XduyAG3LE2eDeO0BfViuQ,CONTAINS
2R2L9FEwH7QvMjxPP6za0m,3XduyAG3LE2eDeO0BfViuR,CONTAINS
2R2L9FEwH7QvMjxPP6za0m,3XduyAG3LE2eDeO0BfViu0,CONTAINS
2R2L9FEwH7QvMjxPP6_uPY,3QmfkFRoT1E9$A3fuWNCwO,CONTAINS
2R2L9FEwH7QvMjxPP6_uPY,3QmfkFRoT1E9$A3fuWNCwR,CONTAINS
2R2L9FEwH7QvMjxPP6_uPY,3QmfkFRoT1E9$A3fuWNCwQ,CONTAINS
2R2L9FEwH7QvMjxPP6_uPY,3QmfkFRoT1E9$A3fuWNCva,CONTAINS
2R2L9FEwH7QvMjxPP6_uPY,3QmfkFRoT1E9$A3fuWNCvd,CONTAINS
2R2L9FEwH7QvMjxPP6_uPY,3QmfkFRoT1E9$A3fuWNCvc,CONTAINS
2R2L9FEwH7QvMjxPP6_uPY,3QmfkFRoT1E9$A3fuWNCwP,CONTAINS
2R2L9FEwH7QvMjxPP6_uPY,3QmfkFRoT1E9$A3fuWNCvZ,CONTAINS
2R2L9FEwH7QvMjxPP6_uPY,3QmfkFRoT1E9$A3fuWNCvY,CONTAINS
2R2L9FEwH7QvMjxPP6_uPY,3QmfkFRoT1E9$A3fuWNCvb,CONTAINS
2R2L9FEwH7QvMjxPP6_uPY,3QmfkFRoT1E9$A3fuWNCvk,CONTAINS
2R2L9FEwH7QvMjxPP6_uPY,3QmfkFRoT1E9$A3fuWNCvX,CONTAINS
2R2L9FEwH7QvMjxPP6_uPY,3QmfkFRoT1E9$A3fuWNCvW,CONTAINS
2R2L9FEwH7QvMjxPP6za06,3QmfkFRoT1E9$A3fuWNCwb,CONTAINS
2R2L9FEwH7QvMjxPP6za06,3QmfkFRoT1E9$A3fuWNCwd,CONTAINS
2R2L9FEwH7QvMjxPP6za06,3QmfkFRoT1E9$A3fuWNCwY,CONTAINS
2R2L9FEwH7QvMjxPP6za06,3QmfkFRoT1E9$A3fuWNCwk,CONTAINS
2R2L9FEwH7QvMjxPP6za06,3QmfkFRoT1E9$A3fuWNCwW,CONTAINS
2R2L9FEwH7QvMjxPP6za06,3QmfkFRoT1E9$A3fuWNCwZ,CONTAINS
2R2L9FEwH7QvMjxPP6za06,3QmfkFRoT1E9$A3fuWNCwl,CONTAINS
2R2L9FEwH7QvMjxPP6za06,3QmfkFRoT1E9$A3fuWNCwj,CONTAINS
2R2L9FEwH7QvMjxPP6za06,3QmfkFRoT1E9$A3fuWNCwX,CONTAINS
2R2L9FEwH7QvMjxPP6za06,3QmfkFRoT1E9$A3fuWNCwi,CONTAINS
2R2L9FEwH7QvMjxPP6za06,3QmfkFRoT1E9$A3fuWNCwg,CONTAINS
2R2L9FEwH7QvMjxPP6_uPY,3QmfkFRoT1E9$A3fuWNCwT,CONTAINS
2R2L9FEwH7QvMjxPP6za0m,3XduyAG3LE2eDeO0BfVivi,CONTAINS
2R2L9FEwH7QvMjxPP6za0m,3XduyAG3LE2eDeO0BfVivg,CONTAINS
2R2L9FEwH7QvMjxPP6za0m,3XduyAG3LE2eDeO0BfVivh,CONTAINS
2R2L9FEwH7QvMjxPP6za0m,3XduyAG3LE2eDeO0BfVivf,CONTAINS
2R2L9FEwH7QvMjxPP6za06,3QmfkFRoT1E9$A3fuWNCxc,CONTAINS
2R2L9FEwH7QvMjxPP6za06,3QmfkFRoT1E9$A3fuWNCqP,CONTAINS
2R2L9FEwH7QvMjxPP6za0m,3XduyAG3LE2eDeO0BfVive,CONTAINS
2R2L9FEwH7QvMjxPP6_uPY,3QmfkFRoT1E9$A3fuWNCvl,CONTAINS
2R2L9FEwH7QvMjxPP6_uPY,3QmfkFRoT1E9$A3fuWNCvi,CONTAINS
2R2L9FEwH7QvMjxPP6_uPY,3QmfkFRoT1E9$A3fuWNCv_,CONTAINS
2R2L9FEwH7QvMjxPP6za06,3QmfkFRoT1E9$A3fuWNCqF,CONTAINS
2R2L9FEwH7QvMjxPP6za06,3QmfkFRoT1E9$A3fuWNCqC,CONTAINS
2R2L9FEwH7QvMjxPP6za06,3QmfkFRoT1E9$A3fuWNCq1,CONTAINS
2R2L9FEwH7QvMjxPP6za06,3QmfkFRoT1E9$A3fuWNCqE,CONTAINS
2R2L9FEwH7QvMjxPP6za06,3QmfkFRoT1E9$A3fuWNCq3,CONTAINS
2R2L9FEwH7QvMjxPP6za06,3QmfkFRoT1E9$A3fuWNCq0,CONTAINS
2R2L9FEwH7QvMjxPP6za06,3QmfkFRoT1E9$A3fuWNCq5,CONTAINS
2R2L9FEwH7QvMjxPP6za06,3QmfkFRoT1E9$A3fuWNCq2,CONTAINS
2R2L9FEwH7QvMjxPP6za0m,3XduyAG3LE2eDeO0BfVivl,CONTAINS
2R2L9FEwH7QvMjxPP6za06,3QmfkFRoT1E9$A3fuWNCq4,CONTAINS
2R2L9FEwH7QvMjxPP6za0m,3XduyAG3LE2eDeO0BfVivj,CONTAINS
2R2L9FEwH7QvMjxPP6za06,3QmfkFRoT1E9$A3fuWNCxk,CONTAINS
2R2L9FEwH7QvMjxPP6za06,3QmfkFRoT1E9$A3fuWNCxX,CONTAINS
2R2L9FEwH7QvMjxPP6za06,3QmfkFRoT1E9$A3fuWNCxW,CONTAINS
2R2L9FEwH7QvMjxPP6za06,3QmfkFRoT1E9$A3fuWNCxZ,CONTAINS
2R2L9FEwH7QvMjxPP6za06,3QmfkFRoT1E9$A3fuWNCxj,CONTAINS
2R2L9FEwH7QvMjxPP6za06,3QmfkFRoT1E9$A3fuWNCxi,CONTAINS
2R2L9FEwH7QvMjxPP6za06,3QmfkFRoT1E9$A3fuWNCxw,CONTAINS
2R2L9FEwH7QvMjxPP6za06,3QmfkFRoT1E9$A3fuWNCxY,CONTAINS
2R2L9FEwH7QvMjxPP6za06,3QmfkFRoT1E9$A3fuWNCxx,CONTAINS
2R2L9FEwH7QvMjxPP6za06,3QmfkFRoT1E9$A3fuWNCxb,CONTAINS
2R2L9FEwH7QvMjxPP6za06,3QmfkFRoT1E9$A3fuWNCxa,CONTAINS
2R2L9FEwH7QvMjxPP6za06,3QmfkFRoT1E9$A3fuWNCxd,CONTAINS
2R2L9FEwH7QvMjxPP6za06,3QmfkFRoT1E9$A3fuWNCqB,CONTAINS
2R2L9FEwH7QvMjxPP6za06,3QmfkFRoT1E9$A3fuWNCq8,CONTAINS
2R2L9FEwH7QvMjxPP6za06,3QmfkFRoT1E9$A3fuWNCq9,CONTAINS
2R2L9FEwH7QvMjxPP6za06,3QmfkFRoT1E9$A3fuWNCqN,CONTAINS
2R2L9FEwH7QvMjxPP6za06,3QmfkFRoT1E9$A3fuWNCqM,CONTAINS
2R2L9FEwH7QvMjxPP6za06,3QmfkFRoT1E9$A3fuWNCxf,CONTAINS
2R2L9FEwH7QvMjxPP6za06,3QmfkFRoT1E9$A3fuWNCxl,CONTAINS
2R2L9FEwH7QvMjxPP6za06,3QmfkFRoT1E9$A3fuWNCxh,CONTAINS
2R2L9FEwH7QvMjxPP6za06,3QmfkFRoT1E9$A3fuWNCxe,CONTAINS
2R2L9FEwH7QvMjxPP6za06,3QmfkFRoT1E9$A3fuWNCxg,CONTAINS
2R2L9FEwH7QvMjxPP6za06,3QmfkFRoT1E9$A3fuWNCqA,CONTAINS
2R2L9FEwH7QvMjxPP6za06,3QmfkFRoT1E9$A3fuWNCqD,CONTAINS
2R2L9FEwH7QvMjxPP6za0m,3XduyAG3LE2eDeO0BfViuI,CONTAINS
2R2L9FEwH7QvMjxPP6za0m,3XduyAG3LE2eDeO0BfViuO,CONTAINS
2R2L9FEwH7QvMjxPP6za0m,3XduyAG3LE2eDeO0BfViuP,CONTAINS
2R2L9FEwH7QvMjxPP6za0m,3XduyAG3LE2eDeO0BfViuL,CONTAINS
2R2L9FEwH7QvMjxPP6za0m,3XduyAG3LE2eDeO0BfViuJ,CONTAINS
2R2L9FEwH7QvMjxPP6za0m,3XduyAG3LE2eDeO0BfViuK,CONTAINS
2R2L9FEwH7QvMjxPP6za0m,3XduyAG3LE2eDeO0BfViui,CONTAINS
2R2L9FEwH7QvMjxPP6za0m,3XduyAG3LE2eDeO0BfViug,CONTAINS
2R2L9FEwH7QvMjxPP6za0m,3XduyAG3LE2eDeO0BfViuh,CONTAINS
2R2L9FEwH7QvMjxPP6za0m,3XduyAG3LE2eDeO0BfViuM,CONTAINS
2R2L9FEwH7QvMjxPP6za0m,3XduyAG3LE2eDeO0BfViuN,CONTAINS
2R2L9FEwH7QvMjxPP6za0m,3XduyAG3LE2eDeO0BfViuj,CONTAINS
2R2L9FEwH7QvMjxPP6za06,3QmfkFRoT1E9$A3fuWNCx_,CONTAINS
2R2L9FEwH7QvMjxPP6za06,3QmfkFRoT1E9$A3fuWNCxz,CONTAINS
2R2L9FEwH7QvMjxPP6za06,3QmfkFRoT1E9$A3fuWNCxy,CONTAINS
2R2L9FEwH7QvMjxPP6za06,3QmfkFRoT1E9$A3fuWNCxp,CONTAINS
2R2L9FEwH7QvMjxPP6za06,3QmfkFRoT1E9$A3fuWNCxv,CONTAINS
2R2L9FEwH7QvMjxPP6za06,3QmfkFRoT1E9$A3fuWNCxu,CONTAINS
2R2L9FEwH7QvMjxPP6za06,3QmfkFRoT1E9$A3fuWNCx$,CONTAINS
2R2L9FEwH7QvMjxPP6za06,3QmfkFRoT1E9$A3fuWNCxt,CONTAINS
2R2L9FEwH7QvMjxPP6za06,3QmfkFRoT1E9$A3fuWNCxs,CONTAINS
2R2L9FEwH7QvMjxPP6za06,3QmfkFRoT1E9$A3fuWNCxr,CONTAINS
2R2L9FEwH7QvMjxPP6za06,3QmfkFRoT1E9$A3fuWNCxq,CONTAINS
2R2L9FEwH7QvMjxPP6za06,3QmfkFRoT1E9$A3fuWNCxo,CONTAINS
2R2L9FEwH7QvMjxPP6za06,3QmfkFRoT1E9$A3fuWNCxn,CONTAINS
2R2L9FEwH7QvMjxPP6za06,3QmfkFRoT1E9$A3fuWNCxm,CONTAINS
2R2L9FEwH7QvMjxPP6_uPY,3QmfkFRoT1E9$A3fuWNCv7,CONTAINS
2R2L9FEwH7QvMjxPP6_uPY,3QmfkFRoT1E9$A3fuWNCv4,CONTAINS
2R2L9FEwH7QvMjxPP6_uPY,3QmfkFRoT1E9$A3fuWNCvA,CONTAINS
2R2L9FEwH7QvMjxPP6_uPY,3QmfkFRoT1E9$A3fuWNCvB,CONTAINS
2R2L9FEwH7QvMjxPP6_uPY,3QmfkFRoT1E9$A3fuWNCv8,CONTAINS
2R2L9FEwH7QvMjxPP6_uPY,3QmfkFRoT1E9$A3fuWNCv9,CONTAINS
2R2L9FEwH7QvMjxPP6_uPY,3QmfkFRoT1E9$A3fuWNCv1,CONTAINS
2R2L9FEwH7QvMjxPP6_uPY,3QmfkFRoT1E9$A3fuWNCv0,CONTAINS
2R2L9FEwH7QvMjxPP6_uPY,3QmfkFRoT1E9$A3fuWNCvy,CONTAINS
2R2L9FEwH7QvMjxPP6_uPY,3QmfkFRoT1E9$A3fuWNCv$,CONTAINS
2R2L9FEwH7QvMjxPP6_uPY,3QmfkFRoT1E9$A3fuWNCv3,CONTAINS
2R2L9FEwH7QvMjxPP6_uPY,3QmfkFRoT1E9$A3fuWNCv2,CONTAINS
2R2L9FEwH7QvMjxPP6_uPY,3QmfkFRoT1E9$A3fuWNCv5,CONTAINS
2R2L9FEwH7QvMjxPP6_uPY,3QmfkFRoT1E9$A3fuWNCvu,CONTAINS
2R2L9FEwH7QvMjxPP6_uPY,3QmfkFRoT1E9$A3fuWNCvv,CONTAINS
2R2L9FEwH7QvMjxPP6_uPY,3QmfkFRoT1E9$A3fuWNCv6,CONTAINS
2R2L9FEwH7QvMjxPP6_uPY,3QmfkFRoT1E9$A3fuWNCvz,CONTAINS
2R2L9FEwH7QvMjxPP6_uPY,3QmfkFRoT1E9$A3fuWNCvw,CONTAINS
2R2L9FEwH7QvMjxPP6_uPY,3QmfkFRoT1E9$A3fuWNCvx,CONTAINS
2R2L9FEwH7QvMjxPP6_uPY,3QmfkFRoT1E9$A3fuWNCuZ,CONTAINS
2R2L9FEwH7QvMjxPP6_uPY,3QmfkFRoT1E9$A3fuWNCvS,CONTAINS
2R2L9FEwH7QvMjxPP6_uPY,3QmfkFRoT1E9$A3fuWNCuY,CONTAINS
2R2L9FEwH7QvMjxPP6_uPY,3QmfkFRoT1E9$A3fuWNCuW,CONTAINS
2R2L9FEwH7QvMjxPP6_uPY,3QmfkFRoT1E9$A3fuWNCud,CONTAINS
2R2L9FEwH7QvMjxPP6_uPY,3QmfkFRoT1E9$A3fuWNCuc,CONTAINS
2R2L9FEwH7QvMjxPP6_uPY,3QmfkFRoT1E9$A3fuWNCvR,CONTAINS
2R2L9FEwH7QvMjxPP6_uPY,3QmfkFRoT1E9$A3fuWNCvQ,CONTAINS
2R2L9FEwH7QvMjxPP6_uPY,3QmfkFRoT1E9$A3fuWNCvP,CONTAINS
2R2L9FEwH7QvMjxPP6_uPY,3QmfkFRoT1E9$A3fuWNCvO,CONTAINS
2R2L9FEwH7QvMjxPP6_uPY,3QmfkFRoT1E9$A3fuWNCvV,CONTAINS
2R2L9FEwH7QvMjxPP6_uPY,3QmfkFRoT1E9$A3fuWNCvU,CONTAINS
2R2L9FEwH7QvMjxPP6_uPY,3QmfkFRoT1E9$A3fuWNCvT,CONTAINS
2R2L9FEwH7QvMjxPP6_uPY,3QmfkFRoT1E9$A3fuWNCvJ,CONTAINS
2R2L9FEwH7QvMjxPP6_uPY,3QmfkFRoT1E9$A3fuWNCvI,CONTAINS
2R2L9FEwH7QvMjxPP6_uPY,3QmfkFRoT1E9$A3fuWNCvK,CONTAINS
2R2L9FEwH7QvMjxPP6_uPY,3QmfkFRoT1E9$A3fuWNCvM,CONTAINS
2R2L9FEwH7QvMjxPP6_uPY,3QmfkFRoT1E9$A3fuWNCvL,CONTAINS
2R2L9FEwH7QvMjxPP6_uPY,3QmfkFRoT1E9$A3fuWNCvN,CONTAINS
2R2L9FEwH7QvMjxPP6_uPY,3QmfkFRoT1E9$A3fuWNCvC,CONTAINS
2R2L9FEwH7QvMjxPP6_uPY,3QmfkFRoT1E9$A3fuWNCvE,CONTAINS
2R2L9FEwH7QvMjxPP6_uPY,3QmfkFRoT1E9$A3fuWNCvD,CONTAINS
2R2L9FEwH7QvMjxPP6_uPY,3QmfkFRoT1E9$A3fuWNCvG,CONTAINS
2R2L9FEwH7QvMjxPP6_uPY,3QmfkFRoT1E9$A3fuWNCvF,CONTAINS
2R2L9FEwH7QvMjxPP6_uPY,3QmfkFRoT1E9$A3fuWNCvH,CONTAINS
2R2L9FEwH7QvMjxPP6za06,3QmfkFRoT1E9$A3fuWNCx2,CONTAINS
2R2L9FEwH7QvMjxPP6za06,3QmfkFRoT1E9$A3fuWNCx0,CONTAINS
2R2L9FEwH7QvMjxPP6za06,3QmfkFRoT1E9$A3fuWNCx3,CONTAINS
2R2L9FEwH7QvMjxPP6za06,3QmfkFRoT1E9$A3fuWNCx1,CONTAINS
2R2L9FEwH7QvMjxPP6za06,3QmfkFRoT1E9$A3fuWNCx7,CONTAINS
2R2L9FEwH7QvMjxPP6za06,3QmfkFRoT1E9$A3fuWNCx6,CONTAINS
2R2L9FEwH7QvMjxPP6za06,3QmfkFRoT1E9$A3fuWNCx5,CONTAINS
2R2L9FEwH7QvMjxPP6za06,3QmfkFRoT1E9$A3fuWNCx4,CONTAINS
2R2L9FEwH7QvMjxPP6_uPY,3QmfkFRoT1E9$A3fuWNCut,CONTAINS
2R2L9FEwH7QvMjxPP6_uPY,3QmfkFRoT1E9$A3fuWNCuq,CONTAINS
2R2L9FEwH7QvMjxPP6_uPY,3QmfkFRoT1E9$A3fuWNCus,CONTAINS
2R2L9FEwH7QvMjxPP6_uPY,3QmfkFRoT1E9$A3fuWNCum,CONTAINS
2R2L9FEwH7QvMjxPP6_uPY,3QmfkFRoT1E9$A3fuWNCuf,CONTAINS
2R2L9FEwH7QvMjxPP6_uPY,3QmfkFRoT1E9$A3fuWNCup,CONTAINS
2R2L9FEwH7QvMjxPP6_uPY,3QmfkFRoT1E9$A3fuWNCuo,CONTAINS
2R2L9FEwH7QvMjxPP6_uPY,3QmfkFRoT1E9$A3fuWNCur,CONTAINS
2R2L9FEwH7QvMjxPP6_uPY,3QmfkFRoT1E9$A3fuWNCui,CONTAINS
2R2L9FEwH7QvMjxPP6_uPY,3QmfkFRoT1E9$A3fuWNCul,CONTAINS
2R2L9FEwH7QvMjxPP6_uPY,3QmfkFRoT1E9$A3fuWNCuk,CONTAINS
2R2L9FEwH7QvMjxPP6_uPY,3QmfkFRoT1E9$A3fuWNCuX,CONTAINS
2R2L9FEwH7QvMjxPP6_uPY,3QmfkFRoT1E9$A3fuWNCue,CONTAINS
2R2L9FEwH7QvMjxPP6_uPY,3QmfkFRoT1E9$A3fuWNCuh,CONTAINS
2R2L9FEwH7QvMjxPP6_uPY,3QmfkFRoT1E9$A3fuWNCug,CONTAINS
2R2L9FEwH7QvMjxPP6_uPY,3QmfkFRoT1E9$A3fuWNCuj,CONTAINS
2R2L9FEwH7QvMjxPP6_uPY,3QmfkFRoT1E9$A3fuWNCua,CONTAINS
2R2L9FEwH7QvMjxPP6_uPY,3QmfkFRoT1E9$A3fuWNCub,CONTAINS
2R2L9FEwH7QvMjxPP6za06,3QmfkFRoT1E9$A3fuWNCxQ,CONTAINS
2R2L9FEwH7QvMjxPP6za06,3QmfkFRoT1E9$A3fuWNCwc,CONTAINS
2R2L9FEwH7QvMjxPP6za06,3QmfkFRoT1E9$A3fuWNCxP,CONTAINS
2R2L9FEwH7QvMjxPP6za06,3QmfkFRoT1E9$A3fuWNCwa,CONTAINS
2R2L9FEwH7QvMjxPP6za06,3QmfkFRoT1E9$A3fuWNCxR,CONTAINS
2R2L9FEwH7QvMjxPP6za06,3QmfkFRoT1E9$A3fuWNCxO,CONTAINS
2R2L9FEwH7QvMjxPP6za06,3QmfkFRoT1E9$A3fuWNCxT,CONTAINS
2R2L9FEwH7QvMjxPP6za06,3QmfkFRoT1E9$A3fuWNCxS,CONTAINS
2R2L9FEwH7QvMjxPP6za06,3QmfkFRoT1E9$A3fuWNCxH,CONTAINS
2R2L9FEwH7QvMjxPP6za06,3QmfkFRoT1E9$A3fuWNCxU,CONTAINS
2R2L9FEwH7QvMjxPP6za06,3QmfkFRoT1E9$A3fuWNCxL,CONTAINS
2R2L9FEwH7QvMjxPP6za06,3QmfkFRoT1E9$A3fuWNCxG,CONTAINS
2R2L9FEwH7QvMjxPP6za06,3QmfkFRoT1E9$A3fuWNCxV,CONTAINS
2R2L9FEwH7QvMjxPP6za06,3QmfkFRoT1E9$A3fuWNCxI,CONTAINS
2R2L9FEwH7QvMjxPP6za06,3QmfkFRoT1E9$A3fuWNCxM,CONTAINS
2R2L9FEwH7QvMjxPP6za06,3QmfkFRoT1E9$A3fuWNCx9,CONTAINS
2R2L9FEwH7QvMjxPP6za06,3QmfkFRoT1E9$A3fuWNCxJ,CONTAINS
2R2L9FEwH7QvMjxPP6za06,3QmfkFRoT1E9$A3fuWNCxK,CONTAINS
2R2L9FEwH7QvMjxPP6za06,3QmfkFRoT1E9$A3fuWNCxN,CONTAINS
2R2L9FEwH7QvMjxPP6za06,3QmfkFRoT1E9$A3fuWNCxB,CONTAINS
2R2L9FEwH7QvMjxPP6za06,3QmfkFRoT1E9$A3fuWNCx8,CONTAINS
2R2L9FEwH7QvMjxPP6za06,3QmfkFRoT1E9$A3fuWNCxA,CONTAINS
2R2L9FEwH7QvMjxPP6za06,3QmfkFRoT1E9$A3fuWNCxC,CONTAINS
2R2L9FEwH7QvMjxPP6za06,3QmfkFRoT1E9$A3fuWNCxD,CONTAINS
2R2L9FEwH7QvMjxPP6za06,3QmfkFRoT1E9$A3fuWNCxE,CONTAINS
2R2L9FEwH7QvMjxPP6za06,3QmfkFRoT1E9$A3fuWNCxF,CONTAINS
2R2L9FEwH7QvMjxPP6$tUo,2jS4_GPlb77hNCDXX34Fwb,CONTAINS
2R2L9FEwH7QvMjxPP6$tUo,2jS4_GPlb77hNCDXX34Fwm,CONTAINS
2R2L9FEwH7QvMjxPP6$tUo,2jS4_GPlb77hNCDXX34FwL,CONTAINS
2R2L9FEwH7QvMjxPP6$tUo,2jS4_GPlb77hNCDXX34Fw3,CONTAINS
2R2L9FEwH7QvMjxPP6$tUo,2jS4_GPlb77hNCDXX34C5N,CONTAINS
2R2L9FEwH7QvMjxPP6$tUo,2jS4_GPlb77hNCDXX34C5i,CONTAINS
2R2L9FEwH7QvMjxPP6$tUo,2jS4_GPlb77hNCDXX34C48,CONTAINS
2R2L9FEwH7QvMjxPP6$tUo,2jS4_GPlb77hNCDXX34C50,CONTAINS
2R2L9FEwH7QvMjxPP6$tUo,2jS4_GPlb77hNCDXX34C7o,CONTAINS
2R2L9FEwH7QvMjxPP6za0m,3XduyAG3LE2eDeO0BfViuY,CONTAINS
2R2L9FEwH7QvMjxPP6za0m,3XduyAG3LE2eDeO0BfViua,CONTAINS
2R2L9FEwH7QvMjxPP6za0m,3XduyAG3LE2eDeO0BfVixD,CONTAINS
2R2L9FEwH7QvMjxPP6za0m,3XduyAG3LE2eDeO0BfVixA,CONTAINS
2R2L9FEwH7QvMjxPP6za0m,3XduyAG3LE2eDeO0BfVix8,CONTAINS
2R2L9FEwH7QvMjxPP6za0m,3XduyAG3LE2eDeO0BfVixB,CONTAINS
2R2L9FEwH7QvMjxPP6za0m,3XduyAG3LE2eDeO0BfViue,CONTAINS
2R2L9FEwH7QvMjxPP6za0m,3XduyAG3LE2eDeO0BfViuf,CONTAINS
2R2L9FEwH7QvMjxPP6za0m,3XduyAG3LE2eDeO0BfViud,CONTAINS
2R2L9FEwH7QvMjxPP6za0m,3XduyAG3LE2eDeO0BfViub,CONTAINS
2R2L9FEwH7QvMjxPP6za0m,3XduyAG3LE2eDeO0BfViuc,CONTAINS
2R2L9FEwH7QvMjxPP6za0m,3XduyAG3LE2eDeO0BfVium,CONTAINS
2R2L9FEwH7QvMjxPP6za0m,3XduyAG3LE2eDeO0BfViun,CONTAINS
2R2L9FEwH7QvMjxPP6za0m,3XduyAG3LE2eDeO0BfVixE,CONTAINS
2R2L9FEwH7QvMjxPP6za0m,3XduyAG3LE2eDeO0BfVixF,CONTAINS
2R2L9FEwH7QvMjxPP6za0m,3XduyAG3LE2eDeO0BfVixC,CONTAINS
2R2L9FEwH7QvMjxPP6$tUo,3gsyUhycnETxqDdHB6nE3Y,CONTAINS
2R2L9FEwH7QvMjxPP6za0m,3XduyAG3LE2eDeO0BfVix9,CONTAINS
2R2L9FEwH7QvMjxPP6za0m,3XduyAG3LE2eDeO0BfVix6,CONTAINS
2R2L9FEwH7QvMjxPP6za0m,3XduyAG3LE2eDeO0BfVix7,CONTAINS
2R2L9FEwH7QvMjxPP6za0m,3XduyAG3LE2eDeO0BfVix4,CONTAINS
2R2L9FEwH7QvMjxPP6za0m,3XduyAG3LE2eDeO0BfViuo,CONTAINS
2R2L9FEwH7QvMjxPP6za0m,3XduyAG3LE2eDeO0BfViup,CONTAINS
2R2L9FEwH7QvMjxPP6$tUo,3gsyUhycnETxqDdHB6nEl1,CONTAINS
2R2L9FEwH7QvMjxPP6$tUo,3gsyUhycnETxqDdHB6nElQ,CONTAINS
2R2L9FEwH7QvMjxPP6$tUo,3gsyUhycnETxqDdHB6nEer,CONTAINS
2R2L9FEwH7QvMjxPP6$tUo,3gsyUhycnETxqDdHB6nEeT,CONTAINS
2R2L9FEwH7QvMjxPP6$tUo,2JbkNEC_1B9xDRz6v2bkQC,CONTAINS
2R2L9FEwH7QvMjxPP6$tUo,2JbkNEC_1B9xDRz6v2bkQv,CONTAINS
2R2L9FEwH7QvMjxPP6$tUo,2JbkNEC_1B9xDRz6v2bkQd,CONTAINS
2R2L9FEwH7QvMjxPP6$tUo,3gsyUhycnETxqDdHB6nEgM,CONTAINS
2R2L9FEwH7QvMjxPP6$tUo,3gsyUhycnETxqDdHB6nEhq,CONTAINS
2R2L9FEwH7QvMjxPP6$tUo,3gsyUhycnETxqDdHB6nEhD,CONTAINS
2R2L9FEwH7QvMjxPP6$tUo,3gsyUhycnETxqDdHB6nEf5,CONTAINS
2R2L9FEwH7QvMjxPP6$tUo,3gsyUhycnETxqDdHB6nEfH,CONTAINS
2R2L9FEwH7QvMjxPP6$tUo,3gsyUhycnETxqDdHB6nEgx,CONTAINS
2R2L9FEwH7QvMjxPP6$tUo,2jS4_GPlb77hNCDXX34FvF,CONTAINS
2R2L9FEwH7QvMjxPP6$tUo,2jS4_GPlb77hNCDXX34Fuk,CONTAINS
2R2L9FEwH7QvMjxPP6$tUo,2jS4_GPlb77hNCDXX34FxY,CONTAINS
2R2L9FEwH7QvMjxPP6$tUo,2jS4_GPlb77hNCDXX34Fx1,CONTAINS
2R2L9FEwH7QvMjxPP6$tUo,2JbkNEC_1B9xDRz6v2bkPk,CONTAINS
2R2L9FEwH7QvMjxPP6$tUo,2JbkNEC_1B9xDRz6v2bkPx,CONTAINS
2R2L9FEwH7QvMjxPP6$tUo,2jS4_GPlb77hNCDXX34Fu$,CONTAINS
2R2L9FEwH7QvMjxPP6$tUo,2jS4_GPlb77hNCDXX34FuU,CONTAINS
2R2L9FEwH7QvMjxPP6$tUo,2jS4_GPlb77hNCDXX34Fu7,CONTAINS
2R2L9FEwH7QvMjxPP6$tUo,1SubYgpHL678QZ7gCSE_1b,CONTAINS
2R2L9FEwH7QvMjxPP6$tUo,1SubYgpHL678QZ7gCSE_V9,CONTAINS
2R2L9FEwH7QvMjxPP6$tUo,1SubYgpHL678QZ7gCSE_T8,CONTAINS
2R2L9FEwH7QvMjxPP6$tUo,1SubYgpHL678QZ7gCSE_U1,CONTAINS
2R2L9FEwH7QvMjxPP6$tUo,0xfUQnlWX09RB2W0My2yD4,CONTAINS
2R2L9FEwH7QvMjxPP6$tUo,0xfUQnlWX09RB2W0My2yEi,CONTAINS
2R2L9FEwH7QvMjxPP6$tUo,1SubYgpHL678QZ7gCSE_Uf,CONTAINS
2R2L9FEwH7QvMjxPP6$tUo,0xfUQnlWX09RB2W0My2yFr,CONTAINS
2R2L9FEwH7QvMjxPP6$tUo,0xfUQnlWX09RB2W0My2yEH,CONTAINS
2R2L9FEwH7QvMjxPP6$tUo,3gsyUhycnETxqDdHB6nE3z,CONTAINS
2R2L9FEwH7QvMjxPP6$tUo,2JbkNEC_1B9xDRz6v2bkPM,CONTAINS
2R2L9FEwH7QvMjxPP6$tUo,0xfUQnlWX09RB2W0My2yAw,CONTAINS
2R2L9FEwH7QvMjxPP6$tUo,0xfUQnlWX09RB2W0My2y9M,CONTAINS
2R2L9FEwH7QvMjxPP6$tUo,1SubYgpHL678QZ7gCSE_RI,CONTAINS
2R2L9FEwH7QvMjxPP6$tUo,2JbkNEC_1B9xDRz6v2bkNe,CONTAINS
2R2L9FEwH7QvMjxPP6$tUo,2JbkNEC_1B9xDRz6v2bkOD,CONTAINS
2R2L9FEwH7QvMjxPP6$tUo,2JbkNEC_1B9xDRz6v2bkOo,CONTAINS
2R2L9FEwH7QvMjxPP6$tUo,1SubYgpHL678QZ7gCSE_OD,CONTAINS
2R2L9FEwH7QvMjxPP6$tUo,1SubYgpHL678QZ7gCSE_OK,CONTAINS
2R2L9FEwH7QvMjxPP6$tUo,1SubYgpHL678QZ7gCSE_Tz,CONTAINS
2R2L9FEwH7QvMjxPP6$tUo,1SubYgpHL678QZ7gCSE_TH,CONTAINS
2R2L9FEwH7QvMjxPP6$tUo,1SubYgpHL678QZ7gCSE_SC,CONTAINS
2R2L9FEwH7QvMjxPP6$tUo,1SubYgpHL678QZ7gCSE_SK,CONTAINS
2R2L9FEwH7QvMjxPP6$tUo,0xfUQnlWX09RB2W0My2yC_,CONTAINS
2R2L9FEwH7QvMjxPP6$tUo,0xfUQnlWX09RB2W0My2yCU,CONTAINS
2R2L9FEwH7QvMjxPP6$tUo,0xfUQnlWX09RB2W0My2yC8,CONTAINS
2R2L9FEwH7QvMjxPP6$tUo,0xfUQnlWX09RB2W0My2yDi,CONTAINS
2R2L9FEwH7QvMjxPP6$tUo,0xfUQnlWX09RB2W0My2yAZ,CONTAINS
2R2L9FEwH7QvMjxPP6$tUo,0xfUQnlWX09RB2W0My2yAE,CONTAINS
2R2L9FEwH7QvMjxPP6$tUo,0xfUQnlWX09RB2W0My2yBe,CONTAINS
2R2L9FEwH7QvMjxPP6$tUo,2JbkNEC_1B9xDRz6v2bkN4,CONTAINS
2R2L9FEwH7QvMjxPP6$tUo,0xfUQnlWX09RB2W0My2y9l,CONTAINS
2R2L9FEwH7QvMjxPP6za1o,2k6I69iL16aRQsYkaepWN9,CONTAINS
2R2L9FEwH7QvMjxPP6za1o,2k6I69iL16aRQsYkaepWNN,CONTAINS
2R2L9FEwH7QvMjxPP6za1o,2k6I69iL16aRQsYkaepWN8,CONTAINS
2R2L9FEwH7QvMjxPP6za1o,2k6I69iL16aRQsYkaepWNC,CONTAINS
2R2L9FEwH7QvMjxPP6za1o,2k6I69iL16aRQsYkaepWND,CONTAINS
2R2L9FEwH7QvMjxPP6za1o,2k6I69iL16aRQsYkaepWNA,CONTAINS
2R2L9FEwH7QvMjxPP6za1o,2k6I69iL16aRQsYkaepWNB,CONTAINS
2R2L9FEwH7QvMjxPP6za1o,2k6I69iL16aRQsYkaepWNI,CONTAINS
2R2L9FEwH7QvMjxPP6za1o,2k6I69iL16aRQsYkaepWNJ,CONTAINS
2R2L9FEwH7QvMjxPP6za1o,2k6I69iL16aRQsYkaepWNG,CONTAINS
2R2L9FEwH7QvMjxPP6$hNV,2k6I69iL16aRQsYkaepWNZ,CONTAINS
2R2L9FEwH7QvMjxPP6za1o,2k6I69iL16aRQsYkaepWNL,CONTAINS
2R2L9FEwH7QvMjxPP6za1o,2k6I69iL16aRQsYkaepWNM,CONTAINS
2R2L9FEwH7QvMjxPP6za1o,2k6I69iL16aRQsYkaepWNK,CONTAINS
2R2L9FEwH7QvMjxPP6$hNV,2k6I69iL16aRQsYkaepWNW,CONTAINS
2R2L9FEwH7QvMjxPP6$hNV,2k6I69iL16aRQsYkaepWNk,CONTAINS
2R2L9FEwH7QvMjxPP6$hNV,2k6I69iL16aRQsYkaepWNX,CONTAINS
2R2L9FEwH7QvMjxPP6$hNV,2k6I69iL16aRQsYkaepWNi,CONTAINS
2R2L9FEwH7QvMjxPP6$hNV,2k6I69iL16aRQsYkaepWNl,CONTAINS
2R2L9FEwH7QvMjxPP6$hNV,2k6I69iL16aRQsYkaepWNh,CONTAINS
2R2L9FEwH7QvMjxPP6$hNV,2k6I69iL16aRQsYkaepWNj,CONTAINS
2R2L9FEwH7QvMjxPP6$hNV,2k6I69iL16aRQsYkaepWNg,CONTAINS
2R2L9FEwH7QvMjxPP6$hNV,2k6I69iL16aRQsYkaepWNt,CONTAINS
2R2L9FEwH7QvMjxPP6$hNV,2k6I69iL16aRQsYkaepWNf,CONTAINS
2R2L9FEwH7QvMjxPP6$hNV,2k6I69iL16aRQsYkaepWNr,CONTAINS
2R2L9FEwH7QvMjxPP6_uPY,2k6I69iL16aRQsYkaepWMg,CONTAINS
2R2L9FEwH7QvMjxPP6_uPY,2k6I69iL16aRQsYkaepWMj,CONTAINS
2R2L9FEwH7QvMjxPP6_uPY,2k6I69iL16aRQsYkaepWMX,CONTAINS
2R2L9FEwH7QvMjxPP6_uPY,2k6I69iL16aRQsYkaepWMi,CONTAINS
2R2L9FEwH7QvMjxPP6_uPY,2k6I69iL16aRQsYkaepWMl,CONTAINS
2R2L9FEwH7QvMjxPP6_uPY,2k6I69iL16aRQsYkaepWMW,CONTAINS
2R2L9FEwH7QvMjxPP6_uPY,2k6I69iL16aRQsYkaepWMZ,CONTAINS
2R2L9FEwH7QvMjxPP6_uPY,2k6I69iL16aRQsYkaepWMk,CONTAINS
2R2L9FEwH7QvMjxPP6_uPY,2k6I69iL16aRQsYkaepWMb,CONTAINS
2R2L9FEwH7QvMjxPP6_uPY,2k6I69iL16aRQsYkaepWMY,CONTAINS
2R2L9FEwH7QvMjxPP6za06,2k6I69iL16aRQsYkaepWMI,CONTAINS
2R2L9FEwH7QvMjxPP6za06,2k6I69iL16aRQsYkaepWMK,CONTAINS
2R2L9FEwH7QvMjxPP6za06,2k6I69iL16aRQsYkaepWML,CONTAINS
2R2L9FEwH7QvMjxPP6za06,2k6I69iL16aRQsYkaepWMM,CONTAINS
2R2L9FEwH7QvMjxPP6za06,2k6I69iL16aRQsYkaepWMN,CONTAINS
2R2L9FEwH7QvMjxPP6za1o,2k6I69iL16aRQsYkaepWNF,CONTAINS
2R2L9FEwH7QvMjxPP6za1o,2k6I69iL16aRQsYkaepWNE,CONTAINS
2R2L9FEwH7QvMjxPP6za1o,2k6I69iL16aRQsYkaepWN1,CONTAINS
2R2L9FEwH7QvMjxPP6za1o,2k6I69iL16aRQsYkaepWN0,CONTAINS
2R2L9FEwH7QvMjxPP6za1o,2k6I69iL16aRQsYkaepWN2,CONTAINS
2R2L9FEwH7QvMjxPP6za1o,2k6I69iL16aRQsYkaepWN3,CONTAINS
2R2L9FEwH7QvMjxPP6_uPY,2k6I69iL16aRQsYkaepWMo,CONTAINS
2R2L9FEwH7QvMjxPP6_uPY,2k6I69iL16aRQsYkaepWMp,CONTAINS
2R2L9FEwH7QvMjxPP6_uPY,2k6I69iL16aRQsYkaepWMr,CONTAINS
2R2L9FEwH7QvMjxPP6_uPY,2k6I69iL16aRQsYkaepWMt,CONTAINS
2R2L9FEwH7QvMjxPP6_uPY,2k6I69iL16aRQsYkaepWMq,CONTAINS
2R2L9FEwH7QvMjxPP6_uPY,2k6I69iL16aRQsYkaepWMf,CONTAINS
2R2L9FEwH7QvMjxPP6_uPY,2k6I69iL16aRQsYkaepWMs,CONTAINS
2R2L9FEwH7QvMjxPP6_uPY,2k6I69iL16aRQsYkaepWMe,CONTAINS
2R2L9FEwH7QvMjxPP6zbnr,2k6I69iL16aRQsYkaepWHf,CONTAINS
2R2L9FEwH7QvMjxPP6_uPY,2k6I69iL16aRQsYkaepWMh,CONTAINS
2R2L9FEwH7QvMjxPP6zbnr,2k6I69iL16aRQsYkaepWHt,CONTAINS
2R2L9FEwH7QvMjxPP6zbnr,2k6I69iL16aRQsYkaepWHs,CONTAINS
2R2L9FEwH7QvMjxPP6zbnr,2k6I69iL16aRQsYkaepWHW,CONTAINS
2R2L9FEwH7QvMjxPP6zbnr,2k6I69iL16aRQsYkaepWHZ,CONTAINS
2R2L9FEwH7QvMjxPP6zbnr,2k6I69iL16aRQsYkaepWHY,CONTAINS
2R2L9FEwH7QvMjxPP6zbnr,2k6I69iL16aRQsYkaepWHi,CONTAINS
2R2L9FEwH7QvMjxPP6zbnr,2k6I69iL16aRQsYkaepWHb,CONTAINS
2R2L9FEwH7QvMjxPP6zbnr,2k6I69iL16aRQsYkaepWHl,CONTAINS
2R2L9FEwH7QvMjxPP6zbnr,2k6I69iL16aRQsYkaepWHk,CONTAINS
2R2L9FEwH7QvMjxPP6zbnr,2k6I69iL16aRQsYkaepWHX,CONTAINS
2R2L9FEwH7QvMjxPP6zbnr,2k6I69iL16aRQsYkaepWHe,CONTAINS
2R2L9FEwH7QvMjxPP6zbnr,2k6I69iL16aRQsYkaepWHh,CONTAINS
2R2L9FEwH7QvMjxPP6zbnr,2k6I69iL16aRQsYkaepWHg,CONTAINS
2R2L9FEwH7QvMjxPP6zbnr,2k6I69iL16aRQsYkaepWHj,CONTAINS
2R2L9FEwH7QvMjxPP6za06,2k6I69iL16aRQsYkaepWM0,CONTAINS
2R2L9FEwH7QvMjxPP6zbnr,2k6I69iL16aRQsYkaepWHr,CONTAINS
2R2L9FEwH7QvMjxPP6za06,2k6I69iL16aRQsYkaepWM1,CONTAINS
2R2L9FEwH7QvMjxPP6za06,2k6I69iL16aRQsYkaepWM3,CONTAINS
2R2L9FEwH7QvMjxPP6za06,2k6I69iL16aRQsYkaepWM2,CONTAINS
2R2L9FEwH7QvMjxPP6za06,2k6I69iL16aRQsYkaepWMD,CONTAINS
2R2L9FEwH7QvMjxPP6za06,2k6I69iL16aRQsYkaepWMC,CONTAINS
2R2L9FEwH7QvMjxPP6za06,2k6I69iL16aRQsYkaepWMF,CONTAINS
2R2L9FEwH7QvMjxPP6za06,2k6I69iL16aRQsYkaepWME,CONTAINS
2R2L9FEwH7QvMjxPP6za06,2k6I69iL16aRQsYkaepWM8,CONTAINS
2R2L9FEwH7QvMjxPP6za06,2k6I69iL16aRQsYkaepWMA,CONTAINS
2R2L9FEwH7QvMjxPP6za06,2k6I69iL16aRQsYkaepWM9,CONTAINS
2R2L9FEwH7QvMjxPP6za06,2k6I69iL16aRQsYkaepWMB,CONTAINS
2R2L9FEwH7QvMjxPP6za0m,2k6I69iL16aRQsYkaepWH4,CONTAINS
2R2L9FEwH7QvMjxPP6$tUo,0X$JAqx6vD7PjB9u2iX2C2,CONTAINS
2R2L9FEwH7QvMjxPP6$tUo,0X$JAqx6vD7PjB9u2iX2CI,CONTAINS
2R2L9FEwH7QvMjxPP6$tUo,0X$JAqx6vD7PjB9u2iX21m,CONTAINS
2R2L9FEwH7QvMjxPP6za0m,2k6I69iL16aRQsYkaepWH7,CONTAINS
2R2L9FEwH7QvMjxPP6za0m,2k6I69iL16aRQsYkaepWH2,CONTAINS
2R2L9FEwH7QvMjxPP6za0m,2k6I69iL16aRQsYkaepWH5,CONTAINS
2R2L9FEwH7QvMjxPP6za0m,2k6I69iL16aRQsYkaepWGv,CONTAINS
2R2L9FEwH7QvMjxPP6$tUo,0X$JAqx6vD7PjB9u2iX22N,CONTAINS
2R2L9FEwH7QvMjxPP6za0m,2k6I69iL16aRQsYkaepWH6,CONTAINS
2R2L9FEwH7QvMjxPP6zbnr,2k6I69iL16aRQsYkaepWHq,CONTAINS
2R2L9FEwH7QvMjxPP6za06,2k6I69iL16aRQsYkaepWM4,CONTAINS
2R2L9FEwH7QvMjxPP6za06,2k6I69iL16aRQsYkaepWM5,CONTAINS
2R2L9FEwH7QvMjxPP6zbnr,2k6I69iL16aRQsYkaepWHa,CONTAINS
2R2L9FEwH7QvMjxPP6zbnr,2k6I69iL16aRQsYkaepWHd,CONTAINS
2R2L9FEwH7QvMjxPP6za0m,2k6I69iL16aRQsYkaepWHN,CONTAINS
2R2L9FEwH7QvMjxPP6za0m,2k6I69iL16aRQsYkaepWH8,CONTAINS
2R2L9FEwH7QvMjxPP6za0m,2k6I69iL16aRQsYkaepWHB,CONTAINS
2R2L9FEwH7QvMjxPP6$tUo,0X$JAqx6vD7PjB9u2iX23w,CONTAINS
2R2L9FEwH7QvMjxPP6$tUo,0X$JAqx6vD7PjB9u2iX22s,CONTAINS
2R2L9FEwH7QvMjxPP6za0m,2k6I69iL16aRQsYkaepWH9,CONTAINS
2R2L9FEwH7QvMjxPP6$tUo,0X$JAqx6vD7PjB9u2iX23V,CONTAINS
2R2L9FEwH7QvMjxPP6$tUo,0X$JAqx6vD7PjB9u2iX2Cu,CONTAINS
2R2L9FEwH7QvMjxPP6$tUo,0X$JAqx6vD7PjB9u2iX2D0,CONTAINS
2R2L9FEwH7QvMjxPP6za0m,2k6I69iL16aRQsYkaepWHF,CONTAINS
2R2L9FEwH7QvMjxPP6za0m,2k6I69iL16aRQsYkaepWHC,CONTAINS
2R2L9FEwH7QvMjxPP6za0m,2k6I69iL16aRQsYkaepWHD,CONTAINS
2R2L9FEwH7QvMjxPP6$tUo,0X$JAqx6vD7PjB9u2iXzs4,CONTAINS
2R2L9FEwH7QvMjxPP6$tUo,0X$JAqx6vD7PjB9u2iXzsz,CONTAINS
2R2L9FEwH7QvMjxPP6$tUo,0X$JAqx6vD7PjB9u2iXztD,CONTAINS
2R2L9FEwH7QvMjxPP6$tUo,0X$JAqx6vD7PjB9u2iXzth,CONTAINS
2R2L9FEwH7QvMjxPP6za0m,2k6I69iL16aRQsYkaepWH1,CONTAINS
2R2L9FEwH7QvMjxPP6za0m,2k6I69iL16aRQsYkaepWHE,CONTAINS
2R2L9FEwH7QvMjxPP6za0m,2k6I69iL16aRQsYkaepWHM,CONTAINS
2R2L9FEwH7QvMjxPP6za0m,2k6I69iL16aRQsYkaepWHA,CONTAINS
2R2L9FEwH7QvMjxPP6za0m,2k6I69iL16aRQsYkaepWH3,CONTAINS
2R2L9FEwH7QvMjxPP6za0m,2k6I69iL16aRQsYkaepWH0,CONTAINS
2R2L9FEwH7QvMjxPP6$tUo,0X$JAqx6vD7PjB9u2iXzn$,CONTAINS
2R2L9FEwH7QvMjxPP6$tUo,0X$JAqx6vD7PjB9u2iXznQ,CONTAINS
2R2L9FEwH7QvMjxPP6$tUo,0X$JAqx6vD7PjB9u2iXzoi,CONTAINS
2R2L9FEwH7QvMjxPP6$tUo,0X$JAqx6vD7PjB9u2iXzoF,CONTAINS
2R2L9FEwH7QvMjxPP6$tUo,0X$JAqx6vD7PjB9u2iXztz,CONTAINS
2R2L9FEwH7QvMjxPP6$tUo,0X$JAqx6vD7PjB9u2iX2FV,CONTAINS
2R2L9FEwH7QvMjxPP6$tUo,0X$JAqx6vD7PjB9u2iXzmS,CONTAINS
2R2L9FEwH7QvMjxPP6$tUo,0X$JAqx6vD7PjB9u2iXzrI,CONTAINS
2R2L9FEwH7QvMjxPP6$tUo,0X$JAqx6vD7PjB9u2iXzrm,CONTAINS
2R2L9FEwH7QvMjxPP6$tUo,0X$JAqx6vD7PjB9u2iXzoz,CONTAINS
2R2L9FEwH7QvMjxPP6$tUo,0X$JAqx6vD7PjB9u2iXzr4,CONTAINS
2R2L9FEwH7QvMjxPP6$tUo,0X$JAqx6vD7PjB9u2iXzp4,CONTAINS
2R2L9FEwH7QvMjxPP6$tUo,0X$JAqx6vD7PjB9u2iX2Bz,CONTAINS
2R2L9FEwH7QvMjxPP6$tUo,0X$JAqx6vD7PjB9u2iX2Dr,CONTAINS
2R2L9FEwH7QvMjxPP6$tUo,0X$JAqx6vD7PjB9u2iX2B7,CONTAINS
2R2L9FEwH7QvMjxPP6$tUo,0X$JAqx6vD7PjB9u2iXzqE,CONTAINS
2R2L9FEwH7QvMjxPP6$tUo,0X$JAqx6vD7PjB9u2iX2Bf,CONTAINS
2R2L9FEwH7QvMjxPP6$tUo,0X$JAqx6vD7PjB9u2iX29C,CONTAINS
2R2L9FEwH7QvMjxPP6$tUo,0X$JAqx6vD7PjB9u2iX2Fz,CONTAINS
2R2L9FEwH7QvMjxPP6$tUo,0X$JAqx6vD7PjB9u2iX2Em,CONTAINS
2R2L9FEwH7QvMjxPP6$tUo,0X$JAqx6vD7PjB9u2iX2EK,CONTAINS
2R2L9FEwH7QvMjxPP6$tUo,0X$JAqx6vD7PjB9u2iX2E5,CONTAINS
2R2L9FEwH7QvMjxPP6$tUo,0X$JAqx6vD7PjB9u2iX2DZ,CONTAINS
2R2L9FEwH7QvMjxPP6_uPb,3n5xKCRtD5xODMRxe5Jj36,CONTAINS
2R2L9FEwH7QvMjxPP6_uPb,3n5xKCRtD5xODMRxe5Jj33,CONTAINS
2R2L9FEwH7QvMjxPP6_uPb,3n5xKCRtD5xODMRxe5Jj31,CONTAINS
2R2L9FEwH7QvMjxPP6$hLX,3n5xKCRtD5xODMRxe5Jj2U,CONTAINS
2R2L9FEwH7QvMjxPP6$hLX,3n5xKCRtD5xODMRxe5Jj2P,CONTAINS
2R2L9FEwH7QvMjxPP6_uPb,3n5xKCRtD5xODMRxe5Jj32,CONTAINS
2R2L9FEwH7QvMjxPP6$tUo,0X$JAqx6vD7PjB9u2iX29v,CONTAINS
2R2L9FEwH7QvMjxPP6$tUo,0X$JAqx6vD7PjB9u2iX28O,CONTAINS
2R2L9FEwH7QvMjxPP6$tUo,0X$JAqx6vD7PjB9u2iX28W,CONTAINS
2R2L9FEwH7QvMjxPP6_uPb,3n5xKCRtD5xODMRxe5Jj37,CONTAINS
2R2L9FEwH7QvMjxPP6_uPb,3n5xKCRtD5xODMRxe5Jj35,CONTAINS
2R2L9FEwH7QvMjxPP6_uPb,3n5xKCRtD5xODMRxe5Jj34,CONTAINS
2R2L9FEwH7QvMjxPP6_uPb,3n5xKCRtD5xODMRxe5Jj30,CONTAINS
2R2L9FEwH7QvMjxPP6_uPb,3n5xKCRtD5xODMRxe5Jj3A,CONTAINS
2R2L9FEwH7QvMjxPP6_uPb,3n5xKCRtD5xODMRxe5Jj3D,CONTAINS
2R2L9FEwH7QvMjxPP6_uPb,3n5xKCRtD5xODMRxe5Jj38,CONTAINS
2R2L9FEwH7QvMjxPP6_uPb,3n5xKCRtD5xODMRxe5Jj3B,CONTAINS
2R2L9FEwH7QvMjxPP6_uPb,3n5xKCRtD5xODMRxe5Jj3F,CONTAINS
2R2L9FEwH7QvMjxPP6_uPb,3n5xKCRtD5xODMRxe5Jj3C,CONTAINS
2R2L9FEwH7QvMjxPP6$hLX,3n5xKCRtD5xODMRxe5Jj26,CONTAINS
2R2L9FEwH7QvMjxPP6$hLX,3n5xKCRtD5xODMRxe5Jj27,CONTAINS
2R2L9FEwH7QvMjxPP6$hLX,3n5xKCRtD5xODMRxe5Jj21,CONTAINS
2R2L9FEwH7QvMjxPP6_uPb,3n5xKCRtD5xODMRxe5Jj39,CONTAINS
2R2L9FEwH7QvMjxPP6$hLX,3n5xKCRtD5xODMRxe5Jj24,CONTAINS
2R2L9FEwH7QvMjxPP6$hLX,3n5xKCRtD5xODMRxe5Jj25,CONTAINS
2R2L9FEwH7QvMjxPP6$hLX,3n5xKCRtD5xODMRxe5Jj2R,CONTAINS
2R2L9FEwH7QvMjxPP6_uPb,3n5xKCRtD5xODMRxe5Jj3M,CONTAINS
2R2L9FEwH7QvMjxPP6_uPb,3n5xKCRtD5xODMRxe5Jj3N,CONTAINS
2R2L9FEwH7QvMjxPP6$hLX,3n5xKCRtD5xODMRxe5Jj2V,CONTAINS
2R2L9FEwH7QvMjxPP6$hLX,3n5xKCRtD5xODMRxe5Jj2Q,CONTAINS
2R2L9FEwH7QvMjxPP6$hLX,3n5xKCRtD5xODMRxe5Jj2L,CONTAINS
2R2L9FEwH7QvMjxPP6$hLX,3n5xKCRtD5xODMRxe5Jj2O,CONTAINS
2R2L9FEwH7QvMjxPP6_uPb,3n5xKCRtD5xODMRxe5Jj3J,CONTAINS
2R2L9FEwH7QvMjxPP6_uPb,3n5xKCRtD5xODMRxe5Jj3G,CONTAINS
2R2L9FEwH7QvMjxPP6_uPb,3n5xKCRtD5xODMRxe5Jj3H,CONTAINS
2R2L9FEwH7QvMjxPP6_uPb,3n5xKCRtD5xODMRxe5Jj3E,CONTAINS
2R2L9FEwH7QvMjxPP6_uPb,3n5xKCRtD5xODMRxe5Jj3K,CONTAINS
2R2L9FEwH7QvMjxPP6_uPb,3n5xKCRtD5xODMRxe5Jj3I,CONTAINS
2R2L9FEwH7QvMjxPP6$hLX,3n5xKCRtD5xODMRxe5Jj2C,CONTAINS
2R2L9FEwH7QvMjxPP6$hLX,3n5xKCRtD5xODMRxe5Jj2J,CONTAINS
2R2L9FEwH7QvMjxPP6$hLX,3n5xKCRtD5xODMRxe5Jj2I,CONTAINS
2R2L9FEwH7QvMjxPP6$hLX,3n5xKCRtD5xODMRxe5Jj2H,CONTAINS
2R2L9FEwH7QvMjxPP6$hLX,3n5xKCRtD5xODMRxe5Jj2G,CONTAINS
2R2L9FEwH7QvMjxPP6$hLX,3n5xKCRtD5xODMRxe5Jj2M,CONTAINS
2R2L9FEwH7QvMjxPP6$hLX,3n5xKCRtD5xODMRxe5Jj2B,CONTAINS
2R2L9FEwH7QvMjxPP6$hLX,3n5xKCRtD5xODMRxe5Jj2A,CONTAINS
2R2L9FEwH7QvMjxPP6$hLX,3n5xKCRtD5xODMRxe5Jj29,CONTAINS
2R2L9FEwH7QvMjxPP6$hLX,3n5xKCRtD5xODMRxe5Jj28,CONTAINS
2R2L9FEwH7QvMjxPP6$hLX,3n5xKCRtD5xODMRxe5Jj2F,CONTAINS
2R2L9FEwH7QvMjxPP6$hLX,3n5xKCRtD5xODMRxe5Jj2E,CONTAINS
2R2L9FEwH7QvMjxPP6$hLX,3n5xKCRtD5xODMRxe5Jj2D,CONTAINS
2R2L9FEwH7QvMjxPP6$hLX,3n5xKCRtD5xODMRxe5Jj2y,CONTAINS
2R2L9FEwH7QvMjxPP6$hLX,3n5xKCRtD5xODMRxe5Jj2$,CONTAINS
2R2L9FEwH7QvMjxPP6$hLX,3n5xKCRtD5xODMRxe5Jj2z,CONTAINS
2R2L9FEwH7QvMjxPP6$hLX,3n5xKCRtD5xODMRxe5Jj23,CONTAINS
2R2L9FEwH7QvMjxPP6$hLX,3n5xKCRtD5xODMRxe5Jj22,CONTAINS
2R2L9FEwH7QvMjxPP6$hLX,3n5xKCRtD5xODMRxe5Jj20,CONTAINS
2R2L9FEwH7QvMjxPP6$hLX,3n5xKCRtD5xODMRxe5Jj2K,CONTAINS
2R2L9FEwH7QvMjxPP6$hNV,3wSzpi3E54oOh$_pXqapM2,CONTAINS
2R2L9FEwH7QvMjxPP6$hLX,3n5xKCRtD5xODMRxe5Jj2N,CONTAINS
2R2L9FEwH7QvMjxPP6$hNV,3wSzpi3E54oOh$_pXqapMD,CONTAINS
2R2L9FEwH7QvMjxPP6$hLX,3n5xKCRtD5xODMRxe5Jj2_,CONTAINS
2R2L9FEwH7QvMjxPP6$hNV,3wSzpi3E54oOh$_pXqapMC,CONTAINS
2R2L9FEwH7QvMjxPP6zbFn,3L5OLoarT32BEY1wYjgWYa,CONTAINS
2R2L9FEwH7QvMjxPP6zbFn,3L5OLoarT32BEY1wYjgWYY,CONTAINS
2R2L9FEwH7QvMjxPP6zbFn,3L5OLoarT32BEY1wYjgWYZ,CONTAINS
2R2L9FEwH7QvMjxPP6zbFn,3L5OLoarT32BEY1wYjgWYX,CONTAINS
2R2L9FEwH7QvMjxPP6zbFn,3L5OLoarT32BEY1wYjgWYW,CONTAINS
2R2L9FEwH7QvMjxPP6zbFn,3L5OLoarT32BEY1wYjgWYl,CONTAINS
2R2L9FEwH7QvMjxPP6zbFn,3L5OLoarT32BEY1wYjgWYk,CONTAINS
2R2L9FEwH7QvMjxPP6zbFn,3L5OLoarT32BEY1wYjgWYj,CONTAINS
2R2L9FEwH7QvMjxPP6zbFn,3L5OLoarT32BEY1wYjgWYi,CONTAINS
2R2L9FEwH7QvMjxPP6zbFn,3L5OLoarT32BEY1wYjgWYg,CONTAINS
2R2L9FEwH7QvMjxPP6zbFn,3L5OLoarT32BEY1wYjgWbP,CONTAINS
2R2L9FEwH7QvMjxPP6zbFn,3L5OLoarT32BEY1wYjgWYd,CONTAINS
2R2L9FEwH7QvMjxPP6zbFn,3L5OLoarT32BEY1wYjgWYc,CONTAINS
2R2L9FEwH7QvMjxPP6zbFn,3L5OLoarT32BEY1wYjgWYb,CONTAINS
2R2L9FEwH7QvMjxPP6_uPb,3n5xKCRtD5xODMRxe5Jj3Q,CONTAINS
2R2L9FEwH7QvMjxPP6_uPb,3n5xKCRtD5xODMRxe5Jj3R,CONTAINS
2R2L9FEwH7QvMjxPP6_uPb,3n5xKCRtD5xODMRxe5Jj3O,CONTAINS
2R2L9FEwH7QvMjxPP6zbFn,3L5OLoarT32BEY1wYjgWbA,CONTAINS
2R2L9FEwH7QvMjxPP6_uPb,3n5xKCRtD5xODMRxe5Jj3V,CONTAINS
2R2L9FEwH7QvMjxPP6_uPb,3n5xKCRtD5xODMRxe5Jj3S,CONTAINS
2R2L9FEwH7QvMjxPP6_uPb,3n5xKCRtD5xODMRxe5Jj3L,CONTAINS
2R2L9FEwH7QvMjxPP6zbFn,3L5OLoarT32BEY1wYjgWbV,CONTAINS
2R2L9FEwH7QvMjxPP6_uPb,3n5xKCRtD5xODMRxe5Jj3P,CONTAINS
2R2L9FEwH7QvMjxPP6_uPb,3n5xKCRtD5xODMRxe5Jj3U,CONTAINS
2R2L9FEwH7QvMjxPP6zbFn,3L5OLoarT32BEY1wYjgWbU,CONTAINS
2R2L9FEwH7QvMjxPP6zbFn,3L5OLoarT32BEY1wYjgWbH,CONTAINS
2R2L9FEwH7QvMjxPP6zbFn,3L5OLoarT32BEY1wYjgWbS,CONTAINS
2R2L9FEwH7QvMjxPP6zbFn,3L5OLoarT32BEY1wYjgWbD,CONTAINS
2R2L9FEwH7QvMjxPP6_uPb,3n5xKCRtD5xODMRxe5JjSY,CONTAINS
2R2L9FEwH7QvMjxPP6_uPb,3n5xKCRtD5xODMRxe5Jj3T,CONTAINS
2R2L9FEwH7QvMjxPP6_uPb,3n5xKCRtD5xODMRxe5JjSZ,CONTAINS
2R2L9FEwH7QvMjxPP6zbFn,3L5OLoarT32BEY1wYjgWbB,CONTAINS
2R2L9FEwH7QvMjxPP6zbFn,3L5OLoarT32BEY1wYjgWb9,CONTAINS
2R2L9FEwH7QvMjxPP6zbFn,3L5OLoarT32BEY1wYjgWb8,CONTAINS
2R2L9FEwH7QvMjxPP6zbnr,24MTLV_1bChwhMysTATnnx,CONTAINS
2R2L9FEwH7QvMjxPP6zbnr,24MTLV_1bChwhMysTATnnu,CONTAINS
2R2L9FEwH7QvMjxPP6zbnr,24MTLV_1bChwhMysTATnnv,CONTAINS
2R2L9FEwH7QvMjxPP6zbnr,24MTLV_1bChwhMysTATnns,CONTAINS
2R2L9FEwH7QvMjxPP6zbnr,24MTLV_1bChwhMysTATnnq,CONTAINS
2R2L9FEwH7QvMjxPP6zbnr,24MTLV_1bChwhMysTATnnr,CONTAINS
2R2L9FEwH7QvMjxPP6zbnr,24MTLV_1bChwhMysTATnm0,CONTAINS
2R2L9FEwH7QvMjxPP6zbnr,24MTLV_1bChwhMysTATnm1,CONTAINS
2R2L9FEwH7QvMjxPP6zbnr,24MTLV_1bChwhMysTATnnt,CONTAINS
2R2L9FEwH7QvMjxPP6zbnr,24MTLV_1bChwhMysTATnn_,CONTAINS
2R2L9FEwH7QvMjxPP6zbnr,24MTLV_1bChwhMysTATnnz,CONTAINS
2R2L9FEwH7QvMjxPP6zbnr,24MTLV_1bChwhMysTATnnw,CONTAINS
2R2L9FEwH7QvMjxPP6zbnr,24MTLV_1bChwhMysTATnm3,CONTAINS
2R2L9FEwH7QvMjxPP6zbFn,3L5OLoarT32BEY1wYjgWbI,CONTAINS
2R2L9FEwH7QvMjxPP6zbFn,3L5OLoarT32BEY1wYjgWbL,CONTAINS
2R2L9FEwH7QvMjxPP6zbnr,24MTLV_1bChwhMysTATnny,CONTAINS
2R2L9FEwH7QvMjxPP6zbnr,24MTLV_1bChwhMysTATnn$,CONTAINS
2R2L9FEwH7QvMjxPP6zbFn,3L5OLoarT32BEY1wYjgWbJ,CONTAINS
2R2L9FEwH7QvMjxPP6zbFn,3L5OLoarT32BEY1wYjgWbM,CONTAINS
2R2L9FEwH7QvMjxPP6zbFn,3L5OLoarT32BEY1wYjgWbG,CONTAINS
2R2L9FEwH7QvMjxPP6zbFn,3L5OLoarT32BEY1wYjgWbN,CONTAINS
2R2L9FEwH7QvMjxPP6zbFn,3L5OLoarT32BEY1wYjgWbK,CONTAINS
2R2L9FEwH7QvMjxPP6zbFn,3L5OLoarT32BEY1wYjgWbO,CONTAINS
2R2L9FEwH7QvMjxPP6zbFn,3L5OLoarT32BEY1wYjgWbR,CONTAINS
2R2L9FEwH7QvMjxPP6zbFn,3L5OLoarT32BEY1wYjgWbQ,CONTAINS
2R2L9FEwH7QvMjxPP6zbFn,3L5OLoarT32BEY1wYjgWbT,CONTAINS
2R2L9FEwH7QvMjxPP6zbnr,24MTLV_1bChwhMysTATnne,CONTAINS
2R2L9FEwH7QvMjxPP6zbnr,24MTLV_1bChwhMysTATnnf,CONTAINS
2R2L9FEwH7QvMjxPP6zbnr,24MTLV_1bChwhMysTATnnh,CONTAINS
2R2L9FEwH7QvMjxPP6zbnr,24MTLV_1bChwhMysTATnng,CONTAINS
2R2L9FEwH7QvMjxPP6zbnr,24MTLV_1bChwhMysTATnna,CONTAINS
2R2L9FEwH7QvMjxPP6zbnr,24MTLV_1bChwhMysTATnnb,CONTAINS
2R2L9FEwH7QvMjxPP6zbnr,24MTLV_1bChwhMysTATnnc,CONTAINS
2R2L9FEwH7QvMjxPP6zbnr,24MTLV_1bChwhMysTATnnd,CONTAINS
2R2L9FEwH7QvMjxPP6zbnr,24MTLV_1bChwhMysTATnnm,CONTAINS
2R2L9FEwH7QvMjxPP6zbnr,24MTLV_1bChwhMysTATnnn,CONTAINS
2R2L9FEwH7QvMjxPP6zbnr,24MTLV_1bChwhMysTATnno,CONTAINS
2R2L9FEwH7QvMjxPP6zbnr,24MTLV_1bChwhMysTATnnp,CONTAINS
2R2L9FEwH7QvMjxPP6zbnr,24MTLV_1bChwhMysTATnni,CONTAINS
2R2L9FEwH7QvMjxPP6zbnr,24MTLV_1bChwhMysTATnnj,CONTAINS
2R2L9FEwH7QvMjxPP6zbnr,24MTLV_1bChwhMysTATnnk,CONTAINS
2R2L9FEwH7QvMjxPP6zbnr,24MTLV_1bChwhMysTATnnl,CONTAINS
2R2L9FEwH7QvMjxPP6zbnr,24MTLV_1bChwhMysTATnm9,CONTAINS
2R2L9FEwH7QvMjxPP6zbnr,24MTLV_1bChwhMysTATnm8,CONTAINS
2R2L9FEwH7QvMjxPP6zbnr,24MTLV_1bChwhMysTATnmB,CONTAINS
2R2L9FEwH7QvMjxPP6zbnr,24MTLV_1bChwhMysTATn_z,CONTAINS
2R2L9FEwH7QvMjxPP6zbnr,24MTLV_1bChwhMysTATnmJ,CONTAINS
2R2L9FEwH7QvMjxPP6zbnr,24MTLV_1bChwhMysTATnm2,CONTAINS
2R2L9FEwH7QvMjxPP6zbnr,24MTLV_1bChwhMysTATnm5,CONTAINS
2R2L9FEwH7QvMjxPP6zbnr,24MTLV_1bChwhMysTATnm4,CONTAINS
2R2L9FEwH7QvMjxPP6zbnr,24MTLV_1bChwhMysTATnm7,CONTAINS
2R2L9FEwH7QvMjxPP6zbnr,24MTLV_1bChwhMysTATnm6,CONTAINS
2R2L9FEwH7QvMjxPP6zbnr,24MTLV_1bChwhMysTATnmD,CONTAINS
2R2L9FEwH7QvMjxPP6zbnr,24MTLV_1bChwhMysTATnmA,CONTAINS
2R2L9FEwH7QvMjxPP6zbnr,24MTLV_1bChwhMysTATnmC,CONTAINS
2R2L9FEwH7QvMjxPP6zbnr,24MTLV_1bChwhMysTATnmE,CONTAINS
2R2L9FEwH7QvMjxPP6zbnr,24MTLV_1bChwhMysTATnmF,CONTAINS
2R2L9FEwH7QvMjxPP6zbnr,24MTLV_1bChwhMysTATnmG,CONTAINS
2R2L9FEwH7QvMjxPP6zbnr,24MTLV_1bChwhMysTATnmH,CONTAINS
2R2L9FEwH7QvMjxPP6zbnr,24MTLV_1bChwhMysTATnmI,CONTAINS
2R2L9FEwH7QvMjxPP6zbnr,24MTLV_1bChwhMysTATnmK,CONTAINS
2R2L9FEwH7QvMjxPP6zbnr,24MTLV_1bChwhMysTATnmM,CONTAINS
2R2L9FEwH7QvMjxPP6zbnr,24MTLV_1bChwhMysTATnmL,CONTAINS
2R2L9FEwH7QvMjxPP6zbnr,24MTLV_1bChwhMysTATnmN,CONTAINS
2R2L9FEwH7QvMjxPP6zbnr,24MTLV_1bChwhMysTATn_l,CONTAINS
2R2L9FEwH7QvMjxPP6zbnr,24MTLV_1bChwhMysTATn_m,CONTAINS
2R2L9FEwH7QvMjxPP6zbnr,24MTLV_1bChwhMysTATn_p,CONTAINS
2R2L9FEwH7QvMjxPP6zbnr,24MTLV_1bChwhMysTATn_o,CONTAINS
2R2L9FEwH7QvMjxPP6zbnr,24MTLV_1bChwhMysTATn_i,CONTAINS
2R2L9FEwH7QvMjxPP6zbnr,24MTLV_1bChwhMysTATn_k,CONTAINS
2R2L9FEwH7QvMjxPP6zbnr,24MTLV_1bChwhMysTATn_n,CONTAINS
2R2L9FEwH7QvMjxPP6zbnr,24MTLV_1bChwhMysTATn_v,CONTAINS
2R2L9FEwH7QvMjxPP6zbnr,24MTLV_1bChwhMysTATn_u,CONTAINS
2R2L9FEwH7QvMjxPP6zbnr,24MTLV_1bChwhMysTATn_x,CONTAINS
2R2L9FEwH7QvMjxPP6zbnr,24MTLV_1bChwhMysTATn_w,CONTAINS
2R2L9FEwH7QvMjxPP6zbnr,24MTLV_1bChwhMysTATn_r,CONTAINS
2R2L9FEwH7QvMjxPP6zbnr,24MTLV_1bChwhMysTATn_q,CONTAINS
2R2L9FEwH7QvMjxPP6zbnr,24MTLV_1bChwhMysTATn_t,CONTAINS
2R2L9FEwH7QvMjxPP6zbnr,24MTLV_1bChwhMysTATn_s,CONTAINS
2R2L9FEwH7QvMjxPP6zbnr,24MTLV_1bChwhMysTATnnB,CONTAINS
2R2L9FEwH7QvMjxPP6zbnr,24MTLV_1bChwhMysTATnnA,CONTAINS
2R2L9FEwH7QvMjxPP6zbnr,24MTLV_1bChwhMysTATnnD,CONTAINS
2R2L9FEwH7QvMjxPP6za0m,3pAmqgtYj5ufKF9VLbwpNP,CONTAINS
2R2L9FEwH7QvMjxPP6za0m,3pAmqgtYj5ufKF9VLbwpNU,CONTAINS
2R2L9FEwH7QvMjxPP6za0m,3pAmqgtYj5ufKF9VLbwpNR,CONTAINS
2R2L9FEwH7QvMjxPP6za0m,3pAmqgtYj5ufKF9VLbwpNO,CONTAINS
2R2L9FEwH7QvMjxPP6za0m,3pAmqgtYj5ufKF9VLbwpN5,CONTAINS
2R2L9FEwH7QvMjxPP6za0m,3pAmqgtYj5ufKF9VLbwpNQ,CONTAINS
2R2L9FEwH7QvMjxPP6za0m,3pAmqgtYj5ufKF9VLbwpN7,CONTAINS
2R2L9FEwH7QvMjxPP6za0m,3pAmqgtYj5ufKF9VLbwpN1,CONTAINS
2R2L9FEwH7QvMjxPP6za0m,3pAmqgtYj5ufKF9VLbwpN4,CONTAINS
2R2L9FEwH7QvMjxPP6za0m,3pAmqgtYj5ufKF9VLbwpN6,CONTAINS
2R2L9FEwH7QvMjxPP6za0m,3pAmqgtYj5ufKF9VLbwpN0,CONTAINS
2R2L9FEwH7QvMjxPP6za0m,3pAmqgtYj5ufKF9VLbwpN3,CONTAINS
2R2L9FEwH7QvMjxPP6$tUo,3pAmqgtYj5ufKF9VLbwpM6,CONTAINS
2R2L9FEwH7QvMjxPP6$tUo,3pAmqgtYj5ufKF9VLbwpM1,CONTAINS
2R2L9FEwH7QvMjxPP6$tUo,3pAmqgtYj5ufKF9VLbwpM3,CONTAINS
2R2L9FEwH7QvMjxPP6$tUo,3pAmqgtYj5ufKF9VLbwpM2,CONTAINS
2R2L9FEwH7QvMjxPP6$tUo,3pAmqgtYj5ufKF9VLbwpM0,CONTAINS
2R2L9FEwH7QvMjxPP6$tUo,3pAmqgtYj5ufKF9VLbwpMD,CONTAINS
2R2L9FEwH7QvMjxPP6zbnr,24MTLV_1bChwhMysTATnnW,CONTAINS
2R2L9FEwH7QvMjxPP6zbnr,24MTLV_1bChwhMysTATnnX,CONTAINS
2R2L9FEwH7QvMjxPP6zbnr,24MTLV_1bChwhMysTATnnZ,CONTAINS
2R2L9FEwH7QvMjxPP6zbnr,24MTLV_1bChwhMysTATnnS,CONTAINS
2R2L9FEwH7QvMjxPP6zbnr,24MTLV_1bChwhMysTATnnY,CONTAINS
2R2L9FEwH7QvMjxPP6zbnr,24MTLV_1bChwhMysTATnnU,CONTAINS
2R2L9FEwH7QvMjxPP6zbnr,24MTLV_1bChwhMysTATnnV,CONTAINS
2R2L9FEwH7QvMjxPP6zbnr,24MTLV_1bChwhMysTATnnT,CONTAINS
2R2L9FEwH7QvMjxPP6zbnr,24MTLV_1bChwhMysTATnnP,CONTAINS
2R2L9FEwH7QvMjxPP6zbnr,24MTLV_1bChwhMysTATnnQ,CONTAINS
2R2L9FEwH7QvMjxPP6zbnr,24MTLV_1bChwhMysTATnnO,CONTAINS
2R2L9FEwH7QvMjxPP6zbnr,24MTLV_1bChwhMysTATnnK,CONTAINS
2R2L9FEwH7QvMjxPP6zbnr,24MTLV_1bChwhMysTATnnR,CONTAINS
2R2L9FEwH7QvMjxPP6zbnr,24MTLV_1bChwhMysTATnnJ,CONTAINS
2R2L9FEwH7QvMjxPP6zbnr,24MTLV_1bChwhMysTATnnG,CONTAINS
2R2L9FEwH7QvMjxPP6zbnr,24MTLV_1bChwhMysTATnnN,CONTAINS
2R2L9FEwH7QvMjxPP6zbnr,24MTLV_1bChwhMysTATnnM,CONTAINS
2R2L9FEwH7QvMjxPP6zbnr,24MTLV_1bChwhMysTATnnC,CONTAINS
2R2L9FEwH7QvMjxPP6zbnr,24MTLV_1bChwhMysTATnnL,CONTAINS
2R2L9FEwH7QvMjxPP6zbnr,24MTLV_1bChwhMysTATnnI,CONTAINS
2R2L9FEwH7QvMjxPP6zbnr,24MTLV_1bChwhMysTATnnH,CONTAINS
2R2L9FEwH7QvMjxPP6zbnr,24MTLV_1bChwhMysTATnnE,CONTAINS
2R2L9FEwH7QvMjxPP6zbnr,24MTLV_1bChwhMysTATnnF,CONTAINS
2R2L9FEwH7QvMjxPP6$tUo,3pAmqgtYj5ufKF9VLbwpLY,CONTAINS
2R2L9FEwH7QvMjxPP6$tUo,3pAmqgtYj5ufKF9VLbwpLW,CONTAINS
2R2L9FEwH7QvMjxPP6$tUo,3pAmqgtYj5ufKF9VLbwpLc,CONTAINS
2R2L9FEwH7QvMjxPP6$tUo,3pAmqgtYj5ufKF9VLbwpLd,CONTAINS
2R2L9FEwH7QvMjxPP6$tUo,3pAmqgtYj5ufKF9VLbwpLa,CONTAINS
2R2L9FEwH7QvMjxPP6$tUo,3pAmqgtYj5ufKF9VLbwpLi,CONTAINS
2R2L9FEwH7QvMjxPP6$tUo,3pAmqgtYj5ufKF9VLbwpLh,CONTAINS
2R2L9FEwH7QvMjxPP6$tUo,3pAmqgtYj5ufKF9VLbwpLg,CONTAINS
2R2L9FEwH7QvMjxPP6$tUo,3pAmqgtYj5ufKF9VLbwpLZ,CONTAINS
2R2L9FEwH7QvMjxPP6$tUo,3pAmqgtYj5ufKF9VLbwpLl,CONTAINS
2R2L9FEwH7QvMjxPP6$tUo,3pAmqgtYj5ufKF9VLbwpLk,CONTAINS
2R2L9FEwH7QvMjxPP6$tUo,3pAmqgtYj5ufKF9VLbwpLj,CONTAINS
2R2L9FEwH7QvMjxPP6$tUo,3pAmqgtYj5ufKF9VLbwpLL,CONTAINS
2R2L9FEwH7QvMjxPP6za06,3pAmqgtYj5ufKF9VLbwpKg,CONTAINS
2R2L9FEwH7QvMjxPP6za06,3pAmqgtYj5ufKF9VLbwpKe,CONTAINS
2R2L9FEwH7QvMjxPP6$tUo,3pAmqgtYj5ufKF9VLbwpLf,CONTAINS
2R2L9FEwH7QvMjxPP6za06,3pAmqgtYj5ufKF9VLbwpKh,CONTAINS
2R2L9FEwH7QvMjxPP6$tUo,3pAmqgtYj5ufKF9VLbwpLe,CONTAINS
2R2L9FEwH7QvMjxPP6zbnr,1ABPEn0mr6YhrT22MQqZ3l,CONTAINS
2R2L9FEwH7QvMjxPP6zbnr,3WPfyBzd9CKeHxeqbkyXPW,CONTAINS
2R2L9FEwH7QvMjxPP6zbnr,1ABPEn0mr6YhrT22MQqZ0i,CONTAINS
2R2L9FEwH7QvMjxPP6zbnr,3WPfyBzd9CKeHxeqbkyXP2,CONTAINS
2R2L9FEwH7QvMjxPP6zbnr,3WPfyBzd9CKeHxeqbkyXPm,CONTAINS
2R2L9FEwH7QvMjxPP6zbnr,3WPfyBzd9CKeHxeqbkyXQG,CONTAINS
2R2L9FEwH7QvMjxPP6$tUo,3pAmqgtYj5ufKF9VLbwpMB,CONTAINS
2R2L9FEwH7QvMjxPP6$tUo,3pAmqgtYj5ufKF9VLbwpM9,CONTAINS
2R2L9FEwH7QvMjxPP6$tUo,3pAmqgtYj5ufKF9VLbwpM8,CONTAINS
2R2L9FEwH7QvMjxPP6$tUo,3pAmqgtYj5ufKF9VLbwpME,CONTAINS
2R2L9FEwH7QvMjxPP6$tUo,3pAmqgtYj5ufKF9VLbwpMC,CONTAINS
2R2L9FEwH7QvMjxPP6$tUo,3pAmqgtYj5ufKF9VLbwpMF,CONTAINS
2R2L9FEwH7QvMjxPP6$tUo,3pAmqgtYj5ufKF9VLbwpLn,CONTAINS
2R2L9FEwH7QvMjxPP6$tUo,3pAmqgtYj5ufKF9VLbwpLm,CONTAINS
2R2L9FEwH7QvMjxPP6$tUo,3pAmqgtYj5ufKF9VLbwpLs,CONTAINS
2R2L9FEwH7QvMjxPP6$tUo,3pAmqgtYj5ufKF9VLbwpLt,CONTAINS
2R2L9FEwH7QvMjxPP6$tUo,3pAmqgtYj5ufKF9VLbwpLq,CONTAINS
2R2L9FEwH7QvMjxPP6$tUo,3pAmqgtYj5ufKF9VLbwpMA,CONTAINS
2R2L9FEwH7QvMjxPP6$tUo,3pAmqgtYj5ufKF9VLbwpLr,CONTAINS
2R2L9FEwH7QvMjxPP6$tUo,3pAmqgtYj5ufKF9VLbwpL_,CONTAINS
2R2L9FEwH7QvMjxPP6$tUo,3pAmqgtYj5ufKF9VLbwpLv,CONTAINS
2R2L9FEwH7QvMjxPP6$tUo,3pAmqgtYj5ufKF9VLbwpLp,CONTAINS
2R2L9FEwH7QvMjxPP6$tUo,3pAmqgtYj5ufKF9VLbwpLo,CONTAINS
2R2L9FEwH7QvMjxPP6$tUo,3pAmqgtYj5ufKF9VLbwpLz,CONTAINS
2R2L9FEwH7QvMjxPP6$tUo,3pAmqgtYj5ufKF9VLbwpLy,CONTAINS
2R2L9FEwH7QvMjxPP6$tUo,3pAmqgtYj5ufKF9VLbwpLX,CONTAINS
2R2L9FEwH7QvMjxPP6$tUo,3pAmqgtYj5ufKF9VLbwpLu,CONTAINS
2R2L9FEwH7QvMjxPP6$tUo,3pAmqgtYj5ufKF9VLbwpLx,CONTAINS
2R2L9FEwH7QvMjxPP6$tUo,3pAmqgtYj5ufKF9VLbwpLw,CONTAINS
2R2L9FEwH7QvMjxPP6$tUo,3pAmqgtYj5ufKF9VLbwpLb,CONTAINS
2R2L9FEwH7QvMjxPP6$tUo,3pAmqgtYj5ufKF9VLbwpL$,CONTAINS
2R2L9FEwH7QvMjxPP6za0m,3pAmqgtYj5ufKF9VLbwpNf,CONTAINS
2R2L9FEwH7QvMjxPP6za0m,3pAmqgtYj5ufKF9VLbwpNu,CONTAINS
2R2L9FEwH7QvMjxPP6za0m,3pAmqgtYj5ufKF9VLbwpNl,CONTAINS
2R2L9FEwH7QvMjxPP6za0m,3pAmqgtYj5ufKF9VLbwpNk,CONTAINS
2R2L9FEwH7QvMjxPP6za0m,3pAmqgtYj5ufKF9VLbwpNi,CONTAINS
2R2L9FEwH7QvMjxPP6za0m,3pAmqgtYj5ufKF9VLbwpNY,CONTAINS
2R2L9FEwH7QvMjxPP6za0m,3pAmqgtYj5ufKF9VLbwpNj,CONTAINS
2R2L9FEwH7QvMjxPP6za0m,3pAmqgtYj5ufKF9VLbwpNd,CONTAINS
2R2L9FEwH7QvMjxPP6za0m,3pAmqgtYj5ufKF9VLbwpNc,CONTAINS
2R2L9FEwH7QvMjxPP6za0m,3pAmqgtYj5ufKF9VLbwpNa,CONTAINS
2R2L9FEwH7QvMjxPP6za0m,3pAmqgtYj5ufKF9VLbwpNw,CONTAINS
2R2L9FEwH7QvMjxPP6za0m,3pAmqgtYj5ufKF9VLbwpNb,CONTAINS
2R2L9FEwH7QvMjxPP6za0m,3pAmqgtYj5ufKF9VLbwpNx,CONTAINS
2R2L9FEwH7QvMjxPP6za0m,3pAmqgtYj5ufKF9VLbwpNg,CONTAINS
2R2L9FEwH7QvMjxPP6za0m,3pAmqgtYj5ufKF9VLbwpNe,CONTAINS
2R2L9FEwH7QvMjxPP6za0m,3pAmqgtYj5ufKF9VLbwpNV,CONTAINS
2R2L9FEwH7QvMjxPP6za0m,3pAmqgtYj5ufKF9VLbwpNT,CONTAINS
2R2L9FEwH7QvMjxPP6za0m,3pAmqgtYj5ufKF9VLbwpNZ,CONTAINS
2R2L9FEwH7QvMjxPP6za0m,3pAmqgtYj5ufKF9VLbwpNW,CONTAINS
2R2L9FEwH7QvMjxPP6za0m,3pAmqgtYj5ufKF9VLbwpNN,CONTAINS
2R2L9FEwH7QvMjxPP6za0m,3pAmqgtYj5ufKF9VLbwpNM,CONTAINS
2R2L9FEwH7QvMjxPP6za0m,3pAmqgtYj5ufKF9VLbwpNL,CONTAINS
2R2L9FEwH7QvMjxPP6za0m,3pAmqgtYj5ufKF9VLbwpNK,CONTAINS
2R2L9FEwH7QvMjxPP6za0m,3pAmqgtYj5ufKF9VLbwpNh,CONTAINS
2R2L9FEwH7QvMjxPP6zbnr,0PYVys0RD84RhZtP96KMrm,CONTAINS
2R2L9FEwH7QvMjxPP6zbnr,3WPfyBzd9CKeHxeqbkyXRS,CONTAINS
2R2L9FEwH7QvMjxPP6zbnr,3WPfyBzd9CKeHxeqbkyXRf,CONTAINS
2R2L9FEwH7QvMjxPP6zbnr,0PYVys0RD84RhZtP96KMoU,CONTAINS
2R2L9FEwH7QvMjxPP6zbnr,0PYVys0RD84RhZtP96KMou,CONTAINS
2R2L9FEwH7QvMjxPP6zbnr,0PYVys0RD84RhZtP96KMrV,CONTAINS
2R2L9FEwH7QvMjxPP6zbnr,3WPfyBzd9CKeHxeqbkyX4n,CONTAINS
2R2L9FEwH7QvMjxPP6zbnr,3WPfyBzd9CKeHxeqbkyX5U,CONTAINS
2R2L9FEwH7QvMjxPP6zbnr,1ABPEn0mr6YhrT22MQqZ0t,CONTAINS
2R2L9FEwH7QvMjxPP6zbnr,3WPfyBzd9CKeHxeqbkyXQv,CONTAINS
2R2L9FEwH7QvMjxPP6zbnr,3WPfyBzd9CKeHxeqbkyXQl,CONTAINS
2R2L9FEwH7QvMjxPP6zbnr,3WPfyBzd9CKeHxeqbkyX2o,CONTAINS
2R2L9FEwH7QvMjxPP6zbnr,0DK17VppP4hfZ_y2vAc1lM,CONTAINS
2R2L9FEwH7QvMjxPP6zbnr,0DK17VppP4hfZ_y2vAc1kB,CONTAINS
2R2L9FEwH7QvMjxPP6za0m,3pAmqgtYj5ufKF9VLbwpNv,CONTAINS
2R2L9FEwH7QvMjxPP6za0m,3pAmqgtYj5ufKF9VLbwpNX,CONTAINS
2R2L9FEwH7QvMjxPP6zbnr,0DK17VppP4hfZ_y2vAc1kS,CONTAINS
2R2L9FEwH7QvMjxPP6zbnr,0PYVys0RD84RhZtP96KMti,CONTAINS
2R2L9FEwH7QvMjxPP6zbnr,3WPfyBzd9CKeHxeqbkyX3Q,CONTAINS
2R2L9FEwH7QvMjxPP6zbnr,0PYVys0RD84RhZtP96KMtq,CONTAINS
2R2L9FEwH7QvMjxPP6za0m,3pAmqgtYj5ufKF9VLbwpN$,CONTAINS
2R2L9FEwH7QvMjxPP6za0m,3pAmqgtYj5ufKF9VLbwpN_,CONTAINS
2R2L9FEwH7QvMjxPP6za0m,3pAmqgtYj5ufKF9VLbwpNy,CONTAINS
2R2L9FEwH7QvMjxPP6zbnr,0PYVys0RD84RhZtP96KMqL,CONTAINS
2R2L9FEwH7QvMjxPP6zbnr,0PdTxbOTD0pO8fPtN3GE8s,CONTAINS
2R2L9FEwH7QvMjxPP6zbnr,0PdTxbOTD0pO8fPtN3GEAD,CONTAINS
2R2L9FEwH7QvMjxPP6zbnr,0PdTxbOTD0pO8fPtN3GE80,CONTAINS
2R2L9FEwH7QvMjxPP6zbnr,0PdTxbOTD0pO8fPtN3GFqP,CONTAINS
2R2L9FEwH7QvMjxPP6zbnr,0PdTxbOTD0pO8fPtN3GFtJ,CONTAINS
2R2L9FEwH7QvMjxPP6zbnr,0PdTxbOTD0pO8fPtN3GFtl,CONTAINS
2R2L9FEwH7QvMjxPP6zbnr,0PdTxbOTD0pO8fPtN3GFqt,CONTAINS
2R2L9FEwH7QvMjxPP6zbnr,0PdTxbOTD0pO8fPtN3GE9E,CONTAINS
2R2L9FEwH7QvMjxPP6zbnr,0PdTxbOTD0pO8fPtN3GEEh,CONTAINS
2R2L9FEwH7QvMjxPP6zbnr,0PdTxbOTD0pO8fPtN3GEBW,CONTAINS
2R2L9FEwH7QvMjxPP6zbnr,0PdTxbOTD0pO8fPtN3GEE9,CONTAINS
2R2L9FEwH7QvMjxPP6zbnr,0PdTxbOTD0pO8fPtN3GEFi,CONTAINS
2R2L9FEwH7QvMjxPP6za0m,3pAmqgtYj5ufKF9VLbwpNG,CONTAINS
2R2L9FEwH7QvMjxPP6za0m,3pAmqgtYj5ufKF9VLbwpNI,CONTAINS
2R2L9FEwH7QvMjxPP6za0m,3pAmqgtYj5ufKF9VLbwpNH,CONTAINS
2R2L9FEwH7QvMjxPP6za0m,3pAmqgtYj5ufKF9VLbwpNJ,CONTAINS
2R2L9FEwH7QvMjxPP6za0m,3pAmqgtYj5ufKF9VLbwpNS,CONTAINS
2R2L9FEwH7QvMjxPP6$hNV,3wSzpi3E54oOh$_pXqapMs,CONTAINS
2R2L9FEwH7QvMjxPP6$hNV,3wSzpi3E54oOh$_pXqapMt,CONTAINS
2R2L9FEwH7QvMjxPP6$hNV,3wSzpi3E54oOh$_pXqapMn,CONTAINS
2R2L9FEwH7QvMjxPP6$hNV,3wSzpi3E54oOh$_pXqapMo,CONTAINS
2R2L9FEwH7QvMjxPP6$hNV,3wSzpi3E54oOh$_pXqapMp,CONTAINS
2R2L9FEwH7QvMjxPP6$hNV,3wSzpi3E54oOh$_pXqapMq,CONTAINS
2R2L9FEwH7QvMjxPP6$hNV,3wSzpi3E54oOh$_pXqapMm,CONTAINS
2R2L9FEwH7QvMjxPP6$hNV,3wSzpi3E54oOh$_pXqapM3,CONTAINS
2R2L9FEwH7QvMjxPP6$hNV,3wSzpi3E54oOh$_pXqapM0,CONTAINS
2R2L9FEwH7QvMjxPP6$hNV,3wSzpi3E54oOh$_pXqapM5,CONTAINS
2R2L9FEwH7QvMjxPP6$hNV,3wSzpi3E54oOh$_pXqapMk,CONTAINS
2R2L9FEwH7QvMjxPP6$hNV,3wSzpi3E54oOh$_pXqapM1,CONTAINS
2R2L9FEwH7QvMjxPP6$hNV,3wSzpi3E54oOh$_pXqapM6,CONTAINS
2R2L9FEwH7QvMjxPP6$hNV,3wSzpi3E54oOh$_pXqapMl,CONTAINS
2R2L9FEwH7QvMjxPP6$hNV,3wSzpi3E54oOh$_pXqapMf,CONTAINS
2R2L9FEwH7QvMjxPP6$hNV,3wSzpi3E54oOh$_pXqapMi,CONTAINS
2R2L9FEwH7QvMjxPP6$hNV,3wSzpi3E54oOh$_pXqapMe,CONTAINS
2R2L9FEwH7QvMjxPP6$hNV,3wSzpi3E54oOh$_pXqapMh,CONTAINS
2R2L9FEwH7QvMjxPP6$hNV,3wSzpi3E54oOh$_pXqapMg,CONTAINS
2R2L9FEwH7QvMjxPP6$hNV,3wSzpi3E54oOh$_pXqapMr,CONTAINS
2R2L9FEwH7QvMjxPP6zbnr,1ABPEn0mr6YhrT22MQqZV0,CONTAINS
2R2L9FEwH7QvMjxPP6zbnr,1ABPEn0mr6YhrT22MQqZVu,CONTAINS
2R2L9FEwH7QvMjxPP6zbnr,1ABPEn0mr6YhrT22MQqZVH,CONTAINS
2R2L9FEwH7QvMjxPP6$hNV,3wSzpi3E54oOh$_pXqapM$,CONTAINS
2R2L9FEwH7QvMjxPP6$hNV,3wSzpi3E54oOh$_pXqapM_,CONTAINS
2R2L9FEwH7QvMjxPP6$hNV,3wSzpi3E54oOh$_pXqapMz,CONTAINS
2R2L9FEwH7QvMjxPP6$hNV,3wSzpi3E54oOh$_pXqapMy,CONTAINS
2R2L9FEwH7QvMjxPP6$hNV,3wSzpi3E54oOh$_pXqapMw,CONTAINS
2R2L9FEwH7QvMjxPP6$hNV,3wSzpi3E54oOh$_pXqapMu,CONTAINS
2R2L9FEwH7QvMjxPP6$hNV,3wSzpi3E54oOh$_pXqapMx,CONTAINS
2R2L9FEwH7QvMjxPP6$hNV,3wSzpi3E54oOh$_pXqapM7,CONTAINS
2R2L9FEwH7QvMjxPP6$hNV,3wSzpi3E54oOh$_pXqapMv,CONTAINS
2R2L9FEwH7QvMjxPP6$hNV,3wSzpi3E54oOh$_pXqapM4,CONTAINS
2R2L9FEwH7QvMjxPP6zbnr,1ABPEn0mr6YhrT22MQqZ2I,CONTAINS
2R2L9FEwH7QvMjxPP6zbnr,1ABPEn0mr6YhrT22MQqZTY,CONTAINS
2R2L9FEwH7QvMjxPP6zbnr,1ABPEn0mr6YhrT22MQqZTn,CONTAINS
2R2L9FEwH7QvMjxPP6zbnr,1ABPEn0mr6YhrT22MQqZS_,CONTAINS
2R2L9FEwH7QvMjxPP6zbnr,1ABPEn0mr6YhrT22MQqZ3w,CONTAINS
2R2L9FEwH7QvMjxPP6zbnr,1ABPEn0mr6YhrT22MQqZ33,CONTAINS
2R2L9FEwH7QvMjxPP6zbnr,1ABPEn0mr6YhrT22MQqZ2_,CONTAINS
2R2L9FEwH7QvMjxPP6zbnr,1ABPEn0mr6YhrT22MQqZ2C,CONTAINS
2R2L9FEwH7QvMjxPP6zbnr,1ABPEn0mr6YhrT22MQqZUs,CONTAINS
2R2L9FEwH7QvMjxPP6zbnr,1ABPEn0mr6YhrT22MQqZUT,CONTAINS
2R2L9FEwH7QvMjxPP6zbnr,1ABPEn0mr6YhrT22MQqZPk,CONTAINS
2R2L9FEwH7QvMjxPP6zbnr,1ABPEn0mr6YhrT22MQqZVf,CONTAINS
2R2L9FEwH7QvMjxPP6$hNV,3wSzpi3E54oOh$_pXqapMj,CONTAINS
2R2L9FEwH7QvMjxPP6$hNV,0yl1vx7cT3fvY_CprPQvSn,CONTAINS
2R2L9FEwH7QvMjxPP6$hNV,0yl1vx7cT3fvY_CprPQvSs,CONTAINS
2R2L9FEwH7QvMjxPP6$hNV,0yl1vx7cT3fvY_CprPQvSp,CONTAINS
2R2L9FEwH7QvMjxPP6$hNV,0yl1vx7cT3fvY_CprPQvSm,CONTAINS
2R2L9FEwH7QvMjxPP6$hNV,0yl1vx7cT3fvY_CprPQvRD,CONTAINS
2R2L9FEwH7QvMjxPP6$hNV,0yl1vx7cT3fvY_CprPQvRF,CONTAINS
2R2L9FEwH7QvMjxPP6$hNV,0yl1vx7cT3fvY_CprPQvRC,CONTAINS
2R2L9FEwH7QvMjxPP6$hNV,0yl1vx7cT3fvY_CprPQvR7,CONTAINS
2R2L9FEwH7QvMjxPP6$hNV,0yl1vx7cT3fvY_CprPQvR9,CONTAINS
2R2L9FEwH7QvMjxPP6$hNV,0yl1vx7cT3fvY_CprPQvRE,CONTAINS
2R2L9FEwH7QvMjxPP6$hNV,0yl1vx7cT3fvY_CprPQvRA,CONTAINS
2R2L9FEwH7QvMjxPP6$hNV,0yl1vx7cT3fvY_CprPQvR4,CONTAINS
2R2L9FEwH7QvMjxPP6$hNV,0yl1vx7cT3fvY_CprPQvR5,CONTAINS
2R2L9FEwH7QvMjxPP6$hNV,0yl1vx7cT3fvY_CprPQvR8,CONTAINS
2R2L9FEwH7QvMjxPP6$hNV,0yl1vx7cT3fvY_CprPQvRB,CONTAINS
2R2L9FEwH7QvMjxPP6$hNV,0yl1vx7cT3fvY_CprPQvSF,CONTAINS
2R2L9FEwH7QvMjxPP6$hNV,0yl1vx7cT3fvY_CprPQvS9,CONTAINS
2R2L9FEwH7QvMjxPP6$hNV,0yl1vx7cT3fvY_CprPQvSC,CONTAINS
2R2L9FEwH7QvMjxPP6$hNV,0yl1vx7cT3fvY_CprPQvS_,CONTAINS
2R2L9FEwH7QvMjxPP6$hNV,0yl1vx7cT3fvY_CprPQvSE,CONTAINS
2R2L9FEwH7QvMjxPP6$hNV,0yl1vx7cT3fvY_CprPQvS$,CONTAINS
2R2L9FEwH7QvMjxPP6$hNV,0yl1vx7cT3fvY_CprPQvSz,CONTAINS
2R2L9FEwH7QvMjxPP6$hNV,0yl1vx7cT3fvY_CprPQvSy,CONTAINS
2R2L9FEwH7QvMjxPP6$hNV,0yl1vx7cT3fvY_CprPQvSZ,CONTAINS
2R2L9FEwH7QvMjxPP6$hNV,0yl1vx7cT3fvY_CprPQvSY,CONTAINS
2R2L9FEwH7QvMjxPP6$hNV,0yl1vx7cT3fvY_CprPQvSX,CONTAINS
2R2L9FEwH7QvMjxPP6$hNV,0yl1vx7cT3fvY_CprPQvSW,CONTAINS
2R2L9FEwH7QvMjxPP6$hNV,0yl1vx7cT3fvY_CprPQvSt,CONTAINS
2R2L9FEwH7QvMjxPP6$hNV,0yl1vx7cT3fvY_CprPQvSq,CONTAINS
2R2L9FEwH7QvMjxPP6$hNV,0yl1vx7cT3fvY_CprPQvSr,CONTAINS
2R2L9FEwH7QvMjxPP6$hNV,0yl1vx7cT3fvY_CprPQvSw,CONTAINS
2R2L9FEwH7QvMjxPP6$hNV,0yl1vx7cT3fvY_CprPQvSx,CONTAINS
2R2L9FEwH7QvMjxPP6$hNV,0yl1vx7cT3fvY_CprPQvSu,CONTAINS
2R2L9FEwH7QvMjxPP6$hNV,0yl1vx7cT3fvY_CprPQvSv,CONTAINS
2R2L9FEwH7QvMjxPP6$hNV,0yl1vx7cT3fvY_CprPQvSl,CONTAINS
2R2L9FEwH7QvMjxPP6$hNV,0yl1vx7cT3fvY_CprPQvSk,CONTAINS
2R2L9FEwH7QvMjxPP6$hNV,0yl1vx7cT3fvY_CprPQvSj,CONTAINS
2R2L9FEwH7QvMjxPP6$hNV,0yl1vx7cT3fvY_CprPQvSi,CONTAINS
2R2L9FEwH7QvMjxPP6$hNV,0yl1vx7cT3fvY_CprPQvSJ,CONTAINS
2R2L9FEwH7QvMjxPP6$hNV,0yl1vx7cT3fvY_CprPQvSI,CONTAINS
2R2L9FEwH7QvMjxPP6$hNV,0yl1vx7cT3fvY_CprPQvSH,CONTAINS
2R2L9FEwH7QvMjxPP6$hNV,0yl1vx7cT3fvY_CprPQvSc,CONTAINS
2R2L9FEwH7QvMjxPP6$hNV,0yl1vx7cT3fvY_CprPQvSd,CONTAINS
2R2L9FEwH7QvMjxPP6$hNV,0yl1vx7cT3fvY_CprPQvSG,CONTAINS
2R2L9FEwH7QvMjxPP6$hNV,0yl1vx7cT3fvY_CprPQvSa,CONTAINS
2R2L9FEwH7QvMjxPP6$hNV,0yl1vx7cT3fvY_CprPQvSh,CONTAINS
2R2L9FEwH7QvMjxPP6$hNV,0yl1vx7cT3fvY_CprPQvSb,CONTAINS
2R2L9FEwH7QvMjxPP6$hNV,0yl1vx7cT3fvY_CprPQvSe,CONTAINS
2R2L9FEwH7QvMjxPP6$hNV,0yl1vx7cT3fvY_CprPQvSf,CONTAINS
2R2L9FEwH7QvMjxPP6$hNV,0yl1vx7cT3fvY_CprPQvSg,CONTAINS
2R2L9FEwH7QvMjxPP6za1o,0uV4v_fSrFxhCVie47sYO5,CONTAINS
2R2L9FEwH7QvMjxPP6za1o,0uV4v_fSrFxhCVie47sYOm,CONTAINS
2R2L9FEwH7QvMjxPP6za1o,0uV4v_fSrFxhCVie47sYOu,CONTAINS
2R2L9FEwH7QvMjxPP6$hNV,0yl1vx7cT3fvY_CprPQvR6,CONTAINS
2R2L9FEwH7QvMjxPP6za1o,0uV4v_fSrFxhCVie47sYOn,CONTAINS
2R2L9FEwH7QvMjxPP6za1o,0uV4v_fSrFxhCVie47sYOx,CONTAINS
2R2L9FEwH7QvMjxPP6$hNV,0yl1vx7cT3fvY_CprPQvR1,CONTAINS
2R2L9FEwH7QvMjxPP6$hNV,0yl1vx7cT3fvY_CprPQvR0,CONTAINS
2R2L9FEwH7QvMjxPP6za1o,0uV4v_fSrFxhCVie47sYO4,CONTAINS
2R2L9FEwH7QvMjxPP6$hNV,0yl1vx7cT3fvY_CprPQvSo,CONTAINS
2R2L9FEwH7QvMjxPP6$tUo,1SubYgpHL678QZ7gCSE_N2,CONTAINS
2R2L9FEwH7QvMjxPP6$tUo,1SubYgpHL678QZ7gCSE_P0,CONTAINS
2R2L9FEwH7QvMjxPP6$tUo,1SubYgpHL678QZ7gCSE_Oz,CONTAINS
2R2L9FEwH7QvMjxPP6$tUo,1SubYgpHL678QZ7gCSE_Pr,CONTAINS
2R2L9FEwH7QvMjxPP6$tUo,1SubYgpHL678QZ7gCSE_Ph,CONTAINS
2R2L9FEwH7QvMjxPP6$tUo,1SubYgpHL678QZ7gCSE_Lu,CONTAINS
2R2L9FEwH7QvMjxPP6$tUo,1SubYgpHL678QZ7gCSE_LK,CONTAINS
2R2L9FEwH7QvMjxPP6$tUo,1SubYgpHL678QZ7gCSEnlW,CONTAINS
2R2L9FEwH7QvMjxPP6$tUo,1SubYgpHL678QZ7gCSEni0,CONTAINS
2R2L9FEwH7QvMjxPP6$tUo,1SubYgpHL678QZ7gCSEniM,CONTAINS
2R2L9FEwH7QvMjxPP6$tUo,1SubYgpHL678QZ7gCSE_Mw,CONTAINS
2R2L9FEwH7QvMjxPP6$tUo,1SubYgpHL678QZ7gCSE_MV,CONTAINS
2R2L9FEwH7QvMjxPP6$tUo,1SubYgpHL678QZ7gCSE_Nh,CONTAINS
2R2L9FEwH7QvMjxPP6za0m,3XduyAG3LE2eDeO0BfViuZ,CONTAINS
2R2L9FEwH7QvMjxPP6za0m,3XduyAG3LE2eDeO0BfViuW,CONTAINS
2R2L9FEwH7QvMjxPP6$tUo,1SubYgpHL678QZ7gCSE_Ih,CONTAINS
2R2L9FEwH7QvMjxPP6$tUo,1SubYgpHL678QZ7gCSE_K9,CONTAINS
2R2L9FEwH7QvMjxPP6$tUo,1SubYgpHL678QZ7gCSE_I0,CONTAINS
2R2L9FEwH7QvMjxPP6$tUo,1SubYgpHL678QZ7gCSE_KV,CONTAINS
2R2L9FEwH7QvMjxPP6$tUo,1SubYgpHL678QZ7gCSE_L0,CONTAINS
2R2L9FEwH7QvMjxPP6$tUo,3TJuDF1T12QQrZPP7iyJhv,CONTAINS
2R2L9FEwH7QvMjxPP6$tUo,3TJuDF1T12QQrZPP7iyJhj,CONTAINS
2R2L9FEwH7QvMjxPP6$tUo,1SubYgpHL678QZ7gCSE_GU,CONTAINS
2R2L9FEwH7QvMjxPP6$tUo,1SubYgpHL678QZ7gCSE_Jy,CONTAINS
2R2L9FEwH7QvMjxPP6$tUo,1SubYgpHL678QZ7gCSEnkp,CONTAINS
2R2L9FEwH7QvMjxPP6za0m,3XduyAG3LE2eDeO0BfVix5,CONTAINS
2R2L9FEwH7QvMjxPP6$tUo,3TJuDF1T12QQrZPP7iyJhU,CONTAINS
2R2L9FEwH7QvMjxPP6$tUo,1SubYgpHL678QZ7gCSE_HU,CONTAINS
2R2L9FEwH7QvMjxPP6$tUo,1SubYgpHL678QZ7gCSE_HE,CONTAINS
2R2L9FEwH7QvMjxPP6$tUo,1SubYgpHL678QZ7gCSE_Ga,CONTAINS
2R2L9FEwH7QvMjxPP6$tUo,1SubYgpHL678QZ7gCSE_Je,CONTAINS
2R2L9FEwH7QvMjxPP6$tUo,1SubYgpHL678QZ7gCSE_JE,CONTAINS
2R2L9FEwH7QvMjxPP6$tUo,1SubYgpHL678QZ7gCSE_HY,CONTAINS
2R2L9FEwH7QvMjxPP6zb5d,3WJ7AA5fnD48zebolJt0rx,CONTAINS
2R2L9FEwH7QvMjxPP6zb5d,3WJ7AA5fnD48zebolJt0ry,CONTAINS
2R2L9FEwH7QvMjxPP6zb5d,3WJ7AA5fnD48zebolJt0rZ,CONTAINS
2R2L9FEwH7QvMjxPP6zb5d,3WJ7AA5fnD48zebolJt0rw,CONTAINS
2R2L9FEwH7QvMjxPP6zb5d,3WJ7AA5fnD48zebolJt0rv,CONTAINS
2R2L9FEwH7QvMjxPP6zb5d,3WJ7AA5fnD48zebolJt0rQ,CONTAINS
2R2L9FEwH7QvMjxPP6zb5d,3WJ7AA5fnD48zebolJt0rO,CONTAINS
2R2L9FEwH7QvMjxPP6zb5d,3WJ7AA5fnD48zebolJt0rP,CONTAINS
2R2L9FEwH7QvMjxPP6zb5d,3WJ7AA5fnD48zebolJt0rN,CONTAINS
2R2L9FEwH7QvMjxPP6zb5d,3WJ7AA5fnD48zebolJt0rL,CONTAINS
2R2L9FEwH7QvMjxPP6zb5d,3WJ7AA5fnD48zebolJt0rM,CONTAINS
2R2L9FEwH7QvMjxPP6zb5d,3WJ7AA5fnD48zebolJt0rj,CONTAINS
2R2L9FEwH7QvMjxPP6zb5d,3WJ7AA5fnD48zebolJt0rk,CONTAINS
2R2L9FEwH7QvMjxPP6zb5d,3WJ7AA5fnD48zebolJt0rK,CONTAINS
2R2L9FEwH7QvMjxPP6zb5d,3WJ7AA5fnD48zebolJt0rJ,CONTAINS
2R2L9FEwH7QvMjxPP6zb5d,3WJ7AA5fnD48zebolJt0rb,CONTAINS
2R2L9FEwH7QvMjxPP6zb5d,3WJ7AA5fnD48zebolJt0rG,CONTAINS
2R2L9FEwH7QvMjxPP6zb5d,3WJ7AA5fnD48zebolJt0rl,CONTAINS
2R2L9FEwH7QvMjxPP6zb5d,3WJ7AA5fnD48zebolJt0rI,CONTAINS
2R2L9FEwH7QvMjxPP6zb5d,3WJ7AA5fnD48zebolJt0rH,CONTAINS
2R2L9FEwH7QvMjxPP6zb5d,3WJ7AA5fnD48zebolJt0rf,CONTAINS
2R2L9FEwH7QvMjxPP6zb5d,3WJ7AA5fnD48zebolJt0rg,CONTAINS
2R2L9FEwH7QvMjxPP6zb5d,3WJ7AA5fnD48zebolJt0rh,CONTAINS
2R2L9FEwH7QvMjxPP6zb5d,3WJ7AA5fnD48zebolJt0ri,CONTAINS
2R2L9FEwH7QvMjxPP6zb5d,3WJ7AA5fnD48zebolJt0rc,CONTAINS
2R2L9FEwH7QvMjxPP6zb5d,3WJ7AA5fnD48zebolJt0rd,CONTAINS
2R2L9FEwH7QvMjxPP6zb5d,3WJ7AA5fnD48zebolJt0re,CONTAINS
2R2L9FEwH7QvMjxPP6zb5d,3WJ7AA5fnD48zebolJt0rY,CONTAINS
2R2L9FEwH7QvMjxPP6zb5d,3WJ7AA5fnD48zebolJt0rX,CONTAINS
2R2L9FEwH7QvMjxPP6zb5d,3WJ7AA5fnD48zebolJt0ra,CONTAINS
2R2L9FEwH7QvMjxPP6zb5d,3WJ7AA5fnD48zebolJt0r_,CONTAINS
2R2L9FEwH7QvMjxPP6zb5d,3WJ7AA5fnD48zebolJt0rz,CONTAINS
2R2L9FEwH7QvMjxPP6zb5d,3WJ7AA5fnD48zebolJt0rW,CONTAINS
2R2L9FEwH7QvMjxPP6zb5d,3WJ7AA5fnD48zebolJt0r$,CONTAINS
2R2L9FEwH7QvMjxPP6zYsS,0_3YgL4094SPd6D24gGZQo,CONTAINS
2R2L9FEwH7QvMjxPP6zYsS,0_3YgL4094SPd6D24gGZQW,CONTAINS
2R2L9FEwH7QvMjxPP6zYsS,0_3YgL4094SPd6D24gGZP7,CONTAINS
2R2L9FEwH7QvMjxPP6zbTO,2_FCaLmfj6yAPasaU47QdD,CONTAINS
2R2L9FEwH7QvMjxPP6zbTO,3RyenZGC9CbOyK8eeC0DU5,CONTAINS
2R2L9FEwH7QvMjxPP6zaDT,2bdLzwcs16ZOKbHXYumYK5,CONTAINS
2R2L9FEwH7QvMjxPP6za1i,2el2Ss8KnBoBAjHFJRzbNQ,CONTAINS
2R2L9FEwH7QvMjxPP6za06,2el2Ss8KnBoBAjHFJRzbNX,CONTAINS
2R2L9FEwH7QvMjxPP6zaDT,083PT5UOT40wVA0dd_F2WW,CONTAINS
2R2L9FEwH7QvMjxPP6za1o,2el2Ss8KnBoBAjHFJRzbMq,CONTAINS
2R2L9FEwH7QvMjxPP6za3_,2el2Ss8KnBoBAjHFJRzbMA,CONTAINS
2R2L9FEwH7QvMjxPP6z3KC,3Eu$goOtv6o8s1IWTf0Civ,CONTAINS
2R2L9FEwH7QvMjxPP6z3KC,083PT5UOT40wVA0dd_F2Y2,CONTAINS
2R2L9FEwH7QvMjxPP6z1F8,083PT5UOT40wVA0dd_F2Xg,CONTAINS
2R2L9FEwH7QvMjxPP6z3KC,2PuOp$wd11tRXeQ_6Bd_xe,CONTAINS
2R2L9FEwH7QvMjxPP6zbnl,1Q3qVnD0H7jeHjidWpvYwC,CONTAINS
2R2L9FEwH7QvMjxPP6zaDT,3HH_40A5rDWe0kwd_jn8_z,CONTAINS
2R2L9FEwH7QvMjxPP6zbTO,1vhieZb7DFsvDGT3wT1rT_,CONTAINS
2R2L9FEwH7QvMjxPP6zbTO,2quz0R1Zz9hwVmBpHZqEZN,CONTAINS
2R2L9FEwH7QvMjxPP6za0m,2O9fGu4VD9avCEmcuwBKo1,CONTAINS
2R2L9FEwH7QvMjxPP6zbTO,1VxX9hsrX14fpd6tuCUuyZ,CONTAINS
2R2L9FEwH7QvMjxPP6zYsS,3NxXoOo1DBfvU_w$Q2NVs0,CONTAINS
2R2L9FEwH7QvMjxPP6z3KC,03LEYIvL5779O95R2v9s5d,CONTAINS
2R2L9FEwH7QvMjxPP6z3KC,03LEYIvL5779O95R2v9s7K,CONTAINS
2R2L9FEwH7QvMjxPP6zbnl,27IJUr7Sn8lQBNnvniae3k,CONTAINS
2R2L9FEwH7QvMjxPP6zbnl,3J7QnrAjr66gbWQ0XDHgX9,CONTAINS
2R2L9FEwH7QvMjxPP6zbnl,1qMtBzRLnC69DgXVA7soj2,CONTAINS
2R2L9FEwH7QvMjxPP6z3KC,03LEYIvL5779O95R2v9s7z,CONTAINS
2R2L9FEwH7QvMjxPP6zbFn,1TgbqwUwn9te3sgF6st6qI,CONTAINS
2R2L9FEwH7QvMjxPP6zbnr,1TgbqwUwn9te3sgF6st6mq,CONTAINS
2R2L9FEwH7QvMjxPP6zYsS,1TgbqwUwn9te3sgF6st6sX,CONTAINS
2R2L9FEwH7QvMjxPP6zb5d,1TgbqwUwn9te3sgF6st6rO,CONTAINS
2R2L9FEwH7QvMjxPP6zbTO,1TgbqwUwn9te3sgF6st6oE,CONTAINS
2R2L9FEwH7QvMjxPP6_urS,1rQ6eOrv517erc8mMzErCk,CONTAINS
2R2L9FEwH7QvMjxPP6za0m,1IUjhx5Lz9PAycVBTwGGF$,CONTAINS
2R2L9FEwH7QvMjxPP6zYsS,3C4heucafBiB2e7fJoxriW,CONTAINS
2R2L9FEwH7QvMjxPP6zbnr,1VYYANqh5Ds9UvQ1tMkfD7,CONTAINS
2R2L9FEwH7QvMjxPP6zb5d,3pCu8LCZv1IhQ$jfb$w0G$,CONTAINS
2R2L9FEwH7QvMjxPP6zYsS,3C4heucafBiB2e7fJoxrir,CONTAINS
2R2L9FEwH7QvMjxPP6zb5d,3pCu8LCZv1IhQ$jfb$w0GI,CONTAINS
2R2L9FEwH7QvMjxPP6zbFn,3C4heucafBiB2e7fJoxrgk,CONTAINS
2R2L9FEwH7QvMjxPP6zbFn,3C4heucafBiB2e7fJoxrg3,CONTAINS
2R2L9FEwH7QvMjxPP6zbnr,1VYYANqh5Ds9UvQ1tMkfIt,CONTAINS
2R2L9FEwH7QvMjxPP6zYsS,0_3YgL4094SPd6D2CgGZPb,CONTAINS
2R2L9FEwH7QvMjxPP6zYsS,0_3YgL4094SPd6D24gGZPb,CONTAINS
2R2L9FEwH7QvMjxPP6za1i,3BBTcuoz10GhJAt6rTDWRm,CONTAINS
2R2L9FEwH7QvMjxPP6za1i,3BBTcuoz10GhJAt6zTDWRm,CONTAINS
2R2L9FEwH7QvMjxPP6za0m,13UWnsDXrCnuwk_RlSDGwF,CONTAINS
2R2L9FEwH7QvMjxPP6za0m,13UWnsDXrCnuwk_RdSDGwF,CONTAINS
2R2L9FEwH7QvMjxPP6$hNV,3me6Dlzcj8xfi5O3DPZyhD,CONTAINS
2R2L9FEwH7QvMjxPP6$hNV,3me6Dlzcj8xfi5O35PZyhD,CONTAINS
2R2L9FEwH7QvMjxPP6z1F8,3uE$WE1fL3UPm2EzxDc4MS,CONTAINS
2R2L9FEwH7QvMjxPP6z1F8,3uE$WE1fL3UPm2EzpDc4MS,CONTAINS
2R2L9FEwH7QvMjxPP6zbTO,1W5TNICl9DJw5bEtA3eRHh,CONTAINS
2R2L9FEwH7QvMjxPP6zbTO,1W5TNICl9DJw5bEt23eRHh,CONTAINS
2R2L9FEwH7QvMjxPP6$hLX,3me6Dlzcj8xfi5O3DPZz1S,CONTAINS
2R2L9FEwH7QvMjxPP6$hLX,3me6Dlzcj8xfi5O35PZz1S,CONTAINS
2R2L9FEwH7QvMjxPP6za1i,2lGkUqXFDFCuD$dazcI$ra,CONTAINS
2R2L9FEwH7QvMjxPP6za1i,2lGkUqXFDFCuD$darcI$ra,CONTAINS
2R2L9FEwH7QvMjxPP6za1o,3hFGz1ca19_81uD2zqZx1P,CONTAINS
2R2L9FEwH7QvMjxPP6za1o,3hFGz1ca19_81uD2rqZx1P,CONTAINS
2R2L9FEwH7QvMjxPP6zYsS,1nLA_wEQv1XvvWibIt68HG,CONTAINS
2R2L9FEwH7QvMjxPP6zYsS,1nLA_wEQv1XvvWibQt68HG,CONTAINS
2R2L9FEwH7QvMjxPP6za06,3a58Q7byT768i$Qrog1Q3d,CONTAINS
2R2L9FEwH7QvMjxPP6za06,3a58Q7byT768i$Qrwg1Q3d,CONTAINS
2R2L9FEwH7QvMjxPP6zbFn,2x8cCfN0P5n9amaYHuDXRM,CONTAINS
2R2L9FEwH7QvMjxPP6zbFn,2x8cCfN0P5n9amaYPuDXRM,CONTAINS
2R2L9FEwH7QvMjxPP6za06,2x8cCfN0P5n9amaYPuDWmf,CONTAINS
2R2L9FEwH7QvMjxPP6za06,2x8cCfN0P5n9amaYHuDWmf,CONTAINS
2R2L9FEwH7QvMjxPP6zb5d,24mTfoxv9EYwWUaLZ1fiwb,CONTAINS
2R2L9FEwH7QvMjxPP6zb5d,24mTfoxv9EYwWUaLh1fiwb,CONTAINS
2R2L9FEwH7QvMjxPP6za0m,3Y7IgBtELByRLBhSxZXDxy,CONTAINS
2R2L9FEwH7QvMjxPP6za0m,3Y7IgBtELByRLBhSpZXDxy,CONTAINS
2R2L9FEwH7QvMjxPP6zbTO,1W5TNICl9DJw5bEt23eRJ$,CONTAINS
2R2L9FEwH7QvMjxPP6zbTO,1W5TNICl9DJw5bEtA3eRJ$,CONTAINS
2R2L9FEwH7QvMjxPP6z1F8,03LEYIvL5779O95R2v9s44,CONTAINS
2R2L9FEwH7QvMjxPP6z3KC,03LEYIvL5779O95R2v9s5j,CONTAINS
2R2L9FEwH7QvMjxPP6z3KC,2doVQB2K94rgmDNS183CkO,CONTAINS
2R2L9FEwH7QvMjxPP6z1F8,3plusbJf53O9BkXo$7HII6,CONTAINS
2R2L9FEwH7QvMjxPP6zYsS,0_3YgL4094SPd6D24gGZQ4,CONTAINS
2R2L9FEwH7QvMjxPP6z1F8,03LEYIvL5779O95R2v9s5E,CONTAINS
2R2L9FEwH7QvMjxPP6z1F8,03LEYIvL5779O95R2v9s57,CONTAINS
2R2L9FEwH7QvMjxPP6z1F8,0_3YgL4094SPd6D24gGZQA,CONTAINS
2R2L9FEwH7QvMjxPP6zYsS,0_3YgL4094SPd6D24gGZO$,CONTAINS
2R2L9FEwH7QvMjxPP6zYsS,0_3YgL4094SPd6D24gGZOY,CONTAINS
2R2L9FEwH7QvMjxPP6$hNV,2Gtt__DJzCsewhIOEcLHgS,CONTAINS
2R2L9FEwH7QvMjxPP6z1F8,14b_KQ8Tj2Huvt0ht5FAYm,CONTAINS
2R2L9FEwH7QvMjxPP6$hNV,354xO6KyPFiOqwXxY3wTKF,CONTAINS
2R2L9FEwH7QvMjxPP6z1F8,14b_KQ8Tj2Huvt0ht5FAia,CONTAINS
2R2L9FEwH7QvMjxPP6z1F8,2J0VOQ8PDElf3f_3lSsF5c,CONTAINS
2R2L9FEwH7QvMjxPP6z3KC,03LEYIvL5779O95R2v9s5y,CONTAINS
2R2L9FEwH7QvMjxPP6z1F8,03LEYIvL5779O95R2v9s5J,CONTAINS
2R2L9FEwH7QvMjxPP6z3KC,03LEYIvL5779O95R2v9s5u,CONTAINS
2R2L9FEwH7QvMjxPP6z3KC,03LEYIvL5779O95R2v9s5K,CONTAINS
2R2L9FEwH7QvMjxPP6z3KC,03LEYIvL5779O95R2v9s5U,CONTAINS
2R2L9FEwH7QvMjxPP6zYsS,0_3YgL4094SPd6D24gGZPJ,CONTAINS
2R2L9FEwH7QvMjxPP6zYsS,0_3YgL4094SPd6D24gGZOu,CONTAINS
2R2L9FEwH7QvMjxPP6zYsS,0_3YgL4094SPd6D24gGZPA,CONTAINS
2R2L9FEwH7QvMjxPP6zYsS,0_3YgL4094SPd6D24gGZPt,CONTAINS
2R2L9FEwH7QvMjxPP6zYsS,0_3YgL4094SPd6D24gGZPe,CONTAINS
2R2L9FEwH7QvMjxPP6zYsS,0_3YgL4094SPd6D24gGZPl,CONTAINS
2R2L9FEwH7QvMjxPP6zYsS,0_3YgL4094SPd6D24gGZQL,CONTAINS
2R2L9FEwH7QvMjxPP6za0m,3$kbxaIEnA6vX13FCgzPWb,CONTAINS
2R2L9FEwH7QvMjxPP6za06,3$kbxaIEnA6vX13FCgzPcE,CONTAINS
2R2L9FEwH7QvMjxPP6za06,3$kbxaIEnA6vX13FCgzPc6,CONTAINS
2R2L9FEwH7QvMjxPP6zYsS,0_3YgL4094SPd6D24gGZQO,CONTAINS
2R2L9FEwH7QvMjxPP6zYsS,0_3YgL4094SPd6D24gGZQU,CONTAINS
2R2L9FEwH7QvMjxPP6zbTO,3YKjQsKV5BOQ3$RVfqwOms,CONTAINS
2R2L9FEwH7QvMjxPP6zbTO,0awPhxsp59UecZIJvxMyTT,CONTAINS
2R2L9FEwH7QvMjxPP6zYsS,0A6SaRpb96pOpQPeLrfDZq,CONTAINS
2R2L9FEwH7QvMjxPP6zbFn,0bEYGnQZb2SAdIMnik2JN2,CONTAINS
2R2L9FEwH7QvMjxPP6zbTO,3$kbxaIEnA6vX13FCgzPnQ,CONTAINS
2R2L9FEwH7QvMjxPP6zbFn,2XuvRLPGH4FRO$ZG3$A5MF,CONTAINS
2R2L9FEwH7QvMjxPP6zbFn,2XuvRLPGH4FRO$ZG3$A5MJ,CONTAINS
2R2L9FEwH7QvMjxPP6za0m,3$kbxaIEnA6vX13FCgzPWw,CONTAINS
2R2L9FEwH7QvMjxPP6zbTO,3$kbxaIEnA6vX13FCgzPnk,CONTAINS
2R2L9FEwH7QvMjxPP6za1i,3$kbxaIEnA6vX13FCgzPKm,CONTAINS
2R2L9FEwH7QvMjxPP6zYsS,0A6SaRpb96pOpQPeLrfDWD,CONTAINS
2R2L9FEwH7QvMjxPP6za1i,3$kbxaIEnA6vX13FCgzPKx,CONTAINS
2R2L9FEwH7QvMjxPP6zbTO,2XuvRLPGH4FRO$ZG3$A5Rm,CONTAINS
2R2L9FEwH7QvMjxPP6zbTO,2XuvRLPGH4FRO$ZG3$A5Q7,CONTAINS
2R2L9FEwH7QvMjxPP6za1o,2jbYJie8PA48Bja62peJYO,CONTAINS
2R2L9FEwH7QvMjxPP6za1o,2jbYJie8PA48Bja62peIUs,CONTAINS
2R2L9FEwH7QvMjxPP6za1o,2jbYJie8PA48Bja62peIMQ,CONTAINS
2R2L9FEwH7QvMjxPP6zb5d,2XuvRLPGH4FRO$ZG3$A5GL,CONTAINS
2R2L9FEwH7QvMjxPP6zb5d,2XuvRLPGH4FRO$ZG3$A5GS,CONTAINS
2R2L9FEwH7QvMjxPP6za1o,2jbYJie8PA48Bja62peIM4,CONTAINS
2R2L9FEwH7QvMjxPP6za0m,13UWnsDXrCnuwk_RlSDGv1,CONTAINS
2R2L9FEwH7QvMjxPP6za0m,13UWnsDXrCnuwk_RlSDGvT,CONTAINS
2R2L9FEwH7QvMjxPP6$hLX,0LnapYC4H2FOZWHRI$62Am,CONTAINS
2R2L9FEwH7QvMjxPP6$hLX,0LnapYC4H2FOZWHRI$62EI,CONTAINS
2R2L9FEwH7QvMjxPP6$hNV,3JhGGQgGn3Sho1Nv3DXY8H,CONTAINS
2R2L9FEwH7QvMjxPP6$hNV,3JhGGQgGn3Sho1Nv3DXYAo,CONTAINS
2R2L9FEwH7QvMjxPP6za1o,3hFGz1ca19_81uD2zqZyfo,CONTAINS
2R2L9FEwH7QvMjxPP6za1i,2TaegB_4v9xQQpS9QijeRw,CONTAINS
2R2L9FEwH7QvMjxPP6za1i,2lGkUqXFDFCuD$darcI$t7,CONTAINS
2R2L9FEwH7QvMjxPP6zYsS,2lGkUqXFDFCuD$darcI$x6,CONTAINS
2R2L9FEwH7QvMjxPP6zYsS,1nLA_wEQv1XvvWibQt68lf,CONTAINS
2R2L9FEwH7QvMjxPP6za06,2x8cCfN0P5n9amaYPuDWmV,CONTAINS
2R2L9FEwH7QvMjxPP6zbFn,2x8cCfN0P5n9amaYPuDXQz,CONTAINS
2R2L9FEwH7QvMjxPP6zbFn,2x8cCfN0P5n9amaYPuDW_f,CONTAINS
2R2L9FEwH7QvMjxPP6za1o,3hFGz1ca19_81uD2zqZyWh,CONTAINS
2R2L9FEwH7QvMjxPP6za0m,3Y7IgBtELByRLBhSpZXDxs,CONTAINS
2R2L9FEwH7QvMjxPP6za0m,3Y7IgBtELByRLBhSpZXDxk,CONTAINS
2R2L9FEwH7QvMjxPP6zb5d,24mTfoxv9EYwWUaLZ1fixI,CONTAINS
2R2L9FEwH7QvMjxPP6za06,2x8cCfN0P5n9amaYPuDWm7,CONTAINS
2R2L9FEwH7QvMjxPP6zb5d,24mTfoxv9EYwWUaLZ1fix9,CONTAINS
2R2L9FEwH7QvMjxPP6zbTO,1W5TNICl9DJw5bEt23eRMR,CONTAINS
2R2L9FEwH7QvMjxPP6zbTO,1W5TNICl9DJw5bEt23eRJk,CONTAINS
2R2L9FEwH7QvMjxPP6zbTO,1W5TNICl9DJw5bEt23eRGK,CONTAINS
2R2L9FEwH7QvMjxPP6zbTO,1W5TNICl9DJw5bEt23eRMI,CONTAINS
2R2L9FEwH7QvMjxPP6$hLX,092a9CJuDBpxRO0okJOYo3,CONTAINS
2R2L9FEwH7QvMjxPP6z1F8,25erUCYZTFGuTfGoQTFnfA,CONTAINS
2R2L9FEwH7QvMjxPP6z1F8,25erUCYZTFGuTfGoQTFnSz,CONTAINS
2R2L9FEwH7QvMjxPP6$hNV,092a9CJuDBpxRO0okJOz6O,CONTAINS
2R2L9FEwH7QvMjxPP6z1F8,2RkL8cK9v9cOzppz9wkovG,CONTAINS
2R2L9FEwH7QvMjxPP6$hNV,2RkL8cK9v9cOzppz9wko$Y,CONTAINS
2R2L9FEwH7QvMjxPP6za0m,0awPhxsp59UecZIJvxMyht,CONTAINS
2R2L9FEwH7QvMjxPP6za06,1mkLLqia17N8NBhMFEK4Um,CONTAINS
2R2L9FEwH7QvMjxPP6$hLX,2RkL8cK9v9cOzppz9wko1W,CONTAINS
2R2L9FEwH7QvMjxPP6za1i,1mkLLqia17N8NBhMFEK4Bb,CONTAINS
2R2L9FEwH7QvMjxPP6zbFn,1mkLLqia17N8NBhMFEK4NE,CONTAINS
2R2L9FEwH7QvMjxPP6za0m,1ovOJEZ$9E9uGvAtQDDslk,CONTAINS
2R2L9FEwH7QvMjxPP6zbnr,0GAaoXnPH96PWgffZewptB,CONTAINS
2R2L9FEwH7QvMjxPP6zbTO,1ovOJEZ$9E9uGvAtQDDsXv,CONTAINS
2R2L9FEwH7QvMjxPP6zbTO,1ovOJEZ$9E9uGvAtQDDsYy,CONTAINS
2R2L9FEwH7QvMjxPP6zYsS,1mkLLqia17N8NBhMFEK40Z,CONTAINS
2R2L9FEwH7QvMjxPP6zb5d,0awPhxsp59UecZIJvxMyzk,CONTAINS
2R2L9FEwH7QvMjxPP6zbnr,0GAaoXnPH96PWgffZewpvA,CONTAINS
2R2L9FEwH7QvMjxPP6zbTO,0GAaoXnPH96PWgffZewprI,CONTAINS
2R2L9FEwH7QvMjxPP6zb5d,1ovOJEZ$9E9uGvAtQDDspS,CONTAINS
2R2L9FEwH7QvMjxPP6za06,2RYuvnuA92B92XlsheC66B,CONTAINS
2R2L9FEwH7QvMjxPP6zb5d,3edJhuCuv079BsSrHsPgyU,CONTAINS
2R2L9FEwH7QvMjxPP6za1i,1strJB2p13Uf5Ky_kQQqv0,CONTAINS
2R2L9FEwH7QvMjxPP6zbFn,2RYuvnuA92B92XlsheC6F9,CONTAINS
2R2L9FEwH7QvMjxPP6zYsS,01jWmTxEj5PeHgvGNj9sws,CONTAINS
2R2L9FEwH7QvMjxPP6$hNV,2RkL8cK9v9cOzppz9wkoJV,CONTAINS
2R2L9FEwH7QvMjxPP6$hNV,2Gtt__DJzCsewhIOEcLHQK,CONTAINS
2R2L9FEwH7QvMjxPP6$hNV,2Gtt__DJzCsewhIOEcLHll,CONTAINS
2R2L9FEwH7QvMjxPP6$hLX,3ajSZoxlT2HAtMBj8V2Aaz,CONTAINS
2R2L9FEwH7QvMjxPP6$hLX,3ajSZoxlT2HAtMBj8V2AYG,CONTAINS
2R2L9FEwH7QvMjxPP6$hNV,2Gtt__DJzCsewhIOEcLH0y,CONTAINS
2R2L9FEwH7QvMjxPP6$hNV,3ajSZoxlT2HAtMBj8V2BT6,CONTAINS
2R2L9FEwH7QvMjxPP6z1F8,2RkL8cK9v9cOzppz9wkoV$,CONTAINS
2R2L9FEwH7QvMjxPP6zbnl,24MTLV_1bChwhMysTATnvf,CONTAINS
2R2L9FEwH7QvMjxPP6zbTO,1GjMnnWan8tQAnfWCQDDKh,CONTAINS
2R2L9FEwH7QvMjxPP6zYsS,03LEYIvL5779O95R2v9sVs,CONTAINS
2R2L9FEwH7QvMjxPP6zbnl,3q1IgDacj1GwhLNGmF3ngc,CONTAINS
2R2L9FEwH7QvMjxPP6zbnl,14aahcyiP1Lfyd63it1wLG,CONTAINS
2R2L9FEwH7QvMjxPP6zbnl,14aahcyiP1Lfyd63it1wLv,CONTAINS
2R2L9FEwH7QvMjxPP6_urS,1rQ6eOrv517erc8mUzErCk,CONTAINS
2R2L9FEwH7QvMjxPP6za0m,0_3YgL4094SPd6D24gGZ2Q,CONTAINS
2R2L9FEwH7QvMjxPP6zbTO,2$0jj0F0j4ZOVJ_4E1GqB$,CONTAINS
2R2L9FEwH7QvMjxPP6zbTO,21RHv05Qn9cvpryKmUwA3F,CONTAINS
2R2L9FEwH7QvMjxPP6zbTO,2NBGAABPH6R8K2RVVy7BAT,CONTAINS
2R2L9FEwH7QvMjxPP6zbTO,3dlwn49Tr1_8rQvMbSI6nC,CONTAINS
2R2L9FEwH7QvMjxPP6zbTO,2NBGAABPH6R8K2RVVy7BE1,CONTAINS
2R2L9FEwH7QvMjxPP6zbTO,2NBGAABPH6R8K2RVVy7BE3,CONTAINS
2R2L9FEwH7QvMjxPP6zbTO,2NBGAABPH6R8K2RVVy7BR4,CONTAINS
2R2L9FEwH7QvMjxPP6zbTO,18Bzx0d_b3kRek$scrptci,CONTAINS
2R2L9FEwH7QvMjxPP6zbTO,2ftpqDuKX9xu7UIOmFlx_U,CONTAINS
2R2L9FEwH7QvMjxPP6zbTO,2MXzqWFrL2KezWe0RS6EHb,CONTAINS
2R2L9FEwH7QvMjxPP6zbTO,1SwBe39s14c8mfWcUQsKjK,CONTAINS
2R2L9FEwH7QvMjxPP6zbFn,0OwFWIO9n2oe5IiSbaNobE,CONTAINS
2R2L9FEwH7QvMjxPP6zbFn,08q_zjAafBeRqJw_1EtbpY,CONTAINS
2R2L9FEwH7QvMjxPP6zYsS,0rlkQmNpf2ahkBKJXRt9dq,CONTAINS
2R2L9FEwH7QvMjxPP6zb5d,3R4D_pRzb7zO6$RWcrzzKE,CONTAINS
2R2L9FEwH7QvMjxPP6zbFn,0I89kxcfn5aPoCoZL7rdHj,CONTAINS
2R2L9FEwH7QvMjxPP6zb5d,3a5krMuaH4FPRTncbK52UZ,CONTAINS
2R2L9FEwH7QvMjxPP6zbnr,0FOj8ytPH4yhrZKUXPE0qb,CONTAINS
2R2L9FEwH7QvMjxPP6zbFn,2yMGZYWe52bPtRRTVguewS,CONTAINS
2R2L9FEwH7QvMjxPP6zbFn,2yMGZYWe52bPtRRTVgueun,CONTAINS
2R2L9FEwH7QvMjxPP6zbFn,2yMGZYWe52bPtRRTVguewR,CONTAINS
2R2L9FEwH7QvMjxPP6zbFn,2yMGZYWe52bPtRRTVguewL,CONTAINS
2R2L9FEwH7QvMjxPP6zbFn,2yMGZYWe52bPtRRTVguexl,CONTAINS
2R2L9FEwH7QvMjxPP6zb5d,2yMGZYWe52bPtRRTVgue$R,CONTAINS
2R2L9FEwH7QvMjxPP6zb5d,2yMGZYWe52bPtRRTVgue$1,CONTAINS
2R2L9FEwH7QvMjxPP6zb5d,2yMGZYWe52bPtRRTVgue$7,CONTAINS
2R2L9FEwH7QvMjxPP6zb5d,2yMGZYWe52bPtRRTVgue$8,CONTAINS
2R2L9FEwH7QvMjxPP6zbFn,0I89kxcfn5aPoCoZL7rac4,CONTAINS
2R2L9FEwH7QvMjxPP6zYsS,0I89kxcfn5aPoCoZL7rdLB,CONTAINS
2R2L9FEwH7QvMjxPP6zYsS,0I89kxcfn5aPoCoZL7rago,CONTAINS
2R2L9FEwH7QvMjxPP6zbnr,0I89kxcfn5aPoCoZL7raeX,CONTAINS
2R2L9FEwH7QvMjxPP6zbnr,0I89kxcfn5aPoCoZL7raXw,CONTAINS
2R2L9FEwH7QvMjxPP6zb5d,0I89kxcfn5aPoCoZL7radP,CONTAINS
2R2L9FEwH7QvMjxPP6zYsS,2yMGZYWe52bPtRRTVguebF,CONTAINS
2R2L9FEwH7QvMjxPP6zYsS,2yMGZYWe52bPtRRTVgueb6,CONTAINS
2R2L9FEwH7QvMjxPP6zYsS,2yMGZYWe52bPtRRTVgueb0,CONTAINS
2R2L9FEwH7QvMjxPP6zYsS,2yMGZYWe52bPtRRTVguebQ,CONTAINS
2R2L9FEwH7QvMjxPP6zYsS,2yMGZYWe52bPtRRTVguexy,CONTAINS
2R2L9FEwH7QvMjxPP6zbnr,0C9A9EI_X9XPTyUttRuLiZ,CONTAINS
2R2L9FEwH7QvMjxPP6zbnr,0C9A9EI_X9XPTyUttRuLiV,CONTAINS
2R2L9FEwH7QvMjxPP6zbnr,0C9A9EI_X9XPTyUttRuLiX,CONTAINS
2R2L9FEwH7QvMjxPP6zb5d,2yMGZYWe52bPtRRTVguezz,CONTAINS
2R2L9FEwH7QvMjxPP6zbnr,0C9A9EI_X9XPTyUttRuLf5,CONTAINS
2R2L9FEwH7QvMjxPP6zbnr,0C9A9EI_X9XPTyUttRuLig,CONTAINS
2R2L9FEwH7QvMjxPP6zbTO,2Hl6z3Wf90b8r_$wY8vfrB,CONTAINS
2R2L9FEwH7QvMjxPP6zbTO,2Hl6z3Wf90b8r_$wY8vfsa,CONTAINS
2R2L9FEwH7QvMjxPP6zbTO,2Hl6z3Wf90b8r_$wY8vfrV,CONTAINS
2R2L9FEwH7QvMjxPP6zbTO,1_QwzZrirCNO0RKyGLarOC,CONTAINS
2R2L9FEwH7QvMjxPP6zbTO,1_QwzZrirCNO0RKyGLarPV,CONTAINS
2R2L9FEwH7QvMjxPP6zbTO,0NH3O_YA53PRndGwS9qNMu,CONTAINS
2R2L9FEwH7QvMjxPP6zbTO,2YdUkwVXX7uhH10Rc$ougi,CONTAINS
2R2L9FEwH7QvMjxPP6zbTO,2YdUkwVXX7uhH10Rc$ougK,CONTAINS
2R2L9FEwH7QvMjxPP6zbTO,1_QwzZrirCNO0RKyGLarP9,CONTAINS
2R2L9FEwH7QvMjxPP6zbTO,1Jo5YlUl1BK9faxEiAgaan,CONTAINS
2R2L9FEwH7QvMjxPP6zbTO,1Jo5YlUl1BK9faxEiAgaaf,CONTAINS
2R2L9FEwH7QvMjxPP6zbTO,2U9vg0KMz5$gbWMF851EHx,CONTAINS
2R2L9FEwH7QvMjxPP6zbTO,1Jo5YlUl1BK9faxEiAgaav,CONTAINS
2R2L9FEwH7QvMjxPP6zbTO,0P43zKpnP2RByj$NfEQ$wQ,CONTAINS
2R2L9FEwH7QvMjxPP6zbTO,2Hl6z3Wf90b8r_$wY8vfr3,CONTAINS
2R2L9FEwH7QvMjxPP6zbTO,1vz2pYCZXBbPrCSbG1Iknf,CONTAINS
2R2L9FEwH7QvMjxPP6zbTO,2Hl6z3Wf90b8r_$wY8vfrJ,CONTAINS
2R2L9FEwH7QvMjxPP6zbTO,2Hl6z3Wf90b8r_$wY8vfsi,CONTAINS
2R2L9FEwH7QvMjxPP6zbnr,2DfHUuM6v7WB3iWt6Wt0NN,CONTAINS
2R2L9FEwH7QvMjxPP6zbnr,0vI8XlJwj8lec0QxaqOgby,CONTAINS
2R2L9FEwH7QvMjxPP6zbnr,0vI8XlJwj8lec0QxaqOgbS,CONTAINS
2R2L9FEwH7QvMjxPP6zbnr,14xxnNFYDE198BN5IqBTeN,CONTAINS
2R2L9FEwH7QvMjxPP6zbnr,14xxnNFYDE198BN5IqBThu,CONTAINS
2R2L9FEwH7QvMjxPP6zbnr,14xxnNFYDE198BN5IqBTev,CONTAINS
2R2L9FEwH7QvMjxPP6zbnr,14xxnNFYDE198BN5IqBTf3,CONTAINS
2R2L9FEwH7QvMjxPP6zbnr,14xxnNFYDE198BN5IqBTfT,CONTAINS
2R2L9FEwH7QvMjxPP6zbnr,14xxnNFYDE198BN5IqBTfl,CONTAINS
2R2L9FEwH7QvMjxPP6zbnr,2DfHUuM6v7WB3iWt6Wt0LW,CONTAINS
2R2L9FEwH7QvMjxPP6zbnr,14xxnNFYDE198BN5IqBTfy,CONTAINS
2R2L9FEwH7QvMjxPP6zbnr,2DfHUuM6v7WB3iWt6Wt0Kr,CONTAINS
2R2L9FEwH7QvMjxPP6zbnr,2DfHUuM6v7WB3iWt6Wt0HD,CONTAINS
2R2L9FEwH7QvMjxPP6zbnr,2DfHUuM6v7WB3iWt6Wt0HQ,CONTAINS
2R2L9FEwH7QvMjxPP6zbnr,0vI8XlJwj8lec0QxaqOgYm,CONTAINS
2R2L9FEwH7QvMjxPP6zbnr,0vI8XlJwj8lec0QxaqOgZY,CONTAINS
2R2L9FEwH7QvMjxPP6zbnr,0vI8XlJwj8lec0QxaqOgY5,CONTAINS
2R2L9FEwH7QvMjxPP6zbnr,0vI8XlJwj8lec0QxaqOgZ0,CONTAINS
2R2L9FEwH7QvMjxPP6zbnr,0vI8XlJwj8lec0QxaqOga0,CONTAINS
2R2L9FEwH7QvMjxPP6zbnr,0vI8XlJwj8lec0QxaqOgZU,CONTAINS
2R2L9FEwH7QvMjxPP6zbnr,0vI8XlJwj8lec0QxaqOgaU,CONTAINS
2R2L9FEwH7QvMjxPP6zbnr,18n62wVLn3FgbxuY6F4Drj,CONTAINS
2R2L9FEwH7QvMjxPP6zbnr,0vI8XlJwj8lec0QxaqOge$,CONTAINS
2R2L9FEwH7QvMjxPP6zbnr,18n62wVLn3FgbxuY6F4DqZ,CONTAINS
2R2L9FEwH7QvMjxPP6zbnr,0vI8XlJwj8lec0QxaqOgcw,CONTAINS
2R2L9FEwH7QvMjxPP6zbnr,0vI8XlJwj8lec0QxaqOgdU,CONTAINS
2R2L9FEwH7QvMjxPP6zbnr,0vI8XlJwj8lec0QxaqOgd0,CONTAINS
2R2L9FEwH7QvMjxPP6zbnr,3VGOVRn_TDNw6s$DJ0GkUW,CONTAINS
2R2L9FEwH7QvMjxPP6zbnl,1ImEJhg01CJOg3m3oRCkGZ,CONTAINS
2R2L9FEwH7QvMjxPP6zbnl,1ImEJhg01CJOg3m3oRCkGe,CONTAINS
2R2L9FEwH7QvMjxPP6zbnl,1ImEJhg01CJOg3m3oRCkGO,CONTAINS
2R2L9FEwH7QvMjxPP6zbnl,1ImEJhg01CJOg3m3oRCkF6,CONTAINS
2R2L9FEwH7QvMjxPP6zbnl,1ImEJhg01CJOg3m3oRCkF9,CONTAINS
2R2L9FEwH7QvMjxPP6zbnl,1ImEJhg01CJOg3m3oRCkGn,CONTAINS
2R2L9FEwH7QvMjxPP6zbnl,1ImEJhg01CJOg3m3oRCkHZ,CONTAINS
2R2L9FEwH7QvMjxPP6zbnl,1ImEJhg01CJOg3m3oRCkHT,CONTAINS
2R2L9FEwH7QvMjxPP6zbnl,1ImEJhg01CJOg3m3oRCkGH,CONTAINS
2R2L9FEwH7QvMjxPP6zbnl,1ImEJhg01CJOg3m3oRCkIv,CONTAINS
2R2L9FEwH7QvMjxPP6zbnl,1ImEJhg01CJOg3m3oRCkI_,CONTAINS
2R2L9FEwH7QvMjxPP6zbnl,1ImEJhg01CJOg3m3oRCkIt,CONTAINS
2R2L9FEwH7QvMjxPP6zbnl,1ImEJhg01CJOg3m3oRCkHI,CONTAINS
2R2L9FEwH7QvMjxPP6zbnl,1ImEJhg01CJOg3m3oRCkH0,CONTAINS
2R2L9FEwH7QvMjxPP6zbnl,1ImEJhg01CJOg3m3oRCkHB,CONTAINS
2R2L9FEwH7QvMjxPP6zbnl,1ImEJhg01CJOg3m3oRCkIi,CONTAINS
2R2L9FEwH7QvMjxPP6zbnl,1ImEJhg01CJOg3m3oRCkJS,CONTAINS
2R2L9FEwH7QvMjxPP6zbnl,1ImEJhg01CJOg3m3oRCkJd,CONTAINS
2R2L9FEwH7QvMjxPP6zbnl,1ImEJhg01CJOg3m3oRCkIQ,CONTAINS
2R2L9FEwH7QvMjxPP6zbnl,1ImEJhg01CJOg3m3oRCkIb,CONTAINS
2R2L9FEwH7QvMjxPP6zbnl,1ImEJhg01CJOg3m3oRCkIL,CONTAINS
2R2L9FEwH7QvMjxPP6zbnl,1ImEJhg01CJOg3m3oRCkJL,CONTAINS
2R2L9FEwH7QvMjxPP6zbnl,1ImEJhg01CJOg3m3oRCkJA,CONTAINS
2R2L9FEwH7QvMjxPP6zbnl,1ImEJhg01CJOg3m3oRCkJ3,CONTAINS
2R2L9FEwH7QvMjxPP6zbnl,1ImEJhg01CJOg3m3oRCkKu,CONTAINS
2R2L9FEwH7QvMjxPP6zbnl,1ImEJhg01CJOg3m3oRCkKs,CONTAINS
2R2L9FEwH7QvMjxPP6zbnl,1ImEJhg01CJOg3m3oRCkKn,CONTAINS
2R2L9FEwH7QvMjxPP6zbnl,1ImEJhg01CJOg3m3oRCkIA,CONTAINS
2R2L9FEwH7QvMjxPP6zbnl,1ImEJhg01CJOg3m3oRCkJt,CONTAINS
2R2L9FEwH7QvMjxPP6zbnl,1ImEJhg01CJOg3m3oRCkJk,CONTAINS
2R2L9FEwH7QvMjxPP6zbnl,1ImEJhg01CJOg3m3oRCkFH,CONTAINS
2R2L9FEwH7QvMjxPP6zbnl,1ImEJhg01CJOg3m3oRCkKl,CONTAINS
2R2L9FEwH7QvMjxPP6zbnl,1ImEJhg01CJOg3m3oRCkKa,CONTAINS
2R2L9FEwH7QvMjxPP6zbnl,1ImEJhg01CJOg3m3oRCkKK,CONTAINS
2R2L9FEwH7QvMjxPP6zbnl,1ImEJhg01CJOg3m3oRCkKD,CONTAINS
2R2L9FEwH7QvMjxPP6zbnl,1ImEJhg01CJOg3m3oRCkKS,CONTAINS
2R2L9FEwH7QvMjxPP6zb5d,1ImEJhg01CJOg3m3oRClwA,CONTAINS
2R2L9FEwH7QvMjxPP6zb5d,1ImEJhg01CJOg3m3oRClw3,CONTAINS
2R2L9FEwH7QvMjxPP6zb5d,1ImEJhg01CJOg3m3oRClwf,CONTAINS
2R2L9FEwH7QvMjxPP6zb5d,1ImEJhg01CJOg3m3oRClwk,CONTAINS
2R2L9FEwH7QvMjxPP6zb5d,1ImEJhg01CJOg3m3oRClwd,CONTAINS
2R2L9FEwH7QvMjxPP6zb5d,1ImEJhg01CJOg3m3oRClwL,CONTAINS
2R2L9FEwH7QvMjxPP6zb5d,1ImEJhg01CJOg3m3oRClwS,CONTAINS
2R2L9FEwH7QvMjxPP6zb5d,1ImEJhg01CJOg3m3oRClxu,CONTAINS
2R2L9FEwH7QvMjxPP6zb5d,1ImEJhg01CJOg3m3oRClwm,CONTAINS
2R2L9FEwH7QvMjxPP6zb5d,1ImEJhg01CJOg3m3oRClu4,CONTAINS
2R2L9FEwH7QvMjxPP6zb5d,1ImEJhg01CJOg3m3oRCluK,CONTAINS
2R2L9FEwH7QvMjxPP6zb5d,1ImEJhg01CJOg3m3oRClsE,CONTAINS
2R2L9FEwH7QvMjxPP6zb5d,1ImEJhg01CJOg3m3oRCluV,CONTAINS
2R2L9FEwH7QvMjxPP6zb5d,1ImEJhg01CJOg3m3oRCluD,CONTAINS
2R2L9FEwH7QvMjxPP6zb5d,1ImEJhg01CJOg3m3oRCluX,CONTAINS
2R2L9FEwH7QvMjxPP6zb5d,1ImEJhg01CJOg3m3oRCluc,CONTAINS
2R2L9FEwH7QvMjxPP6zb5d,1ImEJhg01CJOg3m3oRClue,CONTAINS
2R2L9FEwH7QvMjxPP6zb5d,1ImEJhg01CJOg3m3oRClup,CONTAINS
2R2L9FEwH7QvMjxPP6zb5d,1ImEJhg01CJOg3m3oRCluw,CONTAINS
2R2L9FEwH7QvMjxPP6zb5d,1ImEJhg01CJOg3m3oRClt5,CONTAINS
2R2L9FEwH7QvMjxPP6zb5d,1ImEJhg01CJOg3m3oRCltC,CONTAINS
2R2L9FEwH7QvMjxPP6zb5d,1ImEJhg01CJOg3m3oRCltN,CONTAINS
2R2L9FEwH7QvMjxPP6zb5d,1ImEJhg01CJOg3m3oRClwx,CONTAINS
2R2L9FEwH7QvMjxPP6zb5d,1ImEJhg01CJOg3m3oRClv2,CONTAINS
2R2L9FEwH7QvMjxPP6zb5d,1ImEJhg01CJOg3m3oRClvD,CONTAINS
2R2L9FEwH7QvMjxPP6zb5d,1ImEJhg01CJOg3m3oRClvK,CONTAINS
2R2L9FEwH7QvMjxPP6zb5d,1ImEJhg01CJOg3m3oRClvV,CONTAINS
2R2L9FEwH7QvMjxPP6zb5d,1ImEJhg01CJOg3m3oRClvc,CONTAINS
2R2L9FEwH7QvMjxPP6zb5d,1ImEJhg01CJOg3m3oRClvz,CONTAINS
2R2L9FEwH7QvMjxPP6zb5d,1ImEJhg01CJOg3m3oRCltS,CONTAINS
2R2L9FEwH7QvMjxPP6zb5d,1ImEJhg01CJOg3m3oRCltd,CONTAINS
2R2L9FEwH7QvMjxPP6zb5d,1ImEJhg01CJOg3m3oRCltk,CONTAINS
2R2L9FEwH7QvMjxPP6zb5d,1ImEJhg01CJOg3m3oRCltf,CONTAINS
2R2L9FEwH7QvMjxPP6zb5d,1ImEJhg01CJOg3m3oRCltx,CONTAINS
2R2L9FEwH7QvMjxPP6zb5d,1ImEJhg01CJOg3m3oRCltm,CONTAINS
2R2L9FEwH7QvMjxPP6zb5d,1ImEJhg01CJOg3m3oRCls9,CONTAINS
2R2L9FEwH7QvMjxPP6zbTO,1ImEJhg01CJOg3m3oRClb6,CONTAINS
2R2L9FEwH7QvMjxPP6zbTO,1ImEJhg01CJOg3m3oRClbb,CONTAINS
2R2L9FEwH7QvMjxPP6zbTO,1ImEJhg01CJOg3m3oRClcj,CONTAINS
2R2L9FEwH7QvMjxPP6zbTO,1ImEJhg01CJOg3m3oRClc$,CONTAINS
2R2L9FEwH7QvMjxPP6zbTO,1ImEJhg01CJOg3m3oRClcq,CONTAINS
2R2L9FEwH7QvMjxPP6zbTO,1ImEJhg01CJOg3m3oRClb1,CONTAINS
2R2L9FEwH7QvMjxPP6zbTO,1ImEJhg01CJOg3m3oRClb8,CONTAINS
2R2L9FEwH7QvMjxPP6zbTO,1ImEJhg01CJOg3m3oRClbJ,CONTAINS
2R2L9FEwH7QvMjxPP6zbTO,1ImEJhg01CJOg3m3oRClbQ,CONTAINS
2R2L9FEwH7QvMjxPP6zbTO,1ImEJhg01CJOg3m3oRClbi,CONTAINS
2R2L9FEwH7QvMjxPP6zbTO,1ImEJhg01CJOg3m3oRClb_,CONTAINS
2R2L9FEwH7QvMjxPP6zbTO,1ImEJhg01CJOg3m3oRClaB,CONTAINS
2R2L9FEwH7QvMjxPP6zbTO,1ImEJhg01CJOg3m3oRClbt,CONTAINS
2R2L9FEwH7QvMjxPP6zbTO,1ImEJhg01CJOg3m3oRClbv,CONTAINS
2R2L9FEwH7QvMjxPP6zbTO,1ImEJhg01CJOg3m3oRClak,CONTAINS
2R2L9FEwH7QvMjxPP6zbTO,1ImEJhg01CJOg3m3oRCla0,CONTAINS
2R2L9FEwH7QvMjxPP6zbTO,1ImEJhg01CJOg3m3oRClZ0,CONTAINS
2R2L9FEwH7QvMjxPP6zbTO,1ImEJhg01CJOg3m3oRClZB,CONTAINS
2R2L9FEwH7QvMjxPP6zbTO,1ImEJhg01CJOg3m3oRClZI,CONTAINS
2R2L9FEwH7QvMjxPP6zbTO,1ImEJhg01CJOg3m3oRClav,CONTAINS
2R2L9FEwH7QvMjxPP6zbTO,1ImEJhg01CJOg3m3oRCla_,CONTAINS
2R2L9FEwH7QvMjxPP6zbTO,1ImEJhg01CJOg3m3oRClZa,CONTAINS
2R2L9FEwH7QvMjxPP6zbTO,1ImEJhg01CJOg3m3oRClZT,CONTAINS
2R2L9FEwH7QvMjxPP6zbTO,1ImEJhg01CJOg3m3oRClaf,CONTAINS
2R2L9FEwH7QvMjxPP6zbTO,1ImEJhg01CJOg3m3oRClZn,CONTAINS
2R2L9FEwH7QvMjxPP6zbTO,1ImEJhg01CJOg3m3oRClYJ,CONTAINS
2R2L9FEwH7QvMjxPP6zbTO,1ImEJhg01CJOg3m3oRClZl,CONTAINS
2R2L9FEwH7QvMjxPP6zbTO,1ImEJhg01CJOg3m3oRClZs,CONTAINS
2R2L9FEwH7QvMjxPP6zbTO,1ImEJhg01CJOg3m3oRClZu,CONTAINS
2R2L9FEwH7QvMjxPP6zbTO,1ImEJhg01CJOg3m3oRClY8,CONTAINS
2R2L9FEwH7QvMjxPP6zbTO,1ImEJhg01CJOg3m3oRClYQ,CONTAINS
2R2L9FEwH7QvMjxPP6zbTO,1ImEJhg01CJOg3m3oRClY1,CONTAINS
2R2L9FEwH7QvMjxPP6zbTO,1ImEJhg01CJOg3m3oRClYb,CONTAINS
2R2L9FEwH7QvMjxPP6zbTO,1ImEJhg01CJOg3m3oRClYp,CONTAINS
2R2L9FEwH7QvMjxPP6zbTO,1ImEJhg01CJOg3m3oRClYi,CONTAINS
2R2L9FEwH7QvMjxPP6zbTO,1ImEJhg01CJOg3m3oRClYw,CONTAINS
2R2L9FEwH7QvMjxPP6zbnr,1j8i5dHrD8rBheKCbCui8h,CONTAINS
2R2L9FEwH7QvMjxPP6zbnr,1j8i5dHrD8rBheKCbCui8I,CONTAINS
2R2L9FEwH7QvMjxPP6zbnr,1j8i5dHrD8rBheKCbCui8$,CONTAINS
2R2L9FEwH7QvMjxPP6zbnr,02QskPi3rD9PQYzUSUlLnl,CONTAINS
2R2L9FEwH7QvMjxPP6zbnr,02QskPi3rD9PQYzUSUlLqS,CONTAINS
2R2L9FEwH7QvMjxPP6zbnr,1j8i5dHrD8rBheKCbCuiB4,CONTAINS
2R2L9FEwH7QvMjxPP6zbnr,02QskPi3rD9PQYzUSUlLyA,CONTAINS
2R2L9FEwH7QvMjxPP6zbnr,1j8i5dHrD8rBheKCbCuiBr,CONTAINS
2R2L9FEwH7QvMjxPP6zbnr,0P40QVXAr4XgAvLz9gmerg,CONTAINS
2R2L9FEwH7QvMjxPP6zbnr,0P40QVXAr4XgAvLz9gmeoE,CONTAINS
2R2L9FEwH7QvMjxPP6zbnr,0P40QVXAr4XgAvLz9gmerZ,CONTAINS
2R2L9FEwH7QvMjxPP6zbnr,0P40QVXAr4XgAvLz9gmeo7,CONTAINS
2R2L9FEwH7QvMjxPP6zbnr,0P40QVXAr4XgAvLz9gmerr,CONTAINS
2R2L9FEwH7QvMjxPP6zbnr,0P40QVXAr4XgAvLz9gmery,CONTAINS
2R2L9FEwH7QvMjxPP6zbnr,0P40QVXAr4XgAvLz9gmeoR,CONTAINS
2R2L9FEwH7QvMjxPP6zbnr,0P40QVXAr4XgAvLz9gmeo9,CONTAINS
2R2L9FEwH7QvMjxPP6zbnr,0P40QVXAr4XgAvLz9gmeoG,CONTAINS
2R2L9FEwH7QvMjxPP6zb5d,0P40QVXAr4XgAvLz9gmesR,CONTAINS
2R2L9FEwH7QvMjxPP6zb5d,0P40QVXAr4XgAvLz9gmesY,CONTAINS
2R2L9FEwH7QvMjxPP6zb5d,0P40QVXAr4XgAvLz9gmesG,CONTAINS
2R2L9FEwH7QvMjxPP6zb5d,0P40QVXAr4XgAvLz9gmesq,CONTAINS
2R2L9FEwH7QvMjxPP6zb5d,0P40QVXAr4XgAvLz9gmes$,CONTAINS
2R2L9FEwH7QvMjxPP6zb5d,0P40QVXAr4XgAvLz9gmesj,CONTAINS
2R2L9FEwH7QvMjxPP6zb5d,0P40QVXAr4XgAvLz9gmet1,CONTAINS
2R2L9FEwH7QvMjxPP6zb5d,0P40QVXAr4XgAvLz9gmet8,CONTAINS
2R2L9FEwH7QvMjxPP6zb5d,0P40QVXAr4XgAvLz9gmet6,CONTAINS
2R2L9FEwH7QvMjxPP6zbnr,0P40QVXAr4XgAvLz9gmer9,CONTAINS
2R2L9FEwH7QvMjxPP6zb5d,0P40QVXAr4XgAvLz9gmetJ,CONTAINS
2R2L9FEwH7QvMjxPP6zb5d,0P40QVXAr4XgAvLz9gmetQ,CONTAINS
2R2L9FEwH7QvMjxPP6zbFn,0P40QVXAr4XgAvLz9gmeeD,CONTAINS
2R2L9FEwH7QvMjxPP6zbFn,0P40QVXAr4XgAvLz9gmegk,CONTAINS
2R2L9FEwH7QvMjxPP6zb5d,0P40QVXAr4XgAvLz9gmes4,CONTAINS
2R2L9FEwH7QvMjxPP6zbFn,0P40QVXAr4XgAvLz9gmehk,CONTAINS
2R2L9FEwH7QvMjxPP6zbFn,0P40QVXAr4XgAvLz9gmehf,CONTAINS
2R2L9FEwH7QvMjxPP6zb5d,0P40QVXAr4XgAvLz9gmef$,CONTAINS
2R2L9FEwH7QvMjxPP6zb5d,0P40QVXAr4XgAvLz9gmes9,CONTAINS
2R2L9FEwH7QvMjxPP6zbFn,0P40QVXAr4XgAvLz9gmehm,CONTAINS
2R2L9FEwH7QvMjxPP6zbFn,0P40QVXAr4XgAvLz9gmehd,CONTAINS
2R2L9FEwH7QvMjxPP6zbFn,0P40QVXAr4XgAvLz9gmee2,CONTAINS
2R2L9FEwH7QvMjxPP6zbFn,0P40QVXAr4XgAvLz9gmehx,CONTAINS
2R2L9FEwH7QvMjxPP6zYsS,0P40QVXAr4XgAvLz9gmeiO,CONTAINS
2R2L9FEwH7QvMjxPP6zYsS,0P40QVXAr4XgAvLz9gmeiZ,CONTAINS
2R2L9FEwH7QvMjxPP6zYsS,0P40QVXAr4XgAvLz9gmeiM,CONTAINS
2R2L9FEwH7QvMjxPP6zYsS,0P40QVXAr4XgAvLz9gmeiF,CONTAINS
2R2L9FEwH7QvMjxPP6zYsS,0P40QVXAr4XgAvLz9gmeiH,CONTAINS
2R2L9FEwH7QvMjxPP6zYsS,0P40QVXAr4XgAvLz9gmei4,CONTAINS
2R2L9FEwH7QvMjxPP6zYsS,0P40QVXAr4XgAvLz9gmelo,CONTAINS
2R2L9FEwH7QvMjxPP6zYsS,0P40QVXAr4XgAvLz9gmelH,CONTAINS
2R2L9FEwH7QvMjxPP6zbFn,0P40QVXAr4XgAvLz9gmehL,CONTAINS
2R2L9FEwH7QvMjxPP6zbFn,0P40QVXAr4XgAvLz9gmehS,CONTAINS
2R2L9FEwH7QvMjxPP6zbFn,0P40QVXAr4XgAvLz9gmegt,CONTAINS
2R2L9FEwH7QvMjxPP6zbFn,0P40QVXAr4XgAvLz9gmegu,CONTAINS
2R2L9FEwH7QvMjxPP6zYsS,0P40QVXAr4XgAvLz9gmeig,CONTAINS
2R2L9FEwH7QvMjxPP6zYsS,0P40QVXAr4XgAvLz9gmeir,CONTAINS
2R2L9FEwH7QvMjxPP6zYsS,0P40QVXAr4XgAvLz9gmeiy,CONTAINS
2R2L9FEwH7QvMjxPP6zbFn,0P40QVXAr4XgAvLz9gmeh3,CONTAINS
2R2L9FEwH7QvMjxPP6zbFn,0P40QVXAr4XgAvLz9gmehA,CONTAINS
2R2L9FEwH7QvMjxPP6zYsS,0P40QVXAr4XgAvLz9gmelz,CONTAINS
2R2L9FEwH7QvMjxPP6zbnr,0P40QVXAr4XgAvLz9gmerU,CONTAINS
2R2L9FEwH7QvMjxPP6zbnr,0P40QVXAr4XgAvLz9gmeoq,CONTAINS
2R2L9FEwH7QvMjxPP6zbnr,0P40QVXAr4XgAvLz9gmeoY,CONTAINS
2R2L9FEwH7QvMjxPP6zbnr,0P40QVXAr4XgAvLz9gmeoj,CONTAINS
3AUumYUinBd97pv_Bis1$j,3FJSSfhgn5MQDylol2mN7Q,CONTAINS
2R2L9FEwH7QvMjxPP6zbTO,3FJSSfhgn5MQDylol2mN6C,CONTAINS
3AUumYUinBd97pv_Bis1$j,3FJSSfhgn5MQDylol2mN6S,CONTAINS
33dI9ZPJP8qBbx5SBMjaCv,3oACL325v5JhFAFbIxhEpI,CONTAINS
3AUumYUinBd97pv_Bis1t6,12LzyWqXD3yAdi1I39a9yW,CONTAINS
3AUumYUinBd97pv_Bis1t0,12LzyWqXD3yAdi1I39a9nD,CONTAINS
3AUumYUinBd97pv_Bis1t6,12LzyWqXD3yAdi1I39a9yd,CONTAINS
3AUumYUinBd97pv_Bis1t6,12LzyWqXD3yAdi1I39a9z7,CONTAINS
3AUumYUinBd97pv_Bis1t6,12LzyWqXD3yAdi1I39a9zM,CONTAINS
3AUumYUinBd97pv_Bis1t0,12LzyWqXD3yAdi1I39a9_z,CONTAINS
2R2L9FEwH7QvMjxPP6z1F8,3sVZcO_uD4Px2IukXU14aw,CONTAINS
2R2L9FEwH7QvMjxPP6z1F8,3sVZcO_uD4Px2IukXU14xV,CONTAINS
2R2L9FEwH7QvMjxPP6z1F8,3sVZcO_uD4Px2IukXU14cf,CONTAINS
2R2L9FEwH7QvMjxPP6z1F8,3sVZcO_uD4Px2IukXU14aK,CONTAINS
2R2L9FEwH7QvMjxPP6z1F8,3sVZcO_uD4Px2IukXU14w8,CONTAINS
2R2L9FEwH7QvMjxPP6z1F8,3sVZcO_uD4Px2IukXU147K,CONTAINS
2R2L9FEwH7QvMjxPP6zbTO,2JH4bkKkX2AeigVl5N9KBS,CONTAINS
3AUumYUinBd97pv_Bis1$j,0T4Dqpj$v9_usxGmPkkGz4,CONTAINS
3AUumYUinBd97pv_Bis1$j,3FJSSfhgn5MQDylol2mN7Z,CONTAINS
2R2L9FEwH7QvMjxPP6zbTO,3FJSSfhgn5MQDylol2mN4Q,CONTAINS
1zHkMZY8H87ghiTNgqSMTn,3QmfkFRoT1E9$A3fuWNCqO,CONTAINS
1zHkMZY8H87ghiTNgqSMTn,3QmfkFRoT1E9$A3fuWNCqS,CONTAINS
1zHkMZY8H87ghiTNgqSMTn,3QmfkFRoT1E9$A3fuWNCqT,CONTAINS
1zHkMZY8H87ghiTNgqSMTn,3QmfkFRoT1E9$A3fuWNCqQ,CONTAINS
1zHkMZY8H87ghiTNgqSMTn,3QmfkFRoT1E9$A3fuWNCqR,CONTAINS
1zHkMZY8H87ghiTNgqSMTn,3QmfkFRoT1E9$A3fuWNCqH,CONTAINS
1zHkMZY8H87ghiTNgqSMTn,3QmfkFRoT1E9$A3fuWNCqU,CONTAINS
1zHkMZY8H87ghiTNgqSMTn,3QmfkFRoT1E9$A3fuWNCqV,CONTAINS
1zHkMZY8H87ghiTNgqSMTn,3QmfkFRoT1E9$A3fuWNCqI,CONTAINS
1zHkMZY8H87ghiTNgqSMTn,3QmfkFRoT1E9$A3fuWNCqJ,CONTAINS
1zHkMZY8H87ghiTNgqSMTn,3QmfkFRoT1E9$A3fuWNCqG,CONTAINS
1zHkMZY8H87ghiTNgqSMTn,3QmfkFRoT1E9$A3fuWNCqL,CONTAINS
1zHkMZY8H87ghiTNgqSMTn,3QmfkFRoT1E9$A3fuWNCqK,CONTAINS
3fu7gGPn12TvRub83GDe8G,3XduyAG3LE2eDeO0BfVius,CONTAINS
3fu7gGPn12TvRub83GDe8G,3XduyAG3LE2eDeO0BfViut,CONTAINS
0ISkdWpH1C_hmy7_QyZuUR,0dr91fz1DA5vXn$pawCF$Q,CONTAINS
3AUumYUinBd97pv_Bis1wT,0dr91fz1DA5vXn$pawCFzg,CONTAINS
3AUumYUinBd97pv_Bis1wT,0dr91fz1DA5vXn$pawCF_Q,CONTAINS
3AUumYUinBd97pv_Bis1wT,0dr91fz1DA5vXn$pawCF_A,CONTAINS
3AUumYUinBd97pv_Bis1wT,0dr91fz1DA5vXn$pawCF_w,CONTAINS
0ISkdWpH1C_hmy7_QyZuUR,0dr91fz1DA5vXn$pawCF_g,CONTAINS
0ISkdWpH1C_hmy7_QyZuUR,0dr91fz1DA5vXn$pawCE9E,CONTAINS
0ISkdWpH1C_hmy7_QyZuUR,0dr91fz1DA5vXn$pawCF$n,CONTAINS
2PnVHXKvL2r9pIN9ox8zT4,0dr91fz1DA5vXn$pawCFy0,CONTAINS
2PnVHXKvL2r9pIN9ox8zT4,0dr91fz1DA5vXn$pawCFym,CONTAINS
2PnVHXKvL2r9pIN9ox8zT4,0dr91fz1DA5vXn$pawCFya,CONTAINS
2PnVHXKvL2r9pIN9ox8zIR,0dr91fz1DA5vXn$pawCFzC,CONTAINS
2PnVHXKvL2r9pIN9ox8zIR,0dr91fz1DA5vXn$pawCFzy,CONTAINS
1CEC6J6Q58qRvSZCCHRnHZ,24MTLV_1bChwhMysTATn_$,CONTAINS
1CEC6J6Q58qRvSZCCHRnHZ,24MTLV_1bChwhMysTATn__,CONTAINS
1CEC6J6Q58qRvSZCCHRnHZ,24MTLV_1bChwhMysTATn_y,CONTAINS
0smCEVIGnCPgXNgUODHiyK,24MTLV_1bChwhMysTATnn9,CONTAINS
2Ee0Thqwr1RAAfUCPiTi1$,24MTLV_1bChwhMysTATnn0,CONTAINS
1CEC6J6Q58qRvSZCCHRnHZ,24MTLV_1bChwhMysTATnn1,CONTAINS
2Ee0Thqwr1RAAfUCPiTi1$,24MTLV_1bChwhMysTATnn3,CONTAINS
2Ee0Thqwr1RAAfUCPiTi1$,24MTLV_1bChwhMysTATnn2,CONTAINS
2Ee0Thqwr1RAAfUCPiTi1$,24MTLV_1bChwhMysTATnn5,CONTAINS
0smCEVIGnCPgXNgUODHiyK,24MTLV_1bChwhMysTATnn4,CONTAINS
0smCEVIGnCPgXNgUODHiyK,24MTLV_1bChwhMysTATnn6,CONTAINS
0smCEVIGnCPgXNgUODHiyK,24MTLV_1bChwhMysTATnn7,CONTAINS
0smCEVIGnCPgXNgUODHiyK,24MTLV_1bChwhMysTATnn8,CONTAINS
2R2L9FEwH7QvMjxPP6zaDT,3CUxCJXNrFtfM$eGhHbEnF,CONTAINS
2R2L9FEwH7QvMjxPP6zbnl,0lTjux1TnF3gO4c9BNmdqK,CONTAINS
2R2L9FEwH7QvMjxPP6zbFn,1PT7F5M751gg5i52zjxFqd,CONTAINS
2R2L9FEwH7QvMjxPP6zbFn,1PT7F5M751gg5i52zjxFqJ,CONTAINS
2R2L9FEwH7QvMjxPP6zbFn,1PT7F5M751gg5i52zjxFtc,CONTAINS
2R2L9FEwH7QvMjxPP6zbFn,1PT7F5M751gg5i52zjxFts,CONTAINS
2R2L9FEwH7QvMjxPP6zbnl,0lTjux1TnF3gO4c9BNmdqR,CONTAINS
2R2L9FEwH7QvMjxPP6zbnl,1ZSClU8aj9DA2cLrK85veU,CONTAINS
2R2L9FEwH7QvMjxPP6zbFn,1PT7F5M751gg5i52zjxFsh,CONTAINS
2R2L9FEwH7QvMjxPP6zbFn,0C9T8h5T5Ang9ljfPP7A0a,CONTAINS
2R2L9FEwH7QvMjxPP6zbFn,0C9T8h5T5Ang9ljfPP7A05,CONTAINS
2R2L9FEwH7QvMjxPP6zbFn,00muivoX14hxpzPxDaCjws,CONTAINS
2R2L9FEwH7QvMjxPP6zbFn,0C9T8h5T5Ang9ljfPP7A1s,CONTAINS
2R2L9FEwH7QvMjxPP6zbFn,0C9T8h5T5Ang9ljfPP7A1k,CONTAINS
2R2L9FEwH7QvMjxPP6zbFn,0C9T8h5T5Ang9ljfPP7A1B,CONTAINS
2R2L9FEwH7QvMjxPP6zbFn,0C9T8h5T5Ang9ljfPP7A1_,CONTAINS
2R2L9FEwH7QvMjxPP6zbFn,0C9T8h5T5Ang9ljfPP7A2a,CONTAINS
2R2L9FEwH7QvMjxPP6zbFn,0C9T8h5T5Ang9ljfPP7A2e,CONTAINS
2R2L9FEwH7QvMjxPP6zbnl,33D8iuum50YfswHLBXkDnT,CONTAINS
2R2L9FEwH7QvMjxPP6zbnl,33D8iuum50YfswHLBXkDnS,CONTAINS
2R2L9FEwH7QvMjxPP6zbFn,28yRHq7KH2uwtw7Zjv2r4n,CONTAINS
2R2L9FEwH7QvMjxPP6zbnl,1ZSClU8aj9DA2cLrK85veV,CONTAINS
2PmAyYbG12EwUp7XTXyRd1,3XduyAG3LE2eDeO0BfViuX,CONTAINS
2PmAyYbG12EwUp7XTXyRd1,3XduyAG3LE2eDeO0BfViu$,CONTAINS
2PmAyYbG12EwUp7XTXyRd1,3XduyAG3LE2eDeO0BfViuy,CONTAINS
2PmAyYbG12EwUp7XTXyRd1,3XduyAG3LE2eDeO0BfViuz,CONTAINS
3CarlHTG580e5_977Z9XW8,3XduyAG3LE2eDeO0BfViux,CONTAINS
3CarlHTG580e5_977Z9XW8,3XduyAG3LE2eDeO0BfViuu,CONTAINS
3CarlHTG580e5_977Z9XW8,3XduyAG3LE2eDeO0BfViuv,CONTAINS
2PmAyYbG12EwUp7XTXyRd1,3XduyAG3LE2eDeO0BfViu_,CONTAINS
3fu7gGPn12TvRub83GDe8G,3XduyAG3LE2eDeO0BfViuq,CONTAINS
3fu7gGPn12TvRub83GDe8G,3XduyAG3LE2eDeO0BfViur,CONTAINS
3CarlHTG580e5_977Z9XW8,3XduyAG3LE2eDeO0BfViuw,CONTAINS
1zHkMZY8H87ghiTNgqSMTX,1M_8TcBNf0ZA1Xm7Om8lwZ,CONTAINS
2R2L9FEwH7QvMjxPP6z1F8,37lGUlBcX86efLJqaIqXNe,CONTAINS
2R2L9FEwH7QvMjxPP6z1F8,37lGUlBcX86efLJqaIqXJ0,CONTAINS
2R2L9FEwH7QvMjxPP6z1F8,3TIqfT9un4xOF8K0i1D2kO,CONTAINS
2R2L9FEwH7QvMjxPP6z1F8,3TIqfT9un4xOF8K0i1D2WI,CONTAINS
2R2L9FEwH7QvMjxPP6zbTO,2fOmLi5Mr7ixT7222H4FF5,CONTAINS
2R2L9FEwH7QvMjxPP6za1o,2VzGnLfZ11egggc9kDrIr8,CONTAINS
2R2L9FEwH7QvMjxPP6za1o,2VzGnLfZ11egggc9kDrHYz,CONTAINS
2R2L9FEwH7QvMjxPP6za1o,2VzGnLfZ11egggc9kDrITM,CONTAINS
2R2L9FEwH7QvMjxPP6za1o,2VzGnLfZ11egggc9kDrITd,CONTAINS
2R2L9FEwH7QvMjxPP6za1o,2VzGnLfZ11egggc9kDrITw,CONTAINS
2R2L9FEwH7QvMjxPP6za1o,2VzGnLfZ11egggc9kDrISI,CONTAINS
2R2L9FEwH7QvMjxPP6za1i,2fPwCrd$X2YuS028soKdqF,CONTAINS
2R2L9FEwH7QvMjxPP6_uPb,2fPwCrd$X2YuS028soKcsW,CONTAINS
2R2L9FEwH7QvMjxPP6za1i,3$kbxaIEnA6vX13FCgzPLf,CONTAINS
20HMQI6NzFSgRAoTxPunNz,368Na3QzL1$e6FnZ6FSKcO,CONTAINS
1cVCCHe_j7CBa4QCkpVfQa,2jbYJie8PA48Bja62peIG9,CONTAINS
2R2L9FEwH7QvMjxPP6_uPb,0A6SaRpb96pOpQPeLrfDZi,CONTAINS
0ISkdWpH1C_hmy7_QyZuUR,3PHHaFdBP5Xw9YFs0QpMjQ,CONTAINS
0ISkdWpH1C_hmy7_QyZuUR,3ApsraYGT0LB6XPQy78hvI,CONTAINS
2PnVHXKvL2r9pIN9ox8zIH,0mXwOLqir7zgnE6_tOpGAC,CONTAINS
3AUumYUinBd97pv_Bis1wT,0mXwOLqir7zgnE6_tOpG8_,CONTAINS
33dI9ZPJP8qBbx5SBMjaCv,0mXwOLqir7zgnE6_tOpGBk,CONTAINS
2R2L9FEwH7QvMjxPP6zb5d,2S8sqhWKT3WOiCtdCaE1XU,CONTAINS
2R2L9FEwH7QvMjxPP6zb5d,2S8sqhWKT3WOiCtdCaE1XT,CONTAINS
3z7Ak3TxPADudLbTYVxT71,0EEdMbOJ11yAX9g9pEHO$v,CONTAINS
2R2L9FEwH7QvMjxPP6zbnr,0C9A9EI_X9XPTyUttRuLKr,CONTAINS
2R2L9FEwH7QvMjxPP6zbnr,0C9A9EI_X9XPTyUttRuLKq,CONTAINS
2R2L9FEwH7QvMjxPP6zbnr,0C9A9EI_X9XPTyUttRuLKs,CONTAINS
2R2L9FEwH7QvMjxPP6zbnr,0C9A9EI_X9XPTyUttRuLKt,CONTAINS
2R2L9FEwH7QvMjxPP6zbnr,0C9A9EI_X9XPTyUttRuLKm,CONTAINS
2I361NKRD2t89zXC_2uDM8,0C9A9EI_X9XPTyUttRuLKS,CONTAINS
2I361NKRD2t89zXC_2uDMA,0C9A9EI_X9XPTyUttRuLKG,CONTAINS
2I361NKRD2t89zXC_2uDMA,0C9A9EI_X9XPTyUttRuLKN,CONTAINS
2I361NKRD2t89zXC_2uDM8,0C9A9EI_X9XPTyUttRuLKJ,CONTAINS
2I361NKRD2t89zXC_2uDMA,0C9A9EI_X9XPTyUttRuLKH,CONTAINS
2I361NKRD2t89zXC_2uDMA,0C9A9EI_X9XPTyUttRuLKI,CONTAINS
3z7Ak3TxPADudLbTYVxT73,1mI35rXbj7OOxpr99uvhJq,CONTAINS
2R2L9FEwH7QvMjxPP6zb5d,2S8sqhWKT3WOiCtdCaE1XS,CONTAINS
2R2L9FEwH7QvMjxPP6zb5d,2S8sqhWKT3WOiCtdCaE1YZ,CONTAINS
2R2L9FEwH7QvMjxPP6zb5d,2S8sqhWKT3WOiCtdCaE1YY,CONTAINS
3PZrFlFxvBBfFfpg0veM_w,2S8sqhWKT3WOiCtdCaE1Yn,CONTAINS
3PZrFlFxvBBfFfpg0veM_w,2S8sqhWKT3WOiCtdCaE1Yt,CONTAINS
3PZrFlFxvBBfFfpg0veM_w,2S8sqhWKT3WOiCtdCaE1Ym,CONTAINS
3PZrFlFxvBBfFfpg0veM_2,2S8sqhWKT3WOiCtdCaE1Yi,CONTAINS
3PZrFlFxvBBfFfpg0veM_w,2S8sqhWKT3WOiCtdCaE1Yo,CONTAINS
3PZrFlFxvBBfFfpg0veM_2,2S8sqhWKT3WOiCtdCaE1Yp,CONTAINS
20HMQI6NzFSgRAoTxPunNz,0C9A9EI_X9XPTyUttRuLLl,CONTAINS
2R2L9FEwH7QvMjxPP6zbnr,0C9A9EI_X9XPTyUttRuLLk,CONTAINS
20HMQI6NzFSgRAoTxPunNz,0C9A9EI_X9XPTyUttRuLLj,CONTAINS
20HMQI6NzFSgRAoTxPunNz,0C9A9EI_X9XPTyUttRuLLi,CONTAINS
20HMQI6NzFSgRAoTxPunNz,0C9A9EI_X9XPTyUttRuLLZ,CONTAINS
2R2L9FEwH7QvMjxPP6zbnr,0C9A9EI_X9XPTyUttRuLLY,CONTAINS
2FQVvBe$n1CB4NJcEruIqp,0398DzNGjBYO1C$VUhMCa7,CONTAINS
2FQVvBe$n1CB4NJcEruIqn,0398DzNGjBYO1C$VUhMCZy,CONTAINS
2FQVvBe$n1CB4NJcEruIqn,0398DzNGjBYO1C$VUhMCZx,CONTAINS
2FQVvBe$n1CB4NJcEruIqn,0398DzNGjBYO1C$VUhMCZw,CONTAINS
2FQVvBe$n1CB4NJcEruIqn,0398DzNGjBYO1C$VUhMCZv,CONTAINS
2FQVvBe$n1CB4NJcEruIqp,0398DzNGjBYO1C$VUhMCZu,CONTAINS
2R2L9FEwH7QvMjxPP6zbFn,0398DzNGjBYO1C$VUhMCaN,CONTAINS
2R2L9FEwH7QvMjxPP6zbFn,0398DzNGjBYO1C$VUhMCa8,CONTAINS
2R2L9FEwH7QvMjxPP6zbFn,0398DzNGjBYO1C$VUhMCa9,CONTAINS
2R2L9FEwH7QvMjxPP6zbFn,0398DzNGjBYO1C$VUhMCaM,CONTAINS
2R2L9FEwH7QvMjxPP6zbFn,0398DzNGjBYO1C$VUhMCaL,CONTAINS
22RkM5Nn56FPWZ31993WOl,0398DzNGjBYO1C$VUhMCYA,CONTAINS
22RkM5Nn56FPWZ31993WOl,0398DzNGjBYO1C$VUhMCYC,CONTAINS
22RkM5Nn56FPWZ31993WOl,0398DzNGjBYO1C$VUhMCYB,CONTAINS
22RkM5Nn56FPWZ31993WOp,0398DzNGjBYO1C$VUhMCY8,CONTAINS
22RkM5Nn56FPWZ31993WOp,0398DzNGjBYO1C$VUhMCYN,CONTAINS
2R2L9FEwH7QvMjxPP6zYsS,0398DzNGjBYO1C$VUhMCYP,CONTAINS
2R2L9FEwH7QvMjxPP6zYsS,0398DzNGjBYO1C$VUhMCYO,CONTAINS
2R2L9FEwH7QvMjxPP6zYsS,0398DzNGjBYO1C$VUhMCYd,CONTAINS
22RkM5Nn56FPWZ31993WOl,0398DzNGjBYO1C$VUhMCY9,CONTAINS
2R2L9FEwH7QvMjxPP6zYsS,0398DzNGjBYO1C$VUhMCYc,CONTAINS
2R2L9FEwH7QvMjxPP6zYsS,0398DzNGjBYO1C$VUhMCYb,CONTAINS
1KoPf2$795$fql$8ZSodqN,3nm3X5SkrDxfe$vjwHhnqC,CONTAINS
2E5h_Z5On2oB9WnlvUr_A2,15_bC4FTv02hB3jHvFujFb,CONTAINS
2E5h_Z5On2oB9WnlvUr_A2,15_bC4FTv02hB3jHvFujFU,CONTAINS
2E5h_Z5On2oB9WnlvUr_A2,15_bC4FTv02hB3jHvFujFV,CONTAINS
2E5h_Z5On2oB9WnlvUr_A2,15_bC4FTv02hB3jHvFujFz,CONTAINS
2E5h_Z5On2oB9WnlvUr_A2,15_bC4FTv02hB3jHvFujFT,CONTAINS
2E5h_Z5On2oB9WnlvUr_A2,15_bC4FTv02hB3jHvFujFI,CONTAINS
2E5h_Z5On2oB9WnlvUr_A2,15_bC4FTv02hB3jHvFujFS,CONTAINS
2E5h_Z5On2oB9WnlvUr_A2,15_bC4FTv02hB3jHvFujFP,CONTAINS
2E5h_Z5On2oB9WnlvUr_A1,243WO7lq1ElRK2Z8eCKI7_,CONTAINS
2E5h_Z5On2oB9WnlvUr_A3,3ScIIS_wnFZunoGqYiVVbl,CONTAINS
2E5h_Z5On2oB9WnlvUr_A2,0WXSJx2wz3cfJ4SbyP6yUj,CONTAINS
2E5h_Z5On2oB9WnlvUr_A0,243WO7lq1ElRK2Z8eCKI7j,CONTAINS
2E5h_Z5On2oB9WnlvUr_A2,243WO7lq1ElRK2Z8eCKI2x,CONTAINS
2E5h_Z5On2oB9WnlvUr_AF,243WO7lq1ElRK2Z8eCKI4Q,CONTAINS
2E5h_Z5On2oB9WnlvUr_AE,243WO7lq1ElRK2Z8eCKI48,CONTAINS
2E5h_Z5On2oB9WnlvUr_A2,3UdpZp1MXABu_zKrM37GCt,CONTAINS
2E5h_Z5On2oB9WnlvUr_A2,21EyrTYlXCzxPLrRZrlyZZ,CONTAINS
2E5h_Z5On2oB9WnlvUr_A2,1m8KFWjPT6gwvxtWxoLmjS,CONTAINS
2E5h_Z5On2oB9WnlvUr_A2,1m8KFWjPT6gwvxtWxoLmjK,CONTAINS
2E5h_Z5On2oB9WnlvUr_A2,1m8KFWjPT6gwvxtWxoLmji,CONTAINS
2E5h_Z5On2oB9WnlvUr_A2,21EyrTYlXCzxPLrRZrly6m,CONTAINS
2E5h_Z5On2oB9WnlvUr_A2,1m8KFWjPT6gwvxtWxoLmXt,CONTAINS
2E5h_Z5On2oB9WnlvUr_A2,21EyrTYlXCzxPLrRZrly3s,CONTAINS
2E5h_Z5On2oB9WnlvUr_A2,243WO7lq1ElRK2Z8eCKI08,CONTAINS
2E5h_Z5On2oB9WnlvUr_A2,243WO7lq1ElRK2Z8eCKI0L,CONTAINS
2E5h_Z5On2oB9WnlvUr_A2,243WO7lq1ElRK2Z8eCKI0U,CONTAINS
2E5h_Z5On2oB9WnlvUr_A2,243WO7lq1ElRK2Z8eCKIKm,CONTAINS
2E5h_Z5On2oB9WnlvUr_A2,3SNTkjECbDUuoqwEn1AJNU,CONTAINS
2E5h_Z5On2oB9WnlvUr_A2,3SNTkjECbDUuoqwEn1AJNR,CONTAINS
2E5h_Z5On2oB9WnlvUr_A2,3SNTkjECbDUuoqwEn1AIdR,CONTAINS
2E5h_Z5On2oB9WnlvUr_A2,3SNTkjECbDUuoqwEn1AIB2,CONTAINS
2E5h_Z5On2oB9WnlvUr_A1,0_6MQ5PlPCZQl97Kh6wiGB,CONTAINS
2E5h_Z5On2oB9WnlvUr_A1,0_6MQ5PlPCZQl97Kh6wiGL,CONTAINS
2E5h_Z5On2oB9WnlvUr_AE,0_6MQ5PlPCZQl97Kh6wiH$,CONTAINS
2E5h_Z5On2oB9WnlvUr_A1,1OLDx31SX4GB7LqdusWckz,CONTAINS
2E5h_Z5On2oB9WnlvUr_AE,1OLDx31SX4GB7LqdusWckh,CONTAINS
2E5h_Z5On2oB9WnlvUr_AE,0_6MQ5PlPCZQl97Kh6wiHv,CONTAINS
2E5h_Z5On2oB9WnlvUr_AF,2wtFr8GH18zvCV4tGVRCmE,CONTAINS
2E5h_Z5On2oB9WnlvUr_AF,2wtFr8GH18zvCV4tGVRCNd,CONTAINS
2E5h_Z5On2oB9WnlvUr_A3,1OLDx31SX4GB7LqdusWck3,CONTAINS
2E5h_Z5On2oB9WnlvUr_A0,1OLDx31SX4GB7LqdusWckE,CONTAINS
2E5h_Z5On2oB9WnlvUr_A3,1antaQuL15gQ3bqNcsVT9r,CONTAINS
2E5h_Z5On2oB9WnlvUr_AF,1T6HyQJITEVOVzLGR8RT1Q,CONTAINS
2E5h_Z5On2oB9WnlvUr_AC,3Lzi6UIVLC_R$SpDPF9Dvc,CONTAINS
2E5h_Z5On2oB9WnlvUr_AC,3Lzi6UIVLC_R$SpDPF9CP6,CONTAINS
2E5h_Z5On2oB9WnlvUr_A2,3MGnm3fNz82Q21iqB$67lp,CONTAINS
1KoPf2$795$fql$8ZSodqI,3qp9KkcRH82OVHFabuJE9F,CONTAINS
1KoPf2$795$fql$8ZSodqI,3qp9KkcRH82OVHFabuJEAf,CONTAINS
1KoPf2$795$fql$8ZSodqL,3qp9KkcRH82OVHFabuJEHg,CONTAINS
1KoPf2$795$fql$8ZSodqK,0sepfpvlX6GBxsckqq6lif,CONTAINS
1KoPf2$795$fql$8ZSodqK,0sepfpvlX6GBxsckqq6lly,CONTAINS
1KoPf2$795$fql$8ZSodqK,0sepfpvlX6GBxsckqq6lie,CONTAINS
1KoPf2$795$fql$8ZSodqI,3qp9KkcRH82OVHFabuJEAe,CONTAINS
1KoPf2$795$fql$8ZSodqS,1yPSADUkP869ibGjhDC60s,CONTAINS
1KoPf2$795$fql$8ZSodqS,1yPSADUkP869ibGjhDC65Z,CONTAINS
1KoPf2$795$fql$8ZSodqS,1yPSADUkP869ibGjhDC629,CONTAINS
1KoPf2$795$fql$8ZSodqS,1yPSADUkP869ibGjhDC65v,CONTAINS
1KoPf2$795$fql$8ZSodqS,1yPSADUkP869ibGjhDC63z,CONTAINS
1KoPf2$795$fql$8ZSodqS,1yPSADUkP869ibGjhDC63p,CONTAINS
1KoPf2$795$fql$8ZSodqI,3SBeCe3cz4CQbFUEZFB_vf,CONTAINS
1KoPf2$795$fql$8ZSodqI,3SBeCe3cz4CQbFUEZFB_$w,CONTAINS
1KoPf2$795$fql$8ZSodqI,3SBeCe3cz4CQbFUEZFB_yU,CONTAINS
1KoPf2$795$fql$8ZSodqd,0MUDSyaODDJ8eM1tFtTxci,CONTAINS
1KoPf2$795$fql$8ZSodqd,0MUDSyaODDJ8eM1tFtTxcj,CONTAINS
1KoPf2$795$fql$8ZSodqI,3dUbF9GxvCmv$cUMLO5B3G,CONTAINS
1KoPf2$795$fql$8ZSodqI,3SBeCe3cz4CQbFUEZFB_yA,CONTAINS
1KoPf2$795$fql$8ZSodqI,3SBeCe3cz4CQbFUEZFB_y2,CONTAINS
1KoPf2$795$fql$8ZSodqS,1yPSADUkP869ibGjhDC625,CONTAINS
1KoPf2$795$fql$8ZSodqS,1yPSADUkP869ibGjhDC65R,CONTAINS
1KoPf2$795$fql$8ZSodqV,0MUDSyaODDJ8eM1tFtTxa5,CONTAINS
1KoPf2$795$fql$8ZSodqV,0MUDSyaODDJ8eM1tFtTxa2,CONTAINS
1KoPf2$795$fql$8ZSodqM,0MUDSyaODDJ8eM1tFtTxOb,CONTAINS
1KoPf2$795$fql$8ZSodqV,0MUDSyaODDJ8eM1tFtTxa3,CONTAINS
1KoPf2$795$fql$8ZSodqM,0MUDSyaODDJ8eM1tFtTxPg,CONTAINS
1KoPf2$795$fql$8ZSodqM,0MUDSyaODDJ8eM1tFtTxPh,CONTAINS
1KoPf2$795$fql$8ZSodqL,3qp9KkcRH82OVHFabuJEG1,CONTAINS
1KoPf2$795$fql$8ZSodqL,3qp9KkcRH82OVHFabuJEHh,CONTAINS
1KoPf2$795$fql$8ZSodqI,3qp9KkcRH82OVHFabuJEAh,CONTAINS
1KoPf2$795$fql$8ZSodqM,0MUDSyaODDJ8eM1tFtTxPX,CONTAINS
1KoPf2$795$fql$8ZSodqM,0MUDSyaODDJ8eM1tFtTxPk,CONTAINS
1KoPf2$795$fql$8ZSodqM,0MUDSyaODDJ8eM1tFtTxPj,CONTAINS
1KoPf2$795$fql$8ZSodqM,0MUDSyaODDJ8eM1tFtTxPl,CONTAINS
1KoPf2$795$fql$8ZSodqd,0MUDSyaODDJ8eM1tFtTxcb,CONTAINS
1KoPf2$795$fql$8ZSodqd,0MUDSyaODDJ8eM1tFtTxcZ,CONTAINS
1KoPf2$795$fql$8ZSodqd,0MUDSyaODDJ8eM1tFtTxcY,CONTAINS
1KoPf2$795$fql$8ZSodqd,0MUDSyaODDJ8eM1tFtTxcW,CONTAINS
1KoPf2$795$fql$8ZSodqd,0MUDSyaODDJ8eM1tFtTxck,CONTAINS
1KoPf2$795$fql$8ZSodqV,0MUDSyaODDJ8eM1tFtTxa1,CONTAINS
1KoPf2$795$fql$8ZSodqV,0MUDSyaODDJ8eM1tFtTxaE,CONTAINS
1KoPf2$795$fql$8ZSodqV,0MUDSyaODDJ8eM1tFtTxaF,CONTAINS
1KoPf2$795$fql$8ZSodqV,0MUDSyaODDJ8eM1tFtTxaC,CONTAINS
1KoPf2$795$fql$8ZSodqV,0MUDSyaODDJ8eM1tFtTxct,CONTAINS
1KoPf2$795$fql$8ZSodqV,0MUDSyaODDJ8eM1tFtTxa4,CONTAINS
2E5h_Z5On2oB9WnlvUr_AF,15_bC4FTv02hB3jHvFugCn,CONTAINS
2E5h_Z5On2oB9WnlvUr_AF,15_bC4FTv02hB3jHvFugCm,CONTAINS
2E5h_Z5On2oB9WnlvUr_AF,15_bC4FTv02hB3jHvFugCp,CONTAINS
2E5h_Z5On2oB9WnlvUr_AF,15_bC4FTv02hB3jHvFugCq,CONTAINS
2E5h_Z5On2oB9WnlvUr_AF,15_bC4FTv02hB3jHvFugCr,CONTAINS
2E5h_Z5On2oB9WnlvUr_AF,15_bC4FTv02hB3jHvFugDA,CONTAINS
2E5h_Z5On2oB9WnlvUr_AD,15_bC4FTv02hB3jHvFugCW,CONTAINS
2E5h_Z5On2oB9WnlvUr_AD,15_bC4FTv02hB3jHvFugCj,CONTAINS
2E5h_Z5On2oB9WnlvUr_A5,15_bC4FTv02hB3jHvFugCw,CONTAINS
2E5h_Z5On2oB9WnlvUr_A5,15_bC4FTv02hB3jHvFugCa,CONTAINS
2E5h_Z5On2oB9WnlvUr_AD,15_bC4FTv02hB3jHvFugCc,CONTAINS
2E5h_Z5On2oB9WnlvUr_A5,15_bC4FTv02hB3jHvFugCv,CONTAINS
2E5h_Z5On2oB9WnlvUr_AD,15_bC4FTv02hB3jHvFugCb,CONTAINS
2E5h_Z5On2oB9WnlvUr_A5,15_bC4FTv02hB3jHvFugCu,CONTAINS
2E5h_Z5On2oB9WnlvUr_A5,15_bC4FTv02hB3jHvFugCK,CONTAINS
2E5h_Z5On2oB9WnlvUr_A5,15_bC4FTv02hB3jHvFugCN,CONTAINS
2E5h_Z5On2oB9WnlvUr_AD,15_bC4FTv02hB3jHvFugCk,CONTAINS
2E5h_Z5On2oB9WnlvUr_AD,15_bC4FTv02hB3jHvFugCg,CONTAINS
2E5h_Z5On2oB9WnlvUr_AF,15_bC4FTv02hB3jHvFugDG,CONTAINS
2E5h_Z5On2oB9WnlvUr_AF,15_bC4FTv02hB3jHvFugDI,CONTAINS
2E5h_Z5On2oB9WnlvUr_AF,15_bC4FTv02hB3jHvFugDf,CONTAINS
2E5h_Z5On2oB9WnlvUr_AF,15_bC4FTv02hB3jHvFugDV,CONTAINS
2E5h_Z5On2oB9WnlvUr_AF,15_bC4FTv02hB3jHvFugDU,CONTAINS
2E5h_Z5On2oB9WnlvUr_AF,15_bC4FTv02hB3jHvFugDl,CONTAINS
2E5h_Z5On2oB9WnlvUr_AF,15_bC4FTv02hB3jHvFugDj,CONTAINS
2E5h_Z5On2oB9WnlvUr_AF,15_bC4FTv02hB3jHvFugDW,CONTAINS
2E5h_Z5On2oB9WnlvUr_AF,15_bC4FTv02hB3jHvFugDZ,CONTAINS
2E5h_Z5On2oB9WnlvUr_AF,15_bC4FTv02hB3jHvFugDN,CONTAINS
2E5h_Z5On2oB9WnlvUr_AF,15_bC4FTv02hB3jHvFugDX,CONTAINS
2E5h_Z5On2oB9WnlvUr_AF,15_bC4FTv02hB3jHvFugDh,CONTAINS
2E5h_Z5On2oB9WnlvUr_AF,15_bC4FTv02hB3jHvFugDL,CONTAINS
2E5h_Z5On2oB9WnlvUr_AF,15_bC4FTv02hB3jHvFugDC,CONTAINS
2E5h_Z5On2oB9WnlvUr_AF,15_bC4FTv02hB3jHvFugDF,CONTAINS
2E5h_Z5On2oB9WnlvUr_AF,15_bC4FTv02hB3jHvFugDD,CONTAINS
2E5h_Z5On2oB9WnlvUr_AF,15_bC4FTv02hB3jHvFugDE,CONTAINS
2E5h_Z5On2oB9WnlvUr_AF,15_bC4FTv02hB3jHvFugDO,CONTAINS
2E5h_Z5On2oB9WnlvUr_AF,15_bC4FTv02hB3jHvFugDQ,CONTAINS
2E5h_Z5On2oB9WnlvUr_AF,15_bC4FTv02hB3jHvFugD4,CONTAINS
2E5h_Z5On2oB9WnlvUr_AF,15_bC4FTv02hB3jHvFugD7,CONTAINS
2E5h_Z5On2oB9WnlvUr_AF,15_bC4FTv02hB3jHvFugD0,CONTAINS
2E5h_Z5On2oB9WnlvUr_AF,15_bC4FTv02hB3jHvFugD3,CONTAINS
2E5h_Z5On2oB9WnlvUr_AF,15_bC4FTv02hB3jHvFugDw,CONTAINS
2E5h_Z5On2oB9WnlvUr_AF,15_bC4FTv02hB3jHvFugDn,CONTAINS
2E5h_Z5On2oB9WnlvUr_AF,15_bC4FTv02hB3jHvFugDs,CONTAINS
2E5h_Z5On2oB9WnlvUr_AF,15_bC4FTv02hB3jHvFugDp,CONTAINS
2E5h_Z5On2oB9WnlvUr_AF,15_bC4FTv02hB3jHvFugDo,CONTAINS
2E5h_Z5On2oB9WnlvUr_AF,15_bC4FTv02hB3jHvFugD$,CONTAINS
2E5h_Z5On2oB9WnlvUr_AF,15_bC4FTv02hB3jHvFugDa,CONTAINS
2E5h_Z5On2oB9WnlvUr_AF,15_bC4FTv02hB3jHvFugDv,CONTAINS
2E5h_Z5On2oB9WnlvUr_AF,15_bC4FTv02hB3jHvFugDu,CONTAINS
2E5h_Z5On2oB9WnlvUr_AF,15_bC4FTv02hB3jHvFugIH,CONTAINS
2E5h_Z5On2oB9WnlvUr_AF,15_bC4FTv02hB3jHvFugIg,CONTAINS
2E5h_Z5On2oB9WnlvUr_AF,15_bC4FTv02hB3jHvFugIe,CONTAINS
2E5h_Z5On2oB9WnlvUr_AF,15_bC4FTv02hB3jHvFugIh,CONTAINS
2E5h_Z5On2oB9WnlvUr_AF,15_bC4FTv02hB3jHvFugIS,CONTAINS
2E5h_Z5On2oB9WnlvUr_AF,15_bC4FTv02hB3jHvFugIV,CONTAINS
2E5h_Z5On2oB9WnlvUr_AF,15_bC4FTv02hB3jHvFugIw,CONTAINS
2E5h_Z5On2oB9WnlvUr_AF,15_bC4FTv02hB3jHvFugIx,CONTAINS
2E5h_Z5On2oB9WnlvUr_AF,15_bC4FTv02hB3jHvFugIl,CONTAINS
2E5h_Z5On2oB9WnlvUr_AF,15_bC4FTv02hB3jHvFugId,CONTAINS
2E5h_Z5On2oB9WnlvUr_AF,15_bC4FTv02hB3jHvFugIW,CONTAINS
2E5h_Z5On2oB9WnlvUr_AF,15_bC4FTv02hB3jHvFugIX,CONTAINS
2E5h_Z5On2oB9WnlvUr_AF,15_bC4FTv02hB3jHvFugIY,CONTAINS
2E5h_Z5On2oB9WnlvUr_AF,15_bC4FTv02hB3jHvFugIk,CONTAINS
2E5h_Z5On2oB9WnlvUr_AF,15_bC4FTv02hB3jHvFugIm,CONTAINS
2E5h_Z5On2oB9WnlvUr_AF,15_bC4FTv02hB3jHvFugJ$,CONTAINS
2E5h_Z5On2oB9WnlvUr_AF,15_bC4FTv02hB3jHvFugJy,CONTAINS
2E5h_Z5On2oB9WnlvUr_AF,15_bC4FTv02hB3jHvFugIz,CONTAINS
2E5h_Z5On2oB9WnlvUr_AF,15_bC4FTv02hB3jHvFugI$,CONTAINS
2E5h_Z5On2oB9WnlvUr_AF,15_bC4FTv02hB3jHvFugGB,CONTAINS
2E5h_Z5On2oB9WnlvUr_AF,15_bC4FTv02hB3jHvFugGC,CONTAINS
2E5h_Z5On2oB9WnlvUr_AF,15_bC4FTv02hB3jHvFugJq,CONTAINS
2E5h_Z5On2oB9WnlvUr_AF,15_bC4FTv02hB3jHvFugJr,CONTAINS
2E5h_Z5On2oB9WnlvUr_AF,15_bC4FTv02hB3jHvFugGE,CONTAINS
2E5h_Z5On2oB9WnlvUr_AF,15_bC4FTv02hB3jHvFugJp,CONTAINS
2E5h_Z5On2oB9WnlvUr_AF,15_bC4FTv02hB3jHvFugG2,CONTAINS
2E5h_Z5On2oB9WnlvUr_AF,15_bC4FTv02hB3jHvFugG0,CONTAINS
2E5h_Z5On2oB9WnlvUr_AF,15_bC4FTv02hB3jHvFugG6,CONTAINS
2E5h_Z5On2oB9WnlvUr_AF,15_bC4FTv02hB3jHvFugG4,CONTAINS
2E5h_Z5On2oB9WnlvUr_AF,15_bC4FTv02hB3jHvFugIF,CONTAINS
2E5h_Z5On2oB9WnlvUr_AF,15_bC4FTv02hB3jHvFugIE,CONTAINS
2E5h_Z5On2oB9WnlvUr_AF,15_bC4FTv02hB3jHvFugIB,CONTAINS
2E5h_Z5On2oB9WnlvUr_AF,15_bC4FTv02hB3jHvFugI8,CONTAINS
2E5h_Z5On2oB9WnlvUr_AF,15_bC4FTv02hB3jHvFugI2,CONTAINS
2E5h_Z5On2oB9WnlvUr_AF,15_bC4FTv02hB3jHvFugI0,CONTAINS
2E5h_Z5On2oB9WnlvUr_AF,15_bC4FTv02hB3jHvFugI5,CONTAINS
2E5h_Z5On2oB9WnlvUr_AF,15_bC4FTv02hB3jHvFugI7,CONTAINS
2E5h_Z5On2oB9WnlvUr_AF,15_bC4FTv02hB3jHvFugIO,CONTAINS
2E5h_Z5On2oB9WnlvUr_AF,15_bC4FTv02hB3jHvFugIR,CONTAINS
2E5h_Z5On2oB9WnlvUr_AF,15_bC4FTv02hB3jHvFugNc,CONTAINS
2E5h_Z5On2oB9WnlvUr_AF,15_bC4FTv02hB3jHvFugNx,CONTAINS
2E5h_Z5On2oB9WnlvUr_AF,15_bC4FTv02hB3jHvFugNL,CONTAINS
2E5h_Z5On2oB9WnlvUr_AF,15_bC4FTv02hB3jHvFugNH,CONTAINS
2E5h_Z5On2oB9WnlvUr_AF,15_bC4FTv02hB3jHvFugNE,CONTAINS
2E5h_Z5On2oB9WnlvUr_AF,15_bC4FTv02hB3jHvFugND,CONTAINS
2E5h_Z5On2oB9WnlvUr_AF,15_bC4FTv02hB3jHvFugN3,CONTAINS
2E5h_Z5On2oB9WnlvUr_AF,15_bC4FTv02hB3jHvFugN6,CONTAINS
2E5h_Z5On2oB9WnlvUr_AF,15_bC4FTv02hB3jHvFugMa,CONTAINS
2E5h_Z5On2oB9WnlvUr_AF,15_bC4FTv02hB3jHvFugMd,CONTAINS
2E5h_Z5On2oB9WnlvUr_AF,15_bC4FTv02hB3jHvFugMt,CONTAINS
2E5h_Z5On2oB9WnlvUr_AF,15_bC4FTv02hB3jHvFugM_,CONTAINS
2E5h_Z5On2oB9WnlvUr_AF,15_bC4FTv02hB3jHvFugMy,CONTAINS
2E5h_Z5On2oB9WnlvUr_AF,15_bC4FTv02hB3jHvFugM$,CONTAINS
2E5h_Z5On2oB9WnlvUr_AF,15_bC4FTv02hB3jHvFugMw,CONTAINS
2E5h_Z5On2oB9WnlvUr_AF,15_bC4FTv02hB3jHvFugMm,CONTAINS
2E5h_Z5On2oB9WnlvUr_AF,15_bC4FTv02hB3jHvFugN8,CONTAINS
2E5h_Z5On2oB9WnlvUr_AF,15_bC4FTv02hB3jHvFugHY,CONTAINS
2E5h_Z5On2oB9WnlvUr_AF,15_bC4FTv02hB3jHvFugHK,CONTAINS
2E5h_Z5On2oB9WnlvUr_AF,15_bC4FTv02hB3jHvFugMF,CONTAINS
2E5h_Z5On2oB9WnlvUr_AF,15_bC4FTv02hB3jHvFugHN,CONTAINS
2E5h_Z5On2oB9WnlvUr_AF,15_bC4FTv02hB3jHvFugMD,CONTAINS
2E5h_Z5On2oB9WnlvUr_AF,15_bC4FTv02hB3jHvFugHl,CONTAINS
2E5h_Z5On2oB9WnlvUr_AF,15_bC4FTv02hB3jHvFugHg,CONTAINS
2E5h_Z5On2oB9WnlvUr_AF,15_bC4FTv02hB3jHvFugHf,CONTAINS
2E5h_Z5On2oB9WnlvUr_AF,15_bC4FTv02hB3jHvFugHX,CONTAINS
2E5h_Z5On2oB9WnlvUr_AF,15_bC4FTv02hB3jHvFugHe,CONTAINS
2E5h_Z5On2oB9WnlvUr_AF,15_bC4FTv02hB3jHvFugHo,CONTAINS
2E5h_Z5On2oB9WnlvUr_AF,15_bC4FTv02hB3jHvFugHu,CONTAINS
2E5h_Z5On2oB9WnlvUr_AF,15_bC4FTv02hB3jHvFugH_,CONTAINS
2E5h_Z5On2oB9WnlvUr_AF,15_bC4FTv02hB3jHvFugHq,CONTAINS
2E5h_Z5On2oB9WnlvUr_AF,15_bC4FTv02hB3jHvFugM8,CONTAINS
2E5h_Z5On2oB9WnlvUr_AF,15_bC4FTv02hB3jHvFugM9,CONTAINS
2E5h_Z5On2oB9WnlvUr_AF,15_bC4FTv02hB3jHvFugHs,CONTAINS
2E5h_Z5On2oB9WnlvUr_AF,15_bC4FTv02hB3jHvFugHr,CONTAINS
2E5h_Z5On2oB9WnlvUr_AF,15_bC4FTv02hB3jHvFugHm,CONTAINS
2E5h_Z5On2oB9WnlvUr_AF,15_bC4FTv02hB3jHvFugM3,CONTAINS
2E5h_Z5On2oB9WnlvUr_AF,15_bC4FTv02hB3jHvFugM1,CONTAINS
2E5h_Z5On2oB9WnlvUr_AF,15_bC4FTv02hB3jHvFugMO,CONTAINS
2E5h_Z5On2oB9WnlvUr_AF,15_bC4FTv02hB3jHvFugMP,CONTAINS
2E5h_Z5On2oB9WnlvUr_AF,15_bC4FTv02hB3jHvFugMU,CONTAINS
2E5h_Z5On2oB9WnlvUr_AF,15_bC4FTv02hB3jHvFugMS,CONTAINS
2E5h_Z5On2oB9WnlvUr_AF,15_bC4FTv02hB3jHvFugMI,CONTAINS
2E5h_Z5On2oB9WnlvUr_AF,15_bC4FTv02hB3jHvFugMG,CONTAINS
2E5h_Z5On2oB9WnlvUr_AF,15_bC4FTv02hB3jHvFugMM,CONTAINS
2E5h_Z5On2oB9WnlvUr_AF,15_bC4FTv02hB3jHvFugHa,CONTAINS
2E5h_Z5On2oB9WnlvUr_AF,15_bC4FTv02hB3jHvFugMK,CONTAINS
2E5h_Z5On2oB9WnlvUr_AF,15_bC4FTv02hB3jHvFugMg,CONTAINS
2E5h_Z5On2oB9WnlvUr_AF,15_bC4FTv02hB3jHvFugGm,CONTAINS
2E5h_Z5On2oB9WnlvUr_AF,15_bC4FTv02hB3jHvFugGn,CONTAINS
2E5h_Z5On2oB9WnlvUr_AF,15_bC4FTv02hB3jHvFugM7,CONTAINS
2E5h_Z5On2oB9WnlvUr_AF,15_bC4FTv02hB3jHvFugM5,CONTAINS
2E5h_Z5On2oB9WnlvUr_AF,15_bC4FTv02hB3jHvFugH7,CONTAINS
2E5h_Z5On2oB9WnlvUr_AF,15_bC4FTv02hB3jHvFugGt,CONTAINS
2E5h_Z5On2oB9WnlvUr_AF,15_bC4FTv02hB3jHvFugGq,CONTAINS
2E5h_Z5On2oB9WnlvUr_AF,15_bC4FTv02hB3jHvFugGr,CONTAINS
2E5h_Z5On2oB9WnlvUr_AF,15_bC4FTv02hB3jHvFugGz,CONTAINS
2E5h_Z5On2oB9WnlvUr_AF,15_bC4FTv02hB3jHvFugHF,CONTAINS
2E5h_Z5On2oB9WnlvUr_AF,15_bC4FTv02hB3jHvFugH9,CONTAINS
2E5h_Z5On2oB9WnlvUr_AF,15_bC4FTv02hB3jHvFugH6,CONTAINS
2E5h_Z5On2oB9WnlvUr_AF,15_bC4FTv02hB3jHvFugH0,CONTAINS
2E5h_Z5On2oB9WnlvUr_AF,15_bC4FTv02hB3jHvFugH3,CONTAINS
2E5h_Z5On2oB9WnlvUr_AF,15_bC4FTv02hB3jHvFugHQ,CONTAINS
2E5h_Z5On2oB9WnlvUr_AF,15_bC4FTv02hB3jHvFugHO,CONTAINS
2E5h_Z5On2oB9WnlvUr_AF,15_bC4FTv02hB3jHvFugHT,CONTAINS
2E5h_Z5On2oB9WnlvUr_AF,15_bC4FTv02hB3jHvFugHJ,CONTAINS
2E5h_Z5On2oB9WnlvUr_AF,15_bC4FTv02hB3jHvFugHG,CONTAINS
2E5h_Z5On2oB9WnlvUr_AF,15_bC4FTv02hB3jHvFugGI,CONTAINS
2E5h_Z5On2oB9WnlvUr_AF,15_bC4FTv02hB3jHvFugGH,CONTAINS
2E5h_Z5On2oB9WnlvUr_AF,15_bC4FTv02hB3jHvFugGL,CONTAINS
2E5h_Z5On2oB9WnlvUr_AF,15_bC4FTv02hB3jHvFugGK,CONTAINS
2E5h_Z5On2oB9WnlvUr_AF,15_bC4FTv02hB3jHvFugGi,CONTAINS
2E5h_Z5On2oB9WnlvUr_AF,15_bC4FTv02hB3jHvFugGV,CONTAINS
2E5h_Z5On2oB9WnlvUr_AF,15_bC4FTv02hB3jHvFugGT,CONTAINS
2E5h_Z5On2oB9WnlvUr_AF,15_bC4FTv02hB3jHvFugG$,CONTAINS
2E5h_Z5On2oB9WnlvUr_AF,15_bC4FTv02hB3jHvFugGu,CONTAINS
2E5h_Z5On2oB9WnlvUr_AF,15_bC4FTv02hB3jHvFugG_,CONTAINS
2E5h_Z5On2oB9WnlvUr_AF,15_bC4FTv02hB3jHvFugGw,CONTAINS
2E5h_Z5On2oB9WnlvUr_AF,15_bC4FTv02hB3jHvFugGP,CONTAINS
2E5h_Z5On2oB9WnlvUr_AF,15_bC4FTv02hB3jHvFugGQ,CONTAINS
2E5h_Z5On2oB9WnlvUr_AF,15_bC4FTv02hB3jHvFugGh,CONTAINS
2E5h_Z5On2oB9WnlvUr_AF,15_bC4FTv02hB3jHvFugGk,CONTAINS
2E5h_Z5On2oB9WnlvUr_AF,15_bC4FTv02hB3jHvFugGe,CONTAINS
2E5h_Z5On2oB9WnlvUr_AF,15_bC4FTv02hB3jHvFugGZ,CONTAINS
2E5h_Z5On2oB9WnlvUr_AF,15_bC4FTv02hB3jHvFugGf,CONTAINS
2E5h_Z5On2oB9WnlvUr_AF,15_bC4FTv02hB3jHvFugGa,CONTAINS
2E5h_Z5On2oB9WnlvUr_AF,15_bC4FTv02hB3jHvFugGc,CONTAINS
2E5h_Z5On2oB9WnlvUr_AF,15_bC4FTv02hB3jHvFugGX,CONTAINS
2E5h_Z5On2oB9WnlvUr_AF,15_bC4FTv02hB3jHvFugKl,CONTAINS
2E5h_Z5On2oB9WnlvUr_AF,15_bC4FTv02hB3jHvFugKY,CONTAINS
2E5h_Z5On2oB9WnlvUr_AF,15_bC4FTv02hB3jHvFugKq,CONTAINS
2E5h_Z5On2oB9WnlvUr_AF,15_bC4FTv02hB3jHvFugLB,CONTAINS
2E5h_Z5On2oB9WnlvUr_AF,15_bC4FTv02hB3jHvFugL4,CONTAINS
2E5h_Z5On2oB9WnlvUr_AF,15_bC4FTv02hB3jHvFugLE,CONTAINS
2E5h_Z5On2oB9WnlvUr_AF,15_bC4FTv02hB3jHvFugKn,CONTAINS
2E5h_Z5On2oB9WnlvUr_AF,15_bC4FTv02hB3jHvFugKQ,CONTAINS
2E5h_Z5On2oB9WnlvUr_AF,15_bC4FTv02hB3jHvFugK4,CONTAINS
2E5h_Z5On2oB9WnlvUr_AF,15_bC4FTv02hB3jHvFugK1,CONTAINS
2E5h_Z5On2oB9WnlvUr_AF,15_bC4FTv02hB3jHvFugL3,CONTAINS
2E5h_Z5On2oB9WnlvUr_AF,15_bC4FTv02hB3jHvFugLC,CONTAINS
2E5h_Z5On2oB9WnlvUr_AF,15_bC4FTv02hB3jHvFugK_,CONTAINS
2E5h_Z5On2oB9WnlvUr_AF,15_bC4FTv02hB3jHvFugKo,CONTAINS
2E5h_Z5On2oB9WnlvUr_AF,15_bC4FTv02hB3jHvFugKE,CONTAINS
2E5h_Z5On2oB9WnlvUr_AF,15_bC4FTv02hB3jHvFugKD,CONTAINS
2E5h_Z5On2oB9WnlvUr_AF,15_bC4FTv02hB3jHvFugK3,CONTAINS
2E5h_Z5On2oB9WnlvUr_AF,15_bC4FTv02hB3jHvFugKO,CONTAINS
2E5h_Z5On2oB9WnlvUr_AF,15_bC4FTv02hB3jHvFugKU,CONTAINS
2E5h_Z5On2oB9WnlvUr_AF,15_bC4FTv02hB3jHvFugKT,CONTAINS
2E5h_Z5On2oB9WnlvUr_AF,15_bC4FTv02hB3jHvFugKg,CONTAINS
2E5h_Z5On2oB9WnlvUr_AF,15_bC4FTv02hB3jHvFugKG,CONTAINS
2E5h_Z5On2oB9WnlvUr_AF,15_bC4FTv02hB3jHvFugKN,CONTAINS
2E5h_Z5On2oB9WnlvUr_AF,15_bC4FTv02hB3jHvFugNt,CONTAINS
2E5h_Z5On2oB9WnlvUr_AF,15_bC4FTv02hB3jHvFugNr,CONTAINS
2E5h_Z5On2oB9WnlvUr_AF,15_bC4FTv02hB3jHvFugK8,CONTAINS
2E5h_Z5On2oB9WnlvUr_AF,15_bC4FTv02hB3jHvFugNU,CONTAINS
2E5h_Z5On2oB9WnlvUr_AF,15_bC4FTv02hB3jHvFugNR,CONTAINS
2E5h_Z5On2oB9WnlvUr_AF,15_bC4FTv02hB3jHvFugNJ,CONTAINS
2E5h_Z5On2oB9WnlvUr_AF,15_bC4FTv02hB3jHvFugNS,CONTAINS
2E5h_Z5On2oB9WnlvUr_AF,15_bC4FTv02hB3jHvFugNY,CONTAINS
2E5h_Z5On2oB9WnlvUr_AF,15_bC4FTv02hB3jHvFugNZ,CONTAINS
2E5h_Z5On2oB9WnlvUr_AF,15_bC4FTv02hB3jHvFugNl,CONTAINS
2E5h_Z5On2oB9WnlvUr_AF,15_bC4FTv02hB3jHvFugNz,CONTAINS
2E5h_Z5On2oB9WnlvUr_AF,15_bC4FTv02hB3jHvFugN5,CONTAINS
2E5h_Z5On2oB9WnlvUr_AF,15_bC4FTv02hB3jHvFugQg,CONTAINS
2E5h_Z5On2oB9WnlvUr_AF,15_bC4FTv02hB3jHvFugQI,CONTAINS
2E5h_Z5On2oB9WnlvUr_AF,15_bC4FTv02hB3jHvFugQS,CONTAINS
2E5h_Z5On2oB9WnlvUr_AF,15_bC4FTv02hB3jHvFugQf,CONTAINS
2E5h_Z5On2oB9WnlvUr_AF,15_bC4FTv02hB3jHvFugQN,CONTAINS
2E5h_Z5On2oB9WnlvUr_A0,15_bC4FTv02hB3jHvFugPq,CONTAINS
2E5h_Z5On2oB9WnlvUr_A0,15_bC4FTv02hB3jHvFugPs,CONTAINS
2E5h_Z5On2oB9WnlvUr_A0,15_bC4FTv02hB3jHvFugPm,CONTAINS
2E5h_Z5On2oB9WnlvUr_A0,15_bC4FTv02hB3jHvFugUA,CONTAINS
2E5h_Z5On2oB9WnlvUr_A0,15_bC4FTv02hB3jHvFugPr,CONTAINS
2E5h_Z5On2oB9WnlvUr_A0,15_bC4FTv02hB3jHvFugPo,CONTAINS
2E5h_Z5On2oB9WnlvUr_A0,15_bC4FTv02hB3jHvFugPy,CONTAINS
2E5h_Z5On2oB9WnlvUr_A0,15_bC4FTv02hB3jHvFugP_,CONTAINS
2E5h_Z5On2oB9WnlvUr_A0,15_bC4FTv02hB3jHvFugUP,CONTAINS
2E5h_Z5On2oB9WnlvUr_A0,15_bC4FTv02hB3jHvFugU7,CONTAINS
2E5h_Z5On2oB9WnlvUr_A0,15_bC4FTv02hB3jHvFugU1,CONTAINS
2E5h_Z5On2oB9WnlvUr_A0,15_bC4FTv02hB3jHvFugU4,CONTAINS
2E5h_Z5On2oB9WnlvUr_A0,15_bC4FTv02hB3jHvFugU3,CONTAINS
2E5h_Z5On2oB9WnlvUr_A0,15_bC4FTv02hB3jHvFugUC,CONTAINS
2E5h_Z5On2oB9WnlvUr_A0,15_bC4FTv02hB3jHvFugUD,CONTAINS
2E5h_Z5On2oB9WnlvUr_A0,15_bC4FTv02hB3jHvFugU9,CONTAINS
2E5h_Z5On2oB9WnlvUr_A0,15_bC4FTv02hB3jHvFugUE,CONTAINS
2E5h_Z5On2oB9WnlvUr_AF,15_bC4FTv02hB3jHvFugQA,CONTAINS
2E5h_Z5On2oB9WnlvUr_AF,15_bC4FTv02hB3jHvFugQ8,CONTAINS
2E5h_Z5On2oB9WnlvUr_AF,15_bC4FTv02hB3jHvFugQD,CONTAINS
2E5h_Z5On2oB9WnlvUr_AF,15_bC4FTv02hB3jHvFugQ1,CONTAINS
2E5h_Z5On2oB9WnlvUr_AF,15_bC4FTv02hB3jHvFugQ4,CONTAINS
2E5h_Z5On2oB9WnlvUr_AF,15_bC4FTv02hB3jHvFugQR,CONTAINS
2E5h_Z5On2oB9WnlvUr_AF,15_bC4FTv02hB3jHvFugLj,CONTAINS
2E5h_Z5On2oB9WnlvUr_AF,15_bC4FTv02hB3jHvFugLZ,CONTAINS
2E5h_Z5On2oB9WnlvUr_AF,15_bC4FTv02hB3jHvFugLy,CONTAINS
2E5h_Z5On2oB9WnlvUr_AF,15_bC4FTv02hB3jHvFugLx,CONTAINS
2E5h_Z5On2oB9WnlvUr_AF,15_bC4FTv02hB3jHvFugL_,CONTAINS
2E5h_Z5On2oB9WnlvUr_AF,15_bC4FTv02hB3jHvFugLb,CONTAINS
2E5h_Z5On2oB9WnlvUr_AF,15_bC4FTv02hB3jHvFugLc,CONTAINS
2E5h_Z5On2oB9WnlvUr_AF,15_bC4FTv02hB3jHvFugQw,CONTAINS
2E5h_Z5On2oB9WnlvUr_AF,15_bC4FTv02hB3jHvFugQn,CONTAINS
2E5h_Z5On2oB9WnlvUr_AF,15_bC4FTv02hB3jHvFugRA,CONTAINS
2E5h_Z5On2oB9WnlvUr_AF,15_bC4FTv02hB3jHvFugR9,CONTAINS
2E5h_Z5On2oB9WnlvUr_AF,15_bC4FTv02hB3jHvFugRC,CONTAINS
2E5h_Z5On2oB9WnlvUr_AF,15_bC4FTv02hB3jHvFugQi,CONTAINS
2E5h_Z5On2oB9WnlvUr_AF,15_bC4FTv02hB3jHvFugQZ,CONTAINS
2E5h_Z5On2oB9WnlvUr_AF,15_bC4FTv02hB3jHvFugRU,CONTAINS
2E5h_Z5On2oB9WnlvUr_AF,15_bC4FTv02hB3jHvFugRT,CONTAINS
2E5h_Z5On2oB9WnlvUr_AF,15_bC4FTv02hB3jHvFugRG,CONTAINS
2E5h_Z5On2oB9WnlvUr_AF,15_bC4FTv02hB3jHvFugR2,CONTAINS
2E5h_Z5On2oB9WnlvUr_AF,15_bC4FTv02hB3jHvFugR4,CONTAINS
2E5h_Z5On2oB9WnlvUr_AF,15_bC4FTv02hB3jHvFugR3,CONTAINS
2E5h_Z5On2oB9WnlvUr_AF,15_bC4FTv02hB3jHvFugRl,CONTAINS
2E5h_Z5On2oB9WnlvUr_AF,15_bC4FTv02hB3jHvFugRe,CONTAINS
2E5h_Z5On2oB9WnlvUr_AF,15_bC4FTv02hB3jHvFugRY,CONTAINS
2E5h_Z5On2oB9WnlvUr_AF,15_bC4FTv02hB3jHvFugRL,CONTAINS
2E5h_Z5On2oB9WnlvUr_AF,15_bC4FTv02hB3jHvFugRc,CONTAINS
2E5h_Z5On2oB9WnlvUr_AF,15_bC4FTv02hB3jHvFugLO,CONTAINS
2E5h_Z5On2oB9WnlvUr_AF,15_bC4FTv02hB3jHvFugLQ,CONTAINS
2E5h_Z5On2oB9WnlvUr_AF,15_bC4FTv02hB3jHvFugLn,CONTAINS
2E5h_Z5On2oB9WnlvUr_AF,15_bC4FTv02hB3jHvFugLV,CONTAINS
2E5h_Z5On2oB9WnlvUr_AF,15_bC4FTv02hB3jHvFugLp,CONTAINS
2E5h_Z5On2oB9WnlvUr_AF,15_bC4FTv02hB3jHvFugLq,CONTAINS
2E5h_Z5On2oB9WnlvUr_AF,15_bC4FTv02hB3jHvFugLe,CONTAINS
2E5h_Z5On2oB9WnlvUr_AF,15_bC4FTv02hB3jHvFugLl,CONTAINS
2E5h_Z5On2oB9WnlvUr_AF,15_bC4FTv02hB3jHvFugKb,CONTAINS
2E5h_Z5On2oB9WnlvUr_AF,15_bC4FTv02hB3jHvFugKW,CONTAINS
2E5h_Z5On2oB9WnlvUr_AF,15_bC4FTv02hB3jHvFugKc,CONTAINS
2E5h_Z5On2oB9WnlvUr_AF,15_bC4FTv02hB3jHvFugLJ,CONTAINS
2E5h_Z5On2oB9WnlvUr_AF,15_bC4FTv02hB3jHvFugLN,CONTAINS
2E5h_Z5On2oB9WnlvUr_AF,15_bC4FTv02hB3jHvFugLL,CONTAINS
2E5h_Z5On2oB9WnlvUr_A0,15_bC4FTv02hB3jHvFugVX,CONTAINS
2E5h_Z5On2oB9WnlvUr_A0,15_bC4FTv02hB3jHvFugVj,CONTAINS
2E5h_Z5On2oB9WnlvUr_A0,15_bC4FTv02hB3jHvFugVZ,CONTAINS
2E5h_Z5On2oB9WnlvUr_A0,15_bC4FTv02hB3jHvFujZM,CONTAINS
2E5h_Z5On2oB9WnlvUr_A0,15_bC4FTv02hB3jHvFujZG,CONTAINS
2E5h_Z5On2oB9WnlvUr_A0,15_bC4FTv02hB3jHvFujZI,CONTAINS
2E5h_Z5On2oB9WnlvUr_A0,15_bC4FTv02hB3jHvFujZg,CONTAINS
2E5h_Z5On2oB9WnlvUr_A0,15_bC4FTv02hB3jHvFujZK,CONTAINS
2E5h_Z5On2oB9WnlvUr_A0,15_bC4FTv02hB3jHvFujZa,CONTAINS
2E5h_Z5On2oB9WnlvUr_A0,15_bC4FTv02hB3jHvFujZw,CONTAINS
2E5h_Z5On2oB9WnlvUr_A0,15_bC4FTv02hB3jHvFujZf,CONTAINS
2E5h_Z5On2oB9WnlvUr_A0,15_bC4FTv02hB3jHvFujZk,CONTAINS
2E5h_Z5On2oB9WnlvUr_A0,15_bC4FTv02hB3jHvFugVB,CONTAINS
2E5h_Z5On2oB9WnlvUr_A0,15_bC4FTv02hB3jHvFugUr,CONTAINS
2E5h_Z5On2oB9WnlvUr_A0,15_bC4FTv02hB3jHvFugUt,CONTAINS
2E5h_Z5On2oB9WnlvUr_A0,15_bC4FTv02hB3jHvFugU_,CONTAINS
2E5h_Z5On2oB9WnlvUr_A0,15_bC4FTv02hB3jHvFugU$,CONTAINS
2E5h_Z5On2oB9WnlvUr_A0,15_bC4FTv02hB3jHvFugUm,CONTAINS
2E5h_Z5On2oB9WnlvUr_A0,15_bC4FTv02hB3jHvFugUn,CONTAINS
2E5h_Z5On2oB9WnlvUr_A0,15_bC4FTv02hB3jHvFugUw,CONTAINS
2E5h_Z5On2oB9WnlvUr_A0,15_bC4FTv02hB3jHvFugUx,CONTAINS
2E5h_Z5On2oB9WnlvUr_A0,15_bC4FTv02hB3jHvFugUz,CONTAINS
2E5h_Z5On2oB9WnlvUr_A0,15_bC4FTv02hB3jHvFugUy,CONTAINS
2E5h_Z5On2oB9WnlvUr_A0,15_bC4FTv02hB3jHvFugUa,CONTAINS
2E5h_Z5On2oB9WnlvUr_A0,15_bC4FTv02hB3jHvFugTT,CONTAINS
2E5h_Z5On2oB9WnlvUr_A0,15_bC4FTv02hB3jHvFugTI,CONTAINS
2E5h_Z5On2oB9WnlvUr_A0,15_bC4FTv02hB3jHvFugTf,CONTAINS
2E5h_Z5On2oB9WnlvUr_A0,15_bC4FTv02hB3jHvFugTg,CONTAINS
2E5h_Z5On2oB9WnlvUr_A0,15_bC4FTv02hB3jHvFugTh,CONTAINS
2E5h_Z5On2oB9WnlvUr_A0,15_bC4FTv02hB3jHvFugTN,CONTAINS
2E5h_Z5On2oB9WnlvUr_A0,15_bC4FTv02hB3jHvFugVG,CONTAINS
2E5h_Z5On2oB9WnlvUr_A0,15_bC4FTv02hB3jHvFugVM,CONTAINS
2E5h_Z5On2oB9WnlvUr_A0,15_bC4FTv02hB3jHvFugUd,CONTAINS
2E5h_Z5On2oB9WnlvUr_A0,15_bC4FTv02hB3jHvFugUc,CONTAINS
2E5h_Z5On2oB9WnlvUr_A0,15_bC4FTv02hB3jHvFugUW,CONTAINS
2E5h_Z5On2oB9WnlvUr_A0,15_bC4FTv02hB3jHvFugUY,CONTAINS
2E5h_Z5On2oB9WnlvUr_A0,15_bC4FTv02hB3jHvFugUj,CONTAINS
2E5h_Z5On2oB9WnlvUr_A0,15_bC4FTv02hB3jHvFugUi,CONTAINS
2E5h_Z5On2oB9WnlvUr_A0,15_bC4FTv02hB3jHvFugUl,CONTAINS
2E5h_Z5On2oB9WnlvUr_A0,15_bC4FTv02hB3jHvFugUk,CONTAINS
2E5h_Z5On2oB9WnlvUr_A0,15_bC4FTv02hB3jHvFugUL,CONTAINS
2E5h_Z5On2oB9WnlvUr_A0,15_bC4FTv02hB3jHvFugUG,CONTAINS
2E5h_Z5On2oB9WnlvUr_A0,15_bC4FTv02hB3jHvFugUJ,CONTAINS
2E5h_Z5On2oB9WnlvUr_A0,15_bC4FTv02hB3jHvFugVF,CONTAINS
2E5h_Z5On2oB9WnlvUr_A0,15_bC4FTv02hB3jHvFugVU,CONTAINS
2E5h_Z5On2oB9WnlvUr_A0,15_bC4FTv02hB3jHvFugVS,CONTAINS
2E5h_Z5On2oB9WnlvUr_A0,15_bC4FTv02hB3jHvFugVR,CONTAINS
2E5h_Z5On2oB9WnlvUr_A0,15_bC4FTv02hB3jHvFugVO,CONTAINS
2E5h_Z5On2oB9WnlvUr_A0,15_bC4FTv02hB3jHvFugVP,CONTAINS
2E5h_Z5On2oB9WnlvUr_A0,15_bC4FTv02hB3jHvFugV1,CONTAINS
2E5h_Z5On2oB9WnlvUr_A0,15_bC4FTv02hB3jHvFugV7,CONTAINS
2E5h_Z5On2oB9WnlvUr_A0,15_bC4FTv02hB3jHvFugVC,CONTAINS
2E5h_Z5On2oB9WnlvUr_A0,15_bC4FTv02hB3jHvFugV3,CONTAINS
2E5h_Z5On2oB9WnlvUr_A0,15_bC4FTv02hB3jHvFugV2,CONTAINS
2E5h_Z5On2oB9WnlvUr_A0,15_bC4FTv02hB3jHvFugVL,CONTAINS
2E5h_Z5On2oB9WnlvUr_A0,15_bC4FTv02hB3jHvFugVy,CONTAINS
2E5h_Z5On2oB9WnlvUr_A0,15_bC4FTv02hB3jHvFugVa,CONTAINS
2E5h_Z5On2oB9WnlvUr_A0,15_bC4FTv02hB3jHvFugSF,CONTAINS
2E5h_Z5On2oB9WnlvUr_A0,15_bC4FTv02hB3jHvFugS0,CONTAINS
2E5h_Z5On2oB9WnlvUr_A0,15_bC4FTv02hB3jHvFugSR,CONTAINS
2E5h_Z5On2oB9WnlvUr_A0,15_bC4FTv02hB3jHvFugS6,CONTAINS
2E5h_Z5On2oB9WnlvUr_A0,15_bC4FTv02hB3jHvFugS8,CONTAINS
2E5h_Z5On2oB9WnlvUr_A0,15_bC4FTv02hB3jHvFugVp,CONTAINS
2E5h_Z5On2oB9WnlvUr_A0,15_bC4FTv02hB3jHvFugVr,CONTAINS
2E5h_Z5On2oB9WnlvUr_A0,15_bC4FTv02hB3jHvFugVs,CONTAINS
2E5h_Z5On2oB9WnlvUr_A0,15_bC4FTv02hB3jHvFugTO,CONTAINS
2E5h_Z5On2oB9WnlvUr_A0,15_bC4FTv02hB3jHvFugTD,CONTAINS
2E5h_Z5On2oB9WnlvUr_A0,15_bC4FTv02hB3jHvFugT6,CONTAINS
2E5h_Z5On2oB9WnlvUr_A0,15_bC4FTv02hB3jHvFugT5,CONTAINS
2E5h_Z5On2oB9WnlvUr_A0,15_bC4FTv02hB3jHvFugTE,CONTAINS
2E5h_Z5On2oB9WnlvUr_A0,15_bC4FTv02hB3jHvFugTB,CONTAINS
2E5h_Z5On2oB9WnlvUr_A0,15_bC4FTv02hB3jHvFugS_,CONTAINS
2E5h_Z5On2oB9WnlvUr_A0,15_bC4FTv02hB3jHvFugSx,CONTAINS
2E5h_Z5On2oB9WnlvUr_A0,15_bC4FTv02hB3jHvFugSa,CONTAINS
2E5h_Z5On2oB9WnlvUr_A0,15_bC4FTv02hB3jHvFugSl,CONTAINS
2E5h_Z5On2oB9WnlvUr_A0,15_bC4FTv02hB3jHvFugSZ,CONTAINS
2E5h_Z5On2oB9WnlvUr_A0,15_bC4FTv02hB3jHvFugSe,CONTAINS
2E5h_Z5On2oB9WnlvUr_A0,15_bC4FTv02hB3jHvFugSK,CONTAINS
2E5h_Z5On2oB9WnlvUr_A0,15_bC4FTv02hB3jHvFugSh,CONTAINS
2E5h_Z5On2oB9WnlvUr_A0,15_bC4FTv02hB3jHvFugSU,CONTAINS
2E5h_Z5On2oB9WnlvUr_A0,15_bC4FTv02hB3jHvFugST,CONTAINS
2E5h_Z5On2oB9WnlvUr_A0,15_bC4FTv02hB3jHvFugTi,CONTAINS
2E5h_Z5On2oB9WnlvUr_A0,15_bC4FTv02hB3jHvFugTY,CONTAINS
2E5h_Z5On2oB9WnlvUr_AF,15_bC4FTv02hB3jHvFugPM,CONTAINS
2E5h_Z5On2oB9WnlvUr_AF,15_bC4FTv02hB3jHvFugPE,CONTAINS
2E5h_Z5On2oB9WnlvUr_AF,15_bC4FTv02hB3jHvFugPD,CONTAINS
2E5h_Z5On2oB9WnlvUr_AF,15_bC4FTv02hB3jHvFugP0,CONTAINS
2E5h_Z5On2oB9WnlvUr_AF,15_bC4FTv02hB3jHvFugP5,CONTAINS
2E5h_Z5On2oB9WnlvUr_AF,15_bC4FTv02hB3jHvFugOv,CONTAINS
2E5h_Z5On2oB9WnlvUr_AF,15_bC4FTv02hB3jHvFugOw,CONTAINS
2E5h_Z5On2oB9WnlvUr_AF,15_bC4FTv02hB3jHvFugOp,CONTAINS
2E5h_Z5On2oB9WnlvUr_AF,15_bC4FTv02hB3jHvFugPB,CONTAINS
2E5h_Z5On2oB9WnlvUr_AF,15_bC4FTv02hB3jHvFugOq,CONTAINS
2E5h_Z5On2oB9WnlvUr_A0,15_bC4FTv02hB3jHvFugUS,CONTAINS
2E5h_Z5On2oB9WnlvUr_A0,15_bC4FTv02hB3jHvFugUV,CONTAINS
2E5h_Z5On2oB9WnlvUr_A0,15_bC4FTv02hB3jHvFugUR,CONTAINS
2E5h_Z5On2oB9WnlvUr_AF,15_bC4FTv02hB3jHvFugOT,CONTAINS
2E5h_Z5On2oB9WnlvUr_AF,15_bC4FTv02hB3jHvFugOC,CONTAINS
2E5h_Z5On2oB9WnlvUr_AF,15_bC4FTv02hB3jHvFugOF,CONTAINS
2E5h_Z5On2oB9WnlvUr_AF,15_bC4FTv02hB3jHvFugO6,CONTAINS
2E5h_Z5On2oB9WnlvUr_A0,15_bC4FTv02hB3jHvFugPW,CONTAINS
2E5h_Z5On2oB9WnlvUr_A0,15_bC4FTv02hB3jHvFugPZ,CONTAINS
2E5h_Z5On2oB9WnlvUr_AF,15_bC4FTv02hB3jHvFugPi,CONTAINS
2E5h_Z5On2oB9WnlvUr_AF,15_bC4FTv02hB3jHvFugPh,CONTAINS
2E5h_Z5On2oB9WnlvUr_A0,15_bC4FTv02hB3jHvFugPu,CONTAINS
2E5h_Z5On2oB9WnlvUr_A0,15_bC4FTv02hB3jHvFugPa,CONTAINS
2E5h_Z5On2oB9WnlvUr_A0,15_bC4FTv02hB3jHvFugPX,CONTAINS
2E5h_Z5On2oB9WnlvUr_AF,15_bC4FTv02hB3jHvFugPJ,CONTAINS
2E5h_Z5On2oB9WnlvUr_AF,15_bC4FTv02hB3jHvFugPS,CONTAINS
2E5h_Z5On2oB9WnlvUr_AF,15_bC4FTv02hB3jHvFugPP,CONTAINS
2E5h_Z5On2oB9WnlvUr_AF,15_bC4FTv02hB3jHvFugPL,CONTAINS
2E5h_Z5On2oB9WnlvUr_AF,15_bC4FTv02hB3jHvFugOe,CONTAINS
2E5h_Z5On2oB9WnlvUr_AF,15_bC4FTv02hB3jHvFugRq,CONTAINS
2E5h_Z5On2oB9WnlvUr_AF,15_bC4FTv02hB3jHvFugOA,CONTAINS
2E5h_Z5On2oB9WnlvUr_AF,15_bC4FTv02hB3jHvFugOd,CONTAINS
2E5h_Z5On2oB9WnlvUr_AF,15_bC4FTv02hB3jHvFugOW,CONTAINS
2E5h_Z5On2oB9WnlvUr_AF,15_bC4FTv02hB3jHvFugOj,CONTAINS
2E5h_Z5On2oB9WnlvUr_AF,15_bC4FTv02hB3jHvFugON,CONTAINS
2E5h_Z5On2oB9WnlvUr_AF,15_bC4FTv02hB3jHvFugOG,CONTAINS
2E5h_Z5On2oB9WnlvUr_AF,15_bC4FTv02hB3jHvFugOO,CONTAINS
2E5h_Z5On2oB9WnlvUr_AF,15_bC4FTv02hB3jHvFugO5,CONTAINS
2E5h_Z5On2oB9WnlvUr_AF,15_bC4FTv02hB3jHvFugRo,CONTAINS
2E5h_Z5On2oB9WnlvUr_AF,15_bC4FTv02hB3jHvFugRn,CONTAINS
2E5h_Z5On2oB9WnlvUr_AF,15_bC4FTv02hB3jHvFugRv,CONTAINS
2E5h_Z5On2oB9WnlvUr_AF,15_bC4FTv02hB3jHvFugRy,CONTAINS
2E5h_Z5On2oB9WnlvUr_AF,15_bC4FTv02hB3jHvFugRa,CONTAINS
2E5h_Z5On2oB9WnlvUr_AF,15_bC4FTv02hB3jHvFugRx,CONTAINS
2E5h_Z5On2oB9WnlvUr_AF,2hT8sgFfHFBheatKFHir3d,CONTAINS
2E5h_Z5On2oB9WnlvUr_AF,2hT8sgFfHFBheatKFHir3x,CONTAINS
2E5h_Z5On2oB9WnlvUr_AF,2hT8sgFfHFBheatKFHir3s,CONTAINS
2E5h_Z5On2oB9WnlvUr_AE,3oeN9Bwb51dgOyZTf61OkQ,CONTAINS
2E5h_Z5On2oB9WnlvUr_AF,2hT8sgFfHFBheatKFHir0N,CONTAINS
2E5h_Z5On2oB9WnlvUr_AF,2hT8sgFfHFBheatKFHirUF,CONTAINS
2E5h_Z5On2oB9WnlvUr_AE,3oeN9Bwb51dgOyZTf61Oev,CONTAINS
2E5h_Z5On2oB9WnlvUr_AE,3O7$BbRdXBuRNcWUnL4zMs,CONTAINS
2E5h_Z5On2oB9WnlvUr_AE,3O7$BbRdXBuRNcWUnL4zNW,CONTAINS
2E5h_Z5On2oB9WnlvUr_AE,3O7$BbRdXBuRNcWUnL4zea,CONTAINS
2E5h_Z5On2oB9WnlvUr_AE,3O7$BbRdXBuRNcWUnL4zl3,CONTAINS
2E5h_Z5On2oB9WnlvUr_AE,3O7$BbRdXBuRNcWUnL4zf_,CONTAINS
2E5h_Z5On2oB9WnlvUr_AE,3O7$BbRdXBuRNcWUnL4zL$,CONTAINS
2E5h_Z5On2oB9WnlvUr_AE,3O7$BbRdXBuRNcWUnL4zgn,CONTAINS
2E5h_Z5On2oB9WnlvUr_AE,3O7$BbRdXBuRNcWUnL4zgu,CONTAINS
2E5h_Z5On2oB9WnlvUr_AE,3O7$BbRdXBuRNcWUnL4zLp,CONTAINS
2E5h_Z5On2oB9WnlvUr_AE,3oeN9Bwb51dgOyZTf61VVS,CONTAINS
2E5h_Z5On2oB9WnlvUr_AE,1amVGiypb5Pg_9R_8MyWwR,CONTAINS
2E5h_Z5On2oB9WnlvUr_AE,1amVGiypb5Pg_9R_8MyWwD,CONTAINS
2E5h_Z5On2oB9WnlvUr_AE,3O7$BbRdXBuRNcWUnL4zXa,CONTAINS
2E5h_Z5On2oB9WnlvUr_AE,3O7$BbRdXBuRNcWUnL4zWR,CONTAINS
2E5h_Z5On2oB9WnlvUr_AE,3oeN9Bwb51dgOyZTf61VSR,CONTAINS
2E5h_Z5On2oB9WnlvUr_AE,050FH9PQfCCAMrkmRs2U3s,CONTAINS
2E5h_Z5On2oB9WnlvUr_AE,050FH9PQfCCAMrkmRs2U28,CONTAINS
2E5h_Z5On2oB9WnlvUr_AE,050FH9PQfCCAMrkmRs2U2B,CONTAINS
2E5h_Z5On2oB9WnlvUr_AE,3O7$BbRdXBuRNcWUnL4zSM,CONTAINS
2E5h_Z5On2oB9WnlvUr_AE,3O7$BbRdXBuRNcWUnL4zNB,CONTAINS
2E5h_Z5On2oB9WnlvUr_AE,050FH9PQfCCAMrkmRs2Vav,CONTAINS
2E5h_Z5On2oB9WnlvUr_AE,050FH9PQfCCAMrkmRs2Vzx,CONTAINS
2E5h_Z5On2oB9WnlvUr_AE,050FH9PQfCCAMrkmRs2V$v,CONTAINS
2E5h_Z5On2oB9WnlvUr_AE,050FH9PQfCCAMrkmRs2UCK,CONTAINS
2E5h_Z5On2oB9WnlvUr_AE,050FH9PQfCCAMrkmRs2UFx,CONTAINS
2E5h_Z5On2oB9WnlvUr_AE,050FH9PQfCCAMrkmRs2U8N,CONTAINS
2E5h_Z5On2oB9WnlvUr_AE,050FH9PQfCCAMrkmRs2U8e,CONTAINS
2E5h_Z5On2oB9WnlvUr_AE,050FH9PQfCCAMrkmRs2U8u,CONTAINS
2E5h_Z5On2oB9WnlvUr_AE,050FH9PQfCCAMrkmRs2U8d,CONTAINS
2E5h_Z5On2oB9WnlvUr_AE,050FH9PQfCCAMrkmRs2Vnp,CONTAINS
2E5h_Z5On2oB9WnlvUr_AE,050FH9PQfCCAMrkmRs2VdQ,CONTAINS
2E5h_Z5On2oB9WnlvUr_AE,11x6gis05Df8d2gcEjzFQ7,CONTAINS
2E5h_Z5On2oB9WnlvUr_A1,1Puh2xZRbCNfcdDRoaCYhE,CONTAINS
2E5h_Z5On2oB9WnlvUr_AE,1eMJnnjDDCLex$imSrDmn5,CONTAINS
2E5h_Z5On2oB9WnlvUr_AE,050FH9PQfCCAMrkmRs2Vo5,CONTAINS
2E5h_Z5On2oB9WnlvUr_AE,050FH9PQfCCAMrkmRs2Vmw,CONTAINS
2E5h_Z5On2oB9WnlvUr_AE,050FH9PQfCCAMrkmRs2VoW,CONTAINS
2E5h_Z5On2oB9WnlvUr_AE,24aRr2wu9459apKiupzhDb,CONTAINS
2E5h_Z5On2oB9WnlvUr_AE,24aRr2wu9459apKiupzhMy,CONTAINS
2E5h_Z5On2oB9WnlvUr_AE,24aRr2wu9459apKiupzhAq,CONTAINS
2E5h_Z5On2oB9WnlvUr_AE,24aRr2wu9459apKiupzhI9,CONTAINS
2E5h_Z5On2oB9WnlvUr_AE,24aRr2wu9459apKiupzhJ5,CONTAINS
2E5h_Z5On2oB9WnlvUr_AE,24aRr2wu9459apKiupzhO1,CONTAINS
2E5h_Z5On2oB9WnlvUr_AE,24aRr2wu9459apKiupzhHA,CONTAINS
2E5h_Z5On2oB9WnlvUr_AE,24aRr2wu9459apKiupzhNB,CONTAINS
2E5h_Z5On2oB9WnlvUr_AE,24aRr2wu9459apKiupzhVU,CONTAINS
2E5h_Z5On2oB9WnlvUr_AE,1Puh2xZRbCNfcdDRoaCY$h,CONTAINS
2E5h_Z5On2oB9WnlvUr_AE,1Puh2xZRbCNfcdDRoaCY$5,CONTAINS
2E5h_Z5On2oB9WnlvUr_AE,1Puh2xZRbCNfcdDRoaCYyr,CONTAINS
2E5h_Z5On2oB9WnlvUr_AE,27fPfKdjv6$RlYzyDV4U9W,CONTAINS
2E5h_Z5On2oB9WnlvUr_AE,27fPfKdjv6$RlYzyDV4UAK,CONTAINS
2E5h_Z5On2oB9WnlvUr_AE,27fPfKdjv6$RlYzyDV4UAD,CONTAINS
2E5h_Z5On2oB9WnlvUr_AE,27fPfKdjv6$RlYzyDV4UA7,CONTAINS
2E5h_Z5On2oB9WnlvUr_AE,27fPfKdjv6$RlYzyDV4UrA,CONTAINS
2E5h_Z5On2oB9WnlvUr_AE,27fPfKdjv6$RlYzyDV4Urz,CONTAINS
2E5h_Z5On2oB9WnlvUr_AE,27fPfKdjv6$RlYzyDV4Ur3,CONTAINS
2E5h_Z5On2oB9WnlvUr_AE,11x6gis05Df8d2gcEjzFPv,CONTAINS
2E5h_Z5On2oB9WnlvUr_A2,15_bC4FTv02hB3jHvFujCH,CONTAINS
2E5h_Z5On2oB9WnlvUr_A2,15_bC4FTv02hB3jHvFujCL,CONTAINS
2E5h_Z5On2oB9WnlvUr_A2,15_bC4FTv02hB3jHvFujCM,CONTAINS
2E5h_Z5On2oB9WnlvUr_A2,15_bC4FTv02hB3jHvFujCS,CONTAINS
2E5h_Z5On2oB9WnlvUr_A2,15_bC4FTv02hB3jHvFujCT,CONTAINS
2E5h_Z5On2oB9WnlvUr_A2,15_bC4FTv02hB3jHvFujCI,CONTAINS
2E5h_Z5On2oB9WnlvUr_A2,15_bC4FTv02hB3jHvFujCO,CONTAINS
2E5h_Z5On2oB9WnlvUr_A2,15_bC4FTv02hB3jHvFujCP,CONTAINS
2E5h_Z5On2oB9WnlvUr_A2,15_bC4FTv02hB3jHvFujCQ,CONTAINS
2E5h_Z5On2oB9WnlvUr_A2,15_bC4FTv02hB3jHvFujCN,CONTAINS
2E5h_Z5On2oB9WnlvUr_AE,24aRr2wu9459apKiupzh6l,CONTAINS
2E5h_Z5On2oB9WnlvUr_AE,24aRr2wu9459apKiupzh7J,CONTAINS
2E5h_Z5On2oB9WnlvUr_AE,24aRr2wu9459apKiupzhTw,CONTAINS
2E5h_Z5On2oB9WnlvUr_AE,0oA8x04_5FRvbxWuRvkmVx,CONTAINS
2E5h_Z5On2oB9WnlvUr_AE,24aRr2wu9459apKiupzh6u,CONTAINS
2E5h_Z5On2oB9WnlvUr_AE,0oA8x04_5FRvbxWuRvkmVX,CONTAINS
2E5h_Z5On2oB9WnlvUr_AE,0oA8x04_5FRvbxWuRvkmGM,CONTAINS
2E5h_Z5On2oB9WnlvUr_AE,24aRr2wu9459apKiupzh11,CONTAINS
2E5h_Z5On2oB9WnlvUr_AF,15_bC4FTv02hB3jHvFujFw,CONTAINS
2E5h_Z5On2oB9WnlvUr_A0,15_bC4FTv02hB3jHvFujFO,CONTAINS
2E5h_Z5On2oB9WnlvUr_AF,15_bC4FTv02hB3jHvFujCB,CONTAINS
2E5h_Z5On2oB9WnlvUr_AF,15_bC4FTv02hB3jHvFujC9,CONTAINS
2E5h_Z5On2oB9WnlvUr_AF,15_bC4FTv02hB3jHvFujC8,CONTAINS
2E5h_Z5On2oB9WnlvUr_A2,15_bC4FTv02hB3jHvFujC3,CONTAINS
2E5h_Z5On2oB9WnlvUr_A2,15_bC4FTv02hB3jHvFujC2,CONTAINS
2E5h_Z5On2oB9WnlvUr_AF,15_bC4FTv02hB3jHvFujCC,CONTAINS
2E5h_Z5On2oB9WnlvUr_A2,15_bC4FTv02hB3jHvFujC4,CONTAINS
2E5h_Z5On2oB9WnlvUr_A2,15_bC4FTv02hB3jHvFujC7,CONTAINS
2E5h_Z5On2oB9WnlvUr_A2,15_bC4FTv02hB3jHvFujC1,CONTAINS
2E5h_Z5On2oB9WnlvUr_AF,15_bC4FTv02hB3jHvFujFx,CONTAINS
2E5h_Z5On2oB9WnlvUr_AF,15_bC4FTv02hB3jHvFujF$,CONTAINS
2E5h_Z5On2oB9WnlvUr_AF,15_bC4FTv02hB3jHvFujFd,CONTAINS
2E5h_Z5On2oB9WnlvUr_AF,15_bC4FTv02hB3jHvFujFN,CONTAINS
2E5h_Z5On2oB9WnlvUr_AF,15_bC4FTv02hB3jHvFujFc,CONTAINS
2E5h_Z5On2oB9WnlvUr_AF,15_bC4FTv02hB3jHvFujFl,CONTAINS
2E5h_Z5On2oB9WnlvUr_AE,15_bC4FTv02hB3jHvFujFJ,CONTAINS
2E5h_Z5On2oB9WnlvUr_AF,15_bC4FTv02hB3jHvFujFf,CONTAINS
2E5h_Z5On2oB9WnlvUr_AF,15_bC4FTv02hB3jHvFujFg,CONTAINS
2E5h_Z5On2oB9WnlvUr_A0,15_bC4FTv02hB3jHvFujFR,CONTAINS
2E5h_Z5On2oB9WnlvUr_A3,15_bC4FTv02hB3jHvFujF5,CONTAINS
2E5h_Z5On2oB9WnlvUr_AE,15_bC4FTv02hB3jHvFujKq,CONTAINS
2E5h_Z5On2oB9WnlvUr_AE,15_bC4FTv02hB3jHvFujKs,CONTAINS
2E5h_Z5On2oB9WnlvUr_AE,15_bC4FTv02hB3jHvFujKA,CONTAINS
2E5h_Z5On2oB9WnlvUr_AE,15_bC4FTv02hB3jHvFujK9,CONTAINS
2E5h_Z5On2oB9WnlvUr_AF,15_bC4FTv02hB3jHvFujNL,CONTAINS
2E5h_Z5On2oB9WnlvUr_A1,15_bC4FTv02hB3jHvFujLf,CONTAINS
2E5h_Z5On2oB9WnlvUr_A1,15_bC4FTv02hB3jHvFujLz,CONTAINS
2E5h_Z5On2oB9WnlvUr_A1,15_bC4FTv02hB3jHvFujLm,CONTAINS
2E5h_Z5On2oB9WnlvUr_AE,15_bC4FTv02hB3jHvFujKM,CONTAINS
2E5h_Z5On2oB9WnlvUr_AE,15_bC4FTv02hB3jHvFujKG,CONTAINS
2E5h_Z5On2oB9WnlvUr_A1,15_bC4FTv02hB3jHvFujQI,CONTAINS
2E5h_Z5On2oB9WnlvUr_A1,15_bC4FTv02hB3jHvFujQU,CONTAINS
2E5h_Z5On2oB9WnlvUr_A1,15_bC4FTv02hB3jHvFujQS,CONTAINS
2E5h_Z5On2oB9WnlvUr_A1,15_bC4FTv02hB3jHvFujQ4,CONTAINS
2E5h_Z5On2oB9WnlvUr_A1,15_bC4FTv02hB3jHvFujQ6,CONTAINS
2E5h_Z5On2oB9WnlvUr_A1,15_bC4FTv02hB3jHvFujVT,CONTAINS
2E5h_Z5On2oB9WnlvUr_A1,15_bC4FTv02hB3jHvFujQ8,CONTAINS
2E5h_Z5On2oB9WnlvUr_A1,15_bC4FTv02hB3jHvFujV1,CONTAINS
2E5h_Z5On2oB9WnlvUr_A1,15_bC4FTv02hB3jHvFujV5,CONTAINS
2E5h_Z5On2oB9WnlvUr_A1,15_bC4FTv02hB3jHvFujVQ,CONTAINS
2E5h_Z5On2oB9WnlvUr_A1,15_bC4FTv02hB3jHvFujV7,CONTAINS
2E5h_Z5On2oB9WnlvUr_A1,15_bC4FTv02hB3jHvFujV4,CONTAINS
2E5h_Z5On2oB9WnlvUr_A1,15_bC4FTv02hB3jHvFujVP,CONTAINS
2E5h_Z5On2oB9WnlvUr_A1,15_bC4FTv02hB3jHvFujVU,CONTAINS
2E5h_Z5On2oB9WnlvUr_A1,15_bC4FTv02hB3jHvFujVV,CONTAINS
2E5h_Z5On2oB9WnlvUr_A1,15_bC4FTv02hB3jHvFujVO,CONTAINS
2E5h_Z5On2oB9WnlvUr_A1,15_bC4FTv02hB3jHvFujVI,CONTAINS
2E5h_Z5On2oB9WnlvUr_A1,15_bC4FTv02hB3jHvFujVJ,CONTAINS
2E5h_Z5On2oB9WnlvUr_A1,15_bC4FTv02hB3jHvFujVg,CONTAINS
2E5h_Z5On2oB9WnlvUr_A1,15_bC4FTv02hB3jHvFujVi,CONTAINS
2E5h_Z5On2oB9WnlvUr_A1,15_bC4FTv02hB3jHvFujVf,CONTAINS
2E5h_Z5On2oB9WnlvUr_A1,15_bC4FTv02hB3jHvFujVW,CONTAINS
2E5h_Z5On2oB9WnlvUr_A1,15_bC4FTv02hB3jHvFujVY,CONTAINS
2E5h_Z5On2oB9WnlvUr_A1,15_bC4FTv02hB3jHvFujVj,CONTAINS
2E5h_Z5On2oB9WnlvUr_A1,15_bC4FTv02hB3jHvFujVh,CONTAINS
2E5h_Z5On2oB9WnlvUr_A1,15_bC4FTv02hB3jHvFujVH,CONTAINS
2E5h_Z5On2oB9WnlvUr_A1,15_bC4FTv02hB3jHvFujVK,CONTAINS
2E5h_Z5On2oB9WnlvUr_A1,15_bC4FTv02hB3jHvFujVN,CONTAINS
2E5h_Z5On2oB9WnlvUr_A0,15_bC4FTv02hB3jHvFujU$,CONTAINS
2E5h_Z5On2oB9WnlvUr_A0,15_bC4FTv02hB3jHvFujUu,CONTAINS
2E5h_Z5On2oB9WnlvUr_A0,15_bC4FTv02hB3jHvFujUw,CONTAINS
2E5h_Z5On2oB9WnlvUr_A0,15_bC4FTv02hB3jHvFujUb,CONTAINS
2E5h_Z5On2oB9WnlvUr_A0,15_bC4FTv02hB3jHvFujUa,CONTAINS
2E5h_Z5On2oB9WnlvUr_A1,15_bC4FTv02hB3jHvFujUW,CONTAINS
2E5h_Z5On2oB9WnlvUr_A1,15_bC4FTv02hB3jHvFujUY,CONTAINS
2E5h_Z5On2oB9WnlvUr_A1,15_bC4FTv02hB3jHvFujUl,CONTAINS
2E5h_Z5On2oB9WnlvUr_A1,15_bC4FTv02hB3jHvFujUk,CONTAINS
2E5h_Z5On2oB9WnlvUr_A0,15_bC4FTv02hB3jHvFujVD,CONTAINS
2E5h_Z5On2oB9WnlvUr_A0,15_bC4FTv02hB3jHvFujVF,CONTAINS
2E5h_Z5On2oB9WnlvUr_A0,15_bC4FTv02hB3jHvFujUr,CONTAINS
2E5h_Z5On2oB9WnlvUr_A0,15_bC4FTv02hB3jHvFujVB,CONTAINS
2E5h_Z5On2oB9WnlvUr_A0,15_bC4FTv02hB3jHvFujV8,CONTAINS
2E5h_Z5On2oB9WnlvUr_A0,15_bC4FTv02hB3jHvFujUq,CONTAINS
2E5h_Z5On2oB9WnlvUr_A0,15_bC4FTv02hB3jHvFujVA,CONTAINS
2E5h_Z5On2oB9WnlvUr_A0,15_bC4FTv02hB3jHvFujUt,CONTAINS
2E5h_Z5On2oB9WnlvUr_A0,15_bC4FTv02hB3jHvFujUo,CONTAINS
2E5h_Z5On2oB9WnlvUr_A0,15_bC4FTv02hB3jHvFujUm,CONTAINS
2E5h_Z5On2oB9WnlvUr_A0,15_bC4FTv02hB3jHvFujUy,CONTAINS
2E5h_Z5On2oB9WnlvUr_AE,15_bC4FTv02hB3jHvFujU7,CONTAINS
2E5h_Z5On2oB9WnlvUr_AE,15_bC4FTv02hB3jHvFujU1,CONTAINS
2E5h_Z5On2oB9WnlvUr_A1,15_bC4FTv02hB3jHvFujUR,CONTAINS
2E5h_Z5On2oB9WnlvUr_A1,15_bC4FTv02hB3jHvFujUO,CONTAINS
2E5h_Z5On2oB9WnlvUr_AE,15_bC4FTv02hB3jHvFujUC,CONTAINS
2E5h_Z5On2oB9WnlvUr_AE,15_bC4FTv02hB3jHvFujUF,CONTAINS
2E5h_Z5On2oB9WnlvUr_AE,15_bC4FTv02hB3jHvFujUE,CONTAINS
2E5h_Z5On2oB9WnlvUr_AE,15_bC4FTv02hB3jHvFujU9,CONTAINS
2E5h_Z5On2oB9WnlvUr_A1,15_bC4FTv02hB3jHvFujUN,CONTAINS
2E5h_Z5On2oB9WnlvUr_A1,15_bC4FTv02hB3jHvFujUg,CONTAINS
2E5h_Z5On2oB9WnlvUr_A1,15_bC4FTv02hB3jHvFujUH,CONTAINS
2E5h_Z5On2oB9WnlvUr_AE,15_bC4FTv02hB3jHvFujU2,CONTAINS
2E5h_Z5On2oB9WnlvUr_AE,15_bC4FTv02hB3jHvFujUD,CONTAINS
2E5h_Z5On2oB9WnlvUr_A1,15_bC4FTv02hB3jHvFujUV,CONTAINS
2E5h_Z5On2oB9WnlvUr_A1,15_bC4FTv02hB3jHvFujUe,CONTAINS
2E5h_Z5On2oB9WnlvUr_A1,15_bC4FTv02hB3jHvFujUh,CONTAINS
2E5h_Z5On2oB9WnlvUr_A1,15_bC4FTv02hB3jHvFujUf,CONTAINS
2E5h_Z5On2oB9WnlvUr_A1,15_bC4FTv02hB3jHvFujUP,CONTAINS
2E5h_Z5On2oB9WnlvUr_A1,15_bC4FTv02hB3jHvFujUJ,CONTAINS
2E5h_Z5On2oB9WnlvUr_A1,15_bC4FTv02hB3jHvFujUI,CONTAINS
2E5h_Z5On2oB9WnlvUr_A3,15_bC4FTv02hB3jHvFujOK,CONTAINS
2E5h_Z5On2oB9WnlvUr_AE,15_bC4FTv02hB3jHvFujOe,CONTAINS
2E5h_Z5On2oB9WnlvUr_A3,15_bC4FTv02hB3jHvFujOG,CONTAINS
2E5h_Z5On2oB9WnlvUr_A3,15_bC4FTv02hB3jHvFujO4,CONTAINS
2E5h_Z5On2oB9WnlvUr_A3,15_bC4FTv02hB3jHvFujO7,CONTAINS
2E5h_Z5On2oB9WnlvUr_AE,15_bC4FTv02hB3jHvFujPo,CONTAINS
2E5h_Z5On2oB9WnlvUr_AE,15_bC4FTv02hB3jHvFujPn,CONTAINS
2E5h_Z5On2oB9WnlvUr_AE,15_bC4FTv02hB3jHvFujP3,CONTAINS
2E5h_Z5On2oB9WnlvUr_AE,15_bC4FTv02hB3jHvFujPs,CONTAINS
2E5h_Z5On2oB9WnlvUr_AE,15_bC4FTv02hB3jHvFujUA,CONTAINS
2E5h_Z5On2oB9WnlvUr_AE,15_bC4FTv02hB3jHvFujPq,CONTAINS
2E5h_Z5On2oB9WnlvUr_AF,15_bC4FTv02hB3jHvFuj8j,CONTAINS
2E5h_Z5On2oB9WnlvUr_AE,15_bC4FTv02hB3jHvFuj8L,CONTAINS
2E5h_Z5On2oB9WnlvUr_AE,15_bC4FTv02hB3jHvFuj8K,CONTAINS
2E5h_Z5On2oB9WnlvUr_AE,15_bC4FTv02hB3jHvFuj8M,CONTAINS
2E5h_Z5On2oB9WnlvUr_AE,15_bC4FTv02hB3jHvFuj8H,CONTAINS
2E5h_Z5On2oB9WnlvUr_AE,15_bC4FTv02hB3jHvFuj8e,CONTAINS
2E5h_Z5On2oB9WnlvUr_AE,15_bC4FTv02hB3jHvFuj89,CONTAINS
2E5h_Z5On2oB9WnlvUr_AE,15_bC4FTv02hB3jHvFuj8E,CONTAINS
2E5h_Z5On2oB9WnlvUr_AE,15_bC4FTv02hB3jHvFuj82,CONTAINS
2E5h_Z5On2oB9WnlvUr_AE,15_bC4FTv02hB3jHvFujBp,CONTAINS
2E5h_Z5On2oB9WnlvUr_AE,15_bC4FTv02hB3jHvFuj8C,CONTAINS
2E5h_Z5On2oB9WnlvUr_AE,15_bC4FTv02hB3jHvFuj8B,CONTAINS
2E5h_Z5On2oB9WnlvUr_AE,15_bC4FTv02hB3jHvFuj8D,CONTAINS
2E5h_Z5On2oB9WnlvUr_AE,15_bC4FTv02hB3jHvFuj8h,CONTAINS
2E5h_Z5On2oB9WnlvUr_A3,15_bC4FTv02hB3jHvFuj8a,CONTAINS
2E5h_Z5On2oB9WnlvUr_AE,15_bC4FTv02hB3jHvFuj8I,CONTAINS
2E5h_Z5On2oB9WnlvUr_AE,15_bC4FTv02hB3jHvFuj8J,CONTAINS
2E5h_Z5On2oB9WnlvUr_AE,15_bC4FTv02hB3jHvFuj81,CONTAINS
2E5h_Z5On2oB9WnlvUr_AE,15_bC4FTv02hB3jHvFuj8S,CONTAINS
2E5h_Z5On2oB9WnlvUr_AE,15_bC4FTv02hB3jHvFuj8Q,CONTAINS
2E5h_Z5On2oB9WnlvUr_AE,15_bC4FTv02hB3jHvFuj83,CONTAINS
2E5h_Z5On2oB9WnlvUr_AE,15_bC4FTv02hB3jHvFuj84,CONTAINS
2E5h_Z5On2oB9WnlvUr_AE,15_bC4FTv02hB3jHvFuj85,CONTAINS
2E5h_Z5On2oB9WnlvUr_AE,15_bC4FTv02hB3jHvFujBn,CONTAINS
2E5h_Z5On2oB9WnlvUr_AE,15_bC4FTv02hB3jHvFujBo,CONTAINS
2E5h_Z5On2oB9WnlvUr_AE,15_bC4FTv02hB3jHvFujBm,CONTAINS
2E5h_Z5On2oB9WnlvUr_AE,15_bC4FTv02hB3jHvFujBq,CONTAINS
2E5h_Z5On2oB9WnlvUr_AE,15_bC4FTv02hB3jHvFujBr,CONTAINS
2E5h_Z5On2oB9WnlvUr_AE,15_bC4FTv02hB3jHvFujBt,CONTAINS
2E5h_Z5On2oB9WnlvUr_AE,15_bC4FTv02hB3jHvFuj8V,CONTAINS
2E5h_Z5On2oB9WnlvUr_AE,15_bC4FTv02hB3jHvFuj8O,CONTAINS
2E5h_Z5On2oB9WnlvUr_AE,15_bC4FTv02hB3jHvFuj8P,CONTAINS
2E5h_Z5On2oB9WnlvUr_A0,15_bC4FTv02hB3jHvFujQs,CONTAINS
2E5h_Z5On2oB9WnlvUr_A0,15_bC4FTv02hB3jHvFujQn,CONTAINS
2E5h_Z5On2oB9WnlvUr_A0,15_bC4FTv02hB3jHvFujQt,CONTAINS
2E5h_Z5On2oB9WnlvUr_A0,15_bC4FTv02hB3jHvFujQq,CONTAINS
2E5h_Z5On2oB9WnlvUr_A1,15_bC4FTv02hB3jHvFujQJ,CONTAINS
2E5h_Z5On2oB9WnlvUr_A0,15_bC4FTv02hB3jHvFujQo,CONTAINS
2E5h_Z5On2oB9WnlvUr_A0,15_bC4FTv02hB3jHvFujQr,CONTAINS
2E5h_Z5On2oB9WnlvUr_A0,15_bC4FTv02hB3jHvFujR6,CONTAINS
2E5h_Z5On2oB9WnlvUr_A3,15_bC4FTv02hB3jHvFujRZ,CONTAINS
2E5h_Z5On2oB9WnlvUr_A3,15_bC4FTv02hB3jHvFujRW,CONTAINS
2E5h_Z5On2oB9WnlvUr_A3,15_bC4FTv02hB3jHvFujRd,CONTAINS
2E5h_Z5On2oB9WnlvUr_A0,15_bC4FTv02hB3jHvFujR4,CONTAINS
2E5h_Z5On2oB9WnlvUr_A3,15_bC4FTv02hB3jHvFujRY,CONTAINS
2E5h_Z5On2oB9WnlvUr_A3,15_bC4FTv02hB3jHvFujRs,CONTAINS
2E5h_Z5On2oB9WnlvUr_AE,15_bC4FTv02hB3jHvFujP_,CONTAINS
2E5h_Z5On2oB9WnlvUr_AE,15_bC4FTv02hB3jHvFujPy,CONTAINS
2E5h_Z5On2oB9WnlvUr_AE,15_bC4FTv02hB3jHvFujOc,CONTAINS
2E5h_Z5On2oB9WnlvUr_AE,15_bC4FTv02hB3jHvFujOX,CONTAINS
2E5h_Z5On2oB9WnlvUr_A3,15_bC4FTv02hB3jHvFujRm,CONTAINS
2E5h_Z5On2oB9WnlvUr_AE,15_bC4FTv02hB3jHvFujP$,CONTAINS
2E5h_Z5On2oB9WnlvUr_A3,15_bC4FTv02hB3jHvFuj96,CONTAINS
2E5h_Z5On2oB9WnlvUr_A3,15_bC4FTv02hB3jHvFuj95,CONTAINS
2E5h_Z5On2oB9WnlvUr_AF,15_bC4FTv02hB3jHvFujBL,CONTAINS
2E5h_Z5On2oB9WnlvUr_AF,15_bC4FTv02hB3jHvFujBk,CONTAINS
2E5h_Z5On2oB9WnlvUr_AF,15_bC4FTv02hB3jHvFujBl,CONTAINS
2E5h_Z5On2oB9WnlvUr_AF,15_bC4FTv02hB3jHvFujBc,CONTAINS
2E5h_Z5On2oB9WnlvUr_AF,15_bC4FTv02hB3jHvFujBX,CONTAINS
2E5h_Z5On2oB9WnlvUr_AF,15_bC4FTv02hB3jHvFujBW,CONTAINS
2E5h_Z5On2oB9WnlvUr_AF,15_bC4FTv02hB3jHvFujBh,CONTAINS
2E5h_Z5On2oB9WnlvUr_AF,15_bC4FTv02hB3jHvFujBj,CONTAINS
2E5h_Z5On2oB9WnlvUr_AF,15_bC4FTv02hB3jHvFujBY,CONTAINS
2E5h_Z5On2oB9WnlvUr_AE,15_bC4FTv02hB3jHvFujBv,CONTAINS
2E5h_Z5On2oB9WnlvUr_AE,15_bC4FTv02hB3jHvFujB_,CONTAINS
2E5h_Z5On2oB9WnlvUr_AE,15_bC4FTv02hB3jHvFujB$,CONTAINS
2E5h_Z5On2oB9WnlvUr_AE,15_bC4FTv02hB3jHvFujBy,CONTAINS
2E5h_Z5On2oB9WnlvUr_AF,15_bC4FTv02hB3jHvFujBb,CONTAINS
2E5h_Z5On2oB9WnlvUr_AF,15_bC4FTv02hB3jHvFujBw,CONTAINS
2E5h_Z5On2oB9WnlvUr_AE,15_bC4FTv02hB3jHvFujBx,CONTAINS
2E5h_Z5On2oB9WnlvUr_AF,15_bC4FTv02hB3jHvFujBG,CONTAINS
2E5h_Z5On2oB9WnlvUr_AF,15_bC4FTv02hB3jHvFujBJ,CONTAINS
2E5h_Z5On2oB9WnlvUr_AF,15_bC4FTv02hB3jHvFujBS,CONTAINS
2E5h_Z5On2oB9WnlvUr_A3,15_bC4FTv02hB3jHvFuj8$,CONTAINS
2E5h_Z5On2oB9WnlvUr_A3,15_bC4FTv02hB3jHvFuj8_,CONTAINS
2E5h_Z5On2oB9WnlvUr_A3,15_bC4FTv02hB3jHvFuj8v,CONTAINS
2E5h_Z5On2oB9WnlvUr_A3,15_bC4FTv02hB3jHvFuj8z,CONTAINS
2E5h_Z5On2oB9WnlvUr_A3,15_bC4FTv02hB3jHvFuj8p,CONTAINS
2E5h_Z5On2oB9WnlvUr_A3,15_bC4FTv02hB3jHvFuj8w,CONTAINS
2E5h_Z5On2oB9WnlvUr_A3,15_bC4FTv02hB3jHvFuj9E,CONTAINS
2E5h_Z5On2oB9WnlvUr_A3,15_bC4FTv02hB3jHvFuj90,CONTAINS
2E5h_Z5On2oB9WnlvUr_A3,15_bC4FTv02hB3jHvFuj9C,CONTAINS
2E5h_Z5On2oB9WnlvUr_A3,15_bC4FTv02hB3jHvFuj92,CONTAINS
2E5h_Z5On2oB9WnlvUr_A3,15_bC4FTv02hB3jHvFuj8s,CONTAINS
2E5h_Z5On2oB9WnlvUr_A3,15_bC4FTv02hB3jHvFuj9A,CONTAINS
2E5h_Z5On2oB9WnlvUr_A3,15_bC4FTv02hB3jHvFuj98,CONTAINS
2E5h_Z5On2oB9WnlvUr_A3,15_bC4FTv02hB3jHvFuj9Y,CONTAINS
2E5h_Z5On2oB9WnlvUr_A3,15_bC4FTv02hB3jHvFuj9f,CONTAINS
2E5h_Z5On2oB9WnlvUr_A3,15_bC4FTv02hB3jHvFuj9g,CONTAINS
2E5h_Z5On2oB9WnlvUr_A3,15_bC4FTv02hB3jHvFuj9l,CONTAINS
2E5h_Z5On2oB9WnlvUr_A3,15_bC4FTv02hB3jHvFuj9N,CONTAINS
2E5h_Z5On2oB9WnlvUr_A3,15_bC4FTv02hB3jHvFuj9W,CONTAINS
2E5h_Z5On2oB9WnlvUr_A3,15_bC4FTv02hB3jHvFuj9j,CONTAINS
2E5h_Z5On2oB9WnlvUr_A3,15_bC4FTv02hB3jHvFuj9Z,CONTAINS
2E5h_Z5On2oB9WnlvUr_A3,15_bC4FTv02hB3jHvFuj9a,CONTAINS
2E5h_Z5On2oB9WnlvUr_A3,15_bC4FTv02hB3jHvFuj9R,CONTAINS
2E5h_Z5On2oB9WnlvUr_A3,15_bC4FTv02hB3jHvFuj9V,CONTAINS
2E5h_Z5On2oB9WnlvUr_A3,15_bC4FTv02hB3jHvFuj9K,CONTAINS
2E5h_Z5On2oB9WnlvUr_A3,15_bC4FTv02hB3jHvFuj9L,CONTAINS
2E5h_Z5On2oB9WnlvUr_A3,15_bC4FTv02hB3jHvFuj9M,CONTAINS
2E5h_Z5On2oB9WnlvUr_A3,15_bC4FTv02hB3jHvFuj9x,CONTAINS
2E5h_Z5On2oB9WnlvUr_A3,15_bC4FTv02hB3jHvFuj9v,CONTAINS
2E5h_Z5On2oB9WnlvUr_A3,15_bC4FTv02hB3jHvFuj9r,CONTAINS
2E5h_Z5On2oB9WnlvUr_A3,15_bC4FTv02hB3jHvFujE8,CONTAINS
2E5h_Z5On2oB9WnlvUr_A3,15_bC4FTv02hB3jHvFujEO,CONTAINS
2E5h_Z5On2oB9WnlvUr_A3,15_bC4FTv02hB3jHvFujEQ,CONTAINS
2E5h_Z5On2oB9WnlvUr_A3,15_bC4FTv02hB3jHvFujE4,CONTAINS
2E5h_Z5On2oB9WnlvUr_A3,15_bC4FTv02hB3jHvFujE6,CONTAINS
2E5h_Z5On2oB9WnlvUr_A3,15_bC4FTv02hB3jHvFuj9$,CONTAINS
2E5h_Z5On2oB9WnlvUr_A3,15_bC4FTv02hB3jHvFuj9z,CONTAINS
2E5h_Z5On2oB9WnlvUr_A3,15_bC4FTv02hB3jHvFujET,CONTAINS
2E5h_Z5On2oB9WnlvUr_A3,15_bC4FTv02hB3jHvFujEU,CONTAINS
2E5h_Z5On2oB9WnlvUr_A3,15_bC4FTv02hB3jHvFujE3,CONTAINS
2E5h_Z5On2oB9WnlvUr_A3,15_bC4FTv02hB3jHvFujEE,CONTAINS
2E5h_Z5On2oB9WnlvUr_A3,15_bC4FTv02hB3jHvFujED,CONTAINS
2E5h_Z5On2oB9WnlvUr_A3,15_bC4FTv02hB3jHvFujFD,CONTAINS
2E5h_Z5On2oB9WnlvUr_A3,15_bC4FTv02hB3jHvFujF3,CONTAINS
2E5h_Z5On2oB9WnlvUr_A3,15_bC4FTv02hB3jHvFujF7,CONTAINS
2E5h_Z5On2oB9WnlvUr_A3,15_bC4FTv02hB3jHvFujF1,CONTAINS
2E5h_Z5On2oB9WnlvUr_A3,15_bC4FTv02hB3jHvFujEM,CONTAINS
2E5h_Z5On2oB9WnlvUr_A3,15_bC4FTv02hB3jHvFujEW,CONTAINS
2E5h_Z5On2oB9WnlvUr_A3,15_bC4FTv02hB3jHvFujEw,CONTAINS
2E5h_Z5On2oB9WnlvUr_A3,15_bC4FTv02hB3jHvFujEa,CONTAINS
2E5h_Z5On2oB9WnlvUr_A3,15_bC4FTv02hB3jHvFuj9m,CONTAINS
2E5h_Z5On2oB9WnlvUr_A3,15_bC4FTv02hB3jHvFuj9t,CONTAINS
2E5h_Z5On2oB9WnlvUr_A3,15_bC4FTv02hB3jHvFujEq,CONTAINS
2E5h_Z5On2oB9WnlvUr_A3,15_bC4FTv02hB3jHvFujF8,CONTAINS
2E5h_Z5On2oB9WnlvUr_A3,15_bC4FTv02hB3jHvFujFF,CONTAINS
2E5h_Z5On2oB9WnlvUr_A3,15_bC4FTv02hB3jHvFujFA,CONTAINS
2E5h_Z5On2oB9WnlvUr_A3,15_bC4FTv02hB3jHvFujEs,CONTAINS
2E5h_Z5On2oB9WnlvUr_AC,15_bC4FTv02hB3jHvFuj5y,CONTAINS
2E5h_Z5On2oB9WnlvUr_AC,15_bC4FTv02hB3jHvFuj5$,CONTAINS
2E5h_Z5On2oB9WnlvUr_AC,15_bC4FTv02hB3jHvFuj5v,CONTAINS
2E5h_Z5On2oB9WnlvUr_AC,15_bC4FTv02hB3jHvFuj5u,CONTAINS
2E5h_Z5On2oB9WnlvUr_AC,15_bC4FTv02hB3jHvFuj5o,CONTAINS
2E5h_Z5On2oB9WnlvUr_AC,15_bC4FTv02hB3jHvFuj5b,CONTAINS
2E5h_Z5On2oB9WnlvUr_AC,15_bC4FTv02hB3jHvFuj5w,CONTAINS
2E5h_Z5On2oB9WnlvUr_AC,15_bC4FTv02hB3jHvFuj5q,CONTAINS
2E5h_Z5On2oB9WnlvUr_AC,15_bC4FTv02hB3jHvFuj5n,CONTAINS
2E5h_Z5On2oB9WnlvUr_AC,15_bC4FTv02hB3jHvFuj5s,CONTAINS
2E5h_Z5On2oB9WnlvUr_A3,15_bC4FTv02hB3jHvFujEu,CONTAINS
2E5h_Z5On2oB9WnlvUr_A3,15_bC4FTv02hB3jHvFujE_,CONTAINS
2E5h_Z5On2oB9WnlvUr_A3,15_bC4FTv02hB3jHvFujEm,CONTAINS
2E5h_Z5On2oB9WnlvUr_A3,15_bC4FTv02hB3jHvFujEo,CONTAINS
2E5h_Z5On2oB9WnlvUr_A3,15_bC4FTv02hB3jHvFujEG,CONTAINS
2E5h_Z5On2oB9WnlvUr_A3,15_bC4FTv02hB3jHvFujEi,CONTAINS
2E5h_Z5On2oB9WnlvUr_A3,15_bC4FTv02hB3jHvFujEk,CONTAINS
2E5h_Z5On2oB9WnlvUr_A3,15_bC4FTv02hB3jHvFujEf,CONTAINS
2E5h_Z5On2oB9WnlvUr_A3,15_bC4FTv02hB3jHvFujEy,CONTAINS
2E5h_Z5On2oB9WnlvUr_AC,15_bC4FTv02hB3jHvFuj5U,CONTAINS
2E5h_Z5On2oB9WnlvUr_AC,15_bC4FTv02hB3jHvFuj5V,CONTAINS
2E5h_Z5On2oB9WnlvUr_AC,15_bC4FTv02hB3jHvFuj5J,CONTAINS
2E5h_Z5On2oB9WnlvUr_AC,15_bC4FTv02hB3jHvFuj5P,CONTAINS
2E5h_Z5On2oB9WnlvUr_AC,15_bC4FTv02hB3jHvFuj5T,CONTAINS
2E5h_Z5On2oB9WnlvUr_AC,15_bC4FTv02hB3jHvFuj5H,CONTAINS
2E5h_Z5On2oB9WnlvUr_AC,15_bC4FTv02hB3jHvFuj5K,CONTAINS
2E5h_Z5On2oB9WnlvUr_AC,15_bC4FTv02hB3jHvFuj5N,CONTAINS
2E5h_Z5On2oB9WnlvUr_AC,15_bC4FTv02hB3jHvFuj5Q,CONTAINS
2E5h_Z5On2oB9WnlvUr_AC,15_bC4FTv02hB3jHvFuj55,CONTAINS
2E5h_Z5On2oB9WnlvUr_AF,15_bC4FTv02hB3jHvFujAR,CONTAINS
2E5h_Z5On2oB9WnlvUr_AC,15_bC4FTv02hB3jHvFujA7,CONTAINS
2E5h_Z5On2oB9WnlvUr_AC,15_bC4FTv02hB3jHvFujA2,CONTAINS
2E5h_Z5On2oB9WnlvUr_AC,15_bC4FTv02hB3jHvFujA1,CONTAINS
2E5h_Z5On2oB9WnlvUr_AC,15_bC4FTv02hB3jHvFujA3,CONTAINS
2E5h_Z5On2oB9WnlvUr_AF,15_bC4FTv02hB3jHvFujA5,CONTAINS
2E5h_Z5On2oB9WnlvUr_AF,15_bC4FTv02hB3jHvFujAQ,CONTAINS
2E5h_Z5On2oB9WnlvUr_AC,15_bC4FTv02hB3jHvFujAE,CONTAINS
2E5h_Z5On2oB9WnlvUr_AC,15_bC4FTv02hB3jHvFujA8,CONTAINS
2E5h_Z5On2oB9WnlvUr_AC,15_bC4FTv02hB3jHvFujAA,CONTAINS
2E5h_Z5On2oB9WnlvUr_AF,15_bC4FTv02hB3jHvFujBB,CONTAINS
2E5h_Z5On2oB9WnlvUr_AF,15_bC4FTv02hB3jHvFujAr,CONTAINS
2E5h_Z5On2oB9WnlvUr_AF,15_bC4FTv02hB3jHvFujB8,CONTAINS
2E5h_Z5On2oB9WnlvUr_AF,15_bC4FTv02hB3jHvFujAm,CONTAINS
2E5h_Z5On2oB9WnlvUr_AC,15_bC4FTv02hB3jHvFuj5e,CONTAINS
2E5h_Z5On2oB9WnlvUr_AC,15_bC4FTv02hB3jHvFuj5k,CONTAINS
2E5h_Z5On2oB9WnlvUr_AC,15_bC4FTv02hB3jHvFuj5g,CONTAINS
2E5h_Z5On2oB9WnlvUr_AF,15_bC4FTv02hB3jHvFujAo,CONTAINS
2E5h_Z5On2oB9WnlvUr_AF,15_bC4FTv02hB3jHvFujB3,CONTAINS
2E5h_Z5On2oB9WnlvUr_AF,15_bC4FTv02hB3jHvFujBC,CONTAINS
2E5h_Z5On2oB9WnlvUr_AF,15_bC4FTv02hB3jHvFujBF,CONTAINS
2E5h_Z5On2oB9WnlvUr_AF,15_bC4FTv02hB3jHvFujAs,CONTAINS
2E5h_Z5On2oB9WnlvUr_AF,15_bC4FTv02hB3jHvFujAn,CONTAINS
2E5h_Z5On2oB9WnlvUr_AF,15_bC4FTv02hB3jHvFujBD,CONTAINS
2E5h_Z5On2oB9WnlvUr_AF,15_bC4FTv02hB3jHvFujBE,CONTAINS
2E5h_Z5On2oB9WnlvUr_AC,15_bC4FTv02hB3jHvFuj56,CONTAINS
2E5h_Z5On2oB9WnlvUr_AC,15_bC4FTv02hB3jHvFuj57,CONTAINS
2E5h_Z5On2oB9WnlvUr_AC,15_bC4FTv02hB3jHvFuj5Y,CONTAINS
2E5h_Z5On2oB9WnlvUr_AC,15_bC4FTv02hB3jHvFuj5l,CONTAINS
2E5h_Z5On2oB9WnlvUr_AC,15_bC4FTv02hB3jHvFuj5j,CONTAINS
2E5h_Z5On2oB9WnlvUr_AC,15_bC4FTv02hB3jHvFuj5W,CONTAINS
2E5h_Z5On2oB9WnlvUr_AC,15_bC4FTv02hB3jHvFuj5c,CONTAINS
2E5h_Z5On2oB9WnlvUr_AF,3blRiqCIT4Z9XkuR6J_31u,CONTAINS
2E5h_Z5On2oB9WnlvUr_AF,2wQHHxptnDyg$eXh_lf8WM,CONTAINS
2E5h_Z5On2oB9WnlvUr_AF,2wQHHxptnDyg$eXh_lf8Xk,CONTAINS
2E5h_Z5On2oB9WnlvUr_AF,2wQHHxptnDyg$eXh_lf8n6,CONTAINS
2E5h_Z5On2oB9WnlvUr_AE,3t8Nu$FEj2iu0wJtTsWdvq,CONTAINS
2E5h_Z5On2oB9WnlvUr_AE,3t8Nu$FEj2iu0wJtTsWdvu,CONTAINS
2E5h_Z5On2oB9WnlvUr_AE,3t8Nu$FEj2iu0wJtTsWdvm,CONTAINS
2E5h_Z5On2oB9WnlvUr_AE,3t8Nu$FEj2iu0wJtTsWdvw,CONTAINS
2E5h_Z5On2oB9WnlvUr_AE,3t8Nu$FEj2iu0wJtTsWdvp,CONTAINS
2E5h_Z5On2oB9WnlvUr_AE,3t8Nu$FEj2iu0wJtTsWdv_,CONTAINS
2E5h_Z5On2oB9WnlvUr_AE,3t8Nu$FEj2iu0wJtTsWdvz,CONTAINS
2E5h_Z5On2oB9WnlvUr_AF,2wQHHxptnDyg$eXh_lf8S5,CONTAINS
2E5h_Z5On2oB9WnlvUr_AF,2wQHHxptnDyg$eXh_lf8Oq,CONTAINS
2E5h_Z5On2oB9WnlvUr_AF,3t8Nu$FEj2iu0wJtTsWde5,CONTAINS
2E5h_Z5On2oB9WnlvUr_AF,3t8Nu$FEj2iu0wJtTsWdkX,CONTAINS
2E5h_Z5On2oB9WnlvUr_AF,3t8Nu$FEj2iu0wJtTsWdkQ,CONTAINS
2E5h_Z5On2oB9WnlvUr_AF,3t8Nu$FEj2iu0wJtTsWdig,CONTAINS
2E5h_Z5On2oB9WnlvUr_AF,3_zjQx8qz56xhYsWw7787U,CONTAINS
2E5h_Z5On2oB9WnlvUr_AF,3_zjQx8qz56xhYsWw778GF,CONTAINS
2E5h_Z5On2oB9WnlvUr_AF,3_zjQx8qz56xhYsWw778HZ,CONTAINS
2E5h_Z5On2oB9WnlvUr_AF,1a$vpf7QDBKwCrMFhYDvBS,CONTAINS
2E5h_Z5On2oB9WnlvUr_AF,3_zjQx8qz56xhYsWw778Ko,CONTAINS
2E5h_Z5On2oB9WnlvUr_AF,3_zjQx8qz56xhYsWw7787d,CONTAINS
2E5h_Z5On2oB9WnlvUr_AF,3_zjQx8qz56xhYsWw778bJ,CONTAINS
2E5h_Z5On2oB9WnlvUr_A0,1WJosU6_55xgDLbUHricKB,CONTAINS
2E5h_Z5On2oB9WnlvUr_A0,1WJosU6_55xgDLbUHricKq,CONTAINS
2E5h_Z5On2oB9WnlvUr_A0,1WJosU6_55xgDLbUHricKU,CONTAINS
2E5h_Z5On2oB9WnlvUr_A0,1WJosU6_55xgDLbUHricME,CONTAINS
2E5h_Z5On2oB9WnlvUr_A3,08ePT1yFjFXQcaPlu8uL8Q,CONTAINS
2E5h_Z5On2oB9WnlvUr_A0,1WJosU6_55xgDLbUHricYI,CONTAINS
2E5h_Z5On2oB9WnlvUr_A3,08ePT1yFjFXQcaPlu8uLGA,CONTAINS
2E5h_Z5On2oB9WnlvUr_AF,3hlK_BGKXBb83blH5sTm4Q,CONTAINS
2E5h_Z5On2oB9WnlvUr_AE,243WO7lq1ElRK2Z8eCKI49,CONTAINS
2E5h_Z5On2oB9WnlvUr_A5,243WO7lq1ElRK2Z8eCKI4A,CONTAINS
2E5h_Z5On2oB9WnlvUr_A1,243WO7lq1ElRK2Z8eCKI7$,CONTAINS
2E5h_Z5On2oB9WnlvUr_A5,243WO7lq1ElRK2Z8eCKI7u,CONTAINS
2E5h_Z5On2oB9WnlvUr_A3,1MmCgwA9rEWvlG9U_Pe2mP,CONTAINS
2E5h_Z5On2oB9WnlvUr_A0,1yFZhLh2n35BAp5MxK7lPD,CONTAINS
2E5h_Z5On2oB9WnlvUr_A0,1yFZhLh2n35BAp5MxK7lOf,CONTAINS
2E5h_Z5On2oB9WnlvUr_A0,1WJosU6_55xgDLbUHricRP,CONTAINS
2E5h_Z5On2oB9WnlvUr_A3,1WJosU6_55xgDLbUHricQA,CONTAINS
2E5h_Z5On2oB9WnlvUr_AC,3ScIIS_wnFZunoGqYiVVrH,CONTAINS
2E5h_Z5On2oB9WnlvUr_AC,3ScIIS_wnFZunoGqYiVVqF,CONTAINS
2E5h_Z5On2oB9WnlvUr_A3,3ScIIS_wnFZunoGqYiVVrm,CONTAINS
2E5h_Z5On2oB9WnlvUr_A0,243WO7lq1ElRK2Z8eCKI7k,CONTAINS
2E5h_Z5On2oB9WnlvUr_A5,243WO7lq1ElRK2Z8eCKI7l,CONTAINS
2E5h_Z5On2oB9WnlvUr_AF,243WO7lq1ElRK2Z8eCKI4R,CONTAINS
2E5h_Z5On2oB9WnlvUr_A2,243WO7lq1ElRK2Z8eCKI5d,CONTAINS
2E5h_Z5On2oB9WnlvUr_A5,243WO7lq1ElRK2Z8eCKI44,CONTAINS
2E5h_Z5On2oB9WnlvUr_A2,243WO7lq1ElRK2Z8eCKI5z,CONTAINS
2E5h_Z5On2oB9WnlvUr_A3,1MmCgwA9rEWvlG9U_Pe2eN,CONTAINS
2E5h_Z5On2oB9WnlvUr_A3,1MmCgwA9rEWvlG9U_Pe2g_,CONTAINS
2E5h_Z5On2oB9WnlvUr_A3,1MmCgwA9rEWvlG9U_Pe2gt,CONTAINS
2E5h_Z5On2oB9WnlvUr_A3,1MmCgwA9rEWvlG9U_Pe2pR,CONTAINS
2E5h_Z5On2oB9WnlvUr_A3,3HnBiFlpv2OBpWtjY_Zmu5,CONTAINS
2E5h_Z5On2oB9WnlvUr_A3,3HnBiFlpv2OBpWtjY_ZmxP,CONTAINS
2E5h_Z5On2oB9WnlvUr_A3,3HnBiFlpv2OBpWtjY_Zmty,CONTAINS
2E5h_Z5On2oB9WnlvUr_A3,1MmCgwA9rEWvlG9U_Pe2e1,CONTAINS
2E5h_Z5On2oB9WnlvUr_A3,1MmCgwA9rEWvlG9U_Pe2sb,CONTAINS
2E5h_Z5On2oB9WnlvUr_A3,3HnBiFlpv2OBpWtjY_Zmoj,CONTAINS
2E5h_Z5On2oB9WnlvUr_A3,0cDz47LzvB1fqD394bxR50,CONTAINS
2E5h_Z5On2oB9WnlvUr_A3,0cDz47LzvB1fqD394bxR7e,CONTAINS
2E5h_Z5On2oB9WnlvUr_A0,2fRikRNLP8FfM7tqkLqTGA,CONTAINS
2E5h_Z5On2oB9WnlvUr_A0,3HnBiFlpv2OBpWtjY_Zp06,CONTAINS
2E5h_Z5On2oB9WnlvUr_A1,1_2duG3rDFWxBxbq5S57It,CONTAINS
2E5h_Z5On2oB9WnlvUr_A0,21V8mIO8H8bQUslGcrVwkR,CONTAINS
2E5h_Z5On2oB9WnlvUr_A0,21V8mIO8H8bQUslGcrVwf1,CONTAINS
2E5h_Z5On2oB9WnlvUr_A1,3UdpZp1MXABu_zKrM37GSr,CONTAINS
2E5h_Z5On2oB9WnlvUr_A3,3UdpZp1MXABu_zKrM37GUi,CONTAINS
2E5h_Z5On2oB9WnlvUr_A0,3UdpZp1MXABu_zKrM37GT3,CONTAINS
2E5h_Z5On2oB9WnlvUr_AF,3UdpZp1MXABu_zKrM37GUn,CONTAINS
2E5h_Z5On2oB9WnlvUr_A0,21V8mIO8H8bQUslGcrVw0C,CONTAINS
2E5h_Z5On2oB9WnlvUr_AE,21V8mIO8H8bQUslGcrVwzf,CONTAINS
2E5h_Z5On2oB9WnlvUr_AE,3UdpZp1MXABu_zKrM37GUu,CONTAINS
2E5h_Z5On2oB9WnlvUr_AF,3UdpZp1MXABu_zKrM37G64,CONTAINS
2E5h_Z5On2oB9WnlvUr_AE,1us7410YT5oAC7mecsgu4w,CONTAINS
2E5h_Z5On2oB9WnlvUr_AE,334Vd22pPCkfjZaRT0q5Yp,CONTAINS
2E5h_Z5On2oB9WnlvUr_AE,334Vd22pPCkfjZaRT0q5Yq,CONTAINS
2E5h_Z5On2oB9WnlvUr_AE,334Vd22pPCkfjZaRT0q5jM,CONTAINS
2E5h_Z5On2oB9WnlvUr_AE,334Vd22pPCkfjZaRT0q5i5,CONTAINS
2E5h_Z5On2oB9WnlvUr_A3,3hlK_BGKXBb83blH5sTmTZ,CONTAINS
2E5h_Z5On2oB9WnlvUr_AF,3hlK_BGKXBb83blH5sTm6J,CONTAINS
2E5h_Z5On2oB9WnlvUr_AF,3UdpZp1MXABu_zKrM37G6W,CONTAINS
2E5h_Z5On2oB9WnlvUr_A2,3UdpZp1MXABu_zKrM37G3K,CONTAINS
2E5h_Z5On2oB9WnlvUr_A2,3UdpZp1MXABu_zKrM37VzN,CONTAINS
2E5h_Z5On2oB9WnlvUr_A2,3UdpZp1MXABu_zKrM37GF4,CONTAINS
2E5h_Z5On2oB9WnlvUr_A3,27LiFFoBjFoewrqnvhyfs4,CONTAINS
2E5h_Z5On2oB9WnlvUr_A3,27LiFFoBjFoewrqnvhyfsw,CONTAINS
2E5h_Z5On2oB9WnlvUr_A3,27LiFFoBjFoewrqnvhyfsz,CONTAINS
2E5h_Z5On2oB9WnlvUr_A3,1MmCgwA9rEWvlG9U_Pe2tS,CONTAINS
2E5h_Z5On2oB9WnlvUr_A3,1MmCgwA9rEWvlG9U_Pe2rc,CONTAINS
2E5h_Z5On2oB9WnlvUr_A3,1MmCgwA9rEWvlG9U_Pe2m6,CONTAINS
2E5h_Z5On2oB9WnlvUr_A3,1MmCgwA9rEWvlG9U_Pe2rT,CONTAINS
2E5h_Z5On2oB9WnlvUr_AE,1us7410YT5oAC7mecsgu77,CONTAINS
2E5h_Z5On2oB9WnlvUr_AE,1us7410YT5oAC7mecsgu7V,CONTAINS
2E5h_Z5On2oB9WnlvUr_AE,1us7410YT5oAC7mecsgu4g,CONTAINS
2E5h_Z5On2oB9WnlvUr_AE,1us7410YT5oAC7mecsgu4C,CONTAINS
2E5h_Z5On2oB9WnlvUr_A2,1m8KFWjPT6gwvxtWxoLmW3,CONTAINS
2E5h_Z5On2oB9WnlvUr_A2,243WO7lq1ElRK2Z8eCKIL7,CONTAINS
2E5h_Z5On2oB9WnlvUr_A2,21EyrTYlXCzxPLrRZrly5d,CONTAINS
2E5h_Z5On2oB9WnlvUr_A2,1m8KFWjPT6gwvxtWxoLmZd,CONTAINS
2E5h_Z5On2oB9WnlvUr_A2,21EyrTYlXCzxPLrRZrly5m,CONTAINS
2E5h_Z5On2oB9WnlvUr_A2,1m8KFWjPT6gwvxtWxoLmbI,CONTAINS
2E5h_Z5On2oB9WnlvUr_AE,1us7410YT5oAC7mecsgu4o,CONTAINS
2E5h_Z5On2oB9WnlvUr_AE,334Vd22pPCkfjZaRT0q5ha,CONTAINS
2E5h_Z5On2oB9WnlvUr_AE,2T0BXODeD7T9sDIfvtqWNX,CONTAINS
2E5h_Z5On2oB9WnlvUr_A1,3cCwrDEij5YOd25Oe7FZ_X,CONTAINS
2E5h_Z5On2oB9WnlvUr_AE,2T0BXODeD7T9sDIfvtqWN7,CONTAINS
2E5h_Z5On2oB9WnlvUr_AE,2T0BXODeD7T9sDIfvtqWN5,CONTAINS
2E5h_Z5On2oB9WnlvUr_AF,3bG$cmW1HBSB7d9ASSyfhG,CONTAINS
2E5h_Z5On2oB9WnlvUr_AE,2T0BXODeD7T9sDIfvtqWLZ,CONTAINS
2E5h_Z5On2oB9WnlvUr_AE,2T0BXODeD7T9sDIfvtqWL4,CONTAINS
2E5h_Z5On2oB9WnlvUr_A1,04XAHQrbPDLgMeCC34joem,CONTAINS
2E5h_Z5On2oB9WnlvUr_A1,1kmZQO5mTCYP447WOPQA72,CONTAINS
2E5h_Z5On2oB9WnlvUr_A1,1kmZQO5mTCYP447WOPQA0q,CONTAINS
2E5h_Z5On2oB9WnlvUr_AF,3AQD$Ab1D3txzhbriFqGAa,CONTAINS
2E5h_Z5On2oB9WnlvUr_AF,3AQD$Ab1D3txzhbriFqGBb,CONTAINS
2E5h_Z5On2oB9WnlvUr_A1,3AQD$Ab1D3txzhbriFqG$u,CONTAINS
2E5h_Z5On2oB9WnlvUr_AE,2T0BXODeD7T9sDIfvtqWN$,CONTAINS
2E5h_Z5On2oB9WnlvUr_A2,243WO7lq1ElRK2Z8eCKI0p,CONTAINS
2E5h_Z5On2oB9WnlvUr_A2,243WO7lq1ElRK2Z8eCKIEe,CONTAINS
2E5h_Z5On2oB9WnlvUr_A2,243WO7lq1ElRK2Z8eCKIDX,CONTAINS
2E5h_Z5On2oB9WnlvUr_A2,243WO7lq1ElRK2Z8eCKINJ,CONTAINS
2E5h_Z5On2oB9WnlvUr_A2,243WO7lq1ElRK2Z8eCKI8y,CONTAINS
2E5h_Z5On2oB9WnlvUr_A2,243WO7lq1ElRK2Z8eCKIKt,CONTAINS
2E5h_Z5On2oB9WnlvUr_AE,3h_ewbhJL89AACz$pvgSwg,CONTAINS
2E5h_Z5On2oB9WnlvUr_AE,3h_ewbhJL89AACz$pvgSug,CONTAINS
2E5h_Z5On2oB9WnlvUr_AE,3h_ewbhJL89AACz$pvgSvQ,CONTAINS
2E5h_Z5On2oB9WnlvUr_AE,3h_ewbhJL89AACz$pvgSuE,CONTAINS
2E5h_Z5On2oB9WnlvUr_AE,3h_ewbhJL89AACz$pvgSfM,CONTAINS
2E5h_Z5On2oB9WnlvUr_AE,3h_ewbhJL89AACz$pvgSfh,CONTAINS
2E5h_Z5On2oB9WnlvUr_AE,3h_ewbhJL89AACz$pvgSXD,CONTAINS
2E5h_Z5On2oB9WnlvUr_AE,3h_ewbhJL89AACz$pvgSxg,CONTAINS
2E5h_Z5On2oB9WnlvUr_AE,3h_ewbhJL89AACz$pvgSXN,CONTAINS
2E5h_Z5On2oB9WnlvUr_AE,3h_ewbhJL89AACz$pvgSX4,CONTAINS
2E5h_Z5On2oB9WnlvUr_AE,3h_ewbhJL89AACz$pvgSdn,CONTAINS
2E5h_Z5On2oB9WnlvUr_AE,3h_ewbhJL89AACz$pvgSe3,CONTAINS
2E5h_Z5On2oB9WnlvUr_AE,0oA8x04_5FRvbxWuRvkm4Q,CONTAINS
2E5h_Z5On2oB9WnlvUr_AE,3h_ewbhJL89AACz$pvgSeg,CONTAINS
2E5h_Z5On2oB9WnlvUr_AE,0oA8x04_5FRvbxWuRvkm3o,CONTAINS
2E5h_Z5On2oB9WnlvUr_AE,0oA8x04_5FRvbxWuRvkmEW,CONTAINS
2E5h_Z5On2oB9WnlvUr_AE,0oA8x04_5FRvbxWuRvkmFM,CONTAINS
2E5h_Z5On2oB9WnlvUr_AE,0oA8x04_5FRvbxWuRvkmLn,CONTAINS
2E5h_Z5On2oB9WnlvUr_AE,0oA8x04_5FRvbxWuRvkmGV,CONTAINS
2E5h_Z5On2oB9WnlvUr_AE,0oA8x04_5FRvbxWuRvkm8$,CONTAINS
2E5h_Z5On2oB9WnlvUr_AE,0oA8x04_5FRvbxWuRvkm8s,CONTAINS
2E5h_Z5On2oB9WnlvUr_AE,0oA8x04_5FRvbxWuRvkmFX,CONTAINS
2E5h_Z5On2oB9WnlvUr_AE,0oA8x04_5FRvbxWuRvkmFt,CONTAINS
2E5h_Z5On2oB9WnlvUr_AE,0oA8x04_5FRvbxWuRvkm8a,CONTAINS
2E5h_Z5On2oB9WnlvUr_AE,0oA8x04_5FRvbxWuRvkm8j,CONTAINS
2E5h_Z5On2oB9WnlvUr_AE,0oA8x04_5FRvbxWuRvkm81,CONTAINS
2E5h_Z5On2oB9WnlvUr_AE,3h_ewbhJL89AACz$pvgSgR,CONTAINS
2E5h_Z5On2oB9WnlvUr_AE,3h_ewbhJL89AACz$pvg3L$,CONTAINS
2E5h_Z5On2oB9WnlvUr_AE,0kTHiuVfLDTxfqg6OgnB4n,CONTAINS
2E5h_Z5On2oB9WnlvUr_AE,0oA8x04_5FRvbxWuRvkm6P,CONTAINS
2E5h_Z5On2oB9WnlvUr_A1,2JUEy_kdD4oQO3YpOApP5Z,CONTAINS
2E5h_Z5On2oB9WnlvUr_A1,2JUEy_kdD4oQO3YpOApP5g,CONTAINS
2E5h_Z5On2oB9WnlvUr_A1,2JUEy_kdD4oQO3YpOApP4D,CONTAINS
2E5h_Z5On2oB9WnlvUr_A1,2JUEy_kdD4oQO3YpOApP4K,CONTAINS
2E5h_Z5On2oB9WnlvUr_A1,2JUEy_kdD4oQO3YpOApP5n,CONTAINS
2E5h_Z5On2oB9WnlvUr_A1,2JUEy_kdD4oQO3YpOApP4$,CONTAINS
2E5h_Z5On2oB9WnlvUr_A1,2JUEy_kdD4oQO3YpOApPBY,CONTAINS
2E5h_Z5On2oB9WnlvUr_A1,2JUEy_kdD4oQO3YpOApP8l,CONTAINS
2E5h_Z5On2oB9WnlvUr_A1,2JUEy_kdD4oQO3YpOApPDS,CONTAINS
2E5h_Z5On2oB9WnlvUr_A1,2JUEy_kdD4oQO3YpOApP67,CONTAINS
2E5h_Z5On2oB9WnlvUr_A1,2JUEy_kdD4oQO3YpOApP9X,CONTAINS
2E5h_Z5On2oB9WnlvUr_A1,2JUEy_kdD4oQO3YpOApP8J,CONTAINS
2E5h_Z5On2oB9WnlvUr_A1,2JUEy_kdD4oQO3YpOApP46,CONTAINS
2E5h_Z5On2oB9WnlvUr_A1,2JUEy_kdD4oQO3YpOApP8Q,CONTAINS
2E5h_Z5On2oB9WnlvUr_A1,2gpnGySj9B4BCIjk6J_P$B,CONTAINS
2E5h_Z5On2oB9WnlvUr_A1,2gpnGySj9B4BCIjk6J_PvN,CONTAINS
2E5h_Z5On2oB9WnlvUr_A1,2gpnGySj9B4BCIjk6J_PwX,CONTAINS
2E5h_Z5On2oB9WnlvUr_A1,2gpnGySj9B4BCIjk6J_PxQ,CONTAINS
2E5h_Z5On2oB9WnlvUr_A1,2gpnGySj9B4BCIjk6J_Pxk,CONTAINS
2E5h_Z5On2oB9WnlvUr_A1,0iOS7aoA9DMgZUDdw7IcaN,CONTAINS
2E5h_Z5On2oB9WnlvUr_A1,0iOS7aoA9DMgZUDdw7IcaW,CONTAINS
2E5h_Z5On2oB9WnlvUr_AF,3tOSI7L519ohx8L7ABrX4k,CONTAINS
2E5h_Z5On2oB9WnlvUr_A1,0iOS7aoA9DMgZUDdw7IcaT,CONTAINS
2E5h_Z5On2oB9WnlvUr_A1,0iOS7aoA9DMgZUDdw7IcfG,CONTAINS
2E5h_Z5On2oB9WnlvUr_A1,0iOS7aoA9DMgZUDdw7Icik,CONTAINS
2E5h_Z5On2oB9WnlvUr_A1,0iOS7aoA9DMgZUDdw7Ich0,CONTAINS
2E5h_Z5On2oB9WnlvUr_AE,3h_ewbhJL89AACz$pvgS$z,CONTAINS
2E5h_Z5On2oB9WnlvUr_A1,0iOS7aoA9DMgZUDdw7Icms,CONTAINS
2E5h_Z5On2oB9WnlvUr_A1,2gpnGySj9B4BCIjk6J_PrR,CONTAINS
2E5h_Z5On2oB9WnlvUr_A1,0iOS7aoA9DMgZUDdw7Icmz,CONTAINS
2E5h_Z5On2oB9WnlvUr_A1,0iOS7aoA9DMgZUDdw7IciF,CONTAINS
2E5h_Z5On2oB9WnlvUr_A1,0iOS7aoA9DMgZUDdw7IclF,CONTAINS
2E5h_Z5On2oB9WnlvUr_A1,0iOS7aoA9DMgZUDdw7Ici0,CONTAINS
2E5h_Z5On2oB9WnlvUr_A1,2gpnGySj9B4BCIjk6J_PpA,CONTAINS
2E5h_Z5On2oB9WnlvUr_A1,2gpnGySj9B4BCIjk6J_Pp6,CONTAINS
2E5h_Z5On2oB9WnlvUr_A1,2gpnGySj9B4BCIjk6J_P$I,CONTAINS
2E5h_Z5On2oB9WnlvUr_A1,2gpnGySj9B4BCIjk6J_PnY,CONTAINS
2E5h_Z5On2oB9WnlvUr_A1,2gpnGySj9B4BCIjk6J_Pzq,CONTAINS
2E5h_Z5On2oB9WnlvUr_A1,2gpnGySj9B4BCIjk6J_PnR,CONTAINS
2E5h_Z5On2oB9WnlvUr_A1,2gpnGySj9B4BCIjk6J_Pob,CONTAINS
2E5h_Z5On2oB9WnlvUr_A1,2gpnGySj9B4BCIjk6J_Pmf,CONTAINS
2E5h_Z5On2oB9WnlvUr_A1,2gpnGySj9B4BCIjk6J_Pt9,CONTAINS
2E5h_Z5On2oB9WnlvUr_A1,2gpnGySj9B4BCIjk6J_PmY,CONTAINS
2E5h_Z5On2oB9WnlvUr_A1,2gpnGySj9B4BCIjk6J_PsI,CONTAINS
2E5h_Z5On2oB9WnlvUr_A1,2gpnGySj9B4BCIjk6J_PrW,CONTAINS
2E5h_Z5On2oB9WnlvUr_A1,2gpnGySj9B4BCIjk6J_PsP,CONTAINS
2E5h_Z5On2oB9WnlvUr_AF,3tOSI7L519ohx8L7ABrX7C,CONTAINS
2E5h_Z5On2oB9WnlvUr_AE,0Soc2wy8X2_h2HL1amhch9,CONTAINS
2E5h_Z5On2oB9WnlvUr_AE,0Soc2wy8X2_h2HL1amhcnw,CONTAINS
2E5h_Z5On2oB9WnlvUr_AE,0Soc2wy8X2_h2HL1amhcph,CONTAINS
2E5h_Z5On2oB9WnlvUr_AE,0Soc2wy8X2_h2HL1amhcpM,CONTAINS
2E5h_Z5On2oB9WnlvUr_AE,0Soc2wy8X2_h2HL1amhcXe,CONTAINS
2E5h_Z5On2oB9WnlvUr_AE,0Soc2wy8X2_h2HL1amhcdT,CONTAINS
2E5h_Z5On2oB9WnlvUr_AE,0Soc2wy8X2_h2HL1amhcak,CONTAINS
2E5h_Z5On2oB9WnlvUr_AE,0Soc2wy8X2_h2HL1amhcjq,CONTAINS
2E5h_Z5On2oB9WnlvUr_AE,0Soc2wy8X2_h2HL1amhcme,CONTAINS
2E5h_Z5On2oB9WnlvUr_AE,0Soc2wy8X2_h2HL1amhcYN,CONTAINS
2E5h_Z5On2oB9WnlvUr_AE,0Soc2wy8X2_h2HL1amhcTB,CONTAINS
2E5h_Z5On2oB9WnlvUr_AE,0Soc2wy8X2_h2HL1amhcYU,CONTAINS
2E5h_Z5On2oB9WnlvUr_AE,0TpcTjeFj0tOxzOUikPZgm,CONTAINS
2E5h_Z5On2oB9WnlvUr_AE,0TpcTjeFj0tOxzOUikPZfQ,CONTAINS
2E5h_Z5On2oB9WnlvUr_A1,0Soc2wy8X2_h2HL1amhc_b,CONTAINS
2E5h_Z5On2oB9WnlvUr_AF,0Soc2wy8X2_h2HL1amhczm,CONTAINS
2E5h_Z5On2oB9WnlvUr_AE,0TpcTjeFj0tOxzOUikPZfK,CONTAINS
2E5h_Z5On2oB9WnlvUr_AE,0Soc2wy8X2_h2HL1amhcTT,CONTAINS
2E5h_Z5On2oB9WnlvUr_AE,0Soc2wy8X2_h2HL1amhcOz,CONTAINS
2E5h_Z5On2oB9WnlvUr_AE,0Soc2wy8X2_h2HL1amhcTN,CONTAINS
2E5h_Z5On2oB9WnlvUr_AC,0px41cyDH9qwUTeTwee98Z,CONTAINS
2E5h_Z5On2oB9WnlvUr_AD,0px41cyDH9qwUTeTwee9Gx,CONTAINS
2E5h_Z5On2oB9WnlvUr_AD,0px41cyDH9qwUTeTwee9Jn,CONTAINS
2E5h_Z5On2oB9WnlvUr_AC,0px41cyDH9qwUTeTwee9Cf,CONTAINS
2E5h_Z5On2oB9WnlvUr_AC,0px41cyDH9qwUTeTwee9B$,CONTAINS
2E5h_Z5On2oB9WnlvUr_AE,1fbzFl0vbFgOIR4BLdBQpC,CONTAINS
2E5h_Z5On2oB9WnlvUr_AC,0px41cyDH9qwUTeTwee9Bc,CONTAINS
2E5h_Z5On2oB9WnlvUr_A1,30dUbWTuLBTRe2hD5Tj2FN,CONTAINS
2E5h_Z5On2oB9WnlvUr_A1,30dUbWTuLBTRe2hD5Tj29E,CONTAINS
2E5h_Z5On2oB9WnlvUr_A1,1HOMWYGaD3iwGNgKcaptBb,CONTAINS
2E5h_Z5On2oB9WnlvUr_A5,0px41cyDH9qwUTeTwee90r,CONTAINS
2E5h_Z5On2oB9WnlvUr_AC,0px41cyDH9qwUTeTwee90b,CONTAINS
2E5h_Z5On2oB9WnlvUr_AC,0px41cyDH9qwUTeTwee9P8,CONTAINS
2E5h_Z5On2oB9WnlvUr_AC,0px41cyDH9qwUTeTwee9Tl,CONTAINS
2E5h_Z5On2oB9WnlvUr_AC,0px41cyDH9qwUTeTwee9TX,CONTAINS
2E5h_Z5On2oB9WnlvUr_AC,0px41cyDH9qwUTeTwee9Ir,CONTAINS
2E5h_Z5On2oB9WnlvUr_AC,0px41cyDH9qwUTeTwee9JK,CONTAINS
2E5h_Z5On2oB9WnlvUr_A1,0JofzUoVL5$8OYKsiQabK0,CONTAINS
2E5h_Z5On2oB9WnlvUr_A1,0JofzUoVL5$8OYKsiQabNk,CONTAINS
2E5h_Z5On2oB9WnlvUr_AE,15_bC4FTv02hB3jHvFujVr,CONTAINS
2E5h_Z5On2oB9WnlvUr_A1,2ZaTY48k58HBVcLOwVC8VB,CONTAINS
2E5h_Z5On2oB9WnlvUr_AF,0JofzUoVL5$8OYKsiQabDC,CONTAINS
2E5h_Z5On2oB9WnlvUr_A5,36Drp0IhLCP9pl9eHOAgW6,CONTAINS
2E5h_Z5On2oB9WnlvUr_A1,15_bC4FTv02hB3jHvFujVx,CONTAINS
2E5h_Z5On2oB9WnlvUr_A1,15_bC4FTv02hB3jHvFujVX,CONTAINS
2E5h_Z5On2oB9WnlvUr_A1,15_bC4FTv02hB3jHvFujVa,CONTAINS
2E5h_Z5On2oB9WnlvUr_A1,15_bC4FTv02hB3jHvFujVd,CONTAINS
2E5h_Z5On2oB9WnlvUr_A1,15_bC4FTv02hB3jHvFujVv,CONTAINS
2E5h_Z5On2oB9WnlvUr_A1,15_bC4FTv02hB3jHvFujV_,CONTAINS
2E5h_Z5On2oB9WnlvUr_A1,15_bC4FTv02hB3jHvFujVy,CONTAINS
2E5h_Z5On2oB9WnlvUr_A1,15_bC4FTv02hB3jHvFujVw,CONTAINS
2E5h_Z5On2oB9WnlvUr_A1,15_bC4FTv02hB3jHvFujVz,CONTAINS
2E5h_Z5On2oB9WnlvUr_A1,15_bC4FTv02hB3jHvFujVp,CONTAINS
2E5h_Z5On2oB9WnlvUr_A1,15_bC4FTv02hB3jHvFujVm,CONTAINS
2E5h_Z5On2oB9WnlvUr_AF,1fbzFl0vbFgOIR4BLdBQmc,CONTAINS
2E5h_Z5On2oB9WnlvUr_AF,1fbzFl0vbFgOIR4BLdBQtL,CONTAINS
2E5h_Z5On2oB9WnlvUr_AF,1fbzFl0vbFgOIR4BLdBQt6,CONTAINS
2E5h_Z5On2oB9WnlvUr_A1,30dUbWTuLBTRe2hD5Tj2ms,CONTAINS
2E5h_Z5On2oB9WnlvUr_A3,30dUbWTuLBTRe2hD5Tj2te,CONTAINS
2E5h_Z5On2oB9WnlvUr_AF,2ZaTY48k58HBVcLOwVC8VF,CONTAINS
2E5h_Z5On2oB9WnlvUr_AF,2ZaTY48k58HBVcLOwVC8VC,CONTAINS
2E5h_Z5On2oB9WnlvUr_A1,2ZaTY48k58HBVcLOwVC8V8,CONTAINS
2E5h_Z5On2oB9WnlvUr_AE,2ZaTY48k58HBVcLOwVC8VG,CONTAINS
2E5h_Z5On2oB9WnlvUr_AE,2ZaTY48k58HBVcLOwVC8VJ,CONTAINS
2E5h_Z5On2oB9WnlvUr_AF,2ZaTY48k58HBVcLOwVC74p,CONTAINS
2E5h_Z5On2oB9WnlvUr_AE,2ZaTY48k58HBVcLOwVC6dE,CONTAINS
2E5h_Z5On2oB9WnlvUr_AF,2ZaTY48k58HBVcLOwVC6es,CONTAINS
2E5h_Z5On2oB9WnlvUr_A0,2ZaTY48k58HBVcLOwVC6cp,CONTAINS
2E5h_Z5On2oB9WnlvUr_A1,2ZaTY48k58HBVcLOwVC6dj,CONTAINS
2E5h_Z5On2oB9WnlvUr_AF,0JofzUoVL5$8OYKsiQabH9,CONTAINS
2E5h_Z5On2oB9WnlvUr_AE,0JofzUoVL5$8OYKsiQabG3,CONTAINS
2E5h_Z5On2oB9WnlvUr_AE,0JofzUoVL5$8OYKsiQabJX,CONTAINS
2E5h_Z5On2oB9WnlvUr_A1,0yDC$tT11DX9QQmS5egoEx,CONTAINS
2E5h_Z5On2oB9WnlvUr_AE,0yDC$tT11DX9QQmS5egoBP,CONTAINS
2E5h_Z5On2oB9WnlvUr_AF,0yDC$tT11DX9QQmS5egoJB,CONTAINS
2E5h_Z5On2oB9WnlvUr_A1,0yDC$tT11DX9QQmS5egoTw,CONTAINS
2E5h_Z5On2oB9WnlvUr_A1,0yDC$tT11DX9QQmS5egoVe,CONTAINS
2E5h_Z5On2oB9WnlvUr_A1,0yDC$tT11DX9QQmS5egoOm,CONTAINS
2E5h_Z5On2oB9WnlvUr_A0,0yDC$tT11DX9QQmS5ego44,CONTAINS
2E5h_Z5On2oB9WnlvUr_A3,0yDC$tT11DX9QQmS5egpwr,CONTAINS
2E5h_Z5On2oB9WnlvUr_A1,0yDC$tT11DX9QQmS5egoRo,CONTAINS
2E5h_Z5On2oB9WnlvUr_AE,0gCbTqKBn5BRyj$v0v6w53,CONTAINS
2E5h_Z5On2oB9WnlvUr_AF,0gCbTqKBn5BRyj$v0v6wuE,CONTAINS
2E5h_Z5On2oB9WnlvUr_A1,0gCbTqKBn5BRyj$v0v6wsN,CONTAINS
2E5h_Z5On2oB9WnlvUr_A1,0iOS7aoA9DMgZUDdw7IdO2,CONTAINS
2E5h_Z5On2oB9WnlvUr_A1,0iOS7aoA9DMgZUDdw7IdOS,CONTAINS
2E5h_Z5On2oB9WnlvUr_A1,0iOS7aoA9DMgZUDdw7IdSi,CONTAINS
2E5h_Z5On2oB9WnlvUr_A1,0iOS7aoA9DMgZUDdw7IdSb,CONTAINS
2E5h_Z5On2oB9WnlvUr_A1,0iOS7aoA9DMgZUDdw7IcWm,CONTAINS
2E5h_Z5On2oB9WnlvUr_A1,0iOS7aoA9DMgZUDdw7IdVO,CONTAINS
2E5h_Z5On2oB9WnlvUr_A1,0iOS7aoA9DMgZUDdw7IdVl,CONTAINS
2E5h_Z5On2oB9WnlvUr_A1,0iOS7aoA9DMgZUDdw7IdOk,CONTAINS
2E5h_Z5On2oB9WnlvUr_A1,0iOS7aoA9DMgZUDdw7IcWc,CONTAINS
2E5h_Z5On2oB9WnlvUr_A1,0iOS7aoA9DMgZUDdw7IdOt,CONTAINS
2E5h_Z5On2oB9WnlvUr_A1,2JUEy_kdD4oQO3YpOApP8s,CONTAINS
2E5h_Z5On2oB9WnlvUr_A1,0iOS7aoA9DMgZUDdw7IdKQ,CONTAINS
2E5h_Z5On2oB9WnlvUr_A1,2JUEy_kdD4oQO3YpOApP8z,CONTAINS
2E5h_Z5On2oB9WnlvUr_A1,2JUEy_kdD4oQO3YpOApP84,CONTAINS
2E5h_Z5On2oB9WnlvUr_A1,0iOS7aoA9DMgZUDdw7IdLq,CONTAINS
2E5h_Z5On2oB9WnlvUr_A1,0iOS7aoA9DMgZUDdw7IdLX,CONTAINS
2E5h_Z5On2oB9WnlvUr_A1,0iOS7aoA9DMgZUDdw7IdLx,CONTAINS
2E5h_Z5On2oB9WnlvUr_A1,0iOS7aoA9DMgZUDdw7IdN0,CONTAINS
2E5h_Z5On2oB9WnlvUr_A1,0yDC$tT11DX9QQmS5egpnZ,CONTAINS
2E5h_Z5On2oB9WnlvUr_A1,0iOS7aoA9DMgZUDdw7IdSI,CONTAINS
2E5h_Z5On2oB9WnlvUr_A1,0iOS7aoA9DMgZUDdw7IdVu,CONTAINS
2E5h_Z5On2oB9WnlvUr_A1,15_bC4FTv02hB3jHvFujvu,CONTAINS
2E5h_Z5On2oB9WnlvUr_A1,15_bC4FTv02hB3jHvFujvw,CONTAINS
2E5h_Z5On2oB9WnlvUr_A1,15_bC4FTv02hB3jHvFujvm,CONTAINS
2E5h_Z5On2oB9WnlvUr_A1,15_bC4FTv02hB3jHvFujvo,CONTAINS
2E5h_Z5On2oB9WnlvUr_A1,15_bC4FTv02hB3jHvFuj_1,CONTAINS
2E5h_Z5On2oB9WnlvUr_A1,15_bC4FTv02hB3jHvFuj_A,CONTAINS
2E5h_Z5On2oB9WnlvUr_A1,15_bC4FTv02hB3jHvFujvr,CONTAINS
2E5h_Z5On2oB9WnlvUr_A1,15_bC4FTv02hB3jHvFujvq,CONTAINS
2E5h_Z5On2oB9WnlvUr_A1,15_bC4FTv02hB3jHvFuj_B,CONTAINS
2E5h_Z5On2oB9WnlvUr_A1,15_bC4FTv02hB3jHvFujvt,CONTAINS
2E5h_Z5On2oB9WnlvUr_A1,15_bC4FTv02hB3jHvFuj_C,CONTAINS
2E5h_Z5On2oB9WnlvUr_A1,15_bC4FTv02hB3jHvFuj_3,CONTAINS
2E5h_Z5On2oB9WnlvUr_A1,15_bC4FTv02hB3jHvFuj_9,CONTAINS
2E5h_Z5On2oB9WnlvUr_A1,15_bC4FTv02hB3jHvFuj_D,CONTAINS
2E5h_Z5On2oB9WnlvUr_AE,15_bC4FTv02hB3jHvFujjf,CONTAINS
2E5h_Z5On2oB9WnlvUr_AE,15_bC4FTv02hB3jHvFujjk,CONTAINS
2E5h_Z5On2oB9WnlvUr_A1,15_bC4FTv02hB3jHvFujvs,CONTAINS
2E5h_Z5On2oB9WnlvUr_AE,15_bC4FTv02hB3jHvFujjd,CONTAINS
2E5h_Z5On2oB9WnlvUr_AE,15_bC4FTv02hB3jHvFujjX,CONTAINS
2E5h_Z5On2oB9WnlvUr_AE,15_bC4FTv02hB3jHvFujjb,CONTAINS
2E5h_Z5On2oB9WnlvUr_AE,15_bC4FTv02hB3jHvFujjw,CONTAINS
2E5h_Z5On2oB9WnlvUr_AE,15_bC4FTv02hB3jHvFujjs,CONTAINS
2E5h_Z5On2oB9WnlvUr_AE,15_bC4FTv02hB3jHvFujoU,CONTAINS
2E5h_Z5On2oB9WnlvUr_AE,15_bC4FTv02hB3jHvFujoO,CONTAINS
2E5h_Z5On2oB9WnlvUr_AE,15_bC4FTv02hB3jHvFujoR,CONTAINS
2E5h_Z5On2oB9WnlvUr_AE,15_bC4FTv02hB3jHvFujoA,CONTAINS
2E5h_Z5On2oB9WnlvUr_AE,15_bC4FTv02hB3jHvFujo5,CONTAINS
2E5h_Z5On2oB9WnlvUr_AE,15_bC4FTv02hB3jHvFujoH,CONTAINS
2E5h_Z5On2oB9WnlvUr_AE,15_bC4FTv02hB3jHvFujoJ,CONTAINS
2E5h_Z5On2oB9WnlvUr_AE,15_bC4FTv02hB3jHvFujoK,CONTAINS
2E5h_Z5On2oB9WnlvUr_AE,15_bC4FTv02hB3jHvFujoh,CONTAINS
2E5h_Z5On2oB9WnlvUr_AE,15_bC4FTv02hB3jHvFujog,CONTAINS
2E5h_Z5On2oB9WnlvUr_AE,15_bC4FTv02hB3jHvFujof,CONTAINS
2E5h_Z5On2oB9WnlvUr_AE,15_bC4FTv02hB3jHvFujoL,CONTAINS
2E5h_Z5On2oB9WnlvUr_AE,15_bC4FTv02hB3jHvFujox,CONTAINS
2E5h_Z5On2oB9WnlvUr_AE,15_bC4FTv02hB3jHvFujov,CONTAINS
2E5h_Z5On2oB9WnlvUr_AE,15_bC4FTv02hB3jHvFujoa,CONTAINS
2E5h_Z5On2oB9WnlvUr_AE,15_bC4FTv02hB3jHvFujop,CONTAINS
2E5h_Z5On2oB9WnlvUr_AE,15_bC4FTv02hB3jHvFujos,CONTAINS
2E5h_Z5On2oB9WnlvUr_AE,15_bC4FTv02hB3jHvFujom,CONTAINS
2E5h_Z5On2oB9WnlvUr_AE,15_bC4FTv02hB3jHvFujpF,CONTAINS
2E5h_Z5On2oB9WnlvUr_AE,15_bC4FTv02hB3jHvFujp8,CONTAINS
2E5h_Z5On2oB9WnlvUr_AE,15_bC4FTv02hB3jHvFujoY,CONTAINS
2E5h_Z5On2oB9WnlvUr_AE,15_bC4FTv02hB3jHvFujob,CONTAINS
2E5h_Z5On2oB9WnlvUr_AE,15_bC4FTv02hB3jHvFujoc,CONTAINS
2E5h_Z5On2oB9WnlvUr_AE,15_bC4FTv02hB3jHvFujs1,CONTAINS
2E5h_Z5On2oB9WnlvUr_AE,15_bC4FTv02hB3jHvFujs6,CONTAINS
2E5h_Z5On2oB9WnlvUr_AE,15_bC4FTv02hB3jHvFujnP,CONTAINS
2E5h_Z5On2oB9WnlvUr_AE,15_bC4FTv02hB3jHvFujmt,CONTAINS
2E5h_Z5On2oB9WnlvUr_AE,15_bC4FTv02hB3jHvFujmv,CONTAINS
2E5h_Z5On2oB9WnlvUr_AE,15_bC4FTv02hB3jHvFujmu,CONTAINS
2E5h_Z5On2oB9WnlvUr_AE,15_bC4FTv02hB3jHvFujs2,CONTAINS
2E5h_Z5On2oB9WnlvUr_AE,15_bC4FTv02hB3jHvFujnf,CONTAINS
2E5h_Z5On2oB9WnlvUr_AE,15_bC4FTv02hB3jHvFujsD,CONTAINS
2E5h_Z5On2oB9WnlvUr_A1,15_bC4FTv02hB3jHvFujyK,CONTAINS
2E5h_Z5On2oB9WnlvUr_AE,15_bC4FTv02hB3jHvFujpm,CONTAINS
2E5h_Z5On2oB9WnlvUr_AE,15_bC4FTv02hB3jHvFujm8,CONTAINS
2E5h_Z5On2oB9WnlvUr_AE,15_bC4FTv02hB3jHvFujpq,CONTAINS
2E5h_Z5On2oB9WnlvUr_AE,15_bC4FTv02hB3jHvFujm6,CONTAINS
2E5h_Z5On2oB9WnlvUr_AE,15_bC4FTv02hB3jHvFujm3,CONTAINS
2E5h_Z5On2oB9WnlvUr_AE,15_bC4FTv02hB3jHvFujmD,CONTAINS
2E5h_Z5On2oB9WnlvUr_A1,15_bC4FTv02hB3jHvFujx1,CONTAINS
2E5h_Z5On2oB9WnlvUr_A1,15_bC4FTv02hB3jHvFujx3,CONTAINS
2E5h_Z5On2oB9WnlvUr_A1,15_bC4FTv02hB3jHvFujxC,CONTAINS
2E5h_Z5On2oB9WnlvUr_A1,15_bC4FTv02hB3jHvFujxD,CONTAINS
2E5h_Z5On2oB9WnlvUr_AE,15_bC4FTv02hB3jHvFujsQ,CONTAINS
2E5h_Z5On2oB9WnlvUr_AE,15_bC4FTv02hB3jHvFujsY,CONTAINS
2E5h_Z5On2oB9WnlvUr_AE,15_bC4FTv02hB3jHvFujsX,CONTAINS
2E5h_Z5On2oB9WnlvUr_AE,15_bC4FTv02hB3jHvFujta,CONTAINS
2E5h_Z5On2oB9WnlvUr_AE,15_bC4FTv02hB3jHvFujsV,CONTAINS
2E5h_Z5On2oB9WnlvUr_AE,15_bC4FTv02hB3jHvFujtJ,CONTAINS
2E5h_Z5On2oB9WnlvUr_AE,15_bC4FTv02hB3jHvFujsK,CONTAINS
2E5h_Z5On2oB9WnlvUr_AE,15_bC4FTv02hB3jHvFujsR,CONTAINS
2E5h_Z5On2oB9WnlvUr_AE,15_bC4FTv02hB3jHvFujsH,CONTAINS
2E5h_Z5On2oB9WnlvUr_AE,15_bC4FTv02hB3jHvFujqy,CONTAINS
2E5h_Z5On2oB9WnlvUr_AE,15_bC4FTv02hB3jHvFujqi,CONTAINS
2E5h_Z5On2oB9WnlvUr_AE,15_bC4FTv02hB3jHvFujqw,CONTAINS
2E5h_Z5On2oB9WnlvUr_AE,15_bC4FTv02hB3jHvFujtv,CONTAINS
2E5h_Z5On2oB9WnlvUr_A1,15_bC4FTv02hB3jHvFujxT,CONTAINS
2E5h_Z5On2oB9WnlvUr_A1,15_bC4FTv02hB3jHvFujxI,CONTAINS
2E5h_Z5On2oB9WnlvUr_A1,15_bC4FTv02hB3jHvFujx5,CONTAINS
2E5h_Z5On2oB9WnlvUr_A1,15_bC4FTv02hB3jHvFujxQ,CONTAINS
2E5h_Z5On2oB9WnlvUr_A1,15_bC4FTv02hB3jHvFujxP,CONTAINS
2E5h_Z5On2oB9WnlvUr_A1,15_bC4FTv02hB3jHvFujxS,CONTAINS
2E5h_Z5On2oB9WnlvUr_A1,15_bC4FTv02hB3jHvFujxU,CONTAINS
2E5h_Z5On2oB9WnlvUr_A1,15_bC4FTv02hB3jHvFujxN,CONTAINS
2E5h_Z5On2oB9WnlvUr_A1,15_bC4FTv02hB3jHvFujxM,CONTAINS
2E5h_Z5On2oB9WnlvUr_A1,15_bC4FTv02hB3jHvFujxK,CONTAINS
2E5h_Z5On2oB9WnlvUr_A1,15_bC4FTv02hB3jHvFujxL,CONTAINS
2E5h_Z5On2oB9WnlvUr_A1,15_bC4FTv02hB3jHvFujxg,CONTAINS
2E5h_Z5On2oB9WnlvUr_A1,15_bC4FTv02hB3jHvFujwq,CONTAINS
2E5h_Z5On2oB9WnlvUr_A1,15_bC4FTv02hB3jHvFujx8,CONTAINS
2E5h_Z5On2oB9WnlvUr_A1,15_bC4FTv02hB3jHvFujxE,CONTAINS
2E5h_Z5On2oB9WnlvUr_A1,15_bC4FTv02hB3jHvFujxB,CONTAINS
2E5h_Z5On2oB9WnlvUr_A1,15_bC4FTv02hB3jHvFujx9,CONTAINS
2E5h_Z5On2oB9WnlvUr_A1,15_bC4FTv02hB3jHvFujxJ,CONTAINS
2E5h_Z5On2oB9WnlvUr_A1,15_bC4FTv02hB3jHvFujx4,CONTAINS
2E5h_Z5On2oB9WnlvUr_A1,15_bC4FTv02hB3jHvFujx6,CONTAINS
2E5h_Z5On2oB9WnlvUr_A1,15_bC4FTv02hB3jHvFujwt,CONTAINS
2E5h_Z5On2oB9WnlvUr_AE,15_bC4FTv02hB3jHvFujri,CONTAINS
2E5h_Z5On2oB9WnlvUr_A1,15_bC4FTv02hB3jHvFujwr,CONTAINS
2E5h_Z5On2oB9WnlvUr_A1,15_bC4FTv02hB3jHvFujxi,CONTAINS
2E5h_Z5On2oB9WnlvUr_A1,15_bC4FTv02hB3jHvFujxl,CONTAINS
2E5h_Z5On2oB9WnlvUr_A1,15_bC4FTv02hB3jHvFujxW,CONTAINS
2E5h_Z5On2oB9WnlvUr_A1,15_bC4FTv02hB3jHvFujxu,CONTAINS
2E5h_Z5On2oB9WnlvUr_A1,15_bC4FTv02hB3jHvFujxc,CONTAINS
2E5h_Z5On2oB9WnlvUr_A1,15_bC4FTv02hB3jHvFujxX,CONTAINS
2E5h_Z5On2oB9WnlvUr_A1,15_bC4FTv02hB3jHvFujxk,CONTAINS
2E5h_Z5On2oB9WnlvUr_A1,15_bC4FTv02hB3jHvFujxY,CONTAINS
2E5h_Z5On2oB9WnlvUr_A1,15_bC4FTv02hB3jHvFujxj,CONTAINS
2E5h_Z5On2oB9WnlvUr_AE,15_bC4FTv02hB3jHvFujqh,CONTAINS
2E5h_Z5On2oB9WnlvUr_AE,15_bC4FTv02hB3jHvFujtm,CONTAINS
2E5h_Z5On2oB9WnlvUr_A1,15_bC4FTv02hB3jHvFujxw,CONTAINS
2E5h_Z5On2oB9WnlvUr_A1,15_bC4FTv02hB3jHvFujxa,CONTAINS
2E5h_Z5On2oB9WnlvUr_A1,15_bC4FTv02hB3jHvFujus,CONTAINS
2E5h_Z5On2oB9WnlvUr_A1,15_bC4FTv02hB3jHvFujuG,CONTAINS
2E5h_Z5On2oB9WnlvUr_A1,15_bC4FTv02hB3jHvFujuT,CONTAINS
2E5h_Z5On2oB9WnlvUr_A1,15_bC4FTv02hB3jHvFujuI,CONTAINS
2E5h_Z5On2oB9WnlvUr_A1,15_bC4FTv02hB3jHvFujul,CONTAINS
2E5h_Z5On2oB9WnlvUr_A1,15_bC4FTv02hB3jHvFujuk,CONTAINS
2E5h_Z5On2oB9WnlvUr_A1,15_bC4FTv02hB3jHvFujuh,CONTAINS
2E5h_Z5On2oB9WnlvUr_A1,15_bC4FTv02hB3jHvFujuf,CONTAINS
2E5h_Z5On2oB9WnlvUr_A1,15_bC4FTv02hB3jHvFujuZ,CONTAINS
2E5h_Z5On2oB9WnlvUr_A1,15_bC4FTv02hB3jHvFujuj,CONTAINS
2E5h_Z5On2oB9WnlvUr_A1,15_bC4FTv02hB3jHvFujuX,CONTAINS
2E5h_Z5On2oB9WnlvUr_A1,15_bC4FTv02hB3jHvFujuF,CONTAINS
2E5h_Z5On2oB9WnlvUr_A1,15_bC4FTv02hB3jHvFujuE,CONTAINS
2E5h_Z5On2oB9WnlvUr_A1,15_bC4FTv02hB3jHvFujxe,CONTAINS
2E5h_Z5On2oB9WnlvUr_A1,15_bC4FTv02hB3jHvFujun,CONTAINS
2E5h_Z5On2oB9WnlvUr_A1,15_bC4FTv02hB3jHvFujup,CONTAINS
2E5h_Z5On2oB9WnlvUr_A1,15_bC4FTv02hB3jHvFujum,CONTAINS
2E5h_Z5On2oB9WnlvUr_A1,15_bC4FTv02hB3jHvFuju$,CONTAINS
2E5h_Z5On2oB9WnlvUr_A1,15_bC4FTv02hB3jHvFujvj,CONTAINS
2E5h_Z5On2oB9WnlvUr_A1,15_bC4FTv02hB3jHvFujvZ,CONTAINS
2E5h_Z5On2oB9WnlvUr_A1,15_bC4FTv02hB3jHvFuju9,CONTAINS
2E5h_Z5On2oB9WnlvUr_A1,15_bC4FTv02hB3jHvFujvX,CONTAINS
2E5h_Z5On2oB9WnlvUr_A1,15_bC4FTv02hB3jHvFujuA,CONTAINS
2E5h_Z5On2oB9WnlvUr_A1,15_bC4FTv02hB3jHvFujuB,CONTAINS
2E5h_Z5On2oB9WnlvUr_A1,15_bC4FTv02hB3jHvFuju8,CONTAINS
2E5h_Z5On2oB9WnlvUr_A1,15_bC4FTv02hB3jHvFujvR,CONTAINS
2E5h_Z5On2oB9WnlvUr_A1,15_bC4FTv02hB3jHvFujvU,CONTAINS
2E5h_Z5On2oB9WnlvUr_A1,15_bC4FTv02hB3jHvFujvS,CONTAINS
2E5h_Z5On2oB9WnlvUr_A1,15_bC4FTv02hB3jHvFujvd,CONTAINS
2E5h_Z5On2oB9WnlvUr_A1,15_bC4FTv02hB3jHvFujuV,CONTAINS
2E5h_Z5On2oB9WnlvUr_A1,15_bC4FTv02hB3jHvFujuR,CONTAINS
2E5h_Z5On2oB9WnlvUr_A1,15_bC4FTv02hB3jHvFuju5,CONTAINS
2E5h_Z5On2oB9WnlvUr_A1,15_bC4FTv02hB3jHvFujuP,CONTAINS
2E5h_Z5On2oB9WnlvUr_A1,15_bC4FTv02hB3jHvFuju1,CONTAINS
2E5h_Z5On2oB9WnlvUr_A1,15_bC4FTv02hB3jHvFuju3,CONTAINS
2E5h_Z5On2oB9WnlvUr_A1,15_bC4FTv02hB3jHvFujxr,CONTAINS
2E5h_Z5On2oB9WnlvUr_A1,15_bC4FTv02hB3jHvFujxt,CONTAINS
2E5h_Z5On2oB9WnlvUr_A1,15_bC4FTv02hB3jHvFujxs,CONTAINS
2E5h_Z5On2oB9WnlvUr_A1,15_bC4FTv02hB3jHvFujxp,CONTAINS
2E5h_Z5On2oB9WnlvUr_A1,15_bC4FTv02hB3jHvFujxz,CONTAINS
2E5h_Z5On2oB9WnlvUr_A1,15_bC4FTv02hB3jHvFujxy,CONTAINS
2E5h_Z5On2oB9WnlvUr_A1,15_bC4FTv02hB3jHvFujx$,CONTAINS
2E5h_Z5On2oB9WnlvUr_A1,15_bC4FTv02hB3jHvFujxv,CONTAINS
2E5h_Z5On2oB9WnlvUr_A1,15_bC4FTv02hB3jHvFujvN,CONTAINS
2E5h_Z5On2oB9WnlvUr_A1,15_bC4FTv02hB3jHvFujvL,CONTAINS
2E5h_Z5On2oB9WnlvUr_A1,15_bC4FTv02hB3jHvFujvI,CONTAINS
2E5h_Z5On2oB9WnlvUr_A1,15_bC4FTv02hB3jHvFujvG,CONTAINS
2E5h_Z5On2oB9WnlvUr_A1,15_bC4FTv02hB3jHvFujvg,CONTAINS
2E5h_Z5On2oB9WnlvUr_A1,15_bC4FTv02hB3jHvFujv4,CONTAINS
2E5h_Z5On2oB9WnlvUr_A1,15_bC4FTv02hB3jHvFujv3,CONTAINS
2E5h_Z5On2oB9WnlvUr_A1,15_bC4FTv02hB3jHvFujvK,CONTAINS
2E5h_Z5On2oB9WnlvUr_AE,15_bC4FTv02hB3jHvFujkn,CONTAINS
2E5h_Z5On2oB9WnlvUr_AE,15_bC4FTv02hB3jHvFujkm,CONTAINS
2E5h_Z5On2oB9WnlvUr_AE,15_bC4FTv02hB3jHvFujky,CONTAINS
2E5h_Z5On2oB9WnlvUr_AE,15_bC4FTv02hB3jHvFujk$,CONTAINS
2E5h_Z5On2oB9WnlvUr_AE,15_bC4FTv02hB3jHvFujk_,CONTAINS
2E5h_Z5On2oB9WnlvUr_AE,15_bC4FTv02hB3jHvFujkq,CONTAINS
2E5h_Z5On2oB9WnlvUr_AE,15_bC4FTv02hB3jHvFujlA,CONTAINS
2E5h_Z5On2oB9WnlvUr_AE,15_bC4FTv02hB3jHvFujlF,CONTAINS
2E5h_Z5On2oB9WnlvUr_AE,15_bC4FTv02hB3jHvFujks,CONTAINS
2E5h_Z5On2oB9WnlvUr_AE,15_bC4FTv02hB3jHvFujl9,CONTAINS
2E5h_Z5On2oB9WnlvUr_AE,15_bC4FTv02hB3jHvFujl8,CONTAINS
2E5h_Z5On2oB9WnlvUr_AE,15_bC4FTv02hB3jHvFujlC,CONTAINS
2E5h_Z5On2oB9WnlvUr_AE,15_bC4FTv02hB3jHvFujl3,CONTAINS
2E5h_Z5On2oB9WnlvUr_AE,15_bC4FTv02hB3jHvFujlD,CONTAINS
2E5h_Z5On2oB9WnlvUr_AE,15_bC4FTv02hB3jHvFujl6,CONTAINS
2E5h_Z5On2oB9WnlvUr_AE,15_bC4FTv02hB3jHvFujl7,CONTAINS
2E5h_Z5On2oB9WnlvUr_AE,15_bC4FTv02hB3jHvFujl5,CONTAINS
2E5h_Z5On2oB9WnlvUr_AE,15_bC4FTv02hB3jHvFujlQ,CONTAINS
2E5h_Z5On2oB9WnlvUr_AE,15_bC4FTv02hB3jHvFujkZ,CONTAINS
2E5h_Z5On2oB9WnlvUr_AE,15_bC4FTv02hB3jHvFujku,CONTAINS
2E5h_Z5On2oB9WnlvUr_AE,15_bC4FTv02hB3jHvFujkz,CONTAINS
2E5h_Z5On2oB9WnlvUr_AE,15_bC4FTv02hB3jHvFujko,CONTAINS
2E5h_Z5On2oB9WnlvUr_AE,15_bC4FTv02hB3jHvFujlO,CONTAINS
2E5h_Z5On2oB9WnlvUr_AE,15_bC4FTv02hB3jHvFujlP,CONTAINS
2E5h_Z5On2oB9WnlvUr_AE,15_bC4FTv02hB3jHvFujlR,CONTAINS
2E5h_Z5On2oB9WnlvUr_AE,15_bC4FTv02hB3jHvFujlV,CONTAINS
2E5h_Z5On2oB9WnlvUr_AE,15_bC4FTv02hB3jHvFujlU,CONTAINS
2E5h_Z5On2oB9WnlvUr_AE,15_bC4FTv02hB3jHvFujlH,CONTAINS
2E5h_Z5On2oB9WnlvUr_AE,15_bC4FTv02hB3jHvFujlJ,CONTAINS
2E5h_Z5On2oB9WnlvUr_AE,15_bC4FTv02hB3jHvFujlf,CONTAINS
2E5h_Z5On2oB9WnlvUr_AE,15_bC4FTv02hB3jHvFujlL,CONTAINS
2E5h_Z5On2oB9WnlvUr_AE,15_bC4FTv02hB3jHvFujlh,CONTAINS
2E5h_Z5On2oB9WnlvUr_AE,15_bC4FTv02hB3jHvFujll,CONTAINS
2E5h_Z5On2oB9WnlvUr_AE,15_bC4FTv02hB3jHvFujig,CONTAINS
2E5h_Z5On2oB9WnlvUr_AE,15_bC4FTv02hB3jHvFujiJ,CONTAINS
2E5h_Z5On2oB9WnlvUr_AE,15_bC4FTv02hB3jHvFujkV,CONTAINS
2E5h_Z5On2oB9WnlvUr_AE,15_bC4FTv02hB3jHvFujkI,CONTAINS
2E5h_Z5On2oB9WnlvUr_AE,15_bC4FTv02hB3jHvFujkS,CONTAINS
2E5h_Z5On2oB9WnlvUr_AE,15_bC4FTv02hB3jHvFujkJ,CONTAINS
2E5h_Z5On2oB9WnlvUr_AE,15_bC4FTv02hB3jHvFujkH,CONTAINS
2E5h_Z5On2oB9WnlvUr_A3,15_bC4FTv02hB3jHvFujk8,CONTAINS
2E5h_Z5On2oB9WnlvUr_AE,15_bC4FTv02hB3jHvFujk7,CONTAINS
2E5h_Z5On2oB9WnlvUr_AE,15_bC4FTv02hB3jHvFujk6,CONTAINS
2E5h_Z5On2oB9WnlvUr_AE,15_bC4FTv02hB3jHvFujki,CONTAINS
2E5h_Z5On2oB9WnlvUr_AE,15_bC4FTv02hB3jHvFujkd,CONTAINS
2E5h_Z5On2oB9WnlvUr_AE,15_bC4FTv02hB3jHvFujkl,CONTAINS
2E5h_Z5On2oB9WnlvUr_AE,15_bC4FTv02hB3jHvFujkW,CONTAINS
2E5h_Z5On2oB9WnlvUr_AE,15_bC4FTv02hB3jHvFujkw,CONTAINS
2E5h_Z5On2oB9WnlvUr_AE,15_bC4FTv02hB3jHvFujka,CONTAINS
2E5h_Z5On2oB9WnlvUr_AE,15_bC4FTv02hB3jHvFujkN,CONTAINS
2E5h_Z5On2oB9WnlvUr_AE,15_bC4FTv02hB3jHvFujkK,CONTAINS
2E5h_Z5On2oB9WnlvUr_AE,15_bC4FTv02hB3jHvFujke,CONTAINS
2E5h_Z5On2oB9WnlvUr_AE,15_bC4FTv02hB3jHvFujkg,CONTAINS
2E5h_Z5On2oB9WnlvUr_AE,15_bC4FTv02hB3jHvFujkh,CONTAINS
2E5h_Z5On2oB9WnlvUr_AE,15_bC4FTv02hB3jHvFujjV,CONTAINS
2E5h_Z5On2oB9WnlvUr_AE,15_bC4FTv02hB3jHvFujjU,CONTAINS
2E5h_Z5On2oB9WnlvUr_AE,15_bC4FTv02hB3jHvFujjO,CONTAINS
2E5h_Z5On2oB9WnlvUr_AE,15_bC4FTv02hB3jHvFujkQ,CONTAINS
2E5h_Z5On2oB9WnlvUr_AE,15_bC4FTv02hB3jHvFujkR,CONTAINS
2E5h_Z5On2oB9WnlvUr_AE,15_bC4FTv02hB3jHvFujk4,CONTAINS
2E5h_Z5On2oB9WnlvUr_AE,15_bC4FTv02hB3jHvFujkP,CONTAINS
2E5h_Z5On2oB9WnlvUr_AE,15_bC4FTv02hB3jHvFujkO,CONTAINS
2E5h_Z5On2oB9WnlvUr_AE,15_bC4FTv02hB3jHvFujiW,CONTAINS
2E5h_Z5On2oB9WnlvUr_AE,15_bC4FTv02hB3jHvFujif,CONTAINS
2E5h_Z5On2oB9WnlvUr_AE,15_bC4FTv02hB3jHvFujii,CONTAINS
2E5h_Z5On2oB9WnlvUr_AE,15_bC4FTv02hB3jHvFujiY,CONTAINS
2E5h_Z5On2oB9WnlvUr_A3,15_bC4FTv02hB3jHvFujbX,CONTAINS
2E5h_Z5On2oB9WnlvUr_A3,15_bC4FTv02hB3jHvFujbl,CONTAINS
2E5h_Z5On2oB9WnlvUr_A3,15_bC4FTv02hB3jHvFujbs,CONTAINS
2E5h_Z5On2oB9WnlvUr_A3,15_bC4FTv02hB3jHvFujbr,CONTAINS
2E5h_Z5On2oB9WnlvUr_A3,15_bC4FTv02hB3jHvFujbY,CONTAINS
2E5h_Z5On2oB9WnlvUr_A3,15_bC4FTv02hB3jHvFujg4,CONTAINS
2E5h_Z5On2oB9WnlvUr_A3,15_bC4FTv02hB3jHvFujgR,CONTAINS
2E5h_Z5On2oB9WnlvUr_A3,15_bC4FTv02hB3jHvFujb$,CONTAINS
2E5h_Z5On2oB9WnlvUr_A3,15_bC4FTv02hB3jHvFujbv,CONTAINS
2E5h_Z5On2oB9WnlvUr_A3,15_bC4FTv02hB3jHvFujbb,CONTAINS
2E5h_Z5On2oB9WnlvUr_A3,15_bC4FTv02hB3jHvFujby,CONTAINS
2E5h_Z5On2oB9WnlvUr_A3,15_bC4FTv02hB3jHvFujgf,CONTAINS
2E5h_Z5On2oB9WnlvUr_A3,15_bC4FTv02hB3jHvFujgl,CONTAINS
2E5h_Z5On2oB9WnlvUr_A3,15_bC4FTv02hB3jHvFujg0,CONTAINS
2E5h_Z5On2oB9WnlvUr_A3,15_bC4FTv02hB3jHvFujgF,CONTAINS
2E5h_Z5On2oB9WnlvUr_A3,15_bC4FTv02hB3jHvFujg2,CONTAINS
2E5h_Z5On2oB9WnlvUr_A3,15_bC4FTv02hB3jHvFujg8,CONTAINS
2E5h_Z5On2oB9WnlvUr_AE,15_bC4FTv02hB3jHvFujiD,CONTAINS
2E5h_Z5On2oB9WnlvUr_AE,15_bC4FTv02hB3jHvFujlj,CONTAINS
2E5h_Z5On2oB9WnlvUr_AE,15_bC4FTv02hB3jHvFujlx,CONTAINS
2E5h_Z5On2oB9WnlvUr_AE,15_bC4FTv02hB3jHvFujlz,CONTAINS
2E5h_Z5On2oB9WnlvUr_AE,15_bC4FTv02hB3jHvFujln,CONTAINS
2E5h_Z5On2oB9WnlvUr_AE,15_bC4FTv02hB3jHvFujlp,CONTAINS
2E5h_Z5On2oB9WnlvUr_AE,15_bC4FTv02hB3jHvFuji9,CONTAINS
2E5h_Z5On2oB9WnlvUr_AE,15_bC4FTv02hB3jHvFujlW,CONTAINS
2E5h_Z5On2oB9WnlvUr_AE,15_bC4FTv02hB3jHvFujlv,CONTAINS
2E5h_Z5On2oB9WnlvUr_AE,15_bC4FTv02hB3jHvFujl$,CONTAINS
2E5h_Z5On2oB9WnlvUr_A3,15_bC4FTv02hB3jHvFujaY,CONTAINS
2E5h_Z5On2oB9WnlvUr_A3,15_bC4FTv02hB3jHvFujaw,CONTAINS
2E5h_Z5On2oB9WnlvUr_A3,15_bC4FTv02hB3jHvFujam,CONTAINS
2E5h_Z5On2oB9WnlvUr_A3,15_bC4FTv02hB3jHvFujbT,CONTAINS
2E5h_Z5On2oB9WnlvUr_A3,15_bC4FTv02hB3jHvFujaX,CONTAINS
2E5h_Z5On2oB9WnlvUr_A3,15_bC4FTv02hB3jHvFujbG,CONTAINS
2E5h_Z5On2oB9WnlvUr_A3,15_bC4FTv02hB3jHvFujbU,CONTAINS
2E5h_Z5On2oB9WnlvUr_A3,15_bC4FTv02hB3jHvFujb1,CONTAINS
2E5h_Z5On2oB9WnlvUr_A3,15_bC4FTv02hB3jHvFujbE,CONTAINS
2E5h_Z5On2oB9WnlvUr_A3,15_bC4FTv02hB3jHvFujb2,CONTAINS
2E5h_Z5On2oB9WnlvUr_A3,15_bC4FTv02hB3jHvFujb5,CONTAINS
2E5h_Z5On2oB9WnlvUr_A3,15_bC4FTv02hB3jHvFujgS,CONTAINS
2E5h_Z5On2oB9WnlvUr_A3,15_bC4FTv02hB3jHvFujgY,CONTAINS
2E5h_Z5On2oB9WnlvUr_A3,15_bC4FTv02hB3jHvFujgN,CONTAINS
2E5h_Z5On2oB9WnlvUr_A3,15_bC4FTv02hB3jHvFujgG,CONTAINS
2E5h_Z5On2oB9WnlvUr_A3,15_bC4FTv02hB3jHvFujgg,CONTAINS
2E5h_Z5On2oB9WnlvUr_A3,15_bC4FTv02hB3jHvFujal,CONTAINS
2E5h_Z5On2oB9WnlvUr_A3,15_bC4FTv02hB3jHvFujae,CONTAINS
2E5h_Z5On2oB9WnlvUr_A3,15_bC4FTv02hB3jHvFujaL,CONTAINS
2E5h_Z5On2oB9WnlvUr_A3,15_bC4FTv02hB3jHvFujat,CONTAINS
2E5h_Z5On2oB9WnlvUr_A3,15_bC4FTv02hB3jHvFujau,CONTAINS
2E5h_Z5On2oB9WnlvUr_A3,15_bC4FTv02hB3jHvFujaz,CONTAINS
2E5h_Z5On2oB9WnlvUr_AE,15_bC4FTv02hB3jHvFujp6,CONTAINS
2E5h_Z5On2oB9WnlvUr_AE,15_bC4FTv02hB3jHvFujp0,CONTAINS
2E5h_Z5On2oB9WnlvUr_A3,15_bC4FTv02hB3jHvFujfX,CONTAINS
2E5h_Z5On2oB9WnlvUr_A3,15_bC4FTv02hB3jHvFujfd,CONTAINS
2E5h_Z5On2oB9WnlvUr_AE,15_bC4FTv02hB3jHvFujpo,CONTAINS
2E5h_Z5On2oB9WnlvUr_AE,15_bC4FTv02hB3jHvFujpy,CONTAINS
2E5h_Z5On2oB9WnlvUr_A0,15_bC4FTv02hB3jHvFujfE,CONTAINS
2E5h_Z5On2oB9WnlvUr_A0,15_bC4FTv02hB3jHvFujfQ,CONTAINS
2E5h_Z5On2oB9WnlvUr_A0,15_bC4FTv02hB3jHvFujfS,CONTAINS
2E5h_Z5On2oB9WnlvUr_A0,15_bC4FTv02hB3jHvFujf7,CONTAINS
2E5h_Z5On2oB9WnlvUr_A0,15_bC4FTv02hB3jHvFujfP,CONTAINS
2E5h_Z5On2oB9WnlvUr_A0,15_bC4FTv02hB3jHvFujf0,CONTAINS
2E5h_Z5On2oB9WnlvUr_A0,15_bC4FTv02hB3jHvFujfD,CONTAINS
2E5h_Z5On2oB9WnlvUr_A0,15_bC4FTv02hB3jHvFujen,CONTAINS
2E5h_Z5On2oB9WnlvUr_A3,15_bC4FTv02hB3jHvFujfY,CONTAINS
2E5h_Z5On2oB9WnlvUr_A0,15_bC4FTv02hB3jHvFujfB,CONTAINS
2E5h_Z5On2oB9WnlvUr_A0,15_bC4FTv02hB3jHvFujeq,CONTAINS
2E5h_Z5On2oB9WnlvUr_A3,15_bC4FTv02hB3jHvFujfi,CONTAINS
2E5h_Z5On2oB9WnlvUr_A3,15_bC4FTv02hB3jHvFujfk,CONTAINS
2E5h_Z5On2oB9WnlvUr_A0,15_bC4FTv02hB3jHvFujfe,CONTAINS
2E5h_Z5On2oB9WnlvUr_A0,15_bC4FTv02hB3jHvFujfL,CONTAINS
2E5h_Z5On2oB9WnlvUr_A0,15_bC4FTv02hB3jHvFujfM,CONTAINS
2E5h_Z5On2oB9WnlvUr_A0,15_bC4FTv02hB3jHvFujfJ,CONTAINS
2E5h_Z5On2oB9WnlvUr_A3,15_bC4FTv02hB3jHvFujfz,CONTAINS
2E5h_Z5On2oB9WnlvUr_A3,15_bC4FTv02hB3jHvFujfp,CONTAINS
2E5h_Z5On2oB9WnlvUr_A3,15_bC4FTv02hB3jHvFujfx,CONTAINS
2E5h_Z5On2oB9WnlvUr_A3,15_bC4FTv02hB3jHvFujfb,CONTAINS
2E5h_Z5On2oB9WnlvUr_A3,15_bC4FTv02hB3jHvFujf$,CONTAINS
2E5h_Z5On2oB9WnlvUr_A3,15_bC4FTv02hB3jHvFujfn,CONTAINS
2E5h_Z5On2oB9WnlvUr_A3,15_bC4FTv02hB3jHvFujft,CONTAINS
2E5h_Z5On2oB9WnlvUr_A3,15_bC4FTv02hB3jHvFujfr,CONTAINS
2E5h_Z5On2oB9WnlvUr_A0,15_bC4FTv02hB3jHvFujXb,CONTAINS
2E5h_Z5On2oB9WnlvUr_A0,15_bC4FTv02hB3jHvFujXu,CONTAINS
2E5h_Z5On2oB9WnlvUr_A3,15_bC4FTv02hB3jHvFujaO,CONTAINS
2E5h_Z5On2oB9WnlvUr_A3,15_bC4FTv02hB3jHvFujaU,CONTAINS
2E5h_Z5On2oB9WnlvUr_A3,15_bC4FTv02hB3jHvFujaQ,CONTAINS
2E5h_Z5On2oB9WnlvUr_A0,15_bC4FTv02hB3jHvFujcA,CONTAINS
2E5h_Z5On2oB9WnlvUr_A0,15_bC4FTv02hB3jHvFujXq,CONTAINS
2E5h_Z5On2oB9WnlvUr_A0,15_bC4FTv02hB3jHvFujXd,CONTAINS
2E5h_Z5On2oB9WnlvUr_A0,15_bC4FTv02hB3jHvFujXX,CONTAINS
2E5h_Z5On2oB9WnlvUr_A0,15_bC4FTv02hB3jHvFujXZ,CONTAINS
2E5h_Z5On2oB9WnlvUr_A3,15_bC4FTv02hB3jHvFujc_,CONTAINS
2E5h_Z5On2oB9WnlvUr_A3,15_bC4FTv02hB3jHvFujcn,CONTAINS
2E5h_Z5On2oB9WnlvUr_A3,15_bC4FTv02hB3jHvFujcz,CONTAINS
2E5h_Z5On2oB9WnlvUr_A3,15_bC4FTv02hB3jHvFujco,CONTAINS
2E5h_Z5On2oB9WnlvUr_A3,15_bC4FTv02hB3jHvFujcc,CONTAINS
2E5h_Z5On2oB9WnlvUr_A3,15_bC4FTv02hB3jHvFujcv,CONTAINS
2E5h_Z5On2oB9WnlvUr_A3,15_bC4FTv02hB3jHvFujcu,CONTAINS
2E5h_Z5On2oB9WnlvUr_A3,15_bC4FTv02hB3jHvFujcw,CONTAINS
2E5h_Z5On2oB9WnlvUr_A3,15_bC4FTv02hB3jHvFujca,CONTAINS
2E5h_Z5On2oB9WnlvUr_A0,15_bC4FTv02hB3jHvFujc3,CONTAINS
2E5h_Z5On2oB9WnlvUr_A0,15_bC4FTv02hB3jHvFujc1,CONTAINS
2E5h_Z5On2oB9WnlvUr_A3,15_bC4FTv02hB3jHvFujcY,CONTAINS
2E5h_Z5On2oB9WnlvUr_A3,15_bC4FTv02hB3jHvFujcZ,CONTAINS
2E5h_Z5On2oB9WnlvUr_A0,15_bC4FTv02hB3jHvFujc6,CONTAINS
2E5h_Z5On2oB9WnlvUr_A3,15_bC4FTv02hB3jHvFujdw,CONTAINS
2E5h_Z5On2oB9WnlvUr_A3,15_bC4FTv02hB3jHvFujdz,CONTAINS
2E5h_Z5On2oB9WnlvUr_A3,15_bC4FTv02hB3jHvFujdu,CONTAINS
2E5h_Z5On2oB9WnlvUr_A3,15_bC4FTv02hB3jHvFujd$,CONTAINS
2E5h_Z5On2oB9WnlvUr_A3,15_bC4FTv02hB3jHvFujd1,CONTAINS
2E5h_Z5On2oB9WnlvUr_A3,15_bC4FTv02hB3jHvFujdB,CONTAINS
2E5h_Z5On2oB9WnlvUr_A3,15_bC4FTv02hB3jHvFujdF,CONTAINS
2E5h_Z5On2oB9WnlvUr_A3,15_bC4FTv02hB3jHvFujdD,CONTAINS
2E5h_Z5On2oB9WnlvUr_A3,15_bC4FTv02hB3jHvFujd2,CONTAINS
2E5h_Z5On2oB9WnlvUr_A3,15_bC4FTv02hB3jHvFujd6,CONTAINS
2E5h_Z5On2oB9WnlvUr_A3,15_bC4FTv02hB3jHvFujcm,CONTAINS
2E5h_Z5On2oB9WnlvUr_A3,15_bC4FTv02hB3jHvFujct,CONTAINS
2E5h_Z5On2oB9WnlvUr_A3,15_bC4FTv02hB3jHvFujdA,CONTAINS
2E5h_Z5On2oB9WnlvUr_A3,15_bC4FTv02hB3jHvFujd9,CONTAINS
2E5h_Z5On2oB9WnlvUr_A3,15_bC4FTv02hB3jHvFujdn,CONTAINS
2E5h_Z5On2oB9WnlvUr_A3,15_bC4FTv02hB3jHvFujaA,CONTAINS
2E5h_Z5On2oB9WnlvUr_A3,15_bC4FTv02hB3jHvFujdq,CONTAINS
2E5h_Z5On2oB9WnlvUr_A3,15_bC4FTv02hB3jHvFujdt,CONTAINS
2E5h_Z5On2oB9WnlvUr_A3,15_bC4FTv02hB3jHvFuja3,CONTAINS
2E5h_Z5On2oB9WnlvUr_A3,15_bC4FTv02hB3jHvFujaC,CONTAINS
2E5h_Z5On2oB9WnlvUr_A3,15_bC4FTv02hB3jHvFujaE,CONTAINS
2E5h_Z5On2oB9WnlvUr_A3,15_bC4FTv02hB3jHvFujds,CONTAINS
2E5h_Z5On2oB9WnlvUr_A3,15_bC4FTv02hB3jHvFujaM,CONTAINS
2E5h_Z5On2oB9WnlvUr_A3,15_bC4FTv02hB3jHvFujaT,CONTAINS
2E5h_Z5On2oB9WnlvUr_A3,15_bC4FTv02hB3jHvFujdZ,CONTAINS
2E5h_Z5On2oB9WnlvUr_A3,15_bC4FTv02hB3jHvFujdj,CONTAINS
2E5h_Z5On2oB9WnlvUr_A3,15_bC4FTv02hB3jHvFujdl,CONTAINS
2E5h_Z5On2oB9WnlvUr_A3,15_bC4FTv02hB3jHvFujdf,CONTAINS
2E5h_Z5On2oB9WnlvUr_A3,15_bC4FTv02hB3jHvFujdX,CONTAINS
2E5h_Z5On2oB9WnlvUr_A3,15_bC4FTv02hB3jHvFujdv,CONTAINS
2E5h_Z5On2oB9WnlvUr_A3,15_bC4FTv02hB3jHvFujdb,CONTAINS
2E5h_Z5On2oB9WnlvUr_A3,15_bC4FTv02hB3jHvFujdG,CONTAINS
2E5h_Z5On2oB9WnlvUr_A3,15_bC4FTv02hB3jHvFujdI,CONTAINS
2E5h_Z5On2oB9WnlvUr_A3,15_bC4FTv02hB3jHvFujdS,CONTAINS
2E5h_Z5On2oB9WnlvUr_A3,15_bC4FTv02hB3jHvFujdT,CONTAINS
2E5h_Z5On2oB9WnlvUr_A3,15_bC4FTv02hB3jHvFujdR,CONTAINS
2E5h_Z5On2oB9WnlvUr_A3,15_bC4FTv02hB3jHvFujdK,CONTAINS
2E5h_Z5On2oB9WnlvUr_A3,15_bC4FTv02hB3jHvFujdL,CONTAINS
2E5h_Z5On2oB9WnlvUr_A3,15_bC4FTv02hB3jHvFujdJ,CONTAINS
2E5h_Z5On2oB9WnlvUr_A3,15_bC4FTv02hB3jHvFujdM,CONTAINS
2E5h_Z5On2oB9WnlvUr_A3,15_bC4FTv02hB3jHvFujdg,CONTAINS
2E5h_Z5On2oB9WnlvUr_A3,15_bC4FTv02hB3jHvFujeP,CONTAINS
2E5h_Z5On2oB9WnlvUr_A3,15_bC4FTv02hB3jHvFujeO,CONTAINS
2E5h_Z5On2oB9WnlvUr_A3,15_bC4FTv02hB3jHvFujeh,CONTAINS
2E5h_Z5On2oB9WnlvUr_A3,15_bC4FTv02hB3jHvFujef,CONTAINS
2E5h_Z5On2oB9WnlvUr_A3,15_bC4FTv02hB3jHvFujeL,CONTAINS
2E5h_Z5On2oB9WnlvUr_A3,15_bC4FTv02hB3jHvFujhy,CONTAINS
2E5h_Z5On2oB9WnlvUr_A3,15_bC4FTv02hB3jHvFujeB,CONTAINS
2E5h_Z5On2oB9WnlvUr_A3,15_bC4FTv02hB3jHvFujht,CONTAINS
2E5h_Z5On2oB9WnlvUr_A3,15_bC4FTv02hB3jHvFujeA,CONTAINS
2E5h_Z5On2oB9WnlvUr_A3,15_bC4FTv02hB3jHvFujhv,CONTAINS
2E5h_Z5On2oB9WnlvUr_A3,15_bC4FTv02hB3jHvFujhx,CONTAINS
2E5h_Z5On2oB9WnlvUr_A3,15_bC4FTv02hB3jHvFujhn,CONTAINS
2E5h_Z5On2oB9WnlvUr_A3,15_bC4FTv02hB3jHvFujhb,CONTAINS
2E5h_Z5On2oB9WnlvUr_A3,15_bC4FTv02hB3jHvFujhY,CONTAINS
2E5h_Z5On2oB9WnlvUr_A3,15_bC4FTv02hB3jHvFujhc,CONTAINS
2E5h_Z5On2oB9WnlvUr_A3,15_bC4FTv02hB3jHvFujhX,CONTAINS
2E5h_Z5On2oB9WnlvUr_A3,15_bC4FTv02hB3jHvFujhW,CONTAINS
2E5h_Z5On2oB9WnlvUr_A3,15_bC4FTv02hB3jHvFujhg,CONTAINS
2E5h_Z5On2oB9WnlvUr_A3,15_bC4FTv02hB3jHvFujhl,CONTAINS
2E5h_Z5On2oB9WnlvUr_A3,15_bC4FTv02hB3jHvFujeN,CONTAINS
2E5h_Z5On2oB9WnlvUr_A3,15_bC4FTv02hB3jHvFujhV,CONTAINS
2E5h_Z5On2oB9WnlvUr_A3,15_bC4FTv02hB3jHvFujgc,CONTAINS
2E5h_Z5On2oB9WnlvUr_A3,15_bC4FTv02hB3jHvFujgm,CONTAINS
2E5h_Z5On2oB9WnlvUr_A3,15_bC4FTv02hB3jHvFujgt,CONTAINS
2E5h_Z5On2oB9WnlvUr_A3,15_bC4FTv02hB3jHvFujgq,CONTAINS
2E5h_Z5On2oB9WnlvUr_A3,15_bC4FTv02hB3jHvFujh3,CONTAINS
2E5h_Z5On2oB9WnlvUr_A3,15_bC4FTv02hB3jHvFujgu,CONTAINS
2E5h_Z5On2oB9WnlvUr_A3,15_bC4FTv02hB3jHvFujgx,CONTAINS
2E5h_Z5On2oB9WnlvUr_A3,15_bC4FTv02hB3jHvFujg_,CONTAINS
2E5h_Z5On2oB9WnlvUr_A3,15_bC4FTv02hB3jHvFujhP,CONTAINS
2E5h_Z5On2oB9WnlvUr_A3,15_bC4FTv02hB3jHvFujh7,CONTAINS
2E5h_Z5On2oB9WnlvUr_A3,15_bC4FTv02hB3jHvFujhR,CONTAINS
2E5h_Z5On2oB9WnlvUr_A3,15_bC4FTv02hB3jHvFujh5,CONTAINS
2E5h_Z5On2oB9WnlvUr_A3,15_bC4FTv02hB3jHvFuje2,CONTAINS
2E5h_Z5On2oB9WnlvUr_A3,15_bC4FTv02hB3jHvFujeQ,CONTAINS
2E5h_Z5On2oB9WnlvUr_A3,15_bC4FTv02hB3jHvFuje7,CONTAINS
2E5h_Z5On2oB9WnlvUr_A3,15_bC4FTv02hB3jHvFuje6,CONTAINS
2E5h_Z5On2oB9WnlvUr_A3,15_bC4FTv02hB3jHvFuje5,CONTAINS
2E5h_Z5On2oB9WnlvUr_A3,15_bC4FTv02hB3jHvFujhC,CONTAINS
2E5h_Z5On2oB9WnlvUr_A3,15_bC4FTv02hB3jHvFujhA,CONTAINS
2E5h_Z5On2oB9WnlvUr_A3,15_bC4FTv02hB3jHvFujh1,CONTAINS
2E5h_Z5On2oB9WnlvUr_A0,15_bC4FTv02hB3jHvFujXs,CONTAINS
2E5h_Z5On2oB9WnlvUr_A0,15_bC4FTv02hB3jHvFujXp,CONTAINS
2E5h_Z5On2oB9WnlvUr_A3,15_bC4FTv02hB3jHvFujej,CONTAINS
2E5h_Z5On2oB9WnlvUr_A0,15_bC4FTv02hB3jHvFujc9,CONTAINS
2E5h_Z5On2oB9WnlvUr_A0,15_bC4FTv02hB3jHvFujcC,CONTAINS
2E5h_Z5On2oB9WnlvUr_A0,15_bC4FTv02hB3jHvFujXy,CONTAINS
2E5h_Z5On2oB9WnlvUr_A0,15_bC4FTv02hB3jHvFujX_,CONTAINS
2E5h_Z5On2oB9WnlvUr_A0,15_bC4FTv02hB3jHvFujeo,CONTAINS
2E5h_Z5On2oB9WnlvUr_A3,15_bC4FTv02hB3jHvFujev,CONTAINS
2E5h_Z5On2oB9WnlvUr_A3,15_bC4FTv02hB3jHvFujeX,CONTAINS
2E5h_Z5On2oB9WnlvUr_A3,15_bC4FTv02hB3jHvFujea,CONTAINS
2E5h_Z5On2oB9WnlvUr_A3,15_bC4FTv02hB3jHvFujew,CONTAINS
2E5h_Z5On2oB9WnlvUr_A3,15_bC4FTv02hB3jHvFujhT,CONTAINS
2E5h_Z5On2oB9WnlvUr_A3,15_bC4FTv02hB3jHvFujhJ,CONTAINS
2E5h_Z5On2oB9WnlvUr_A3,15_bC4FTv02hB3jHvFujhI,CONTAINS
2E5h_Z5On2oB9WnlvUr_A3,15_bC4FTv02hB3jHvFujel,CONTAINS
2E5h_Z5On2oB9WnlvUr_A0,15_bC4FTv02hB3jHvFujYj,CONTAINS
2E5h_Z5On2oB9WnlvUr_A0,15_bC4FTv02hB3jHvFujYY,CONTAINS
2E5h_Z5On2oB9WnlvUr_A0,15_bC4FTv02hB3jHvFujYg,CONTAINS
2E5h_Z5On2oB9WnlvUr_A0,15_bC4FTv02hB3jHvFujYe,CONTAINS
2E5h_Z5On2oB9WnlvUr_A0,15_bC4FTv02hB3jHvFujY4,CONTAINS
2E5h_Z5On2oB9WnlvUr_A0,15_bC4FTv02hB3jHvFujYQ,CONTAINS
2E5h_Z5On2oB9WnlvUr_A0,15_bC4FTv02hB3jHvFujYU,CONTAINS
2E5h_Z5On2oB9WnlvUr_A0,15_bC4FTv02hB3jHvFujZ1,CONTAINS
2E5h_Z5On2oB9WnlvUr_A0,15_bC4FTv02hB3jHvFujZ3,CONTAINS
2E5h_Z5On2oB9WnlvUr_A0,15_bC4FTv02hB3jHvFujZD,CONTAINS
2E5h_Z5On2oB9WnlvUr_A0,15_bC4FTv02hB3jHvFujYs,CONTAINS
2E5h_Z5On2oB9WnlvUr_A0,15_bC4FTv02hB3jHvFujYn,CONTAINS
2E5h_Z5On2oB9WnlvUr_A0,15_bC4FTv02hB3jHvFujYo,CONTAINS
2E5h_Z5On2oB9WnlvUr_A0,15_bC4FTv02hB3jHvFujZ9,CONTAINS
2E5h_Z5On2oB9WnlvUr_A0,15_bC4FTv02hB3jHvFujYz,CONTAINS
2E5h_Z5On2oB9WnlvUr_A0,15_bC4FTv02hB3jHvFujZ8,CONTAINS
2E5h_Z5On2oB9WnlvUr_A0,15_bC4FTv02hB3jHvFujYq,CONTAINS
2E5h_Z5On2oB9WnlvUr_A0,15_bC4FTv02hB3jHvFujYb,CONTAINS
2E5h_Z5On2oB9WnlvUr_A0,15_bC4FTv02hB3jHvFujYW,CONTAINS
2E5h_Z5On2oB9WnlvUr_A0,15_bC4FTv02hB3jHvFujYu,CONTAINS
2E5h_Z5On2oB9WnlvUr_A0,15_bC4FTv02hB3jHvFujYw,CONTAINS
2E5h_Z5On2oB9WnlvUr_A0,15_bC4FTv02hB3jHvFujY_,CONTAINS
2E5h_Z5On2oB9WnlvUr_A0,15_bC4FTv02hB3jHvFujYL,CONTAINS
2E5h_Z5On2oB9WnlvUr_A0,15_bC4FTv02hB3jHvFujWy,CONTAINS
2E5h_Z5On2oB9WnlvUr_A0,15_bC4FTv02hB3jHvFujW_,CONTAINS
2E5h_Z5On2oB9WnlvUr_A0,15_bC4FTv02hB3jHvFujWu,CONTAINS
2E5h_Z5On2oB9WnlvUr_A0,15_bC4FTv02hB3jHvFujZU,CONTAINS
2E5h_Z5On2oB9WnlvUr_A0,15_bC4FTv02hB3jHvFujZQ,CONTAINS
2E5h_Z5On2oB9WnlvUr_A0,15_bC4FTv02hB3jHvFujZF,CONTAINS
2E5h_Z5On2oB9WnlvUr_A0,15_bC4FTv02hB3jHvFujZS,CONTAINS
2E5h_Z5On2oB9WnlvUr_A0,15_bC4FTv02hB3jHvFujZ4,CONTAINS
2E5h_Z5On2oB9WnlvUr_A0,15_bC4FTv02hB3jHvFujWK,CONTAINS
2E5h_Z5On2oB9WnlvUr_A0,15_bC4FTv02hB3jHvFujWk,CONTAINS
2E5h_Z5On2oB9WnlvUr_A0,15_bC4FTv02hB3jHvFujWj,CONTAINS
2E5h_Z5On2oB9WnlvUr_A0,15_bC4FTv02hB3jHvFujWZ,CONTAINS
2E5h_Z5On2oB9WnlvUr_A0,15_bC4FTv02hB3jHvFujWX,CONTAINS
2E5h_Z5On2oB9WnlvUr_A0,15_bC4FTv02hB3jHvFujWg,CONTAINS
2E5h_Z5On2oB9WnlvUr_A0,15_bC4FTv02hB3jHvFujWe,CONTAINS
2E5h_Z5On2oB9WnlvUr_A0,15_bC4FTv02hB3jHvFujWd,CONTAINS
2E5h_Z5On2oB9WnlvUr_A0,15_bC4FTv02hB3jHvFujWb,CONTAINS
2E5h_Z5On2oB9WnlvUr_A0,15_bC4FTv02hB3jHvFujZZ,CONTAINS
2E5h_Z5On2oB9WnlvUr_A0,15_bC4FTv02hB3jHvFujZc,CONTAINS
2E5h_Z5On2oB9WnlvUr_A0,15_bC4FTv02hB3jHvFujZu,CONTAINS
2E5h_Z5On2oB9WnlvUr_A0,15_bC4FTv02hB3jHvFujZ_,CONTAINS
2E5h_Z5On2oB9WnlvUr_A0,15_bC4FTv02hB3jHvFujZp,CONTAINS
2E5h_Z5On2oB9WnlvUr_A0,15_bC4FTv02hB3jHvFujZz,CONTAINS
2E5h_Z5On2oB9WnlvUr_A0,15_bC4FTv02hB3jHvFugTw,CONTAINS
2E5h_Z5On2oB9WnlvUr_A0,15_bC4FTv02hB3jHvFugTW,CONTAINS
2E5h_Z5On2oB9WnlvUr_A0,15_bC4FTv02hB3jHvFugTy,CONTAINS
2E5h_Z5On2oB9WnlvUr_A0,15_bC4FTv02hB3jHvFugTv,CONTAINS
2E5h_Z5On2oB9WnlvUr_A0,15_bC4FTv02hB3jHvFujY9,CONTAINS
2E5h_Z5On2oB9WnlvUr_A0,15_bC4FTv02hB3jHvFujY8,CONTAINS
2E5h_Z5On2oB9WnlvUr_A0,15_bC4FTv02hB3jHvFujY6,CONTAINS
2E5h_Z5On2oB9WnlvUr_A0,15_bC4FTv02hB3jHvFujY0,CONTAINS
2E5h_Z5On2oB9WnlvUr_A0,15_bC4FTv02hB3jHvFujY2,CONTAINS
2E5h_Z5On2oB9WnlvUr_A0,15_bC4FTv02hB3jHvFugTn,CONTAINS
2E5h_Z5On2oB9WnlvUr_A0,15_bC4FTv02hB3jHvFujYA,CONTAINS
2E5h_Z5On2oB9WnlvUr_A0,15_bC4FTv02hB3jHvFujW9,CONTAINS
2E5h_Z5On2oB9WnlvUr_A0,15_bC4FTv02hB3jHvFujWB,CONTAINS
2E5h_Z5On2oB9WnlvUr_A0,15_bC4FTv02hB3jHvFujZt,CONTAINS
2E5h_Z5On2oB9WnlvUr_A0,15_bC4FTv02hB3jHvFujZn,CONTAINS
2E5h_Z5On2oB9WnlvUr_A0,15_bC4FTv02hB3jHvFujZr,CONTAINS
2E5h_Z5On2oB9WnlvUr_A0,15_bC4FTv02hB3jHvFujXl,CONTAINS
2E5h_Z5On2oB9WnlvUr_A0,15_bC4FTv02hB3jHvFujXM,CONTAINS
2E5h_Z5On2oB9WnlvUr_A0,15_bC4FTv02hB3jHvFujXL,CONTAINS
2E5h_Z5On2oB9WnlvUr_A0,15_bC4FTv02hB3jHvFujXG,CONTAINS
2E5h_Z5On2oB9WnlvUr_A0,15_bC4FTv02hB3jHvFujXh,CONTAINS
2E5h_Z5On2oB9WnlvUr_A0,15_bC4FTv02hB3jHvFujXC,CONTAINS
2E5h_Z5On2oB9WnlvUr_A0,15_bC4FTv02hB3jHvFujX5,CONTAINS
2E5h_Z5On2oB9WnlvUr_A0,15_bC4FTv02hB3jHvFujXf,CONTAINS
2E5h_Z5On2oB9WnlvUr_A0,15_bC4FTv02hB3jHvFujX2,CONTAINS
2E5h_Z5On2oB9WnlvUr_A0,15_bC4FTv02hB3jHvFujXO,CONTAINS
2E5h_Z5On2oB9WnlvUr_A0,15_bC4FTv02hB3jHvFujX6,CONTAINS
2E5h_Z5On2oB9WnlvUr_A0,15_bC4FTv02hB3jHvFujXE,CONTAINS
2E5h_Z5On2oB9WnlvUr_A0,15_bC4FTv02hB3jHvFujWs,CONTAINS
2E5h_Z5On2oB9WnlvUr_A0,15_bC4FTv02hB3jHvFujX8,CONTAINS
2E5h_Z5On2oB9WnlvUr_A0,15_bC4FTv02hB3jHvFujWq,CONTAINS
2E5h_Z5On2oB9WnlvUr_A0,15_bC4FTv02hB3jHvFujWo,CONTAINS
2E5h_Z5On2oB9WnlvUr_A0,15_bC4FTv02hB3jHvFujWm,CONTAINS
2E5h_Z5On2oB9WnlvUr_A0,15_bC4FTv02hB3jHvFujW7,CONTAINS
2E5h_Z5On2oB9WnlvUr_A0,15_bC4FTv02hB3jHvFujW0,CONTAINS
2E5h_Z5On2oB9WnlvUr_A0,15_bC4FTv02hB3jHvFujW2,CONTAINS
2E5h_Z5On2oB9WnlvUr_AC,15_bC4FTv02hB3jHvFuj46,CONTAINS
2E5h_Z5On2oB9WnlvUr_AC,15_bC4FTv02hB3jHvFuj44,CONTAINS
2E5h_Z5On2oB9WnlvUr_AC,15_bC4FTv02hB3jHvFuj47,CONTAINS
2E5h_Z5On2oB9WnlvUr_A1,15_bC4FTv02hB3jHvFuj7N,CONTAINS
2E5h_Z5On2oB9WnlvUr_A1,15_bC4FTv02hB3jHvFuj7h,CONTAINS
2E5h_Z5On2oB9WnlvUr_AC,15_bC4FTv02hB3jHvFuj4Q,CONTAINS
2E5h_Z5On2oB9WnlvUr_AC,15_bC4FTv02hB3jHvFuj4R,CONTAINS
2E5h_Z5On2oB9WnlvUr_AC,15_bC4FTv02hB3jHvFuj4G,CONTAINS
2E5h_Z5On2oB9WnlvUr_AC,15_bC4FTv02hB3jHvFuj4J,CONTAINS
2E5h_Z5On2oB9WnlvUr_AC,15_bC4FTv02hB3jHvFuj4K,CONTAINS
2E5h_Z5On2oB9WnlvUr_AC,15_bC4FTv02hB3jHvFuj4M,CONTAINS
2E5h_Z5On2oB9WnlvUr_AF,15_bC4FTv02hB3jHvFujAH,CONTAINS
2E5h_Z5On2oB9WnlvUr_AF,15_bC4FTv02hB3jHvFujAK,CONTAINS
2E5h_Z5On2oB9WnlvUr_AF,15_bC4FTv02hB3jHvFujAL,CONTAINS
2E5h_Z5On2oB9WnlvUr_AF,15_bC4FTv02hB3jHvFujAg,CONTAINS
2E5h_Z5On2oB9WnlvUr_AF,15_bC4FTv02hB3jHvFujAe,CONTAINS
2E5h_Z5On2oB9WnlvUr_AF,15_bC4FTv02hB3jHvFujAh,CONTAINS
2E5h_Z5On2oB9WnlvUr_AF,15_bC4FTv02hB3jHvFujAf,CONTAINS
2E5h_Z5On2oB9WnlvUr_AF,15_bC4FTv02hB3jHvFujAP,CONTAINS
2E5h_Z5On2oB9WnlvUr_AF,15_bC4FTv02hB3jHvFujAT,CONTAINS
2E5h_Z5On2oB9WnlvUr_AF,15_bC4FTv02hB3jHvFujAS,CONTAINS
2E5h_Z5On2oB9WnlvUr_AF,15_bC4FTv02hB3jHvFujAJ,CONTAINS
2E5h_Z5On2oB9WnlvUr_AF,15_bC4FTv02hB3jHvFujAa,CONTAINS
2E5h_Z5On2oB9WnlvUr_AF,15_bC4FTv02hB3jHvFujAd,CONTAINS
2E5h_Z5On2oB9WnlvUr_AF,15_bC4FTv02hB3jHvFujAc,CONTAINS
2E5h_Z5On2oB9WnlvUr_AF,15_bC4FTv02hB3jHvFujAW,CONTAINS
2E5h_Z5On2oB9WnlvUr_AF,15_bC4FTv02hB3jHvFujAb,CONTAINS
2E5h_Z5On2oB9WnlvUr_AF,15_bC4FTv02hB3jHvFujAx,CONTAINS
2E5h_Z5On2oB9WnlvUr_AF,15_bC4FTv02hB3jHvFujAj,CONTAINS
2E5h_Z5On2oB9WnlvUr_AF,15_bC4FTv02hB3jHvFujAi,CONTAINS
2E5h_Z5On2oB9WnlvUr_AF,15_bC4FTv02hB3jHvFujA_,CONTAINS
2E5h_Z5On2oB9WnlvUr_AF,15_bC4FTv02hB3jHvFujA$,CONTAINS
2E5h_Z5On2oB9WnlvUr_AF,15_bC4FTv02hB3jHvFujAy,CONTAINS
2E5h_Z5On2oB9WnlvUr_AF,15_bC4FTv02hB3jHvFujAv,CONTAINS
2E5h_Z5On2oB9WnlvUr_AF,15_bC4FTv02hB3jHvFujB6,CONTAINS
2E5h_Z5On2oB9WnlvUr_AF,15_bC4FTv02hB3jHvFujB4,CONTAINS
2E5h_Z5On2oB9WnlvUr_AF,15_bC4FTv02hB3jHvFujB7,CONTAINS
2E5h_Z5On2oB9WnlvUr_AF,15_bC4FTv02hB3jHvFujBP,CONTAINS
2E5h_Z5On2oB9WnlvUr_AF,15_bC4FTv02hB3jHvFujBQ,CONTAINS
2E5h_Z5On2oB9WnlvUr_AF,15_bC4FTv02hB3jHvFujBR,CONTAINS
2E5h_Z5On2oB9WnlvUr_AF,15_bC4FTv02hB3jHvFujBU,CONTAINS
2E5h_Z5On2oB9WnlvUr_A1,15_bC4FTv02hB3jHvFuj2K,CONTAINS
2E5h_Z5On2oB9WnlvUr_A1,15_bC4FTv02hB3jHvFuj2J,CONTAINS
2E5h_Z5On2oB9WnlvUr_A1,15_bC4FTv02hB3jHvFuj2g,CONTAINS
2E5h_Z5On2oB9WnlvUr_A1,15_bC4FTv02hB3jHvFuj2e,CONTAINS
2E5h_Z5On2oB9WnlvUr_A1,15_bC4FTv02hB3jHvFuj2C,CONTAINS
2E5h_Z5On2oB9WnlvUr_A1,15_bC4FTv02hB3jHvFuj29,CONTAINS
2E5h_Z5On2oB9WnlvUr_A1,15_bC4FTv02hB3jHvFuj28,CONTAINS
2E5h_Z5On2oB9WnlvUr_A1,15_bC4FTv02hB3jHvFuj2B,CONTAINS
2E5h_Z5On2oB9WnlvUr_A1,15_bC4FTv02hB3jHvFuj23,CONTAINS
2E5h_Z5On2oB9WnlvUr_A1,15_bC4FTv02hB3jHvFuj22,CONTAINS
2E5h_Z5On2oB9WnlvUr_A1,15_bC4FTv02hB3jHvFuj27,CONTAINS
2E5h_Z5On2oB9WnlvUr_A1,15_bC4FTv02hB3jHvFuj25,CONTAINS
2E5h_Z5On2oB9WnlvUr_A1,15_bC4FTv02hB3jHvFuj2S,CONTAINS
2E5h_Z5On2oB9WnlvUr_A1,15_bC4FTv02hB3jHvFuj2P,CONTAINS
2E5h_Z5On2oB9WnlvUr_A1,15_bC4FTv02hB3jHvFuj2U,CONTAINS
2E5h_Z5On2oB9WnlvUr_AC,15_bC4FTv02hB3jHvFuj4b,CONTAINS
2E5h_Z5On2oB9WnlvUr_AC,15_bC4FTv02hB3jHvFuj4w,CONTAINS
2E5h_Z5On2oB9WnlvUr_AC,15_bC4FTv02hB3jHvFuj4d,CONTAINS
2E5h_Z5On2oB9WnlvUr_AC,15_bC4FTv02hB3jHvFuj4X,CONTAINS
2E5h_Z5On2oB9WnlvUr_AC,15_bC4FTv02hB3jHvFuj4W,CONTAINS
2E5h_Z5On2oB9WnlvUr_A1,15_bC4FTv02hB3jHvFuj2k,CONTAINS
2E5h_Z5On2oB9WnlvUr_A1,15_bC4FTv02hB3jHvFuj2y,CONTAINS
2E5h_Z5On2oB9WnlvUr_A1,15_bC4FTv02hB3jHvFuj2$,CONTAINS
2E5h_Z5On2oB9WnlvUr_A1,15_bC4FTv02hB3jHvFuj2i,CONTAINS
2E5h_Z5On2oB9WnlvUr_AC,15_bC4FTv02hB3jHvFuj4u,CONTAINS
2E5h_Z5On2oB9WnlvUr_AC,15_bC4FTv02hB3jHvFuj4_,CONTAINS
2E5h_Z5On2oB9WnlvUr_AC,15_bC4FTv02hB3jHvFuj4r,CONTAINS
2E5h_Z5On2oB9WnlvUr_AC,15_bC4FTv02hB3jHvFuj5B,CONTAINS
2E5h_Z5On2oB9WnlvUr_AC,15_bC4FTv02hB3jHvFuj58,CONTAINS
2E5h_Z5On2oB9WnlvUr_AC,15_bC4FTv02hB3jHvFuj5E,CONTAINS
2E5h_Z5On2oB9WnlvUr_AC,15_bC4FTv02hB3jHvFuj5C,CONTAINS
2E5h_Z5On2oB9WnlvUr_AC,15_bC4FTv02hB3jHvFuj4j,CONTAINS
2E5h_Z5On2oB9WnlvUr_AC,15_bC4FTv02hB3jHvFuj4Y,CONTAINS
2E5h_Z5On2oB9WnlvUr_AC,15_bC4FTv02hB3jHvFuj4i,CONTAINS
2E5h_Z5On2oB9WnlvUr_AC,15_bC4FTv02hB3jHvFuj53,CONTAINS
2E5h_Z5On2oB9WnlvUr_AC,15_bC4FTv02hB3jHvFuj4k,CONTAINS
2E5h_Z5On2oB9WnlvUr_AC,15_bC4FTv02hB3jHvFuj4g,CONTAINS
2E5h_Z5On2oB9WnlvUr_AC,15_bC4FTv02hB3jHvFuj4e,CONTAINS
2E5h_Z5On2oB9WnlvUr_AC,15_bC4FTv02hB3jHvFuj4V,CONTAINS
2E5h_Z5On2oB9WnlvUr_AC,15_bC4FTv02hB3jHvFuj4T,CONTAINS
2E5h_Z5On2oB9WnlvUr_AC,15_bC4FTv02hB3jHvFuj4P,CONTAINS
2E5h_Z5On2oB9WnlvUr_AC,15_bC4FTv02hB3jHvFuj4m,CONTAINS
2E5h_Z5On2oB9WnlvUr_AC,15_bC4FTv02hB3jHvFuj4t,CONTAINS
2E5h_Z5On2oB9WnlvUr_AC,15_bC4FTv02hB3jHvFuj4n,CONTAINS
2E5h_Z5On2oB9WnlvUr_AC,15_bC4FTv02hB3jHvFuj4y,CONTAINS
2E5h_Z5On2oB9WnlvUr_AC,15_bC4FTv02hB3jHvFuj4o,CONTAINS
2E5h_Z5On2oB9WnlvUr_AC,15_bC4FTv02hB3jHvFuj4z,CONTAINS
2E5h_Z5On2oB9WnlvUr_A1,15_bC4FTv02hB3jHvFujy0,CONTAINS
2E5h_Z5On2oB9WnlvUr_A1,15_bC4FTv02hB3jHvFujy2,CONTAINS
2E5h_Z5On2oB9WnlvUr_A1,15_bC4FTv02hB3jHvFujy9,CONTAINS
2E5h_Z5On2oB9WnlvUr_A1,15_bC4FTv02hB3jHvFujyB,CONTAINS
2E5h_Z5On2oB9WnlvUr_A1,15_bC4FTv02hB3jHvFujyA,CONTAINS
2E5h_Z5On2oB9WnlvUr_A1,15_bC4FTv02hB3jHvFujy4,CONTAINS
2E5h_Z5On2oB9WnlvUr_A1,15_bC4FTv02hB3jHvFujyT,CONTAINS
2E5h_Z5On2oB9WnlvUr_A1,15_bC4FTv02hB3jHvFujyJ,CONTAINS
2E5h_Z5On2oB9WnlvUr_A1,15_bC4FTv02hB3jHvFujyV,CONTAINS
2E5h_Z5On2oB9WnlvUr_A1,15_bC4FTv02hB3jHvFujyP,CONTAINS
2E5h_Z5On2oB9WnlvUr_A1,15_bC4FTv02hB3jHvFujyO,CONTAINS
2E5h_Z5On2oB9WnlvUr_A1,15_bC4FTv02hB3jHvFuj3w,CONTAINS
2E5h_Z5On2oB9WnlvUr_A1,15_bC4FTv02hB3jHvFuj3d,CONTAINS
2E5h_Z5On2oB9WnlvUr_A1,15_bC4FTv02hB3jHvFuj3A,CONTAINS
2E5h_Z5On2oB9WnlvUr_A1,15_bC4FTv02hB3jHvFuj2t,CONTAINS
2E5h_Z5On2oB9WnlvUr_A1,15_bC4FTv02hB3jHvFuj2r,CONTAINS
2E5h_Z5On2oB9WnlvUr_A1,15_bC4FTv02hB3jHvFuj2m,CONTAINS
2E5h_Z5On2oB9WnlvUr_A1,15_bC4FTv02hB3jHvFuj0F,CONTAINS
2E5h_Z5On2oB9WnlvUr_A1,15_bC4FTv02hB3jHvFuj3s,CONTAINS
2E5h_Z5On2oB9WnlvUr_A1,15_bC4FTv02hB3jHvFuj3t,CONTAINS
2E5h_Z5On2oB9WnlvUr_A1,15_bC4FTv02hB3jHvFuj0A,CONTAINS
2E5h_Z5On2oB9WnlvUr_A1,15_bC4FTv02hB3jHvFuj0B,CONTAINS
2E5h_Z5On2oB9WnlvUr_A1,15_bC4FTv02hB3jHvFuj03,CONTAINS
2E5h_Z5On2oB9WnlvUr_A1,15_bC4FTv02hB3jHvFuj0C,CONTAINS
2E5h_Z5On2oB9WnlvUr_A1,15_bC4FTv02hB3jHvFuj0Q,CONTAINS
2E5h_Z5On2oB9WnlvUr_A1,15_bC4FTv02hB3jHvFuj04,CONTAINS
2E5h_Z5On2oB9WnlvUr_A1,15_bC4FTv02hB3jHvFuj7H,CONTAINS
2E5h_Z5On2oB9WnlvUr_A1,15_bC4FTv02hB3jHvFuj7U,CONTAINS
2E5h_Z5On2oB9WnlvUr_A1,15_bC4FTv02hB3jHvFuj79,CONTAINS
2E5h_Z5On2oB9WnlvUr_A1,15_bC4FTv02hB3jHvFuj0R,CONTAINS
2E5h_Z5On2oB9WnlvUr_A1,15_bC4FTv02hB3jHvFuj1e,CONTAINS
2E5h_Z5On2oB9WnlvUr_A1,15_bC4FTv02hB3jHvFuj1G,CONTAINS
2E5h_Z5On2oB9WnlvUr_A1,15_bC4FTv02hB3jHvFuj0L,CONTAINS
2E5h_Z5On2oB9WnlvUr_A1,15_bC4FTv02hB3jHvFuj0O,CONTAINS
2E5h_Z5On2oB9WnlvUr_A1,15_bC4FTv02hB3jHvFuj6l,CONTAINS
2E5h_Z5On2oB9WnlvUr_A1,15_bC4FTv02hB3jHvFuj1Y,CONTAINS
2E5h_Z5On2oB9WnlvUr_A1,15_bC4FTv02hB3jHvFuj6k,CONTAINS
2E5h_Z5On2oB9WnlvUr_A1,15_bC4FTv02hB3jHvFuj1s,CONTAINS
2E5h_Z5On2oB9WnlvUr_A1,15_bC4FTv02hB3jHvFuj1d,CONTAINS
2E5h_Z5On2oB9WnlvUr_A1,15_bC4FTv02hB3jHvFuj1i,CONTAINS
2E5h_Z5On2oB9WnlvUr_A1,15_bC4FTv02hB3jHvFuj0M,CONTAINS
2E5h_Z5On2oB9WnlvUr_A1,15_bC4FTv02hB3jHvFuj6J,CONTAINS
2E5h_Z5On2oB9WnlvUr_A1,15_bC4FTv02hB3jHvFuj0T,CONTAINS
2E5h_Z5On2oB9WnlvUr_A1,15_bC4FTv02hB3jHvFuj6n,CONTAINS
2E5h_Z5On2oB9WnlvUr_A1,15_bC4FTv02hB3jHvFuj6o,CONTAINS
2E5h_Z5On2oB9WnlvUr_A1,15_bC4FTv02hB3jHvFuj6p,CONTAINS
2E5h_Z5On2oB9WnlvUr_A1,15_bC4FTv02hB3jHvFuj6m,CONTAINS
2E5h_Z5On2oB9WnlvUr_A1,15_bC4FTv02hB3jHvFujzY,CONTAINS
2E5h_Z5On2oB9WnlvUr_A1,15_bC4FTv02hB3jHvFujzj,CONTAINS
2E5h_Z5On2oB9WnlvUr_A1,15_bC4FTv02hB3jHvFujzX,CONTAINS
2E5h_Z5On2oB9WnlvUr_A1,15_bC4FTv02hB3jHvFuj6t,CONTAINS
2E5h_Z5On2oB9WnlvUr_A1,15_bC4FTv02hB3jHvFuj6q,CONTAINS
2E5h_Z5On2oB9WnlvUr_A1,15_bC4FTv02hB3jHvFujzb,CONTAINS
2E5h_Z5On2oB9WnlvUr_A1,15_bC4FTv02hB3jHvFujza,CONTAINS
2E5h_Z5On2oB9WnlvUr_A1,15_bC4FTv02hB3jHvFujzW,CONTAINS
2E5h_Z5On2oB9WnlvUr_A1,15_bC4FTv02hB3jHvFuj2E,CONTAINS
2E5h_Z5On2oB9WnlvUr_A1,15_bC4FTv02hB3jHvFujzz,CONTAINS
2E5h_Z5On2oB9WnlvUr_A1,15_bC4FTv02hB3jHvFujzr,CONTAINS
2E5h_Z5On2oB9WnlvUr_A1,15_bC4FTv02hB3jHvFujzn,CONTAINS
2E5h_Z5On2oB9WnlvUr_A1,15_bC4FTv02hB3jHvFujz$,CONTAINS
2E5h_Z5On2oB9WnlvUr_A1,15_bC4FTv02hB3jHvFujzv,CONTAINS
2E5h_Z5On2oB9WnlvUr_A1,15_bC4FTv02hB3jHvFujzw,CONTAINS
2E5h_Z5On2oB9WnlvUr_A1,15_bC4FTv02hB3jHvFujyN,CONTAINS
2E5h_Z5On2oB9WnlvUr_A1,15_bC4FTv02hB3jHvFujz9,CONTAINS
2E5h_Z5On2oB9WnlvUr_A1,15_bC4FTv02hB3jHvFujyz,CONTAINS
2E5h_Z5On2oB9WnlvUr_A1,15_bC4FTv02hB3jHvFujyu,CONTAINS
2E5h_Z5On2oB9WnlvUr_A1,15_bC4FTv02hB3jHvFujzA,CONTAINS
2E5h_Z5On2oB9WnlvUr_A1,15_bC4FTv02hB3jHvFujym,CONTAINS
2E5h_Z5On2oB9WnlvUr_A1,15_bC4FTv02hB3jHvFujyj,CONTAINS
2E5h_Z5On2oB9WnlvUr_A1,15_bC4FTv02hB3jHvFujyw,CONTAINS
2E5h_Z5On2oB9WnlvUr_A1,15_bC4FTv02hB3jHvFujyd,CONTAINS
2E5h_Z5On2oB9WnlvUr_A1,15_bC4FTv02hB3jHvFujya,CONTAINS
2E5h_Z5On2oB9WnlvUr_A1,15_bC4FTv02hB3jHvFujyX,CONTAINS
2E5h_Z5On2oB9WnlvUr_A1,15_bC4FTv02hB3jHvFujyW,CONTAINS
2E5h_Z5On2oB9WnlvUr_A1,15_bC4FTv02hB3jHvFujyZ,CONTAINS
2E5h_Z5On2oB9WnlvUr_A1,15_bC4FTv02hB3jHvFujyk,CONTAINS
2E5h_Z5On2oB9WnlvUr_A1,15_bC4FTv02hB3jHvFujyf,CONTAINS
2E5h_Z5On2oB9WnlvUr_A1,15_bC4FTv02hB3jHvFujyg,CONTAINS
2E5h_Z5On2oB9WnlvUr_A1,15_bC4FTv02hB3jHvFujzP,CONTAINS
2E5h_Z5On2oB9WnlvUr_A1,15_bC4FTv02hB3jHvFujzU,CONTAINS
2E5h_Z5On2oB9WnlvUr_A1,15_bC4FTv02hB3jHvFujz4,CONTAINS
2E5h_Z5On2oB9WnlvUr_A1,15_bC4FTv02hB3jHvFujz7,CONTAINS
2E5h_Z5On2oB9WnlvUr_A1,15_bC4FTv02hB3jHvFujz0,CONTAINS
2E5h_Z5On2oB9WnlvUr_A1,15_bC4FTv02hB3jHvFujzR,CONTAINS
2E5h_Z5On2oB9WnlvUr_A1,15_bC4FTv02hB3jHvFujz2,CONTAINS
2E5h_Z5On2oB9WnlvUr_A1,15_bC4FTv02hB3jHvFujzl,CONTAINS
2E5h_Z5On2oB9WnlvUr_A1,15_bC4FTv02hB3jHvFujzM,CONTAINS
2E5h_Z5On2oB9WnlvUr_A1,15_bC4FTv02hB3jHvFujzH,CONTAINS
2E5h_Z5On2oB9WnlvUr_A1,15_bC4FTv02hB3jHvFujzJ,CONTAINS
2E5h_Z5On2oB9WnlvUr_A1,15_bC4FTv02hB3jHvFujzG,CONTAINS
2E5h_Z5On2oB9WnlvUr_A1,15_bC4FTv02hB3jHvFujzI,CONTAINS
2E5h_Z5On2oB9WnlvUr_A1,15_bC4FTv02hB3jHvFuj_Q,CONTAINS
2E5h_Z5On2oB9WnlvUr_A1,15_bC4FTv02hB3jHvFuj_H,CONTAINS
2E5h_Z5On2oB9WnlvUr_A1,15_bC4FTv02hB3jHvFuj_M,CONTAINS
2E5h_Z5On2oB9WnlvUr_A1,15_bC4FTv02hB3jHvFuj_h,CONTAINS
2E5h_Z5On2oB9WnlvUr_A1,15_bC4FTv02hB3jHvFuj_g,CONTAINS
2E5h_Z5On2oB9WnlvUr_A1,15_bC4FTv02hB3jHvFuj_5,CONTAINS
2E5h_Z5On2oB9WnlvUr_A1,15_bC4FTv02hB3jHvFuj_S,CONTAINS
2E5h_Z5On2oB9WnlvUr_A1,15_bC4FTv02hB3jHvFuj_I,CONTAINS
2E5h_Z5On2oB9WnlvUr_A1,15_bC4FTv02hB3jHvFuj_k,CONTAINS
2E5h_Z5On2oB9WnlvUr_A1,15_bC4FTv02hB3jHvFuj_G,CONTAINS
2E5h_Z5On2oB9WnlvUr_A1,15_bC4FTv02hB3jHvFuj_j,CONTAINS
2E5h_Z5On2oB9WnlvUr_A1,15_bC4FTv02hB3jHvFuj_d,CONTAINS
2E5h_Z5On2oB9WnlvUr_A1,15_bC4FTv02hB3jHvFuj_i,CONTAINS
2E5h_Z5On2oB9WnlvUr_A1,15_bC4FTv02hB3jHvFuj_Y,CONTAINS
2E5h_Z5On2oB9WnlvUr_A1,15_bC4FTv02hB3jHvFuj_X,CONTAINS
2E5h_Z5On2oB9WnlvUr_A1,15_bC4FTv02hB3jHvFuj_b,CONTAINS
2E5h_Z5On2oB9WnlvUr_A1,15_bC4FTv02hB3jHvFuj_o,CONTAINS
2E5h_Z5On2oB9WnlvUr_A1,15_bC4FTv02hB3jHvFuj__,CONTAINS
2E5h_Z5On2oB9WnlvUr_A1,15_bC4FTv02hB3jHvFuj$q,CONTAINS
2E5h_Z5On2oB9WnlvUr_A1,15_bC4FTv02hB3jHvFujyR,CONTAINS
2E5h_Z5On2oB9WnlvUr_A1,15_bC4FTv02hB3jHvFujyQ,CONTAINS
2E5h_Z5On2oB9WnlvUr_A1,15_bC4FTv02hB3jHvFujy5,CONTAINS
2E5h_Z5On2oB9WnlvUr_A1,15_bC4FTv02hB3jHvFuj_x,CONTAINS
2E5h_Z5On2oB9WnlvUr_A1,15_bC4FTv02hB3jHvFuj_w,CONTAINS
2E5h_Z5On2oB9WnlvUr_AF,149LTgaCP2dPClFXnjZX1z,CONTAINS
2E5h_Z5On2oB9WnlvUr_AF,149LTgaCP2dPClFXnjZX2S,CONTAINS
2E5h_Z5On2oB9WnlvUr_AF,149LTgaCP2dPClFXnjZXFe,CONTAINS
2E5h_Z5On2oB9WnlvUr_AF,149LTgaCP2dPClFXnjZX0m,CONTAINS
2E5h_Z5On2oB9WnlvUr_AF,2FQtY8kWXAmftdCTkMOU5y,CONTAINS
2E5h_Z5On2oB9WnlvUr_AF,2DSC6_nyb5U9VWiQfwhjyF,CONTAINS
2E5h_Z5On2oB9WnlvUr_AF,2UzzdzMwz219jo2XUF$QFl,CONTAINS
2E5h_Z5On2oB9WnlvUr_AF,149LTgaCP2dPClFXnjZX2H,CONTAINS
2E5h_Z5On2oB9WnlvUr_AF,149LTgaCP2dPClFXnjZX5x,CONTAINS
2E5h_Z5On2oB9WnlvUr_AF,3blRiqCIT4Z9XkuR6J_36H,CONTAINS
2E5h_Z5On2oB9WnlvUr_AF,2DSC6_nyb5U9VWiQfwhjyj,CONTAINS
2E5h_Z5On2oB9WnlvUr_AF,149LTgaCP2dPClFXnjZX2a,CONTAINS
2E5h_Z5On2oB9WnlvUr_AF,2DSC6_nyb5U9VWiQfwhjnf,CONTAINS
2E5h_Z5On2oB9WnlvUr_AC,1std56ykXFseZbhfQ4tozP,CONTAINS
2E5h_Z5On2oB9WnlvUr_AF,2DSC6_nyb5U9VWiQfwhjwk,CONTAINS
2E5h_Z5On2oB9WnlvUr_A2,3SNTkjECbDUuoqwEn1AJ7a,CONTAINS
2E5h_Z5On2oB9WnlvUr_A2,3SNTkjECbDUuoqwEn1AJ7T,CONTAINS
2E5h_Z5On2oB9WnlvUr_A2,3SNTkjECbDUuoqwEn1AIdH,CONTAINS
2E5h_Z5On2oB9WnlvUr_A2,3SNTkjECbDUuoqwEn1AIeQ,CONTAINS
2E5h_Z5On2oB9WnlvUr_A2,3SNTkjECbDUuoqwEn1AId6,CONTAINS
2E5h_Z5On2oB9WnlvUr_A2,3SNTkjECbDUuoqwEn1AIcy,CONTAINS
2E5h_Z5On2oB9WnlvUr_A2,3SNTkjECbDUuoqwEn1AJV0,CONTAINS
2E5h_Z5On2oB9WnlvUr_A2,3SNTkjECbDUuoqwEn1AJNL,CONTAINS
2E5h_Z5On2oB9WnlvUr_A2,3SNTkjECbDUuoqwEn1AJNQ,CONTAINS
2E5h_Z5On2oB9WnlvUr_A2,3SNTkjECbDUuoqwEn1AJNP,CONTAINS
2E5h_Z5On2oB9WnlvUr_A2,3SNTkjECbDUuoqwEn1AJNO,CONTAINS
2E5h_Z5On2oB9WnlvUr_A2,3SNTkjECbDUuoqwEn1AJ7R,CONTAINS
2E5h_Z5On2oB9WnlvUr_A2,3MGnm3fNz82Q21iqB$7u6V,CONTAINS
2E5h_Z5On2oB9WnlvUr_A2,3MGnm3fNz82Q21iqB$7u2A,CONTAINS
2E5h_Z5On2oB9WnlvUr_A2,3MGnm3fNz82Q21iqB$7u2y,CONTAINS
2E5h_Z5On2oB9WnlvUr_A2,3MGnm3fNz82Q21iqB$7u5y,CONTAINS
2E5h_Z5On2oB9WnlvUr_A2,3MGnm3fNz82Q21iqB$7u65,CONTAINS
2E5h_Z5On2oB9WnlvUr_A3,2T8DFMGbT2tAR0ouzPaVG3,CONTAINS
2E5h_Z5On2oB9WnlvUr_A3,2T8DFMGbT2tAR0ouzPaVG_,CONTAINS
2E5h_Z5On2oB9WnlvUr_A3,2T8DFMGbT2tAR0ouzPaOX7,CONTAINS
2E5h_Z5On2oB9WnlvUr_A3,2T8DFMGbT2tAR0ouzPaOXZ,CONTAINS
2E5h_Z5On2oB9WnlvUr_A2,3MGnm3fNz82Q21iqB$67fv,CONTAINS
2E5h_Z5On2oB9WnlvUr_A2,3MGnm3fNz82Q21iqB$67g0,CONTAINS
2E5h_Z5On2oB9WnlvUr_A2,3MGnm3fNz82Q21iqB$67bf,CONTAINS
2E5h_Z5On2oB9WnlvUr_A2,2T8DFMGbT2tAR0ouzPaVHi,CONTAINS
2E5h_Z5On2oB9WnlvUr_A2,3SNTkjECbDUuoqwEn1AIeD,CONTAINS
2E5h_Z5On2oB9WnlvUr_A2,3SNTkjECbDUuoqwEn1AIeK,CONTAINS
2E5h_Z5On2oB9WnlvUr_A2,3SNTkjECbDUuoqwEn1AIeJ,CONTAINS
2E5h_Z5On2oB9WnlvUr_A2,3SNTkjECbDUuoqwEn1AIdb,CONTAINS
2E5h_Z5On2oB9WnlvUr_A2,3SNTkjECbDUuoqwEn1AIaP,CONTAINS
2E5h_Z5On2oB9WnlvUr_A2,3SNTkjECbDUuoqwEn1AIdQ,CONTAINS
2E5h_Z5On2oB9WnlvUr_A2,3SNTkjECbDUuoqwEn1AIdN,CONTAINS
2E5h_Z5On2oB9WnlvUr_A2,3SNTkjECbDUuoqwEn1AIdL,CONTAINS
2E5h_Z5On2oB9WnlvUr_A2,3SNTkjECbDUuoqwEn1AIhk,CONTAINS
2E5h_Z5On2oB9WnlvUr_A2,3SNTkjECbDUuoqwEn1AIdd,CONTAINS
2E5h_Z5On2oB9WnlvUr_A2,3SNTkjECbDUuoqwEn1AIYe,CONTAINS
2E5h_Z5On2oB9WnlvUr_A2,3SNTkjECbDUuoqwEn1AIYX,CONTAINS
2E5h_Z5On2oB9WnlvUr_A3,3SNTkjECbDUuoqwEn1AIaU,CONTAINS
2E5h_Z5On2oB9WnlvUr_AE,3Xpqn33UzCpx_wQnPGLUvw,CONTAINS
2E5h_Z5On2oB9WnlvUr_AE,3Xpqn33UzCpx_wQnPGLUuA,CONTAINS
2E5h_Z5On2oB9WnlvUr_A3,3t8Nu$FEj2iu0wJtTsWc6u,CONTAINS
2E5h_Z5On2oB9WnlvUr_A3,3t8Nu$FEj2iu0wJtTsWc6z,CONTAINS
2E5h_Z5On2oB9WnlvUr_A3,3t8Nu$FEj2iu0wJtTsWc6_,CONTAINS
2E5h_Z5On2oB9WnlvUr_A3,3t8Nu$FEj2iu0wJtTsWc5Z,CONTAINS
2E5h_Z5On2oB9WnlvUr_A3,3t8Nu$FEj2iu0wJtTsWc5f,CONTAINS
2E5h_Z5On2oB9WnlvUr_A3,3t8Nu$FEj2iu0wJtTsWc6$,CONTAINS
2E5h_Z5On2oB9WnlvUr_A3,3t8Nu$FEj2iu0wJtTsWc6R,CONTAINS
2E5h_Z5On2oB9WnlvUr_A3,3rh5OewfnEBejmoVvExckR,CONTAINS
2E5h_Z5On2oB9WnlvUr_A3,3rh5OewfnEBejmoVvExckK,CONTAINS
2E5h_Z5On2oB9WnlvUr_A3,3rh5OewfnEBejmoVvExckG,CONTAINS
2E5h_Z5On2oB9WnlvUr_A3,3rh5OewfnEBejmoVvExceK,CONTAINS
2E5h_Z5On2oB9WnlvUr_A3,3rh5OewfnEBejmoVvExciJ,CONTAINS
2E5h_Z5On2oB9WnlvUr_A3,0sVr6FuEvAKuZvH9AaT5tN,CONTAINS
2E5h_Z5On2oB9WnlvUr_AE,0sVr6FuEvAKuZvH9AaT5tM,CONTAINS
2E5h_Z5On2oB9WnlvUr_AF,0sVr6FuEvAKuZvH9AaT5tJ,CONTAINS
2E5h_Z5On2oB9WnlvUr_A3,3rh5OewfnEBejmoVvExckM,CONTAINS
2E5h_Z5On2oB9WnlvUr_A3,0sVr6FuEvAKuZvH9AaT5tA,CONTAINS
2E5h_Z5On2oB9WnlvUr_A3,3rh5OewfnEBejmoVvExckI,CONTAINS
2E5h_Z5On2oB9WnlvUr_AE,3jXT4MhJf5VexlKew_7EKJ,CONTAINS
2E5h_Z5On2oB9WnlvUr_AE,3jXT4MhJf5VexlKew_7ENU,CONTAINS
2E5h_Z5On2oB9WnlvUr_A1,3t8Nu$FEj2iu0wJtTsWdxT,CONTAINS
2E5h_Z5On2oB9WnlvUr_A1,3t8Nu$FEj2iu0wJtTsWdxP,CONTAINS
2E5h_Z5On2oB9WnlvUr_A1,3t8Nu$FEj2iu0wJtTsWdxK,CONTAINS
2E5h_Z5On2oB9WnlvUr_A1,3t8Nu$FEj2iu0wJtTsWdxL,CONTAINS
2E5h_Z5On2oB9WnlvUr_A1,3t8Nu$FEj2iu0wJtTsWdxV,CONTAINS
2E5h_Z5On2oB9WnlvUr_A1,3t8Nu$FEj2iu0wJtTsWdxO,CONTAINS
2E5h_Z5On2oB9WnlvUr_A1,3t8Nu$FEj2iu0wJtTsWdxM,CONTAINS
2E5h_Z5On2oB9WnlvUr_A1,3t8Nu$FEj2iu0wJtTsWdxN,CONTAINS
2E5h_Z5On2oB9WnlvUr_A1,3t8Nu$FEj2iu0wJtTsWdxG,CONTAINS
2E5h_Z5On2oB9WnlvUr_A1,3t8Nu$FEj2iu0wJtTsWdxE,CONTAINS
2E5h_Z5On2oB9WnlvUr_A3,3t8Nu$FEj2iu0wJtTsWc5b,CONTAINS
2E5h_Z5On2oB9WnlvUr_A3,3t8Nu$FEj2iu0wJtTsWc5c,CONTAINS
2E5h_Z5On2oB9WnlvUr_A3,3t8Nu$FEj2iu0wJtTsWc5h,CONTAINS
2E5h_Z5On2oB9WnlvUr_A3,3t8Nu$FEj2iu0wJtTsWc5n,CONTAINS
2E5h_Z5On2oB9WnlvUr_A3,3t8Nu$FEj2iu0wJtTsWc5d,CONTAINS
2E5h_Z5On2oB9WnlvUr_A3,3t8Nu$FEj2iu0wJtTsWc5q,CONTAINS
2E5h_Z5On2oB9WnlvUr_A3,3t8Nu$FEj2iu0wJtTsWc53,CONTAINS
2E5h_Z5On2oB9WnlvUr_A3,3t8Nu$FEj2iu0wJtTsWc5z,CONTAINS
2E5h_Z5On2oB9WnlvUr_A3,3t8Nu$FEj2iu0wJtTsWc52,CONTAINS
2E5h_Z5On2oB9WnlvUr_A3,3t8Nu$FEj2iu0wJtTsWc5j,CONTAINS
2E5h_Z5On2oB9WnlvUr_A3,3t8Nu$FEj2iu0wJtTsWc5i,CONTAINS
2E5h_Z5On2oB9WnlvUr_A3,3t8Nu$FEj2iu0wJtTsWc5v,CONTAINS
2E5h_Z5On2oB9WnlvUr_A3,3t8Nu$FEj2iu0wJtTsWc5$,CONTAINS
2E5h_Z5On2oB9WnlvUr_A3,3t8Nu$FEj2iu0wJtTsWc5y,CONTAINS
2E5h_Z5On2oB9WnlvUr_A3,3t8Nu$FEj2iu0wJtTsWc5_,CONTAINS
2E5h_Z5On2oB9WnlvUr_A1,2$Jqjm_XDD2wF14Gr3PBCE,CONTAINS
2E5h_Z5On2oB9WnlvUr_A1,2$Jqjm_XDD2wF14Gr3PBCC,CONTAINS
2E5h_Z5On2oB9WnlvUr_A1,2$Jqjm_XDD2wF14Gr3PBKp,CONTAINS
2E5h_Z5On2oB9WnlvUr_A0,3t8Nu$FEj2iu0wJtTsWc4C,CONTAINS
2E5h_Z5On2oB9WnlvUr_A0,3t8Nu$FEj2iu0wJtTsWc4J,CONTAINS
2E5h_Z5On2oB9WnlvUr_A0,3t8Nu$FEj2iu0wJtTsWc5Q,CONTAINS
2E5h_Z5On2oB9WnlvUr_A0,3t8Nu$FEj2iu0wJtTsWc5L,CONTAINS
2E5h_Z5On2oB9WnlvUr_A0,3t8Nu$FEj2iu0wJtTsWc5O,CONTAINS
2E5h_Z5On2oB9WnlvUr_A0,3t8Nu$FEj2iu0wJtTsWc48,CONTAINS
2E5h_Z5On2oB9WnlvUr_A0,3t8Nu$FEj2iu0wJtTsWc4z,CONTAINS
2E5h_Z5On2oB9WnlvUr_A0,3t8Nu$FEj2iu0wJtTsWc4v,CONTAINS
2E5h_Z5On2oB9WnlvUr_A0,3t8Nu$FEj2iu0wJtTsWc5N,CONTAINS
2E5h_Z5On2oB9WnlvUr_A0,3t8Nu$FEj2iu0wJtTsWc5S,CONTAINS
2E5h_Z5On2oB9WnlvUr_A0,3t8Nu$FEj2iu0wJtTsWc4_,CONTAINS
2E5h_Z5On2oB9WnlvUr_A0,3t8Nu$FEj2iu0wJtTsWc4s,CONTAINS
2E5h_Z5On2oB9WnlvUr_A0,3t8Nu$FEj2iu0wJtTsWc4L,CONTAINS
2E5h_Z5On2oB9WnlvUr_A0,3t8Nu$FEj2iu0wJtTsWc4K,CONTAINS
2E5h_Z5On2oB9WnlvUr_A0,3t8Nu$FEj2iu0wJtTsWc4U,CONTAINS
2E5h_Z5On2oB9WnlvUr_A0,3t8Nu$FEj2iu0wJtTsWc4P,CONTAINS
2E5h_Z5On2oB9WnlvUr_A1,3t8Nu$FEj2iu0wJtTsWdxt,CONTAINS
2E5h_Z5On2oB9WnlvUr_A0,3t8Nu$FEj2iu0wJtTsWc4R,CONTAINS
2E5h_Z5On2oB9WnlvUr_A0,3t8Nu$FEj2iu0wJtTsWc4Q,CONTAINS
2E5h_Z5On2oB9WnlvUr_A0,3t8Nu$FEj2iu0wJtTsWc4B,CONTAINS
2E5h_Z5On2oB9WnlvUr_A1,3t8Nu$FEj2iu0wJtTsWdxm,CONTAINS
2E5h_Z5On2oB9WnlvUr_A1,3t8Nu$FEj2iu0wJtTsWdxn,CONTAINS
2E5h_Z5On2oB9WnlvUr_A1,3t8Nu$FEj2iu0wJtTsWdxo,CONTAINS
2E5h_Z5On2oB9WnlvUr_A0,3t8Nu$FEj2iu0wJtTsWc42,CONTAINS
2E5h_Z5On2oB9WnlvUr_A0,3t8Nu$FEj2iu0wJtTsWc46,CONTAINS
2E5h_Z5On2oB9WnlvUr_A0,3t8Nu$FEj2iu0wJtTsWc40,CONTAINS
2E5h_Z5On2oB9WnlvUr_A0,3t8Nu$FEj2iu0wJtTsWc44,CONTAINS
2E5h_Z5On2oB9WnlvUr_AE,3t8Nu$FEj2iu0wJtTsWdwM,CONTAINS
2E5h_Z5On2oB9WnlvUr_A1,3t8Nu$FEj2iu0wJtTsWdwc,CONTAINS
2E5h_Z5On2oB9WnlvUr_AE,3t8Nu$FEj2iu0wJtTsWdwL,CONTAINS
2E5h_Z5On2oB9WnlvUr_A1,3t8Nu$FEj2iu0wJtTsWdwZ,CONTAINS
2E5h_Z5On2oB9WnlvUr_A1,3t8Nu$FEj2iu0wJtTsWdwh,CONTAINS
2E5h_Z5On2oB9WnlvUr_A1,3t8Nu$FEj2iu0wJtTsWdwd,CONTAINS
2E5h_Z5On2oB9WnlvUr_A1,3t8Nu$FEj2iu0wJtTsWdwk,CONTAINS
2E5h_Z5On2oB9WnlvUr_A1,3t8Nu$FEj2iu0wJtTsWdwm,CONTAINS
2E5h_Z5On2oB9WnlvUr_A1,3t8Nu$FEj2iu0wJtTsWdws,CONTAINS
2E5h_Z5On2oB9WnlvUr_A1,3t8Nu$FEj2iu0wJtTsWdwp,CONTAINS
2E5h_Z5On2oB9WnlvUr_A1,3t8Nu$FEj2iu0wJtTsWdwn,CONTAINS
2E5h_Z5On2oB9WnlvUr_A1,3t8Nu$FEj2iu0wJtTsWdxD,CONTAINS
2E5h_Z5On2oB9WnlvUr_AE,3t8Nu$FEj2iu0wJtTsWdwP,CONTAINS
2E5h_Z5On2oB9WnlvUr_AE,3t8Nu$FEj2iu0wJtTsWdwT,CONTAINS
2E5h_Z5On2oB9WnlvUr_AE,3t8Nu$FEj2iu0wJtTsWdvX,CONTAINS
2E5h_Z5On2oB9WnlvUr_AE,3t8Nu$FEj2iu0wJtTsWdve,CONTAINS
2E5h_Z5On2oB9WnlvUr_AE,3t8Nu$FEj2iu0wJtTsWdvb,CONTAINS
2E5h_Z5On2oB9WnlvUr_A1,3t8Nu$FEj2iu0wJtTsWdwr,CONTAINS
2E5h_Z5On2oB9WnlvUr_A1,3t8Nu$FEj2iu0wJtTsWdwt,CONTAINS
2E5h_Z5On2oB9WnlvUr_A1,3t8Nu$FEj2iu0wJtTsWdwq,CONTAINS
2E5h_Z5On2oB9WnlvUr_AE,3t8Nu$FEj2iu0wJtTsWdw9,CONTAINS
2E5h_Z5On2oB9WnlvUr_AE,3t8Nu$FEj2iu0wJtTsWdwI,CONTAINS
2E5h_Z5On2oB9WnlvUr_AE,3t8Nu$FEj2iu0wJtTsWdwF,CONTAINS
2E5h_Z5On2oB9WnlvUr_AE,3t8Nu$FEj2iu0wJtTsWdwC,CONTAINS
2E5h_Z5On2oB9WnlvUr_AF,1a$vpf7QDBKwCrMFhYDvDN,CONTAINS
2E5h_Z5On2oB9WnlvUr_AF,1a$vpf7QDBKwCrMFhYDvB_,CONTAINS
2E5h_Z5On2oB9WnlvUr_AF,1a$vpf7QDBKwCrMFhYDvEB,CONTAINS
2E5h_Z5On2oB9WnlvUr_AE,3t8Nu$FEj2iu0wJtTsWdvE,CONTAINS
2E5h_Z5On2oB9WnlvUr_AE,3t8Nu$FEj2iu0wJtTsWdvG,CONTAINS
2E5h_Z5On2oB9WnlvUr_AE,3t8Nu$FEj2iu0wJtTsWdvI,CONTAINS
2E5h_Z5On2oB9WnlvUr_AE,3t8Nu$FEj2iu0wJtTsWdvJ,CONTAINS
2E5h_Z5On2oB9WnlvUr_AE,3t8Nu$FEj2iu0wJtTsWdvo,CONTAINS
2E5h_Z5On2oB9WnlvUr_AE,3t8Nu$FEj2iu0wJtTsWdvj,CONTAINS
2E5h_Z5On2oB9WnlvUr_AE,3t8Nu$FEj2iu0wJtTsWdvl,CONTAINS
2E5h_Z5On2oB9WnlvUr_AE,3t8Nu$FEj2iu0wJtTsWdvt,CONTAINS
2E5h_Z5On2oB9WnlvUr_AE,3t8Nu$FEj2iu0wJtTsWdv6,CONTAINS
2E5h_Z5On2oB9WnlvUr_AE,3t8Nu$FEj2iu0wJtTsWdv2,CONTAINS
2E5h_Z5On2oB9WnlvUr_AE,3t8Nu$FEj2iu0wJtTsWdv5,CONTAINS
2E5h_Z5On2oB9WnlvUr_AE,3t8Nu$FEj2iu0wJtTsWdvF,CONTAINS
2E5h_Z5On2oB9WnlvUr_AE,3t8Nu$FEj2iu0wJtTsWdvD,CONTAINS
2E5h_Z5On2oB9WnlvUr_AE,3t8Nu$FEj2iu0wJtTsWdvC,CONTAINS
2E5h_Z5On2oB9WnlvUr_A1,3t8Nu$FEj2iu0wJtTsWdx2,CONTAINS
2E5h_Z5On2oB9WnlvUr_A1,3t8Nu$FEj2iu0wJtTsWdx6,CONTAINS
2E5h_Z5On2oB9WnlvUr_A0,3t8Nu$FEj2iu0wJtTsWc4O,CONTAINS
2E5h_Z5On2oB9WnlvUr_A1,3t8Nu$FEj2iu0wJtTsWdxx,CONTAINS
2E5h_Z5On2oB9WnlvUr_A1,3t8Nu$FEj2iu0wJtTsWdx_,CONTAINS
2E5h_Z5On2oB9WnlvUr_A1,3t8Nu$FEj2iu0wJtTsWdxA,CONTAINS
2E5h_Z5On2oB9WnlvUr_AF,1a$vpf7QDBKwCrMFhYDvEG,CONTAINS
2E5h_Z5On2oB9WnlvUr_AF,1a$vpf7QDBKwCrMFhYDv8G,CONTAINS
2E5h_Z5On2oB9WnlvUr_AF,1a$vpf7QDBKwCrMFhYDv8B,CONTAINS
2E5h_Z5On2oB9WnlvUr_AF,2wQHHxptnDyg$eXh_lf8no,CONTAINS
2E5h_Z5On2oB9WnlvUr_AF,1xi$0nFyf8ZgXMsBP9JVri,CONTAINS
2E5h_Z5On2oB9WnlvUr_A3,1xi$0nFyf8ZgXMsBP9JVsx,CONTAINS
2E5h_Z5On2oB9WnlvUr_A3,1xi$0nFyf8ZgXMsBP9JVs4,CONTAINS
2E5h_Z5On2oB9WnlvUr_AE,1xi$0nFyf8ZgXMsBP9JVs5,CONTAINS
2E5h_Z5On2oB9WnlvUr_AF,1xi$0nFyf8ZgXMsBP9JVs7,CONTAINS
2E5h_Z5On2oB9WnlvUr_A3,1xi$0nFyf8ZgXMsBP9JVrr,CONTAINS
2E5h_Z5On2oB9WnlvUr_A3,1xi$0nFyf8ZgXMsBP9JVr2,CONTAINS
2E5h_Z5On2oB9WnlvUr_AE,1xi$0nFyf8ZgXMsBP9JVrZ,CONTAINS
2E5h_Z5On2oB9WnlvUr_A3,1xi$0nFyf8ZgXMsBP9JVrY,CONTAINS
2E5h_Z5On2oB9WnlvUr_A3,3SNTkjECbDUuoqwEn1AICx,CONTAINS
2E5h_Z5On2oB9WnlvUr_A2,3SNTkjECbDUuoqwEn1AISW,CONTAINS
2E5h_Z5On2oB9WnlvUr_A2,3SNTkjECbDUuoqwEn1AIYn,CONTAINS
2E5h_Z5On2oB9WnlvUr_A2,3SNTkjECbDUuoqwEn1AIV0,CONTAINS
2E5h_Z5On2oB9WnlvUr_A2,3SNTkjECbDUuoqwEn1AIVg,CONTAINS
2E5h_Z5On2oB9WnlvUr_A2,3SNTkjECbDUuoqwEn1AISE,CONTAINS
2E5h_Z5On2oB9WnlvUr_A2,1dfXlDF9f6YwCDFkWOm0sl,CONTAINS
2E5h_Z5On2oB9WnlvUr_A2,1dfXlDF9f6YwCDFkWOm0tA,CONTAINS
2E5h_Z5On2oB9WnlvUr_A2,1dfXlDF9f6YwCDFkWOm0q2,CONTAINS
2E5h_Z5On2oB9WnlvUr_A2,1dfXlDF9f6YwCDFkWOm0tc,CONTAINS
2E5h_Z5On2oB9WnlvUr_A3,1xi$0nFyf8ZgXMsBP9JVtR,CONTAINS
2E5h_Z5On2oB9WnlvUr_A3,1xi$0nFyf8ZgXMsBP9JVtB,CONTAINS
2E5h_Z5On2oB9WnlvUr_A3,1xi$0nFyf8ZgXMsBP9JVsb,CONTAINS
2E5h_Z5On2oB9WnlvUr_A1,1xi$0nFyf8ZgXMsBP9JVsu,CONTAINS
2E5h_Z5On2oB9WnlvUr_A3,1xi$0nFyf8ZgXMsBP9JVsY,CONTAINS
2E5h_Z5On2oB9WnlvUr_A3,1xi$0nFyf8ZgXMsBP9JVt6,CONTAINS
2E5h_Z5On2oB9WnlvUr_A1,1xi$0nFyf8ZgXMsBP9JVt7,CONTAINS
2E5h_Z5On2oB9WnlvUr_AF,1xi$0nFyf8ZgXMsBP9JVt2,CONTAINS
2E5h_Z5On2oB9WnlvUr_A3,1xi$0nFyf8ZgXMsBP9JVt3,CONTAINS
2E5h_Z5On2oB9WnlvUr_AE,1xi$0nFyf8ZgXMsBP9JVt0,CONTAINS
2E5h_Z5On2oB9WnlvUr_A3,1xi$0nFyf8ZgXMsBP9JVrX,CONTAINS
2E5h_Z5On2oB9WnlvUr_A1,1xi$0nFyf8ZgXMsBP9JVrc,CONTAINS
2E5h_Z5On2oB9WnlvUr_A3,1xi$0nFyf8ZgXMsBP9JVsC,CONTAINS
2E5h_Z5On2oB9WnlvUr_A3,1xi$0nFyf8ZgXMsBP9JVqa,CONTAINS
2E5h_Z5On2oB9WnlvUr_A3,1xi$0nFyf8ZgXMsBP9JVrQ,CONTAINS
2E5h_Z5On2oB9WnlvUr_A3,1xi$0nFyf8ZgXMsBP9JVql,CONTAINS
2E5h_Z5On2oB9WnlvUr_A3,1xi$0nFyf8ZgXMsBP9JVqc,CONTAINS
2E5h_Z5On2oB9WnlvUr_A3,1xi$0nFyf8ZgXMsBP9JVrE,CONTAINS
2E5h_Z5On2oB9WnlvUr_A3,1xi$0nFyf8ZgXMsBP9JVrC,CONTAINS
2E5h_Z5On2oB9WnlvUr_A3,1xi$0nFyf8ZgXMsBP9JVrO,CONTAINS
2E5h_Z5On2oB9WnlvUr_A3,1xi$0nFyf8ZgXMsBP9JVr8,CONTAINS
2E5h_Z5On2oB9WnlvUr_A3,1xi$0nFyf8ZgXMsBP9JVrH,CONTAINS
2E5h_Z5On2oB9WnlvUr_A0,0sVr6FuEvAKuZvH9AaT5$A,CONTAINS
2E5h_Z5On2oB9WnlvUr_A3,0sVr6FuEvAKuZvH9AaT5_v,CONTAINS
2E5h_Z5On2oB9WnlvUr_A3,0sVr6FuEvAKuZvH9AaT5$F,CONTAINS
2E5h_Z5On2oB9WnlvUr_A3,0sVr6FuEvAKuZvH9AaT5$8,CONTAINS
2E5h_Z5On2oB9WnlvUr_A1,0sVr6FuEvAKuZvH9AaT5$5,CONTAINS
2E5h_Z5On2oB9WnlvUr_A3,0sVr6FuEvAKuZvH9AaT5$6,CONTAINS
2E5h_Z5On2oB9WnlvUr_A3,0sVr6FuEvAKuZvH9AaT5_0,CONTAINS
2E5h_Z5On2oB9WnlvUr_A3,0sVr6FuEvAKuZvH9AaT5$B,CONTAINS
2E5h_Z5On2oB9WnlvUr_A3,0sVr6FuEvAKuZvH9AaT5zy,CONTAINS
2E5h_Z5On2oB9WnlvUr_A3,0sVr6FuEvAKuZvH9AaT5_R,CONTAINS
2E5h_Z5On2oB9WnlvUr_A0,0sVr6FuEvAKuZvH9AaT5_3,CONTAINS
2E5h_Z5On2oB9WnlvUr_A3,0sVr6FuEvAKuZvH9AaT5_1,CONTAINS
2E5h_Z5On2oB9WnlvUr_A0,0sVr6FuEvAKuZvH9AaT5_a,CONTAINS
2E5h_Z5On2oB9WnlvUr_A1,0sVr6FuEvAKuZvH9AaT5_d,CONTAINS
2E5h_Z5On2oB9WnlvUr_A3,0sVr6FuEvAKuZvH9AaT5_Z,CONTAINS
2E5h_Z5On2oB9WnlvUr_AF,0sVr6FuEvAKuZvH9AaT5_S,CONTAINS
2E5h_Z5On2oB9WnlvUr_A3,0sVr6FuEvAKuZvH9AaT5_b,CONTAINS
2E5h_Z5On2oB9WnlvUr_AE,0sVr6FuEvAKuZvH9AaT5_Y,CONTAINS
2E5h_Z5On2oB9WnlvUr_A3,0sVr6FuEvAKuZvH9AaT5_W,CONTAINS
2E5h_Z5On2oB9WnlvUr_A1,0sVr6FuEvAKuZvH9AaT5xq,CONTAINS
2E5h_Z5On2oB9WnlvUr_A3,0sVr6FuEvAKuZvH9AaT5xr,CONTAINS
2E5h_Z5On2oB9WnlvUr_A3,0sVr6FuEvAKuZvH9AaT5x_,CONTAINS
2E5h_Z5On2oB9WnlvUr_A3,0sVr6FuEvAKuZvH9AaT5x$,CONTAINS
2E5h_Z5On2oB9WnlvUr_A3,0sVr6FuEvAKuZvH9AaT5xw,CONTAINS
2E5h_Z5On2oB9WnlvUr_A0,0sVr6FuEvAKuZvH9AaT5xv,CONTAINS
2E5h_Z5On2oB9WnlvUr_AF,0sVr6FuEvAKuZvH9AaT5zx,CONTAINS
2E5h_Z5On2oB9WnlvUr_A3,0sVr6FuEvAKuZvH9AaT5zw,CONTAINS
2E5h_Z5On2oB9WnlvUr_A3,0sVr6FuEvAKuZvH9AaT5zi,CONTAINS
2E5h_Z5On2oB9WnlvUr_A3,0sVr6FuEvAKuZvH9AaT5z$,CONTAINS
2E5h_Z5On2oB9WnlvUr_A1,0sVr6FuEvAKuZvH9AaT5z_,CONTAINS
2E5h_Z5On2oB9WnlvUr_AE,0sVr6FuEvAKuZvH9AaT5zv,CONTAINS
2E5h_Z5On2oB9WnlvUr_A3,0sVr6FuEvAKuZvH9AaT5tT,CONTAINS
2E5h_Z5On2oB9WnlvUr_A3,0sVr6FuEvAKuZvH9AaT5tU,CONTAINS
2E5h_Z5On2oB9WnlvUr_A0,0sVr6FuEvAKuZvH9AaT5tO,CONTAINS
2E5h_Z5On2oB9WnlvUr_A3,0sVr6FuEvAKuZvH9AaT5tP,CONTAINS
2E5h_Z5On2oB9WnlvUr_A3,0sVr6FuEvAKuZvH9AaT5vJ,CONTAINS
2E5h_Z5On2oB9WnlvUr_A3,0sVr6FuEvAKuZvH9AaT5ui,CONTAINS
2E5h_Z5On2oB9WnlvUr_A3,0sVr6FuEvAKuZvH9AaT5w2,CONTAINS
2E5h_Z5On2oB9WnlvUr_A3,0sVr6FuEvAKuZvH9AaT5wm,CONTAINS
2E5h_Z5On2oB9WnlvUr_A3,0sVr6FuEvAKuZvH9AaT5xh,CONTAINS
2E5h_Z5On2oB9WnlvUr_A3,0sVr6FuEvAKuZvH9AaT5xm,CONTAINS
2E5h_Z5On2oB9WnlvUr_AF,0sVr6FuEvAKuZvH9AaT5xo,CONTAINS
2E5h_Z5On2oB9WnlvUr_AE,0sVr6FuEvAKuZvH9AaT5xt,CONTAINS
2E5h_Z5On2oB9WnlvUr_A1,0sVr6FuEvAKuZvH9AaT5tR,CONTAINS
2E5h_Z5On2oB9WnlvUr_A3,0sVr6FuEvAKuZvH9AaT5tK,CONTAINS
2E5h_Z5On2oB9WnlvUr_A3,1xi$0nFyf8ZgXMsBP9JVqR,CONTAINS
2E5h_Z5On2oB9WnlvUr_A3,1xi$0nFyf8ZgXMsBP9JVq9,CONTAINS
2E5h_Z5On2oB9WnlvUr_A3,1xi$0nFyf8ZgXMsBP9JVqD,CONTAINS
2E5h_Z5On2oB9WnlvUr_A3,1xi$0nFyf8ZgXMsBP9JVqF,CONTAINS
2E5h_Z5On2oB9WnlvUr_A3,1xi$0nFyf8ZgXMsBP9JVq3,CONTAINS
2E5h_Z5On2oB9WnlvUr_A3,1xi$0nFyf8ZgXMsBP9JVpX,CONTAINS
2E5h_Z5On2oB9WnlvUr_A3,1xi$0nFyf8ZgXMsBP9JVpd,CONTAINS
2E5h_Z5On2oB9WnlvUr_A3,1xi$0nFyf8ZgXMsBP9JVpb,CONTAINS
2E5h_Z5On2oB9WnlvUr_A3,0sVr6FuEvAKuZvH9AaT5$c,CONTAINS
2E5h_Z5On2oB9WnlvUr_A3,1xi$0nFyf8ZgXMsBP9JVph,CONTAINS
2E5h_Z5On2oB9WnlvUr_A3,0sVr6FuEvAKuZvH9AaT5$k,CONTAINS
2E5h_Z5On2oB9WnlvUr_AE,0sVr6FuEvAKuZvH9AaT5$j,CONTAINS
2E5h_Z5On2oB9WnlvUr_AF,0sVr6FuEvAKuZvH9AaT5$l,CONTAINS
2E5h_Z5On2oB9WnlvUr_A1,0sVr6FuEvAKuZvH9AaT5$o,CONTAINS
2E5h_Z5On2oB9WnlvUr_A3,0sVr6FuEvAKuZvH9AaT5$p,CONTAINS
2E5h_Z5On2oB9WnlvUr_A3,1xi$0nFyf8ZgXMsBP9JVqG,CONTAINS
2E5h_Z5On2oB9WnlvUr_A3,0sVr6FuEvAKuZvH9AaT5_f,CONTAINS
2E5h_Z5On2oB9WnlvUr_A3,0sVr6FuEvAKuZvH9AaT5_g,CONTAINS
2E5h_Z5On2oB9WnlvUr_AF,0sVr6FuEvAKuZvH9AaT5$2,CONTAINS
2E5h_Z5On2oB9WnlvUr_AE,0sVr6FuEvAKuZvH9AaT5$0,CONTAINS
2E5h_Z5On2oB9WnlvUr_A3,0sVr6FuEvAKuZvH9AaT5$1,CONTAINS
2E5h_Z5On2oB9WnlvUr_A3,0sVr6FuEvAKuZvH9AaT5$m,CONTAINS
2E5h_Z5On2oB9WnlvUr_A0,0sVr6FuEvAKuZvH9AaT5$t,CONTAINS
2E5h_Z5On2oB9WnlvUr_A3,0sVr6FuEvAKuZvH9AaT5$r,CONTAINS
2E5h_Z5On2oB9WnlvUr_A3,0sVr6FuEvAKuZvH9AaT5$q,CONTAINS
2E5h_Z5On2oB9WnlvUr_AE,08tFmStXX8$AQ1Jr_cpN$K,CONTAINS
2E5h_Z5On2oB9WnlvUr_AE,30SJRiOAXBN9ujT9Suolt7,CONTAINS
2E5h_Z5On2oB9WnlvUr_AE,30SJRiOAXBN9ujT9SuoltN,CONTAINS
2E5h_Z5On2oB9WnlvUr_AE,30SJRiOAXBN9ujT9Suolfe,CONTAINS
2E5h_Z5On2oB9WnlvUr_AF,2Jim5_8tb5y982Mn0OihDh,CONTAINS
2E5h_Z5On2oB9WnlvUr_AF,2Jim5_8tb5y982Mn0OihEt,CONTAINS
2E5h_Z5On2oB9WnlvUr_A1,0_6MQ5PlPCZQl97Kh6wiGS,CONTAINS
2E5h_Z5On2oB9WnlvUr_AF,2Jim5_8tb5y982Mn0OihBM,CONTAINS
2E5h_Z5On2oB9WnlvUr_A1,0_6MQ5PlPCZQl97Kh6wiGN,CONTAINS
2E5h_Z5On2oB9WnlvUr_A1,0_6MQ5PlPCZQl97Kh6wiG8,CONTAINS
2E5h_Z5On2oB9WnlvUr_A1,0_6MQ5PlPCZQl97Kh6wiGI,CONTAINS
2E5h_Z5On2oB9WnlvUr_A1,0_6MQ5PlPCZQl97Kh6wiGJ,CONTAINS
2E5h_Z5On2oB9WnlvUr_AE,0_6MQ5PlPCZQl97Kh6wiHo,CONTAINS
2E5h_Z5On2oB9WnlvUr_AE,0_6MQ5PlPCZQl97Kh6wiHn,CONTAINS
2E5h_Z5On2oB9WnlvUr_AE,0_6MQ5PlPCZQl97Kh6wiHy,CONTAINS
2E5h_Z5On2oB9WnlvUr_A1,1OLDx31SX4GB7LqdusWck_,CONTAINS
2E5h_Z5On2oB9WnlvUr_A1,1OLDx31SX4GB7LqdusWcky,CONTAINS
2E5h_Z5On2oB9WnlvUr_AE,1OLDx31SX4GB7LqdusWckg,CONTAINS
2E5h_Z5On2oB9WnlvUr_AE,0_6MQ5PlPCZQl97Kh6wiG0,CONTAINS
2E5h_Z5On2oB9WnlvUr_A1,0_6MQ5PlPCZQl97Kh6wiGE,CONTAINS
2E5h_Z5On2oB9WnlvUr_A1,0_6MQ5PlPCZQl97Kh6wiGD,CONTAINS
2E5h_Z5On2oB9WnlvUr_AE,0_6MQ5PlPCZQl97Kh6wiHx,CONTAINS
2E5h_Z5On2oB9WnlvUr_AE,0_6MQ5PlPCZQl97Kh6wiG7,CONTAINS
2E5h_Z5On2oB9WnlvUr_AE,0_6MQ5PlPCZQl97Kh6wiG6,CONTAINS
2E5h_Z5On2oB9WnlvUr_AF,0_6MQ5PlPCZQl97Kh6wi2w,CONTAINS
2E5h_Z5On2oB9WnlvUr_AF,0_6MQ5PlPCZQl97Kh6wiIJ,CONTAINS
2E5h_Z5On2oB9WnlvUr_AF,0_6MQ5PlPCZQl97Kh6wi2S,CONTAINS
2E5h_Z5On2oB9WnlvUr_A1,1OLDx31SX4GB7LqdusWck$,CONTAINS
2E5h_Z5On2oB9WnlvUr_A0,1OLDx31SX4GB7LqdusWckm,CONTAINS
2E5h_Z5On2oB9WnlvUr_A0,1OLDx31SX4GB7LqdusWckp,CONTAINS
2E5h_Z5On2oB9WnlvUr_A3,1OLDx31SX4GB7LqdusWck2,CONTAINS
2E5h_Z5On2oB9WnlvUr_A3,1OLDx31SX4GB7LqdusWck4,CONTAINS
2E5h_Z5On2oB9WnlvUr_A3,1OLDx31SX4GB7LqdusWck5,CONTAINS
2E5h_Z5On2oB9WnlvUr_A0,1OLDx31SX4GB7LqdusWckn,CONTAINS
2E5h_Z5On2oB9WnlvUr_AE,1OLDx31SX4GB7LqdusWcki,CONTAINS
2E5h_Z5On2oB9WnlvUr_AE,1OLDx31SX4GB7LqdusWckj,CONTAINS
2E5h_Z5On2oB9WnlvUr_A3,1OLDx31SX4GB7LqdusWcV4,CONTAINS
2E5h_Z5On2oB9WnlvUr_A3,0NqyzdLG10lPh7lNmN9Ghr,CONTAINS
2E5h_Z5On2oB9WnlvUr_AF,0NqyzdLG10lPh7lNmN9Jgf,CONTAINS
2E5h_Z5On2oB9WnlvUr_AF,0NqyzdLG10lPh7lNmN9Jg5,CONTAINS
2E5h_Z5On2oB9WnlvUr_A1,1kmZQO5mTCYP447WOPQA5l,CONTAINS
2E5h_Z5On2oB9WnlvUr_A0,1T6HyQJITEVOVzLGR8RT5G,CONTAINS
2E5h_Z5On2oB9WnlvUr_A0,1T6HyQJITEVOVzLGR8RT7T,CONTAINS
2E5h_Z5On2oB9WnlvUr_AE,06M3$2nrHF_ObjctBDxxxa,CONTAINS
2E5h_Z5On2oB9WnlvUr_A3,3GhUUaCijEpxvCkw2E5X_n,CONTAINS
2E5h_Z5On2oB9WnlvUr_A3,3GhUUaCijEpxvCkw2E5Xv3,CONTAINS
2E5h_Z5On2oB9WnlvUr_AC,3GhUUaCijEpxvCkw2E5X3y,CONTAINS
2E5h_Z5On2oB9WnlvUr_A3,3GhUUaCijEpxvCkw2E5X1E,CONTAINS
2E5h_Z5On2oB9WnlvUr_AC,3Lzi6UIVLC_R$SpDPF9C0F,CONTAINS
2E5h_Z5On2oB9WnlvUr_AC,3Lzi6UIVLC_R$SpDPF9C0i,CONTAINS
2E5h_Z5On2oB9WnlvUr_AC,3Lzi6UIVLC_R$SpDPF9C11,CONTAINS
2E5h_Z5On2oB9WnlvUr_AF,3fPabHtkb3Gv3lHyUuIznx,CONTAINS
2E5h_Z5On2oB9WnlvUr_AF,3fPabHtkb3Gv3lHyUuIznz,CONTAINS
2E5h_Z5On2oB9WnlvUr_AF,3fPabHtkb3Gv3lHyUuIzn0,CONTAINS
2E5h_Z5On2oB9WnlvUr_AF,3fPabHtkb3Gv3lHyUuIzn3,CONTAINS
2E5h_Z5On2oB9WnlvUr_AF,3fPabHtkb3Gv3lHyUuIzn6,CONTAINS
2E5h_Z5On2oB9WnlvUr_AF,3fPabHtkb3Gv3lHyUuIzn4,CONTAINS
2E5h_Z5On2oB9WnlvUr_AF,3fPabHtkb3Gv3lHyUuIzn7,CONTAINS
2E5h_Z5On2oB9WnlvUr_A1,3fPabHtkb3Gv3lHyUuIznJ,CONTAINS
2E5h_Z5On2oB9WnlvUr_A1,3fPabHtkb3Gv3lHyUuIznM,CONTAINS
2E5h_Z5On2oB9WnlvUr_A1,3fPabHtkb3Gv3lHyUuIznK,CONTAINS
2E5h_Z5On2oB9WnlvUr_A1,3fPabHtkb3Gv3lHyUuIznN,CONTAINS
2E5h_Z5On2oB9WnlvUr_A0,3fPabHtkb3Gv3lHyUuIznR,CONTAINS
2E5h_Z5On2oB9WnlvUr_A0,3fPabHtkb3Gv3lHyUuIznT,CONTAINS
2E5h_Z5On2oB9WnlvUr_A0,3fPabHtkb3Gv3lHyUuIzsW,CONTAINS
2E5h_Z5On2oB9WnlvUr_A1,3fPabHtkb3Gv3lHyUuIznG,CONTAINS
2E5h_Z5On2oB9WnlvUr_AC,3Lzi6UIVLC_R$SpDPF9C03,CONTAINS
2E5h_Z5On2oB9WnlvUr_A3,1EUcViy417X9DZbTk1U$j2,CONTAINS
2E5h_Z5On2oB9WnlvUr_A0,3fPabHtkb3Gv3lHyUuIzsd,CONTAINS
2E5h_Z5On2oB9WnlvUr_A0,3fPabHtkb3Gv3lHyUuIzsc,CONTAINS
2E5h_Z5On2oB9WnlvUr_A0,3fPabHtkb3Gv3lHyUuIzsZ,CONTAINS
2E5h_Z5On2oB9WnlvUr_A0,3fPabHtkb3Gv3lHyUuIzsa,CONTAINS
2E5h_Z5On2oB9WnlvUr_A3,3Lzi6UIVLC_R$SpDPF9CUL,CONTAINS
2E5h_Z5On2oB9WnlvUr_A3,3fPabHtkb3Gv3lHyUuIzr5,CONTAINS
2E5h_Z5On2oB9WnlvUr_A3,3Lzi6UIVLC_R$SpDPF9Df2,CONTAINS
2E5h_Z5On2oB9WnlvUr_AE,3fPabHtkb3Gv3lHyUuIznt,CONTAINS
2E5h_Z5On2oB9WnlvUr_AE,3fPabHtkb3Gv3lHyUuIznm,CONTAINS
2E5h_Z5On2oB9WnlvUr_AE,3fPabHtkb3Gv3lHyUuIzns,CONTAINS
2E5h_Z5On2oB9WnlvUr_AE,3fPabHtkb3Gv3lHyUuIznp,CONTAINS
2E5h_Z5On2oB9WnlvUr_AE,3fPabHtkb3Gv3lHyUuIznq,CONTAINS
2E5h_Z5On2oB9WnlvUr_A1,3fPabHtkb3Gv3lHyUuIznD,CONTAINS
2E5h_Z5On2oB9WnlvUr_A1,3fPabHtkb3Gv3lHyUuIznB,CONTAINS
2E5h_Z5On2oB9WnlvUr_AE,3fPabHtkb3Gv3lHyUuIznh,CONTAINS
2E5h_Z5On2oB9WnlvUr_AE,3fPabHtkb3Gv3lHyUuIznj,CONTAINS
2E5h_Z5On2oB9WnlvUr_A1,3rGjpkETD6$uNOVZK2nEM8,CONTAINS
2E5h_Z5On2oB9WnlvUr_A3,1EUcViy417X9DZbTk1U$jh,CONTAINS
2E5h_Z5On2oB9WnlvUr_A1,08tFmStXX8$AQ1Jr_cpNne,CONTAINS
2E5h_Z5On2oB9WnlvUr_AE,08tFmStXX8$AQ1Jr_cpNow,CONTAINS
2E5h_Z5On2oB9WnlvUr_A1,08tFmStXX8$AQ1Jr_cpNo0,CONTAINS
2E5h_Z5On2oB9WnlvUr_A1,1Iqrb4kpDAlwnjEcY5UQ3X,CONTAINS
2E5h_Z5On2oB9WnlvUr_A1,1Iqrb4kpDAlwnjEcY5UQ$I,CONTAINS
2E5h_Z5On2oB9WnlvUr_A1,1Iqrb4kpDAlwnjEcY5UQ1_,CONTAINS
2E5h_Z5On2oB9WnlvUr_A0,3rGjpkETD6$uNOVZK2nEKr,CONTAINS
2E5h_Z5On2oB9WnlvUr_A2,3MGnm3fNz82Q21iqB$67hL,CONTAINS
2E5h_Z5On2oB9WnlvUr_A2,3MGnm3fNz82Q21iqB$67hS,CONTAINS
2E5h_Z5On2oB9WnlvUr_A2,3MGnm3fNz82Q21iqB$7u1_,CONTAINS
2E5h_Z5On2oB9WnlvUr_A2,3MGnm3fNz82Q21iqB$67Zk,CONTAINS
2E5h_Z5On2oB9WnlvUr_A2,3MGnm3fNz82Q21iqB$67d7,CONTAINS
2E5h_Z5On2oB9WnlvUr_A2,3MGnm3fNz82Q21iqB$67dl,CONTAINS
2E5h_Z5On2oB9WnlvUr_A2,3MGnm3fNz82Q21iqB$67aX,CONTAINS
2E5h_Z5On2oB9WnlvUr_A2,3MGnm3fNz82Q21iqB$67Yz,CONTAINS
2E5h_Z5On2oB9WnlvUr_A2,3MGnm3fNz82Q21iqB$7u0d,CONTAINS
2E5h_Z5On2oB9WnlvUr_A2,3MGnm3fNz82Q21iqB$7u0X,CONTAINS
2E5h_Z5On2oB9WnlvUr_A2,3MGnm3fNz82Q21iqB$7u1F,CONTAINS
2E5h_Z5On2oB9WnlvUr_A2,3MGnm3fNz82Q21iqB$7u1Q,CONTAINS
2E5h_Z5On2oB9WnlvUr_A2,3MGnm3fNz82Q21iqB$7u1J,CONTAINS
2E5h_Z5On2oB9WnlvUr_A2,3MGnm3fNz82Q21iqB$7u1w,CONTAINS
2E5h_Z5On2oB9WnlvUr_AF,15_bC4FTv02hB3jHvFugCs,CONTAINS
2E5h_Z5On2oB9WnlvUr_AC,15_bC4FTv02hB3jHvFugCy,CONTAINS
2E5h_Z5On2oB9WnlvUr_AC,15_bC4FTv02hB3jHvFugCL,CONTAINS
2E5h_Z5On2oB9WnlvUr_AC,15_bC4FTv02hB3jHvFugCf,CONTAINS
2E5h_Z5On2oB9WnlvUr_AC,15_bC4FTv02hB3jHvFugCh,CONTAINS
2E5h_Z5On2oB9WnlvUr_AF,15_bC4FTv02hB3jHvFugDB,CONTAINS
2E5h_Z5On2oB9WnlvUr_AF,15_bC4FTv02hB3jHvFugD8,CONTAINS
2E5h_Z5On2oB9WnlvUr_AF,15_bC4FTv02hB3jHvFugDH,CONTAINS
2E5h_Z5On2oB9WnlvUr_AF,15_bC4FTv02hB3jHvFugD2,CONTAINS
2E5h_Z5On2oB9WnlvUr_AF,15_bC4FTv02hB3jHvFugDS,CONTAINS
2E5h_Z5On2oB9WnlvUr_AF,15_bC4FTv02hB3jHvFugDT,CONTAINS
2E5h_Z5On2oB9WnlvUr_AF,15_bC4FTv02hB3jHvFugDP,CONTAINS
2E5h_Z5On2oB9WnlvUr_AF,15_bC4FTv02hB3jHvFugDi,CONTAINS
2E5h_Z5On2oB9WnlvUr_AF,15_bC4FTv02hB3jHvFugDe,CONTAINS
2E5h_Z5On2oB9WnlvUr_AF,15_bC4FTv02hB3jHvFugDY,CONTAINS
2E5h_Z5On2oB9WnlvUr_AF,15_bC4FTv02hB3jHvFugDM,CONTAINS
2E5h_Z5On2oB9WnlvUr_AF,15_bC4FTv02hB3jHvFugDK,CONTAINS
2E5h_Z5On2oB9WnlvUr_AF,15_bC4FTv02hB3jHvFugD9,CONTAINS
2E5h_Z5On2oB9WnlvUr_AF,15_bC4FTv02hB3jHvFugDR,CONTAINS
2E5h_Z5On2oB9WnlvUr_AF,15_bC4FTv02hB3jHvFugD5,CONTAINS
2E5h_Z5On2oB9WnlvUr_AF,15_bC4FTv02hB3jHvFugD1,CONTAINS
2E5h_Z5On2oB9WnlvUr_AF,15_bC4FTv02hB3jHvFugDm,CONTAINS
2E5h_Z5On2oB9WnlvUr_AF,15_bC4FTv02hB3jHvFugDb,CONTAINS
2E5h_Z5On2oB9WnlvUr_AF,15_bC4FTv02hB3jHvFugDx,CONTAINS
2E5h_Z5On2oB9WnlvUr_AF,15_bC4FTv02hB3jHvFugDc,CONTAINS
2E5h_Z5On2oB9WnlvUr_AF,15_bC4FTv02hB3jHvFugD_,CONTAINS
2E5h_Z5On2oB9WnlvUr_AF,15_bC4FTv02hB3jHvFugIf,CONTAINS
2E5h_Z5On2oB9WnlvUr_AF,15_bC4FTv02hB3jHvFugIG,CONTAINS
2E5h_Z5On2oB9WnlvUr_AF,15_bC4FTv02hB3jHvFugIM,CONTAINS
2E5h_Z5On2oB9WnlvUr_AF,15_bC4FTv02hB3jHvFugIU,CONTAINS
2E5h_Z5On2oB9WnlvUr_AF,15_bC4FTv02hB3jHvFugIJ,CONTAINS
2E5h_Z5On2oB9WnlvUr_AF,15_bC4FTv02hB3jHvFugIu,CONTAINS
2E5h_Z5On2oB9WnlvUr_AF,15_bC4FTv02hB3jHvFugIv,CONTAINS
2E5h_Z5On2oB9WnlvUr_AF,15_bC4FTv02hB3jHvFugIa,CONTAINS
2E5h_Z5On2oB9WnlvUr_AF,15_bC4FTv02hB3jHvFugIb,CONTAINS
2E5h_Z5On2oB9WnlvUr_AF,15_bC4FTv02hB3jHvFugII,CONTAINS
2E5h_Z5On2oB9WnlvUr_AF,15_bC4FTv02hB3jHvFugIc,CONTAINS
2E5h_Z5On2oB9WnlvUr_AF,15_bC4FTv02hB3jHvFugIj,CONTAINS
2E5h_Z5On2oB9WnlvUr_AF,15_bC4FTv02hB3jHvFugIi,CONTAINS
2E5h_Z5On2oB9WnlvUr_AF,15_bC4FTv02hB3jHvFugIy,CONTAINS
2E5h_Z5On2oB9WnlvUr_AF,15_bC4FTv02hB3jHvFugI_,CONTAINS
2E5h_Z5On2oB9WnlvUr_AF,15_bC4FTv02hB3jHvFugG8,CONTAINS
2E5h_Z5On2oB9WnlvUr_AF,15_bC4FTv02hB3jHvFugGF,CONTAINS
2E5h_Z5On2oB9WnlvUr_AF,15_bC4FTv02hB3jHvFugGA,CONTAINS
2E5h_Z5On2oB9WnlvUr_AF,15_bC4FTv02hB3jHvFugJs,CONTAINS
2E5h_Z5On2oB9WnlvUr_AF,15_bC4FTv02hB3jHvFugIp,CONTAINS
2E5h_Z5On2oB9WnlvUr_AF,15_bC4FTv02hB3jHvFugGD,CONTAINS
2E5h_Z5On2oB9WnlvUr_AF,15_bC4FTv02hB3jHvFugJm,CONTAINS
2E5h_Z5On2oB9WnlvUr_AF,15_bC4FTv02hB3jHvFugJn,CONTAINS
2E5h_Z5On2oB9WnlvUr_AF,15_bC4FTv02hB3jHvFugG3,CONTAINS
2E5h_Z5On2oB9WnlvUr_AF,15_bC4FTv02hB3jHvFugG1,CONTAINS
2E5h_Z5On2oB9WnlvUr_AF,15_bC4FTv02hB3jHvFugG7,CONTAINS
2E5h_Z5On2oB9WnlvUr_AF,15_bC4FTv02hB3jHvFugDt,CONTAINS
2E5h_Z5On2oB9WnlvUr_AF,15_bC4FTv02hB3jHvFugDq,CONTAINS
2E5h_Z5On2oB9WnlvUr_AF,15_bC4FTv02hB3jHvFugDr,CONTAINS
2E5h_Z5On2oB9WnlvUr_AF,15_bC4FTv02hB3jHvFugI9,CONTAINS
2E5h_Z5On2oB9WnlvUr_AF,15_bC4FTv02hB3jHvFugID,CONTAINS
2E5h_Z5On2oB9WnlvUr_AF,15_bC4FTv02hB3jHvFugIC,CONTAINS
2E5h_Z5On2oB9WnlvUr_AF,15_bC4FTv02hB3jHvFugI3,CONTAINS
2E5h_Z5On2oB9WnlvUr_AF,15_bC4FTv02hB3jHvFugIP,CONTAINS
2E5h_Z5On2oB9WnlvUr_AF,15_bC4FTv02hB3jHvFugI1,CONTAINS
2E5h_Z5On2oB9WnlvUr_AF,15_bC4FTv02hB3jHvFugI4,CONTAINS
2E5h_Z5On2oB9WnlvUr_AF,15_bC4FTv02hB3jHvFugIQ,CONTAINS
2E5h_Z5On2oB9WnlvUr_AF,15_bC4FTv02hB3jHvFugNM,CONTAINS
2E5h_Z5On2oB9WnlvUr_AF,15_bC4FTv02hB3jHvFugN2,CONTAINS
2E5h_Z5On2oB9WnlvUr_AF,15_bC4FTv02hB3jHvFugN0,CONTAINS
2E5h_Z5On2oB9WnlvUr_AF,15_bC4FTv02hB3jHvFugMh,CONTAINS
2E5h_Z5On2oB9WnlvUr_AF,15_bC4FTv02hB3jHvFugN7,CONTAINS
2E5h_Z5On2oB9WnlvUr_AF,15_bC4FTv02hB3jHvFugMi,CONTAINS
2E5h_Z5On2oB9WnlvUr_AF,15_bC4FTv02hB3jHvFugMj,CONTAINS
2E5h_Z5On2oB9WnlvUr_AF,15_bC4FTv02hB3jHvFugMX,CONTAINS
2E5h_Z5On2oB9WnlvUr_AF,15_bC4FTv02hB3jHvFugMW,CONTAINS
2E5h_Z5On2oB9WnlvUr_AF,15_bC4FTv02hB3jHvFugMn,CONTAINS
2E5h_Z5On2oB9WnlvUr_AF,15_bC4FTv02hB3jHvFugMb,CONTAINS
2E5h_Z5On2oB9WnlvUr_AF,15_bC4FTv02hB3jHvFugMq,CONTAINS
2E5h_Z5On2oB9WnlvUr_AF,15_bC4FTv02hB3jHvFugN9,CONTAINS
2E5h_Z5On2oB9WnlvUr_AF,15_bC4FTv02hB3jHvFugHj,CONTAINS
2E5h_Z5On2oB9WnlvUr_AF,15_bC4FTv02hB3jHvFugHc,CONTAINS
2E5h_Z5On2oB9WnlvUr_AF,15_bC4FTv02hB3jHvFugMC,CONTAINS
2E5h_Z5On2oB9WnlvUr_AF,15_bC4FTv02hB3jHvFugHH,CONTAINS
2E5h_Z5On2oB9WnlvUr_AF,15_bC4FTv02hB3jHvFugHh,CONTAINS
2E5h_Z5On2oB9WnlvUr_AF,15_bC4FTv02hB3jHvFugHk,CONTAINS
2E5h_Z5On2oB9WnlvUr_AF,15_bC4FTv02hB3jHvFugHi,CONTAINS
2E5h_Z5On2oB9WnlvUr_AF,15_bC4FTv02hB3jHvFugHZ,CONTAINS
2E5h_Z5On2oB9WnlvUr_AF,15_bC4FTv02hB3jHvFugHd,CONTAINS
2E5h_Z5On2oB9WnlvUr_AF,15_bC4FTv02hB3jHvFugHp,CONTAINS
2E5h_Z5On2oB9WnlvUr_AF,15_bC4FTv02hB3jHvFugH$,CONTAINS
2E5h_Z5On2oB9WnlvUr_AF,15_bC4FTv02hB3jHvFugHz,CONTAINS
2E5h_Z5On2oB9WnlvUr_AF,15_bC4FTv02hB3jHvFugHv,CONTAINS
2E5h_Z5On2oB9WnlvUr_AF,15_bC4FTv02hB3jHvFugHx,CONTAINS
2E5h_Z5On2oB9WnlvUr_AF,15_bC4FTv02hB3jHvFugM0,CONTAINS
2E5h_Z5On2oB9WnlvUr_AF,15_bC4FTv02hB3jHvFugHt,CONTAINS
2E5h_Z5On2oB9WnlvUr_AF,15_bC4FTv02hB3jHvFugMQ,CONTAINS
2E5h_Z5On2oB9WnlvUr_AF,15_bC4FTv02hB3jHvFugMR,CONTAINS
2E5h_Z5On2oB9WnlvUr_AF,15_bC4FTv02hB3jHvFugMV,CONTAINS
2E5h_Z5On2oB9WnlvUr_AF,15_bC4FTv02hB3jHvFugMT,CONTAINS
2E5h_Z5On2oB9WnlvUr_AF,15_bC4FTv02hB3jHvFugMJ,CONTAINS
2E5h_Z5On2oB9WnlvUr_AF,15_bC4FTv02hB3jHvFugMH,CONTAINS
2E5h_Z5On2oB9WnlvUr_AF,15_bC4FTv02hB3jHvFugHb,CONTAINS
2E5h_Z5On2oB9WnlvUr_AF,15_bC4FTv02hB3jHvFugMN,CONTAINS
2E5h_Z5On2oB9WnlvUr_AF,15_bC4FTv02hB3jHvFugML,CONTAINS
2E5h_Z5On2oB9WnlvUr_AF,15_bC4FTv02hB3jHvFugGp,CONTAINS
2E5h_Z5On2oB9WnlvUr_AF,15_bC4FTv02hB3jHvFugM6,CONTAINS
2E5h_Z5On2oB9WnlvUr_AF,15_bC4FTv02hB3jHvFugH5,CONTAINS
2E5h_Z5On2oB9WnlvUr_AF,15_bC4FTv02hB3jHvFugGs,CONTAINS
2E5h_Z5On2oB9WnlvUr_AF,15_bC4FTv02hB3jHvFugH8,CONTAINS
2E5h_Z5On2oB9WnlvUr_AF,15_bC4FTv02hB3jHvFugHA,CONTAINS
2E5h_Z5On2oB9WnlvUr_AF,15_bC4FTv02hB3jHvFugGy,CONTAINS
2E5h_Z5On2oB9WnlvUr_AF,15_bC4FTv02hB3jHvFugHE,CONTAINS
2E5h_Z5On2oB9WnlvUr_AF,15_bC4FTv02hB3jHvFugHR,CONTAINS
2E5h_Z5On2oB9WnlvUr_AF,15_bC4FTv02hB3jHvFugGJ,CONTAINS
2E5h_Z5On2oB9WnlvUr_AF,15_bC4FTv02hB3jHvFugGg,CONTAINS
2E5h_Z5On2oB9WnlvUr_AF,15_bC4FTv02hB3jHvFugGN,CONTAINS
2E5h_Z5On2oB9WnlvUr_AF,15_bC4FTv02hB3jHvFugGl,CONTAINS
2E5h_Z5On2oB9WnlvUr_AF,15_bC4FTv02hB3jHvFugGU,CONTAINS
2E5h_Z5On2oB9WnlvUr_AF,15_bC4FTv02hB3jHvFugGS,CONTAINS
2E5h_Z5On2oB9WnlvUr_AF,15_bC4FTv02hB3jHvFugGM,CONTAINS
2E5h_Z5On2oB9WnlvUr_AF,15_bC4FTv02hB3jHvFugGb,CONTAINS
2E5h_Z5On2oB9WnlvUr_AF,15_bC4FTv02hB3jHvFugGR,CONTAINS
2E5h_Z5On2oB9WnlvUr_AF,15_bC4FTv02hB3jHvFugG5,CONTAINS
2E5h_Z5On2oB9WnlvUr_AF,15_bC4FTv02hB3jHvFugGd,CONTAINS
2E5h_Z5On2oB9WnlvUr_AF,15_bC4FTv02hB3jHvFugKZ,CONTAINS
2E5h_Z5On2oB9WnlvUr_AF,15_bC4FTv02hB3jHvFugLF,CONTAINS
2E5h_Z5On2oB9WnlvUr_AF,15_bC4FTv02hB3jHvFugKr,CONTAINS
2E5h_Z5On2oB9WnlvUr_AF,15_bC4FTv02hB3jHvFugKk,CONTAINS
2E5h_Z5On2oB9WnlvUr_AF,15_bC4FTv02hB3jHvFugK5,CONTAINS
2E5h_Z5On2oB9WnlvUr_AF,15_bC4FTv02hB3jHvFugK6,CONTAINS
2E5h_Z5On2oB9WnlvUr_AF,15_bC4FTv02hB3jHvFugL6,CONTAINS
2E5h_Z5On2oB9WnlvUr_AF,15_bC4FTv02hB3jHvFugL7,CONTAINS
2E5h_Z5On2oB9WnlvUr_AF,15_bC4FTv02hB3jHvFugL0,CONTAINS
2E5h_Z5On2oB9WnlvUr_AF,15_bC4FTv02hB3jHvFugKp,CONTAINS
2E5h_Z5On2oB9WnlvUr_AF,15_bC4FTv02hB3jHvFugKF,CONTAINS
2E5h_Z5On2oB9WnlvUr_AF,15_bC4FTv02hB3jHvFugKR,CONTAINS
2E5h_Z5On2oB9WnlvUr_AF,15_bC4FTv02hB3jHvFugKP,CONTAINS
2E5h_Z5On2oB9WnlvUr_AF,15_bC4FTv02hB3jHvFugKV,CONTAINS
2E5h_Z5On2oB9WnlvUr_AF,15_bC4FTv02hB3jHvFugKI,CONTAINS
2E5h_Z5On2oB9WnlvUr_AF,15_bC4FTv02hB3jHvFugKh,CONTAINS
2E5h_Z5On2oB9WnlvUr_AF,15_bC4FTv02hB3jHvFugKH,CONTAINS
2E5h_Z5On2oB9WnlvUr_AF,15_bC4FTv02hB3jHvFugKK,CONTAINS
2E5h_Z5On2oB9WnlvUr_AF,15_bC4FTv02hB3jHvFugNo,CONTAINS
2E5h_Z5On2oB9WnlvUr_AF,15_bC4FTv02hB3jHvFugNp,CONTAINS
2E5h_Z5On2oB9WnlvUr_AF,15_bC4FTv02hB3jHvFugNm,CONTAINS
2E5h_Z5On2oB9WnlvUr_AF,15_bC4FTv02hB3jHvFugNn,CONTAINS
2E5h_Z5On2oB9WnlvUr_AF,15_bC4FTv02hB3jHvFugNq,CONTAINS
2E5h_Z5On2oB9WnlvUr_AF,15_bC4FTv02hB3jHvFugKA,CONTAINS
2E5h_Z5On2oB9WnlvUr_AF,15_bC4FTv02hB3jHvFugK9,CONTAINS
2E5h_Z5On2oB9WnlvUr_AF,15_bC4FTv02hB3jHvFugNO,CONTAINS
2E5h_Z5On2oB9WnlvUr_AF,15_bC4FTv02hB3jHvFugNT,CONTAINS
2E5h_Z5On2oB9WnlvUr_AF,15_bC4FTv02hB3jHvFugNk,CONTAINS
2E5h_Z5On2oB9WnlvUr_AF,15_bC4FTv02hB3jHvFugNQ,CONTAINS
2E5h_Z5On2oB9WnlvUr_AF,15_bC4FTv02hB3jHvFugQV,CONTAINS
2E5h_Z5On2oB9WnlvUr_AF,15_bC4FTv02hB3jHvFugQh,CONTAINS
2E5h_Z5On2oB9WnlvUr_AF,15_bC4FTv02hB3jHvFugQT,CONTAINS
2E5h_Z5On2oB9WnlvUr_AF,15_bC4FTv02hB3jHvFugQk,CONTAINS
2E5h_Z5On2oB9WnlvUr_AF,15_bC4FTv02hB3jHvFugQK,CONTAINS
2E5h_Z5On2oB9WnlvUr_A0,15_bC4FTv02hB3jHvFugUF,CONTAINS
2E5h_Z5On2oB9WnlvUr_A0,15_bC4FTv02hB3jHvFugP$,CONTAINS
2E5h_Z5On2oB9WnlvUr_A0,15_bC4FTv02hB3jHvFugPz,CONTAINS
2E5h_Z5On2oB9WnlvUr_A0,15_bC4FTv02hB3jHvFugU2,CONTAINS
2E5h_Z5On2oB9WnlvUr_A0,15_bC4FTv02hB3jHvFugUT,CONTAINS
2E5h_Z5On2oB9WnlvUr_AF,15_bC4FTv02hB3jHvFugQ9,CONTAINS
2E5h_Z5On2oB9WnlvUr_AF,15_bC4FTv02hB3jHvFugQ2,CONTAINS
2E5h_Z5On2oB9WnlvUr_AF,15_bC4FTv02hB3jHvFugQ6,CONTAINS
2E5h_Z5On2oB9WnlvUr_AF,15_bC4FTv02hB3jHvFugQP,CONTAINS
2E5h_Z5On2oB9WnlvUr_AF,15_bC4FTv02hB3jHvFugQQ,CONTAINS
2E5h_Z5On2oB9WnlvUr_AF,15_bC4FTv02hB3jHvFugLW,CONTAINS
2E5h_Z5On2oB9WnlvUr_AF,15_bC4FTv02hB3jHvFugL$,CONTAINS
2E5h_Z5On2oB9WnlvUr_AF,15_bC4FTv02hB3jHvFugLz,CONTAINS
2E5h_Z5On2oB9WnlvUr_AF,15_bC4FTv02hB3jHvFugLu,CONTAINS
2E5h_Z5On2oB9WnlvUr_AF,15_bC4FTv02hB3jHvFugLw,CONTAINS
2E5h_Z5On2oB9WnlvUr_AF,15_bC4FTv02hB3jHvFugQJ,CONTAINS
2E5h_Z5On2oB9WnlvUr_AF,15_bC4FTv02hB3jHvFugQW,CONTAINS
2E5h_Z5On2oB9WnlvUr_AF,15_bC4FTv02hB3jHvFugQj,CONTAINS
2E5h_Z5On2oB9WnlvUr_AF,15_bC4FTv02hB3jHvFugRV,CONTAINS
2E5h_Z5On2oB9WnlvUr_AF,15_bC4FTv02hB3jHvFugRI,CONTAINS
2E5h_Z5On2oB9WnlvUr_AF,15_bC4FTv02hB3jHvFugRH,CONTAINS
2E5h_Z5On2oB9WnlvUr_AF,15_bC4FTv02hB3jHvFugRi,CONTAINS
2E5h_Z5On2oB9WnlvUr_AF,15_bC4FTv02hB3jHvFugRg,CONTAINS
2E5h_Z5On2oB9WnlvUr_AF,15_bC4FTv02hB3jHvFugRZ,CONTAINS
2E5h_Z5On2oB9WnlvUr_AF,15_bC4FTv02hB3jHvFugRd,CONTAINS
2E5h_Z5On2oB9WnlvUr_AF,15_bC4FTv02hB3jHvFugRX,CONTAINS
2E5h_Z5On2oB9WnlvUr_AF,15_bC4FTv02hB3jHvFugLP,CONTAINS
2E5h_Z5On2oB9WnlvUr_AF,15_bC4FTv02hB3jHvFugLs,CONTAINS
2E5h_Z5On2oB9WnlvUr_AF,15_bC4FTv02hB3jHvFugL5,CONTAINS
2E5h_Z5On2oB9WnlvUr_AF,15_bC4FTv02hB3jHvFugLm,CONTAINS
2E5h_Z5On2oB9WnlvUr_AF,15_bC4FTv02hB3jHvFugLr,CONTAINS
2E5h_Z5On2oB9WnlvUr_AF,15_bC4FTv02hB3jHvFugLi,CONTAINS
2E5h_Z5On2oB9WnlvUr_AF,15_bC4FTv02hB3jHvFugKu,CONTAINS
2E5h_Z5On2oB9WnlvUr_AF,15_bC4FTv02hB3jHvFugKd,CONTAINS
2E5h_Z5On2oB9WnlvUr_AF,15_bC4FTv02hB3jHvFugLG,CONTAINS
2E5h_Z5On2oB9WnlvUr_AF,15_bC4FTv02hB3jHvFugLI,CONTAINS
2E5h_Z5On2oB9WnlvUr_AF,15_bC4FTv02hB3jHvFugLM,CONTAINS
2E5h_Z5On2oB9WnlvUr_AF,15_bC4FTv02hB3jHvFugLH,CONTAINS
2E5h_Z5On2oB9WnlvUr_AF,15_bC4FTv02hB3jHvFugLK,CONTAINS
2E5h_Z5On2oB9WnlvUr_A0,15_bC4FTv02hB3jHvFugVi,CONTAINS
2E5h_Z5On2oB9WnlvUr_A0,15_bC4FTv02hB3jHvFugVk,CONTAINS
2E5h_Z5On2oB9WnlvUr_A0,15_bC4FTv02hB3jHvFugVc,CONTAINS
2E5h_Z5On2oB9WnlvUr_A0,15_bC4FTv02hB3jHvFujZH,CONTAINS
2E5h_Z5On2oB9WnlvUr_A0,15_bC4FTv02hB3jHvFujZJ,CONTAINS
2E5h_Z5On2oB9WnlvUr_A0,15_bC4FTv02hB3jHvFujZN,CONTAINS
2E5h_Z5On2oB9WnlvUr_A0,15_bC4FTv02hB3jHvFujZL,CONTAINS
2E5h_Z5On2oB9WnlvUr_A0,15_bC4FTv02hB3jHvFujZx,CONTAINS
2E5h_Z5On2oB9WnlvUr_A0,15_bC4FTv02hB3jHvFujZb,CONTAINS
2E5h_Z5On2oB9WnlvUr_A0,15_bC4FTv02hB3jHvFujZW,CONTAINS
2E5h_Z5On2oB9WnlvUr_A0,15_bC4FTv02hB3jHvFujZd,CONTAINS
2E5h_Z5On2oB9WnlvUr_A0,15_bC4FTv02hB3jHvFujZe,CONTAINS
2E5h_Z5On2oB9WnlvUr_A0,15_bC4FTv02hB3jHvFujZh,CONTAINS
2E5h_Z5On2oB9WnlvUr_A0,15_bC4FTv02hB3jHvFujZj,CONTAINS
2E5h_Z5On2oB9WnlvUr_A0,15_bC4FTv02hB3jHvFujZl,CONTAINS
2E5h_Z5On2oB9WnlvUr_A0,15_bC4FTv02hB3jHvFujZi,CONTAINS
2E5h_Z5On2oB9WnlvUr_A0,15_bC4FTv02hB3jHvFugV9,CONTAINS
2E5h_Z5On2oB9WnlvUr_A0,15_bC4FTv02hB3jHvFugUq,CONTAINS
2E5h_Z5On2oB9WnlvUr_A0,15_bC4FTv02hB3jHvFugVA,CONTAINS
2E5h_Z5On2oB9WnlvUr_A0,15_bC4FTv02hB3jHvFugUs,CONTAINS
2E5h_Z5On2oB9WnlvUr_A0,15_bC4FTv02hB3jHvFugUu,CONTAINS
2E5h_Z5On2oB9WnlvUr_A0,15_bC4FTv02hB3jHvFugTU,CONTAINS
2E5h_Z5On2oB9WnlvUr_A0,15_bC4FTv02hB3jHvFugTV,CONTAINS
2E5h_Z5On2oB9WnlvUr_A0,15_bC4FTv02hB3jHvFugTK,CONTAINS
2E5h_Z5On2oB9WnlvUr_A0,15_bC4FTv02hB3jHvFugTJ,CONTAINS
2E5h_Z5On2oB9WnlvUr_A0,15_bC4FTv02hB3jHvFugTe,CONTAINS
2E5h_Z5On2oB9WnlvUr_A0,15_bC4FTv02hB3jHvFugTk,CONTAINS
2E5h_Z5On2oB9WnlvUr_A0,15_bC4FTv02hB3jHvFugVH,CONTAINS
2E5h_Z5On2oB9WnlvUr_A0,15_bC4FTv02hB3jHvFugVN,CONTAINS
2E5h_Z5On2oB9WnlvUr_A0,15_bC4FTv02hB3jHvFugUX,CONTAINS
2E5h_Z5On2oB9WnlvUr_A0,15_bC4FTv02hB3jHvFugUZ,CONTAINS
2E5h_Z5On2oB9WnlvUr_A0,15_bC4FTv02hB3jHvFugUg,CONTAINS
2E5h_Z5On2oB9WnlvUr_A0,15_bC4FTv02hB3jHvFugUK,CONTAINS
2E5h_Z5On2oB9WnlvUr_A0,15_bC4FTv02hB3jHvFugUN,CONTAINS
2E5h_Z5On2oB9WnlvUr_A0,15_bC4FTv02hB3jHvFugUM,CONTAINS
2E5h_Z5On2oB9WnlvUr_A0,15_bC4FTv02hB3jHvFugUI,CONTAINS
2E5h_Z5On2oB9WnlvUr_A0,15_bC4FTv02hB3jHvFugVE,CONTAINS
2E5h_Z5On2oB9WnlvUr_A0,15_bC4FTv02hB3jHvFugVV,CONTAINS
2E5h_Z5On2oB9WnlvUr_A0,15_bC4FTv02hB3jHvFugV5,CONTAINS
2E5h_Z5On2oB9WnlvUr_A0,15_bC4FTv02hB3jHvFugVQ,CONTAINS
2E5h_Z5On2oB9WnlvUr_A0,15_bC4FTv02hB3jHvFugV6,CONTAINS
2E5h_Z5On2oB9WnlvUr_A0,15_bC4FTv02hB3jHvFugVD,CONTAINS
2E5h_Z5On2oB9WnlvUr_A0,15_bC4FTv02hB3jHvFugV0,CONTAINS
2E5h_Z5On2oB9WnlvUr_A0,15_bC4FTv02hB3jHvFugVg,CONTAINS
2E5h_Z5On2oB9WnlvUr_A0,15_bC4FTv02hB3jHvFugVY,CONTAINS
2E5h_Z5On2oB9WnlvUr_A0,15_bC4FTv02hB3jHvFugVx,CONTAINS
2E5h_Z5On2oB9WnlvUr_A0,15_bC4FTv02hB3jHvFugSD,CONTAINS
2E5h_Z5On2oB9WnlvUr_A0,15_bC4FTv02hB3jHvFugSE,CONTAINS
2E5h_Z5On2oB9WnlvUr_A0,15_bC4FTv02hB3jHvFugS1,CONTAINS
2E5h_Z5On2oB9WnlvUr_A0,15_bC4FTv02hB3jHvFugS3,CONTAINS
2E5h_Z5On2oB9WnlvUr_A0,15_bC4FTv02hB3jHvFugS7,CONTAINS
2E5h_Z5On2oB9WnlvUr_A0,15_bC4FTv02hB3jHvFugSA,CONTAINS
2E5h_Z5On2oB9WnlvUr_A0,15_bC4FTv02hB3jHvFugTP,CONTAINS
2E5h_Z5On2oB9WnlvUr_A0,15_bC4FTv02hB3jHvFugTQ,CONTAINS
2E5h_Z5On2oB9WnlvUr_A0,15_bC4FTv02hB3jHvFugT2,CONTAINS
2E5h_Z5On2oB9WnlvUr_A0,15_bC4FTv02hB3jHvFugT7,CONTAINS
2E5h_Z5On2oB9WnlvUr_A0,15_bC4FTv02hB3jHvFugTF,CONTAINS
2E5h_Z5On2oB9WnlvUr_A0,15_bC4FTv02hB3jHvFugSw,CONTAINS
2E5h_Z5On2oB9WnlvUr_A0,15_bC4FTv02hB3jHvFugT8,CONTAINS
2E5h_Z5On2oB9WnlvUr_A0,15_bC4FTv02hB3jHvFugSv,CONTAINS
2E5h_Z5On2oB9WnlvUr_A0,15_bC4FTv02hB3jHvFugSd,CONTAINS
2E5h_Z5On2oB9WnlvUr_A0,15_bC4FTv02hB3jHvFugSf,CONTAINS
2E5h_Z5On2oB9WnlvUr_A0,15_bC4FTv02hB3jHvFugSY,CONTAINS
2E5h_Z5On2oB9WnlvUr_A0,15_bC4FTv02hB3jHvFugSi,CONTAINS
2E5h_Z5On2oB9WnlvUr_A0,15_bC4FTv02hB3jHvFugSL,CONTAINS
2E5h_Z5On2oB9WnlvUr_A0,15_bC4FTv02hB3jHvFugSO,CONTAINS
2E5h_Z5On2oB9WnlvUr_A0,15_bC4FTv02hB3jHvFugSV,CONTAINS
2E5h_Z5On2oB9WnlvUr_A0,15_bC4FTv02hB3jHvFugSG,CONTAINS
2E5h_Z5On2oB9WnlvUr_A0,15_bC4FTv02hB3jHvFugTZ,CONTAINS
2E5h_Z5On2oB9WnlvUr_A0,15_bC4FTv02hB3jHvFugSI,CONTAINS
2E5h_Z5On2oB9WnlvUr_A0,15_bC4FTv02hB3jHvFugUO,CONTAINS
2E5h_Z5On2oB9WnlvUr_A0,15_bC4FTv02hB3jHvFugUU,CONTAINS
2E5h_Z5On2oB9WnlvUr_AF,15_bC4FTv02hB3jHvFugOP,CONTAINS
2E5h_Z5On2oB9WnlvUr_AF,15_bC4FTv02hB3jHvFugOE,CONTAINS
2E5h_Z5On2oB9WnlvUr_AF,15_bC4FTv02hB3jHvFugRr,CONTAINS
2E5h_Z5On2oB9WnlvUr_AF,15_bC4FTv02hB3jHvFugOH,CONTAINS
2E5h_Z5On2oB9WnlvUr_AF,15_bC4FTv02hB3jHvFugOK,CONTAINS
2E5h_Z5On2oB9WnlvUr_AF,15_bC4FTv02hB3jHvFugOI,CONTAINS
2E5h_Z5On2oB9WnlvUr_AF,15_bC4FTv02hB3jHvFugOQ,CONTAINS
2E5h_Z5On2oB9WnlvUr_AF,15_bC4FTv02hB3jHvFugO7,CONTAINS
2E5h_Z5On2oB9WnlvUr_AF,15_bC4FTv02hB3jHvFugO9,CONTAINS
2E5h_Z5On2oB9WnlvUr_AF,15_bC4FTv02hB3jHvFugOB,CONTAINS
2E5h_Z5On2oB9WnlvUr_AF,15_bC4FTv02hB3jHvFugRs,CONTAINS
2E5h_Z5On2oB9WnlvUr_AF,15_bC4FTv02hB3jHvFugRp,CONTAINS
2E5h_Z5On2oB9WnlvUr_AF,15_bC4FTv02hB3jHvFugRm,CONTAINS
2E5h_Z5On2oB9WnlvUr_AF,15_bC4FTv02hB3jHvFugR_,CONTAINS
2E5h_Z5On2oB9WnlvUr_AF,15_bC4FTv02hB3jHvFugRb,CONTAINS
2E5h_Z5On2oB9WnlvUr_AF,15_bC4FTv02hB3jHvFugRz,CONTAINS
2E5h_Z5On2oB9WnlvUr_AF,15_bC4FTv02hB3jHvFugRu,CONTAINS
2E5h_Z5On2oB9WnlvUr_A0,15_bC4FTv02hB3jHvFugVz,CONTAINS
2E5h_Z5On2oB9WnlvUr_AF,2hT8sgFfHFBheatKFHir79,CONTAINS
2E5h_Z5On2oB9WnlvUr_AF,2hT8sgFfHFBheatKFHir47,CONTAINS
2E5h_Z5On2oB9WnlvUr_AF,2hT8sgFfHFBheatKFHir7i,CONTAINS
2E5h_Z5On2oB9WnlvUr_AF,2hT8sgFfHFBheatKFHir52,CONTAINS
2E5h_Z5On2oB9WnlvUr_AE,3oeN9Bwb51dgOyZTf61OkG,CONTAINS
2E5h_Z5On2oB9WnlvUr_AF,2hT8sgFfHFBheatKFHirU1,CONTAINS
2E5h_Z5On2oB9WnlvUr_AC,2hT8sgFfHFBheatKFHirUZ,CONTAINS
2E5h_Z5On2oB9WnlvUr_AC,0px41cyDH9qwUTeTwee9Rg,CONTAINS
2E5h_Z5On2oB9WnlvUr_AE,3O7$BbRdXBuRNcWUnL4zNv,CONTAINS
2E5h_Z5On2oB9WnlvUr_AE,3O7$BbRdXBuRNcWUnL4zlU,CONTAINS
2E5h_Z5On2oB9WnlvUr_AE,3O7$BbRdXBuRNcWUnL4zec,CONTAINS
2E5h_Z5On2oB9WnlvUr_AE,3O7$BbRdXBuRNcWUnL4zgo,CONTAINS
2E5h_Z5On2oB9WnlvUr_AE,3O7$BbRdXBuRNcWUnL4zlw,CONTAINS
2E5h_Z5On2oB9WnlvUr_AE,3O7$BbRdXBuRNcWUnL4zLo,CONTAINS
2E5h_Z5On2oB9WnlvUr_AE,3O7$BbRdXBuRNcWUnL4zfN,CONTAINS
2E5h_Z5On2oB9WnlvUr_AE,3O7$BbRdXBuRNcWUnL4zgv,CONTAINS
2E5h_Z5On2oB9WnlvUr_AE,3O7$BbRdXBuRNcWUnL4zL8,CONTAINS
2E5h_Z5On2oB9WnlvUr_AE,1amVGiypb5Pg_9R_8MyWwm,CONTAINS
2E5h_Z5On2oB9WnlvUr_AE,1amVGiypb5Pg_9R_8MyWw6,CONTAINS
2E5h_Z5On2oB9WnlvUr_AE,3O7$BbRdXBuRNcWUnL4zWM,CONTAINS
2E5h_Z5On2oB9WnlvUr_AE,3O7$BbRdXBuRNcWUnL4zXc,CONTAINS
2E5h_Z5On2oB9WnlvUr_AE,1amVGiypb5Pg_9R_8MyWwB,CONTAINS
2E5h_Z5On2oB9WnlvUr_AE,3O7$BbRdXBuRNcWUnL4zWp,CONTAINS
2E5h_Z5On2oB9WnlvUr_AE,3oeN9Bwb51dgOyZTf61VSW,CONTAINS
2E5h_Z5On2oB9WnlvUr_AE,050FH9PQfCCAMrkmRs2U3q,CONTAINS
2E5h_Z5On2oB9WnlvUr_AE,050FH9PQfCCAMrkmRs2U29,CONTAINS
2E5h_Z5On2oB9WnlvUr_AE,050FH9PQfCCAMrkmRs2U2A,CONTAINS
2E5h_Z5On2oB9WnlvUr_AE,050FH9PQfCCAMrkmRs2USo,CONTAINS
2E5h_Z5On2oB9WnlvUr_AE,050FH9PQfCCAMrkmRs2USn,CONTAINS
2E5h_Z5On2oB9WnlvUr_AE,050FH9PQfCCAMrkmRs2U2C,CONTAINS
2E5h_Z5On2oB9WnlvUr_AE,050FH9PQfCCAMrkmRs2U2d,CONTAINS
2E5h_Z5On2oB9WnlvUr_AE,050FH9PQfCCAMrkmRs2U2b,CONTAINS
2E5h_Z5On2oB9WnlvUr_AE,050FH9PQfCCAMrkmRs2UDf,CONTAINS
2E5h_Z5On2oB9WnlvUr_AE,050FH9PQfCCAMrkmRs2Var,CONTAINS
2E5h_Z5On2oB9WnlvUr_AE,050FH9PQfCCAMrkmRs2Vwq,CONTAINS
2E5h_Z5On2oB9WnlvUr_AE,050FH9PQfCCAMrkmRs2VxR,CONTAINS
2E5h_Z5On2oB9WnlvUr_AE,050FH9PQfCCAMrkmRs2Vxu,CONTAINS
2E5h_Z5On2oB9WnlvUr_AE,050FH9PQfCCAMrkmRs2Vwp,CONTAINS
2E5h_Z5On2oB9WnlvUr_AE,050FH9PQfCCAMrkmRs2UDh,CONTAINS
2E5h_Z5On2oB9WnlvUr_AE,050FH9PQfCCAMrkmRs2U8Q,CONTAINS
2E5h_Z5On2oB9WnlvUr_AE,050FH9PQfCCAMrkmRs2U9z,CONTAINS
2E5h_Z5On2oB9WnlvUr_AE,050FH9PQfCCAMrkmRs2VrF,CONTAINS
2E5h_Z5On2oB9WnlvUr_AE,050FH9PQfCCAMrkmRs2U8j,CONTAINS
2E5h_Z5On2oB9WnlvUr_AE,050FH9PQfCCAMrkmRs2U8k,CONTAINS
2E5h_Z5On2oB9WnlvUr_AE,050FH9PQfCCAMrkmRs2U8x,CONTAINS
2E5h_Z5On2oB9WnlvUr_AE,050FH9PQfCCAMrkmRs2U8y,CONTAINS
2E5h_Z5On2oB9WnlvUr_AE,050FH9PQfCCAMrkmRs2VtX,CONTAINS
2E5h_Z5On2oB9WnlvUr_AE,11x6gis05Df8d2gcEjzFQD,CONTAINS
2E5h_Z5On2oB9WnlvUr_AE,1Puh2xZRbCNfcdDRoaCYX8,CONTAINS
2E5h_Z5On2oB9WnlvUr_AE,1Puh2xZRbCNfcdDRoaCYWO,CONTAINS
2E5h_Z5On2oB9WnlvUr_AE,1Puh2xZRbCNfcdDRoaCYWV,CONTAINS
2E5h_Z5On2oB9WnlvUr_AE,1Puh2xZRbCNfcdDRoaCYX9,CONTAINS
2E5h_Z5On2oB9WnlvUr_AE,1Puh2xZRbCNfcdDRoaCYfv,CONTAINS
2E5h_Z5On2oB9WnlvUr_AE,1Puh2xZRbCNfcdDRoaCYfu,CONTAINS
2E5h_Z5On2oB9WnlvUr_AE,050FH9PQfCCAMrkmRs2Vzw,CONTAINS
2E5h_Z5On2oB9WnlvUr_AE,24aRr2wu9459apKiupzhMp,CONTAINS
2E5h_Z5On2oB9WnlvUr_AE,24aRr2wu9459apKiupzh3P,CONTAINS
2E5h_Z5On2oB9WnlvUr_AE,24aRr2wu9459apKiupzhIK,CONTAINS
2E5h_Z5On2oB9WnlvUr_AE,24aRr2wu9459apKiupzhI3,CONTAINS
2E5h_Z5On2oB9WnlvUr_AE,24aRr2wu9459apKiupzhSw,CONTAINS
2E5h_Z5On2oB9WnlvUr_AE,24aRr2wu9459apKiupzhN2,CONTAINS
2E5h_Z5On2oB9WnlvUr_AE,24aRr2wu9459apKiupzhIN,CONTAINS
2E5h_Z5On2oB9WnlvUr_AE,24aRr2wu9459apKiupzhV$,CONTAINS
2E5h_Z5On2oB9WnlvUr_AE,24aRr2wu9459apKiupzhO0,CONTAINS
2E5h_Z5On2oB9WnlvUr_AE,24aRr2wu9459apKiupzhQh,CONTAINS
2E5h_Z5On2oB9WnlvUr_AE,24aRr2wu9459apKiupzhQg,CONTAINS
2E5h_Z5On2oB9WnlvUr_AE,1Puh2xZRbCNfcdDRoaCYym,CONTAINS
2E5h_Z5On2oB9WnlvUr_AE,1Puh2xZRbCNfcdDRoaCYzv,CONTAINS
2E5h_Z5On2oB9WnlvUr_AE,27fPfKdjv6$RlYzyDV4UAB,CONTAINS
2E5h_Z5On2oB9WnlvUr_AE,27fPfKdjv6$RlYzyDV4UA4,CONTAINS
2E5h_Z5On2oB9WnlvUr_AE,27fPfKdjv6$RlYzyDV4UBl,CONTAINS
2E5h_Z5On2oB9WnlvUr_AE,27fPfKdjv6$RlYzyDV4Ur8,CONTAINS
2E5h_Z5On2oB9WnlvUr_AE,27fPfKdjv6$RlYzyDV4Ur1,CONTAINS
2E5h_Z5On2oB9WnlvUr_AE,27fPfKdjv6$RlYzyDV4Urw,CONTAINS
2E5h_Z5On2oB9WnlvUr_AE,27fPfKdjv6$RlYzyDV4Umt,CONTAINS
2E5h_Z5On2oB9WnlvUr_AE,27fPfKdjv6$RlYzyDV4Ut9,CONTAINS
2E5h_Z5On2oB9WnlvUr_AE,27fPfKdjv6$RlYzyDV4Unn,CONTAINS
2E5h_Z5On2oB9WnlvUr_A2,15_bC4FTv02hB3jHvFujCR,CONTAINS
2E5h_Z5On2oB9WnlvUr_AE,24aRr2wu9459apKiupzh6s,CONTAINS
2E5h_Z5On2oB9WnlvUr_AE,24aRr2wu9459apKiupzh6j,CONTAINS
2E5h_Z5On2oB9WnlvUr_AE,24aRr2wu9459apKiupzh6a,CONTAINS
2E5h_Z5On2oB9WnlvUr_AE,24aRr2wu9459apKiupzhSx,CONTAINS
2E5h_Z5On2oB9WnlvUr_AE,24aRr2wu9459apKiupzhUq,CONTAINS
2E5h_Z5On2oB9WnlvUr_AE,0oA8x04_5FRvbxWuRvkmUx,CONTAINS
2E5h_Z5On2oB9WnlvUr_AE,0oA8x04_5FRvbxWuRvkmVc,CONTAINS
2E5h_Z5On2oB9WnlvUr_AE,24aRr2wu9459apKiupzh7H,CONTAINS
2E5h_Z5On2oB9WnlvUr_AE,0oA8x04_5FRvbxWuRvkmVl,CONTAINS
2E5h_Z5On2oB9WnlvUr_AE,24aRr2wu9459apKiupzh7a,CONTAINS
2E5h_Z5On2oB9WnlvUr_AE,24aRr2wu9459apKiupzh0D,CONTAINS
2E5h_Z5On2oB9WnlvUr_AE,24aRr2wu9459apKiupzh2h,CONTAINS
2E5h_Z5On2oB9WnlvUr_AF,15_bC4FTv02hB3jHvFujCE,CONTAINS
2E5h_Z5On2oB9WnlvUr_A1,15_bC4FTv02hB3jHvFujCF,CONTAINS
2E5h_Z5On2oB9WnlvUr_A2,15_bC4FTv02hB3jHvFujC6,CONTAINS
2E5h_Z5On2oB9WnlvUr_A1,15_bC4FTv02hB3jHvFujFK,CONTAINS
2E5h_Z5On2oB9WnlvUr_AF,15_bC4FTv02hB3jHvFujFG,CONTAINS
2E5h_Z5On2oB9WnlvUr_AF,15_bC4FTv02hB3jHvFujFH,CONTAINS
2E5h_Z5On2oB9WnlvUr_AF,15_bC4FTv02hB3jHvFujFM,CONTAINS
2E5h_Z5On2oB9WnlvUr_A1,15_bC4FTv02hB3jHvFujFL,CONTAINS
2E5h_Z5On2oB9WnlvUr_A3,15_bC4FTv02hB3jHvFujFi,CONTAINS
2E5h_Z5On2oB9WnlvUr_AE,15_bC4FTv02hB3jHvFujFY,CONTAINS
2E5h_Z5On2oB9WnlvUr_A3,15_bC4FTv02hB3jHvFujFj,CONTAINS
2E5h_Z5On2oB9WnlvUr_A0,15_bC4FTv02hB3jHvFujFk,CONTAINS
2E5h_Z5On2oB9WnlvUr_A0,15_bC4FTv02hB3jHvFujFh,CONTAINS
2E5h_Z5On2oB9WnlvUr_A0,15_bC4FTv02hB3jHvFujFe,CONTAINS
2E5h_Z5On2oB9WnlvUr_AE,15_bC4FTv02hB3jHvFujKt,CONTAINS
2E5h_Z5On2oB9WnlvUr_AE,15_bC4FTv02hB3jHvFujKS,CONTAINS
2E5h_Z5On2oB9WnlvUr_AE,15_bC4FTv02hB3jHvFujKQ,CONTAINS
2E5h_Z5On2oB9WnlvUr_AE,15_bC4FTv02hB3jHvFujKI,CONTAINS
2E5h_Z5On2oB9WnlvUr_AE,15_bC4FTv02hB3jHvFujK5,CONTAINS
2E5h_Z5On2oB9WnlvUr_AE,15_bC4FTv02hB3jHvFujK4,CONTAINS
2E5h_Z5On2oB9WnlvUr_AE,15_bC4FTv02hB3jHvFujK8,CONTAINS
2E5h_Z5On2oB9WnlvUr_AE,15_bC4FTv02hB3jHvFujK7,CONTAINS
2E5h_Z5On2oB9WnlvUr_AE,15_bC4FTv02hB3jHvFujKr,CONTAINS
2E5h_Z5On2oB9WnlvUr_A1,15_bC4FTv02hB3jHvFujLk,CONTAINS
2E5h_Z5On2oB9WnlvUr_A1,15_bC4FTv02hB3jHvFujLy,CONTAINS
2E5h_Z5On2oB9WnlvUr_A1,15_bC4FTv02hB3jHvFujLs,CONTAINS
2E5h_Z5On2oB9WnlvUr_A1,15_bC4FTv02hB3jHvFujLl,CONTAINS
2E5h_Z5On2oB9WnlvUr_A1,15_bC4FTv02hB3jHvFujLi,CONTAINS
2E5h_Z5On2oB9WnlvUr_A1,15_bC4FTv02hB3jHvFujL$,CONTAINS
2E5h_Z5On2oB9WnlvUr_AE,15_bC4FTv02hB3jHvFujKL,CONTAINS
2E5h_Z5On2oB9WnlvUr_A1,15_bC4FTv02hB3jHvFujQV,CONTAINS
2E5h_Z5On2oB9WnlvUr_A1,15_bC4FTv02hB3jHvFujQT,CONTAINS
2E5h_Z5On2oB9WnlvUr_A1,15_bC4FTv02hB3jHvFujQR,CONTAINS
2E5h_Z5On2oB9WnlvUr_A1,15_bC4FTv02hB3jHvFujQ5,CONTAINS
2E5h_Z5On2oB9WnlvUr_A1,15_bC4FTv02hB3jHvFujQ7,CONTAINS
2E5h_Z5On2oB9WnlvUr_A1,15_bC4FTv02hB3jHvFujQ9,CONTAINS
2E5h_Z5On2oB9WnlvUr_A1,15_bC4FTv02hB3jHvFujVS,CONTAINS
2E5h_Z5On2oB9WnlvUr_A1,15_bC4FTv02hB3jHvFujQB,CONTAINS
2E5h_Z5On2oB9WnlvUr_A1,15_bC4FTv02hB3jHvFujLr,CONTAINS
2E5h_Z5On2oB9WnlvUr_A1,15_bC4FTv02hB3jHvFujLt,CONTAINS
2E5h_Z5On2oB9WnlvUr_A1,15_bC4FTv02hB3jHvFujLq,CONTAINS
2E5h_Z5On2oB9WnlvUr_A0,15_bC4FTv02hB3jHvFujV2,CONTAINS
2E5h_Z5On2oB9WnlvUr_A0,15_bC4FTv02hB3jHvFujV3,CONTAINS
2E5h_Z5On2oB9WnlvUr_A1,15_bC4FTv02hB3jHvFujVR,CONTAINS
2E5h_Z5On2oB9WnlvUr_A1,15_bC4FTv02hB3jHvFujVL,CONTAINS
2E5h_Z5On2oB9WnlvUr_A1,15_bC4FTv02hB3jHvFujVk,CONTAINS
2E5h_Z5On2oB9WnlvUr_AE,15_bC4FTv02hB3jHvFujVl,CONTAINS
2E5h_Z5On2oB9WnlvUr_AE,15_bC4FTv02hB3jHvFujVZ,CONTAINS
2E5h_Z5On2oB9WnlvUr_A1,15_bC4FTv02hB3jHvFujV6,CONTAINS
2E5h_Z5On2oB9WnlvUr_A1,15_bC4FTv02hB3jHvFujV0,CONTAINS
2E5h_Z5On2oB9WnlvUr_A1,15_bC4FTv02hB3jHvFujVe,CONTAINS
2E5h_Z5On2oB9WnlvUr_A1,15_bC4FTv02hB3jHvFujVG,CONTAINS
2E5h_Z5On2oB9WnlvUr_A1,15_bC4FTv02hB3jHvFujVM,CONTAINS
2E5h_Z5On2oB9WnlvUr_A0,15_bC4FTv02hB3jHvFujU_,CONTAINS
2E5h_Z5On2oB9WnlvUr_A1,15_bC4FTv02hB3jHvFujUv,CONTAINS
2E5h_Z5On2oB9WnlvUr_A1,15_bC4FTv02hB3jHvFujUx,CONTAINS
2E5h_Z5On2oB9WnlvUr_AE,15_bC4FTv02hB3jHvFujUd,CONTAINS
2E5h_Z5On2oB9WnlvUr_A1,15_bC4FTv02hB3jHvFujUX,CONTAINS
2E5h_Z5On2oB9WnlvUr_A1,15_bC4FTv02hB3jHvFujUc,CONTAINS
2E5h_Z5On2oB9WnlvUr_A1,15_bC4FTv02hB3jHvFujUZ,CONTAINS
2E5h_Z5On2oB9WnlvUr_A1,15_bC4FTv02hB3jHvFujUj,CONTAINS
2E5h_Z5On2oB9WnlvUr_A1,15_bC4FTv02hB3jHvFujUi,CONTAINS
2E5h_Z5On2oB9WnlvUr_A0,15_bC4FTv02hB3jHvFujVC,CONTAINS
2E5h_Z5On2oB9WnlvUr_A0,15_bC4FTv02hB3jHvFujVE,CONTAINS
2E5h_Z5On2oB9WnlvUr_A0,15_bC4FTv02hB3jHvFujV9,CONTAINS
2E5h_Z5On2oB9WnlvUr_A0,15_bC4FTv02hB3jHvFujUp,CONTAINS
2E5h_Z5On2oB9WnlvUr_A0,15_bC4FTv02hB3jHvFujUn,CONTAINS
2E5h_Z5On2oB9WnlvUr_A1,15_bC4FTv02hB3jHvFujUs,CONTAINS
2E5h_Z5On2oB9WnlvUr_A0,15_bC4FTv02hB3jHvFujUz,CONTAINS
2E5h_Z5On2oB9WnlvUr_AE,15_bC4FTv02hB3jHvFujU6,CONTAINS
2E5h_Z5On2oB9WnlvUr_AE,15_bC4FTv02hB3jHvFujU0,CONTAINS
2E5h_Z5On2oB9WnlvUr_AE,15_bC4FTv02hB3jHvFujU4,CONTAINS
2E5h_Z5On2oB9WnlvUr_AF,15_bC4FTv02hB3jHvFujUQ,CONTAINS
2E5h_Z5On2oB9WnlvUr_AE,15_bC4FTv02hB3jHvFujU5,CONTAINS
2E5h_Z5On2oB9WnlvUr_AE,15_bC4FTv02hB3jHvFujUB,CONTAINS
2E5h_Z5On2oB9WnlvUr_AF,15_bC4FTv02hB3jHvFujU8,CONTAINS
2E5h_Z5On2oB9WnlvUr_AE,15_bC4FTv02hB3jHvFujU3,CONTAINS
2E5h_Z5On2oB9WnlvUr_A1,15_bC4FTv02hB3jHvFujUK,CONTAINS
2E5h_Z5On2oB9WnlvUr_AE,15_bC4FTv02hB3jHvFujUL,CONTAINS
2E5h_Z5On2oB9WnlvUr_A1,15_bC4FTv02hB3jHvFujUM,CONTAINS
2E5h_Z5On2oB9WnlvUr_AE,15_bC4FTv02hB3jHvFujUU,CONTAINS
2E5h_Z5On2oB9WnlvUr_A1,15_bC4FTv02hB3jHvFujUG,CONTAINS
2E5h_Z5On2oB9WnlvUr_A1,15_bC4FTv02hB3jHvFujUT,CONTAINS
2E5h_Z5On2oB9WnlvUr_AE,15_bC4FTv02hB3jHvFujUS,CONTAINS
2E5h_Z5On2oB9WnlvUr_A3,15_bC4FTv02hB3jHvFujOL,CONTAINS
2E5h_Z5On2oB9WnlvUr_AF,15_bC4FTv02hB3jHvFujOg,CONTAINS
2E5h_Z5On2oB9WnlvUr_AE,15_bC4FTv02hB3jHvFujOZ,CONTAINS
2E5h_Z5On2oB9WnlvUr_A3,15_bC4FTv02hB3jHvFujOH,CONTAINS
2E5h_Z5On2oB9WnlvUr_A3,15_bC4FTv02hB3jHvFujO5,CONTAINS
2E5h_Z5On2oB9WnlvUr_AF,15_bC4FTv02hB3jHvFujPp,CONTAINS
2E5h_Z5On2oB9WnlvUr_AE,15_bC4FTv02hB3jHvFujPm,CONTAINS
2E5h_Z5On2oB9WnlvUr_A3,15_bC4FTv02hB3jHvFujOO,CONTAINS
2E5h_Z5On2oB9WnlvUr_AC,15_bC4FTv02hB3jHvFujPv,CONTAINS
2E5h_Z5On2oB9WnlvUr_AE,15_bC4FTv02hB3jHvFujPt,CONTAINS
2E5h_Z5On2oB9WnlvUr_AE,15_bC4FTv02hB3jHvFujPr,CONTAINS
2E5h_Z5On2oB9WnlvUr_AF,15_bC4FTv02hB3jHvFuj8G,CONTAINS
2E5h_Z5On2oB9WnlvUr_AF,15_bC4FTv02hB3jHvFuj8W,CONTAINS
2E5h_Z5On2oB9WnlvUr_AE,15_bC4FTv02hB3jHvFuj8Z,CONTAINS
2E5h_Z5On2oB9WnlvUr_AF,15_bC4FTv02hB3jHvFuj8Y,CONTAINS
2E5h_Z5On2oB9WnlvUr_AE,15_bC4FTv02hB3jHvFuj8i,CONTAINS
2E5h_Z5On2oB9WnlvUr_AE,15_bC4FTv02hB3jHvFuj8l,CONTAINS
2E5h_Z5On2oB9WnlvUr_AF,15_bC4FTv02hB3jHvFuj8g,CONTAINS
2E5h_Z5On2oB9WnlvUr_AF,15_bC4FTv02hB3jHvFuj8N,CONTAINS
2E5h_Z5On2oB9WnlvUr_AE,15_bC4FTv02hB3jHvFuj8f,CONTAINS
2E5h_Z5On2oB9WnlvUr_AE,15_bC4FTv02hB3jHvFuj8k,CONTAINS
2E5h_Z5On2oB9WnlvUr_AE,15_bC4FTv02hB3jHvFuj88,CONTAINS
2E5h_Z5On2oB9WnlvUr_A3,15_bC4FTv02hB3jHvFuj8d,CONTAINS
2E5h_Z5On2oB9WnlvUr_AE,15_bC4FTv02hB3jHvFuj8F,CONTAINS
2E5h_Z5On2oB9WnlvUr_AE,15_bC4FTv02hB3jHvFuj8A,CONTAINS
2E5h_Z5On2oB9WnlvUr_A3,15_bC4FTv02hB3jHvFuj8X,CONTAINS
2E5h_Z5On2oB9WnlvUr_A3,15_bC4FTv02hB3jHvFuj8c,CONTAINS
2E5h_Z5On2oB9WnlvUr_AF,15_bC4FTv02hB3jHvFuj8T,CONTAINS
2E5h_Z5On2oB9WnlvUr_AF,15_bC4FTv02hB3jHvFuj87,CONTAINS
2E5h_Z5On2oB9WnlvUr_AE,15_bC4FTv02hB3jHvFuj80,CONTAINS
2E5h_Z5On2oB9WnlvUr_AE,15_bC4FTv02hB3jHvFuj86,CONTAINS
2E5h_Z5On2oB9WnlvUr_AF,15_bC4FTv02hB3jHvFuj8R,CONTAINS
2E5h_Z5On2oB9WnlvUr_AE,15_bC4FTv02hB3jHvFujBz,CONTAINS
2E5h_Z5On2oB9WnlvUr_AE,15_bC4FTv02hB3jHvFujBs,CONTAINS
2E5h_Z5On2oB9WnlvUr_AF,15_bC4FTv02hB3jHvFuj8U,CONTAINS
2E5h_Z5On2oB9WnlvUr_A0,15_bC4FTv02hB3jHvFujQm,CONTAINS
2E5h_Z5On2oB9WnlvUr_A0,15_bC4FTv02hB3jHvFujQp,CONTAINS
2E5h_Z5On2oB9WnlvUr_A0,15_bC4FTv02hB3jHvFujRD,CONTAINS
2E5h_Z5On2oB9WnlvUr_A0,15_bC4FTv02hB3jHvFujRC,CONTAINS
2E5h_Z5On2oB9WnlvUr_A0,15_bC4FTv02hB3jHvFujR2,CONTAINS
2E5h_Z5On2oB9WnlvUr_A0,15_bC4FTv02hB3jHvFujR7,CONTAINS
2E5h_Z5On2oB9WnlvUr_A3,15_bC4FTv02hB3jHvFujRa,CONTAINS
2E5h_Z5On2oB9WnlvUr_A0,15_bC4FTv02hB3jHvFujRA,CONTAINS
2E5h_Z5On2oB9WnlvUr_A3,15_bC4FTv02hB3jHvFujO9,CONTAINS
2E5h_Z5On2oB9WnlvUr_AF,15_bC4FTv02hB3jHvFujPz,CONTAINS
2E5h_Z5On2oB9WnlvUr_A3,15_bC4FTv02hB3jHvFuj9Q,CONTAINS
2E5h_Z5On2oB9WnlvUr_AC,15_bC4FTv02hB3jHvFujBf,CONTAINS
2E5h_Z5On2oB9WnlvUr_AF,15_bC4FTv02hB3jHvFujBK,CONTAINS
2E5h_Z5On2oB9WnlvUr_AF,15_bC4FTv02hB3jHvFujBe,CONTAINS
2E5h_Z5On2oB9WnlvUr_AC,15_bC4FTv02hB3jHvFujBd,CONTAINS
2E5h_Z5On2oB9WnlvUr_AF,15_bC4FTv02hB3jHvFujBg,CONTAINS
2E5h_Z5On2oB9WnlvUr_AC,15_bC4FTv02hB3jHvFujBi,CONTAINS
2E5h_Z5On2oB9WnlvUr_AC,15_bC4FTv02hB3jHvFujBZ,CONTAINS
2E5h_Z5On2oB9WnlvUr_AC,15_bC4FTv02hB3jHvFujBa,CONTAINS
2E5h_Z5On2oB9WnlvUr_AE,15_bC4FTv02hB3jHvFujBu,CONTAINS
2E5h_Z5On2oB9WnlvUr_AF,15_bC4FTv02hB3jHvFujBM,CONTAINS
2E5h_Z5On2oB9WnlvUr_AF,15_bC4FTv02hB3jHvFujBH,CONTAINS
2E5h_Z5On2oB9WnlvUr_AF,15_bC4FTv02hB3jHvFujBN,CONTAINS
2E5h_Z5On2oB9WnlvUr_AF,15_bC4FTv02hB3jHvFujBI,CONTAINS
2E5h_Z5On2oB9WnlvUr_AF,15_bC4FTv02hB3jHvFujBV,CONTAINS
2E5h_Z5On2oB9WnlvUr_AF,15_bC4FTv02hB3jHvFujBT,CONTAINS
2E5h_Z5On2oB9WnlvUr_A3,15_bC4FTv02hB3jHvFuj8u,CONTAINS
2E5h_Z5On2oB9WnlvUr_A3,15_bC4FTv02hB3jHvFuj8y,CONTAINS
2E5h_Z5On2oB9WnlvUr_A3,15_bC4FTv02hB3jHvFuj8x,CONTAINS
2E5h_Z5On2oB9WnlvUr_A3,15_bC4FTv02hB3jHvFuj8b,CONTAINS
2E5h_Z5On2oB9WnlvUr_A3,15_bC4FTv02hB3jHvFuj91,CONTAINS
2E5h_Z5On2oB9WnlvUr_A3,15_bC4FTv02hB3jHvFuj93,CONTAINS
2E5h_Z5On2oB9WnlvUr_A3,15_bC4FTv02hB3jHvFuj9B,CONTAINS
2E5h_Z5On2oB9WnlvUr_A3,15_bC4FTv02hB3jHvFuj99,CONTAINS
2E5h_Z5On2oB9WnlvUr_A3,15_bC4FTv02hB3jHvFuj9c,CONTAINS
2E5h_Z5On2oB9WnlvUr_A3,15_bC4FTv02hB3jHvFuj9i,CONTAINS
2E5h_Z5On2oB9WnlvUr_A3,15_bC4FTv02hB3jHvFuj9b,CONTAINS
2E5h_Z5On2oB9WnlvUr_A3,15_bC4FTv02hB3jHvFuj8m,CONTAINS
2E5h_Z5On2oB9WnlvUr_A3,15_bC4FTv02hB3jHvFuj9P,CONTAINS
2E5h_Z5On2oB9WnlvUr_A3,15_bC4FTv02hB3jHvFuj9U,CONTAINS
2E5h_Z5On2oB9WnlvUr_A3,15_bC4FTv02hB3jHvFuj9I,CONTAINS
2E5h_Z5On2oB9WnlvUr_A3,15_bC4FTv02hB3jHvFuj9S,CONTAINS
2E5h_Z5On2oB9WnlvUr_A3,15_bC4FTv02hB3jHvFuj9_,CONTAINS
2E5h_Z5On2oB9WnlvUr_A3,15_bC4FTv02hB3jHvFuj9u,CONTAINS
2E5h_Z5On2oB9WnlvUr_A3,15_bC4FTv02hB3jHvFujEA,CONTAINS
2E5h_Z5On2oB9WnlvUr_A3,15_bC4FTv02hB3jHvFujE9,CONTAINS
2E5h_Z5On2oB9WnlvUr_A3,15_bC4FTv02hB3jHvFujEP,CONTAINS
2E5h_Z5On2oB9WnlvUr_A3,15_bC4FTv02hB3jHvFujE5,CONTAINS
2E5h_Z5On2oB9WnlvUr_A3,15_bC4FTv02hB3jHvFujE1,CONTAINS
2E5h_Z5On2oB9WnlvUr_A3,15_bC4FTv02hB3jHvFujE7,CONTAINS
2E5h_Z5On2oB9WnlvUr_A3,15_bC4FTv02hB3jHvFuj9y,CONTAINS
2E5h_Z5On2oB9WnlvUr_A3,15_bC4FTv02hB3jHvFuj9o,CONTAINS
2E5h_Z5On2oB9WnlvUr_A3,15_bC4FTv02hB3jHvFujEI,CONTAINS
2E5h_Z5On2oB9WnlvUr_A3,15_bC4FTv02hB3jHvFujES,CONTAINS
2E5h_Z5On2oB9WnlvUr_A3,15_bC4FTv02hB3jHvFujE0,CONTAINS
2E5h_Z5On2oB9WnlvUr_A3,15_bC4FTv02hB3jHvFujEF,CONTAINS
2E5h_Z5On2oB9WnlvUr_A3,15_bC4FTv02hB3jHvFujE2,CONTAINS
2E5h_Z5On2oB9WnlvUr_A3,15_bC4FTv02hB3jHvFujF0,CONTAINS
2E5h_Z5On2oB9WnlvUr_A3,15_bC4FTv02hB3jHvFujF2,CONTAINS
2E5h_Z5On2oB9WnlvUr_A3,15_bC4FTv02hB3jHvFujF4,CONTAINS
2E5h_Z5On2oB9WnlvUr_A3,15_bC4FTv02hB3jHvFujEh,CONTAINS
2E5h_Z5On2oB9WnlvUr_A3,15_bC4FTv02hB3jHvFujEZ,CONTAINS
2E5h_Z5On2oB9WnlvUr_A3,15_bC4FTv02hB3jHvFujEx,CONTAINS
2E5h_Z5On2oB9WnlvUr_A3,15_bC4FTv02hB3jHvFuj9n,CONTAINS
2E5h_Z5On2oB9WnlvUr_A3,15_bC4FTv02hB3jHvFuj9q,CONTAINS
2E5h_Z5On2oB9WnlvUr_A3,15_bC4FTv02hB3jHvFuj9s,CONTAINS
2E5h_Z5On2oB9WnlvUr_A3,15_bC4FTv02hB3jHvFujFB,CONTAINS
2E5h_Z5On2oB9WnlvUr_A3,15_bC4FTv02hB3jHvFujFC,CONTAINS
2E5h_Z5On2oB9WnlvUr_A3,15_bC4FTv02hB3jHvFujEt,CONTAINS
2E5h_Z5On2oB9WnlvUr_AD,15_bC4FTv02hB3jHvFuj5p,CONTAINS
2E5h_Z5On2oB9WnlvUr_AD,15_bC4FTv02hB3jHvFuj5z,CONTAINS
2E5h_Z5On2oB9WnlvUr_AD,15_bC4FTv02hB3jHvFuj5_,CONTAINS
2E5h_Z5On2oB9WnlvUr_AD,15_bC4FTv02hB3jHvFuj5x,CONTAINS
2E5h_Z5On2oB9WnlvUr_AD,15_bC4FTv02hB3jHvFuj5a,CONTAINS
2E5h_Z5On2oB9WnlvUr_AD,15_bC4FTv02hB3jHvFuj5m,CONTAINS
2E5h_Z5On2oB9WnlvUr_AD,15_bC4FTv02hB3jHvFuj5t,CONTAINS
2E5h_Z5On2oB9WnlvUr_A3,15_bC4FTv02hB3jHvFujE$,CONTAINS
2E5h_Z5On2oB9WnlvUr_A3,15_bC4FTv02hB3jHvFujEp,CONTAINS
2E5h_Z5On2oB9WnlvUr_A3,15_bC4FTv02hB3jHvFujEl,CONTAINS
2E5h_Z5On2oB9WnlvUr_AD,15_bC4FTv02hB3jHvFuj5O,CONTAINS
2E5h_Z5On2oB9WnlvUr_AD,15_bC4FTv02hB3jHvFuj5I,CONTAINS
2E5h_Z5On2oB9WnlvUr_AD,15_bC4FTv02hB3jHvFuj5S,CONTAINS
2E5h_Z5On2oB9WnlvUr_AD,15_bC4FTv02hB3jHvFuj5G,CONTAINS
2E5h_Z5On2oB9WnlvUr_AD,15_bC4FTv02hB3jHvFuj5M,CONTAINS
2E5h_Z5On2oB9WnlvUr_AD,15_bC4FTv02hB3jHvFuj5R,CONTAINS
2E5h_Z5On2oB9WnlvUr_AC,15_bC4FTv02hB3jHvFujA4,CONTAINS
2E5h_Z5On2oB9WnlvUr_AD,15_bC4FTv02hB3jHvFujAD,CONTAINS
2E5h_Z5On2oB9WnlvUr_AD,15_bC4FTv02hB3jHvFujA6,CONTAINS
2E5h_Z5On2oB9WnlvUr_AD,15_bC4FTv02hB3jHvFujA0,CONTAINS
2E5h_Z5On2oB9WnlvUr_AD,15_bC4FTv02hB3jHvFujAC,CONTAINS
2E5h_Z5On2oB9WnlvUr_AD,15_bC4FTv02hB3jHvFujAF,CONTAINS
2E5h_Z5On2oB9WnlvUr_AD,15_bC4FTv02hB3jHvFujAB,CONTAINS
2E5h_Z5On2oB9WnlvUr_AD,15_bC4FTv02hB3jHvFuj5r,CONTAINS
2E5h_Z5On2oB9WnlvUr_AD,15_bC4FTv02hB3jHvFujA9,CONTAINS
2E5h_Z5On2oB9WnlvUr_AF,15_bC4FTv02hB3jHvFujBA,CONTAINS
2E5h_Z5On2oB9WnlvUr_AF,15_bC4FTv02hB3jHvFujAq,CONTAINS
2E5h_Z5On2oB9WnlvUr_AF,15_bC4FTv02hB3jHvFujAt,CONTAINS
2E5h_Z5On2oB9WnlvUr_AC,15_bC4FTv02hB3jHvFuj5f,CONTAINS
2E5h_Z5On2oB9WnlvUr_AC,15_bC4FTv02hB3jHvFuj5h,CONTAINS
2E5h_Z5On2oB9WnlvUr_AC,15_bC4FTv02hB3jHvFuj5L,CONTAINS
2E5h_Z5On2oB9WnlvUr_AF,15_bC4FTv02hB3jHvFujAp,CONTAINS
2E5h_Z5On2oB9WnlvUr_AF,15_bC4FTv02hB3jHvFujAz,CONTAINS
2E5h_Z5On2oB9WnlvUr_AF,15_bC4FTv02hB3jHvFujB2,CONTAINS
2E5h_Z5On2oB9WnlvUr_AF,15_bC4FTv02hB3jHvFujB0,CONTAINS
2E5h_Z5On2oB9WnlvUr_AF,15_bC4FTv02hB3jHvFujB9,CONTAINS
2E5h_Z5On2oB9WnlvUr_AD,15_bC4FTv02hB3jHvFuj51,CONTAINS
2E5h_Z5On2oB9WnlvUr_AD,15_bC4FTv02hB3jHvFuj54,CONTAINS
2E5h_Z5On2oB9WnlvUr_AD,15_bC4FTv02hB3jHvFuj5d,CONTAINS
2E5h_Z5On2oB9WnlvUr_AD,15_bC4FTv02hB3jHvFuj5i,CONTAINS
2E5h_Z5On2oB9WnlvUr_AD,15_bC4FTv02hB3jHvFuj5X,CONTAINS
2E5h_Z5On2oB9WnlvUr_AD,15_bC4FTv02hB3jHvFuj5Z,CONTAINS
2E5h_Z5On2oB9WnlvUr_AF,3blRiqCIT4Z9XkuR6J_31B,CONTAINS
2E5h_Z5On2oB9WnlvUr_AF,2wQHHxptnDyg$eXh_lf8n4,CONTAINS
2E5h_Z5On2oB9WnlvUr_AF,2wQHHxptnDyg$eXh_lf8WK,CONTAINS
2E5h_Z5On2oB9WnlvUr_AF,2wQHHxptnDyg$eXh_lf8WL,CONTAINS
2E5h_Z5On2oB9WnlvUr_AF,2wQHHxptnDyg$eXh_lf8nm,CONTAINS
2E5h_Z5On2oB9WnlvUr_AF,2wQHHxptnDyg$eXh_lf8nn,CONTAINS
2E5h_Z5On2oB9WnlvUr_AF,2wQHHxptnDyg$eXh_lf8n5,CONTAINS
2E5h_Z5On2oB9WnlvUr_AF,2wQHHxptnDyg$eXh_lf8Xi,CONTAINS
2E5h_Z5On2oB9WnlvUr_AF,2wQHHxptnDyg$eXh_lf8Xj,CONTAINS
2E5h_Z5On2oB9WnlvUr_AE,3t8Nu$FEj2iu0wJtTsWdvy,CONTAINS
2E5h_Z5On2oB9WnlvUr_AF,2wQHHxptnDyg$eXh_lf8S4,CONTAINS
2E5h_Z5On2oB9WnlvUr_AF,2wQHHxptnDyg$eXh_lf8SB,CONTAINS
2E5h_Z5On2oB9WnlvUr_AF,2wQHHxptnDyg$eXh_lf8Ow,CONTAINS
2E5h_Z5On2oB9WnlvUr_AF,2wQHHxptnDyg$eXh_lf8Ox,CONTAINS
2E5h_Z5On2oB9WnlvUr_AF,3t8Nu$FEj2iu0wJtTsWdkK,CONTAINS
2E5h_Z5On2oB9WnlvUr_AF,3t8Nu$FEj2iu0wJtTsWde4,CONTAINS
2E5h_Z5On2oB9WnlvUr_AF,2wQHHxptnDyg$eXh_lf8Ou,CONTAINS
2E5h_Z5On2oB9WnlvUr_AF,3t8Nu$FEj2iu0wJtTsWdkL,CONTAINS
2E5h_Z5On2oB9WnlvUr_AF,3_zjQx8qz56xhYsWw778LZ,CONTAINS
2E5h_Z5On2oB9WnlvUr_A3,1WJosU6_55xgDLbUHricb3,CONTAINS
2E5h_Z5On2oB9WnlvUr_A3,1WJosU6_55xgDLbUHricb2,CONTAINS
2E5h_Z5On2oB9WnlvUr_A0,1WJosU6_55xgDLbUHricK3,CONTAINS
2E5h_Z5On2oB9WnlvUr_A0,1WJosU6_55xgDLbUHricK8,CONTAINS
2E5h_Z5On2oB9WnlvUr_A3,08ePT1yFjFXQcaPlu8uLEz,CONTAINS
2E5h_Z5On2oB9WnlvUr_A3,08ePT1yFjFXQcaPlu8uLEo,CONTAINS
2E5h_Z5On2oB9WnlvUr_A0,1rDqBuwoPA3gGU_Yde$Yxu,CONTAINS
2E5h_Z5On2oB9WnlvUr_AF,1WJosU6_55xgDLbUHricdx,CONTAINS
2E5h_Z5On2oB9WnlvUr_A3,1WJosU6_55xgDLbUHricXF,CONTAINS
2E5h_Z5On2oB9WnlvUr_A0,1WJosU6_55xgDLbUHricWb,CONTAINS
2E5h_Z5On2oB9WnlvUr_A3,1WJosU6_55xgDLbUHricXE,CONTAINS
2E5h_Z5On2oB9WnlvUr_A0,1WJosU6_55xgDLbUHricXg,CONTAINS
2E5h_Z5On2oB9WnlvUr_AF,1WJosU6_55xgDLbUHricdq,CONTAINS
2E5h_Z5On2oB9WnlvUr_A0,1WJosU6_55xgDLbUHricVc,CONTAINS
2E5h_Z5On2oB9WnlvUr_A0,1WJosU6_55xgDLbUHricVW,CONTAINS
2E5h_Z5On2oB9WnlvUr_A0,1WJosU6_55xgDLbUHricWt,CONTAINS
2E5h_Z5On2oB9WnlvUr_A0,1WJosU6_55xgDLbUHricXf,CONTAINS
2E5h_Z5On2oB9WnlvUr_A3,1WJosU6_55xgDLbUHricUi,CONTAINS
2E5h_Z5On2oB9WnlvUr_A3,1WJosU6_55xgDLbUHricUj,CONTAINS
2E5h_Z5On2oB9WnlvUr_A3,08ePT1yFjFXQcaPlu8uLFa,CONTAINS
2E5h_Z5On2oB9WnlvUr_A3,08ePT1yFjFXQcaPlu8uLGS,CONTAINS
2E5h_Z5On2oB9WnlvUr_A3,08ePT1yFjFXQcaPlu8uLGJ,CONTAINS
2E5h_Z5On2oB9WnlvUr_A3,08ePT1yFjFXQcaPlu8uLH5,CONTAINS
2E5h_Z5On2oB9WnlvUr_A1,1RVyGUsNT0qPhaKWez2X0Z,CONTAINS
2E5h_Z5On2oB9WnlvUr_A3,1WJosU6_55xgDLbUHricgX,CONTAINS
2E5h_Z5On2oB9WnlvUr_AE,1WJosU6_55xgDLbUHricgR,CONTAINS
2E5h_Z5On2oB9WnlvUr_A3,1WJosU6_55xgDLbUHricbS,CONTAINS
2E5h_Z5On2oB9WnlvUr_A3,1WJosU6_55xgDLbUHricge,CONTAINS
2E5h_Z5On2oB9WnlvUr_A3,3hlK_BGKXBb83blH5sTmDD,CONTAINS
2E5h_Z5On2oB9WnlvUr_A3,3hlK_BGKXBb83blH5sTmDd,CONTAINS
2E5h_Z5On2oB9WnlvUr_A3,3hlK_BGKXBb83blH5sTmDc,CONTAINS
2E5h_Z5On2oB9WnlvUr_A0,3hlK_BGKXBb83blH5sTmA7,CONTAINS
2E5h_Z5On2oB9WnlvUr_A0,1rDqBuwoPA3gGU_Yde$Yxw,CONTAINS
2E5h_Z5On2oB9WnlvUr_A3,3hlK_BGKXBb83blH5sTmDC,CONTAINS
2E5h_Z5On2oB9WnlvUr_A1,243WO7lq1ElRK2Z8eCKI7y,CONTAINS
2E5h_Z5On2oB9WnlvUr_A1,243WO7lq1ElRK2Z8eCKI7z,CONTAINS
2E5h_Z5On2oB9WnlvUr_A0,243WO7lq1ElRK2Z8eCKI7Y,CONTAINS
2E5h_Z5On2oB9WnlvUr_A0,243WO7lq1ElRK2Z8eCKI7Z,CONTAINS
2E5h_Z5On2oB9WnlvUr_A3,3hlK_BGKXBb83blH5sTmSN,CONTAINS
2E5h_Z5On2oB9WnlvUr_A3,3hlK_BGKXBb83blH5sTmSL,CONTAINS
2E5h_Z5On2oB9WnlvUr_A3,3hlK_BGKXBb83blH5sTmSK,CONTAINS
2E5h_Z5On2oB9WnlvUr_A0,1yFZhLh2n35BAp5MxK7lOx,CONTAINS
2E5h_Z5On2oB9WnlvUr_A3,1MmCgwA9rEWvlG9U_Pe2n0,CONTAINS
2E5h_Z5On2oB9WnlvUr_A3,1WJosU6_55xgDLbUHricPQ,CONTAINS
2E5h_Z5On2oB9WnlvUr_A3,1WJosU6_55xgDLbUHricOk,CONTAINS
2E5h_Z5On2oB9WnlvUr_A3,1WJosU6_55xgDLbUHricO9,CONTAINS
2E5h_Z5On2oB9WnlvUr_A3,1WJosU6_55xgDLbUHricPN,CONTAINS
2E5h_Z5On2oB9WnlvUr_A3,1WJosU6_55xgDLbUHricPT,CONTAINS
2E5h_Z5On2oB9WnlvUr_A3,1WJosU6_55xgDLbUHricPs,CONTAINS
2E5h_Z5On2oB9WnlvUr_A0,1WJosU6_55xgDLbUHricLo,CONTAINS
2E5h_Z5On2oB9WnlvUr_A0,1WJosU6_55xgDLbUHricLt,CONTAINS
2E5h_Z5On2oB9WnlvUr_A3,1WJosU6_55xgDLbUHricOf,CONTAINS
2E5h_Z5On2oB9WnlvUr_A3,1WJosU6_55xgDLbUHricO8,CONTAINS
2E5h_Z5On2oB9WnlvUr_A3,1WJosU6_55xgDLbUHricR2,CONTAINS
2E5h_Z5On2oB9WnlvUr_AF,3c5kIbJWvFHfmjjxycuP8H,CONTAINS
2E5h_Z5On2oB9WnlvUr_AF,3c5kIbJWvFHfmjjxycuP9J,CONTAINS
2E5h_Z5On2oB9WnlvUr_AF,3c5kIbJWvFHfmjjxycuPBB,CONTAINS
2E5h_Z5On2oB9WnlvUr_AF,3c5kIbJWvFHfmjjxycuPBo,CONTAINS
2E5h_Z5On2oB9WnlvUr_AF,3c5kIbJWvFHfmjjxycuPBn,CONTAINS
2E5h_Z5On2oB9WnlvUr_A3,243WO7lq1ElRK2Z8eCKI7D,CONTAINS
2E5h_Z5On2oB9WnlvUr_A3,243WO7lq1ElRK2Z8eCKI6_,CONTAINS
2E5h_Z5On2oB9WnlvUr_AF,243WO7lq1ElRK2Z8eCKI4W,CONTAINS
2E5h_Z5On2oB9WnlvUr_AF,243WO7lq1ElRK2Z8eCKI4Z,CONTAINS
2E5h_Z5On2oB9WnlvUr_AE,243WO7lq1ElRK2Z8eCKI4E,CONTAINS
2E5h_Z5On2oB9WnlvUr_AE,243WO7lq1ElRK2Z8eCKI4F,CONTAINS
2E5h_Z5On2oB9WnlvUr_A2,243WO7lq1ElRK2Z8eCKI5_,CONTAINS
2E5h_Z5On2oB9WnlvUr_A2,243WO7lq1ElRK2Z8eCKI20,CONTAINS
2E5h_Z5On2oB9WnlvUr_A2,243WO7lq1ElRK2Z8eCKI27,CONTAINS
2E5h_Z5On2oB9WnlvUr_A3,0cDz47LzvB1fqD394bxRzH,CONTAINS
2E5h_Z5On2oB9WnlvUr_A3,0cDz47LzvB1fqD394bxRzI,CONTAINS
2E5h_Z5On2oB9WnlvUr_A3,1MmCgwA9rEWvlG9U_Pe2g$,CONTAINS
2E5h_Z5On2oB9WnlvUr_A3,1MmCgwA9rEWvlG9U_Pe2eE,CONTAINS
2E5h_Z5On2oB9WnlvUr_A3,1MmCgwA9rEWvlG9U_Pe2eL,CONTAINS
2E5h_Z5On2oB9WnlvUr_A3,1MmCgwA9rEWvlG9U_Pe2sc,CONTAINS
2E5h_Z5On2oB9WnlvUr_A3,1MmCgwA9rEWvlG9U_Pe2g8,CONTAINS
2E5h_Z5On2oB9WnlvUr_A3,3HnBiFlpv2OBpWtjY_Zmok,CONTAINS
2E5h_Z5On2oB9WnlvUr_A3,0cDz47LzvB1fqD394bxR4$,CONTAINS
2E5h_Z5On2oB9WnlvUr_A0,3HnBiFlpv2OBpWtjY_Zm$t,CONTAINS
2E5h_Z5On2oB9WnlvUr_A1,1wDWLvHXf66v$dlLdP$yUW,CONTAINS
2E5h_Z5On2oB9WnlvUr_A1,1wDWLvHXf66v$dlLdP$yUX,CONTAINS
2E5h_Z5On2oB9WnlvUr_A0,2fRikRNLP8FfM7tqkLqTGB,CONTAINS
2E5h_Z5On2oB9WnlvUr_A1,1wDWLvHXf66v$dlLdP$yGr,CONTAINS
2E5h_Z5On2oB9WnlvUr_A1,1wDWLvHXf66v$dlLdP$yEp,CONTAINS
2E5h_Z5On2oB9WnlvUr_A1,1_2duG3rDFWxBxbq5S57IZ,CONTAINS
2E5h_Z5On2oB9WnlvUr_A1,1_2duG3rDFWxBxbq5S57Iw,CONTAINS
2E5h_Z5On2oB9WnlvUr_A0,21V8mIO8H8bQUslGcrVw$G,CONTAINS
2E5h_Z5On2oB9WnlvUr_A0,21V8mIO8H8bQUslGcrVwhh,CONTAINS
2E5h_Z5On2oB9WnlvUr_A1,21V8mIO8H8bQUslGcrVwzn,CONTAINS
2E5h_Z5On2oB9WnlvUr_A0,21V8mIO8H8bQUslGcrVwy9,CONTAINS
2E5h_Z5On2oB9WnlvUr_A1,3UdpZp1MXABu_zKrM37GS0,CONTAINS
2E5h_Z5On2oB9WnlvUr_A3,3UdpZp1MXABu_zKrM37GUb,CONTAINS
2E5h_Z5On2oB9WnlvUr_A1,21V8mIO8H8bQUslGcrVwha,CONTAINS
2E5h_Z5On2oB9WnlvUr_AF,3UdpZp1MXABu_zKrM37GUE,CONTAINS
2E5h_Z5On2oB9WnlvUr_A0,3UdpZp1MXABu_zKrM37GTO,CONTAINS
2E5h_Z5On2oB9WnlvUr_AE,3UdpZp1MXABu_zKrM37GUv,CONTAINS
2E5h_Z5On2oB9WnlvUr_AE,334Vd22pPCkfjZaRT0q5bM,CONTAINS
2E5h_Z5On2oB9WnlvUr_AE,334Vd22pPCkfjZaRT0q5Yn,CONTAINS
2E5h_Z5On2oB9WnlvUr_AE,334Vd22pPCkfjZaRT0q5l_,CONTAINS
2E5h_Z5On2oB9WnlvUr_AE,334Vd22pPCkfjZaRT0q5lp,CONTAINS
2E5h_Z5On2oB9WnlvUr_AE,334Vd22pPCkfjZaRT0q5X4,CONTAINS
2E5h_Z5On2oB9WnlvUr_AE,334Vd22pPCkfjZaRT0q5XU,CONTAINS
2E5h_Z5On2oB9WnlvUr_AE,334Vd22pPCkfjZaRT0q5XP,CONTAINS
2E5h_Z5On2oB9WnlvUr_AE,334Vd22pPCkfjZaRT0q5Xh,CONTAINS
2E5h_Z5On2oB9WnlvUr_AE,334Vd22pPCkfjZaRT0q5XZ,CONTAINS
2E5h_Z5On2oB9WnlvUr_AE,334Vd22pPCkfjZaRT0q5Ym,CONTAINS
2E5h_Z5On2oB9WnlvUr_AE,334Vd22pPCkfjZaRT0q5Yz,CONTAINS
2E5h_Z5On2oB9WnlvUr_AE,334Vd22pPCkfjZaRT0q5lg,CONTAINS
2E5h_Z5On2oB9WnlvUr_AE,334Vd22pPCkfjZaRT0q5lv,CONTAINS
2E5h_Z5On2oB9WnlvUr_AE,334Vd22pPCkfjZaRT0q5ll,CONTAINS
2E5h_Z5On2oB9WnlvUr_AE,334Vd22pPCkfjZaRT0q5la,CONTAINS
2E5h_Z5On2oB9WnlvUr_AE,334Vd22pPCkfjZaRT0q5jP,CONTAINS
2E5h_Z5On2oB9WnlvUr_AE,334Vd22pPCkfjZaRT0q5jR,CONTAINS
2E5h_Z5On2oB9WnlvUr_AF,3hlK_BGKXBb83blH5sTmQU,CONTAINS
2E5h_Z5On2oB9WnlvUr_AF,3hlK_BGKXBb83blH5sTmQV,CONTAINS
2E5h_Z5On2oB9WnlvUr_AF,3hlK_BGKXBb83blH5sTm6Q,CONTAINS
2E5h_Z5On2oB9WnlvUr_AF,3hlK_BGKXBb83blH5sTm6P,CONTAINS
2E5h_Z5On2oB9WnlvUr_AF,3UdpZp1MXABu_zKrM37G6s,CONTAINS
2E5h_Z5On2oB9WnlvUr_A2,3UdpZp1MXABu_zKrM37Vxz,CONTAINS
2E5h_Z5On2oB9WnlvUr_A2,3UdpZp1MXABu_zKrM37V_l,CONTAINS
2E5h_Z5On2oB9WnlvUr_A1,3UdpZp1MXABu_zKrM37Vfg,CONTAINS
2E5h_Z5On2oB9WnlvUr_A0,3UdpZp1MXABu_zKrM37VfX,CONTAINS
2E5h_Z5On2oB9WnlvUr_A2,3UdpZp1MXABu_zKrM37Vge,CONTAINS
2E5h_Z5On2oB9WnlvUr_A3,3UdpZp1MXABu_zKrM37V_b,CONTAINS
2E5h_Z5On2oB9WnlvUr_A1,3UdpZp1MXABu_zKrM37V_Z,CONTAINS
2E5h_Z5On2oB9WnlvUr_A2,3UdpZp1MXABu_zKrM37V_i,CONTAINS
2E5h_Z5On2oB9WnlvUr_A2,3UdpZp1MXABu_zKrM37V_h,CONTAINS
2E5h_Z5On2oB9WnlvUr_A2,3UdpZp1MXABu_zKrM37V_a,CONTAINS
2E5h_Z5On2oB9WnlvUr_A3,27LiFFoBjFoewrqnvhyfsY,CONTAINS
2E5h_Z5On2oB9WnlvUr_A3,27LiFFoBjFoewrqnvhyfsZ,CONTAINS
2E5h_Z5On2oB9WnlvUr_A2,27LiFFoBjFoewrqnvhyfbm,CONTAINS
2E5h_Z5On2oB9WnlvUr_A2,27LiFFoBjFoewrqnvhyft1,CONTAINS
2E5h_Z5On2oB9WnlvUr_A3,27LiFFoBjFoewrqnvhyfsb,CONTAINS
2E5h_Z5On2oB9WnlvUr_A3,3UdpZp1MXABu_zKrM37VfZ,CONTAINS
2E5h_Z5On2oB9WnlvUr_A2,3UdpZp1MXABu_zKrM37VfY,CONTAINS
2E5h_Z5On2oB9WnlvUr_A3,3UdpZp1MXABu_zKrM37Vfi,CONTAINS
2E5h_Z5On2oB9WnlvUr_A2,3UdpZp1MXABu_zKrM37Vfl,CONTAINS
2E5h_Z5On2oB9WnlvUr_A2,27LiFFoBjFoewrqnvhyfWS,CONTAINS
2E5h_Z5On2oB9WnlvUr_A2,27LiFFoBjFoewrqnvhyfXj,CONTAINS
2E5h_Z5On2oB9WnlvUr_A0,27LiFFoBjFoewrqnvhyfXl,CONTAINS
2E5h_Z5On2oB9WnlvUr_A1,27LiFFoBjFoewrqnvhyfXb,CONTAINS
2E5h_Z5On2oB9WnlvUr_A0,27LiFFoBjFoewrqnvhyfW1,CONTAINS
2E5h_Z5On2oB9WnlvUr_A3,27LiFFoBjFoewrqnvhyfsW,CONTAINS
2E5h_Z5On2oB9WnlvUr_A2,27LiFFoBjFoewrqnvhyfWV,CONTAINS
2E5h_Z5On2oB9WnlvUr_A2,27LiFFoBjFoewrqnvhyfW2,CONTAINS
2E5h_Z5On2oB9WnlvUr_A3,27LiFFoBjFoewrqnvhyfW5,CONTAINS
2E5h_Z5On2oB9WnlvUr_A3,1MmCgwA9rEWvlG9U_Pe2qX,CONTAINS
2E5h_Z5On2oB9WnlvUr_A3,1MmCgwA9rEWvlG9U_Pe2qd,CONTAINS
2E5h_Z5On2oB9WnlvUr_A3,1MmCgwA9rEWvlG9U_Pe2qZ,CONTAINS
2E5h_Z5On2oB9WnlvUr_A3,1MmCgwA9rEWvlG9U_Pe2mt,CONTAINS
2E5h_Z5On2oB9WnlvUr_A3,1MmCgwA9rEWvlG9U_Pe2mB,CONTAINS
2E5h_Z5On2oB9WnlvUr_A2,27LiFFoBjFoewrqnvhyfXg,CONTAINS
2E5h_Z5On2oB9WnlvUr_A3,27LiFFoBjFoewrqnvhyfXZ,CONTAINS
2E5h_Z5On2oB9WnlvUr_A2,27LiFFoBjFoewrqnvhyfXW,CONTAINS
2E5h_Z5On2oB9WnlvUr_A0,1us7410YT5oAC7mecsguGl,CONTAINS
2E5h_Z5On2oB9WnlvUr_AE,1us7410YT5oAC7mecsgu7J,CONTAINS
2E5h_Z5On2oB9WnlvUr_AE,1us7410YT5oAC7mecsgu7g,CONTAINS
2E5h_Z5On2oB9WnlvUr_A0,1us7410YT5oAC7mecsguGn,CONTAINS
2E5h_Z5On2oB9WnlvUr_A3,243WO7lq1ElRK2Z8eCKILT,CONTAINS
2E5h_Z5On2oB9WnlvUr_A2,243WO7lq1ElRK2Z8eCKILs,CONTAINS
2E5h_Z5On2oB9WnlvUr_A2,21EyrTYlXCzxPLrRZrly6N,CONTAINS
2E5h_Z5On2oB9WnlvUr_A2,1m8KFWjPT6gwvxtWxoLmaF,CONTAINS
2E5h_Z5On2oB9WnlvUr_A2,243WO7lq1ElRK2Z8eCKILt,CONTAINS
2E5h_Z5On2oB9WnlvUr_A2,1m8KFWjPT6gwvxtWxoLmaE,CONTAINS
2E5h_Z5On2oB9WnlvUr_A2,21EyrTYlXCzxPLrRZrly4T,CONTAINS
2E5h_Z5On2oB9WnlvUr_A2,21EyrTYlXCzxPLrRZrly5l,CONTAINS
2E5h_Z5On2oB9WnlvUr_A2,21EyrTYlXCzxPLrRZrly4S,CONTAINS
2E5h_Z5On2oB9WnlvUr_AE,334Vd22pPCkfjZaRT0q5hT,CONTAINS
2E5h_Z5On2oB9WnlvUr_AE,334Vd22pPCkfjZaRT0q5gA,CONTAINS
2E5h_Z5On2oB9WnlvUr_AE,334Vd22pPCkfjZaRT0q5hr,CONTAINS
2E5h_Z5On2oB9WnlvUr_AE,334Vd22pPCkfjZaRT0q5hm,CONTAINS
2E5h_Z5On2oB9WnlvUr_AE,2T0BXODeD7T9sDIfvtqWN_,CONTAINS
2E5h_Z5On2oB9WnlvUr_AE,2T0BXODeD7T9sDIfvtqWKX,CONTAINS
2E5h_Z5On2oB9WnlvUr_AE,2T0BXODeD7T9sDIfvtqZky,CONTAINS
2E5h_Z5On2oB9WnlvUr_A1,3cCwrDEij5YOd25Oe7FZzo,CONTAINS
2E5h_Z5On2oB9WnlvUr_AE,2T0BXODeD7T9sDIfvtqZkz,CONTAINS
2E5h_Z5On2oB9WnlvUr_AE,2T0BXODeD7T9sDIfvtqWN4,CONTAINS
2E5h_Z5On2oB9WnlvUr_AE,2T0BXODeD7T9sDIfvtqWN2,CONTAINS
2E5h_Z5On2oB9WnlvUr_A1,04XAHQrbPDLgMeCC34joM$,CONTAINS
2E5h_Z5On2oB9WnlvUr_A1,04XAHQrbPDLgMeCC34joM_,CONTAINS
2E5h_Z5On2oB9WnlvUr_A1,04XAHQrbPDLgMeCC34joMX,CONTAINS
2E5h_Z5On2oB9WnlvUr_A1,04XAHQrbPDLgMeCC34joKc,CONTAINS
2E5h_Z5On2oB9WnlvUr_A1,04XAHQrbPDLgMeCC34joMy,CONTAINS
2E5h_Z5On2oB9WnlvUr_A1,04XAHQrbPDLgMeCC34joKa,CONTAINS
2E5h_Z5On2oB9WnlvUr_AF,3bG$cmW1HBSB7d9ASSyfhJ,CONTAINS
2E5h_Z5On2oB9WnlvUr_AE,2T0BXODeD7T9sDIfvtqWLE,CONTAINS
2E5h_Z5On2oB9WnlvUr_A1,1kmZQO5mTCYP447WOPQA7B,CONTAINS
2E5h_Z5On2oB9WnlvUr_A1,1kmZQO5mTCYP447WOPQA78,CONTAINS
2E5h_Z5On2oB9WnlvUr_A1,1kmZQO5mTCYP447WOPQA79,CONTAINS
2E5h_Z5On2oB9WnlvUr_A1,3AQD$Ab1D3txzhbriFqGp3,CONTAINS
2E5h_Z5On2oB9WnlvUr_A1,3AQD$Ab1D3txzhbriFqG5z,CONTAINS
2E5h_Z5On2oB9WnlvUr_A1,3AQD$Ab1D3txzhbriFqG5Q,CONTAINS
2E5h_Z5On2oB9WnlvUr_A1,3AQD$Ab1D3txzhbriFqG5_,CONTAINS
2E5h_Z5On2oB9WnlvUr_AF,3AQD$Ab1D3txzhbriFqGBc,CONTAINS
2E5h_Z5On2oB9WnlvUr_AF,3AQD$Ab1D3txzhbriFqGA5,CONTAINS
2E5h_Z5On2oB9WnlvUr_A1,3AQD$Ab1D3txzhbriFqGpg,CONTAINS
2E5h_Z5On2oB9WnlvUr_A1,3AQD$Ab1D3txzhbriFqGp2,CONTAINS
2E5h_Z5On2oB9WnlvUr_AE,2T0BXODeD7T9sDIfvtqWNy,CONTAINS
2E5h_Z5On2oB9WnlvUr_AE,3AQD$Ab1D3txzhbriFqGPI,CONTAINS
2E5h_Z5On2oB9WnlvUr_A1,3cCwrDEij5YOd25Oe7FZ_a,CONTAINS
2E5h_Z5On2oB9WnlvUr_A2,243WO7lq1ElRK2Z8eCKIK9,CONTAINS
2E5h_Z5On2oB9WnlvUr_A3,243WO7lq1ElRK2Z8eCKI9d,CONTAINS
2E5h_Z5On2oB9WnlvUr_A2,243WO7lq1ElRK2Z8eCKIKQ,CONTAINS
2E5h_Z5On2oB9WnlvUr_A2,243WO7lq1ElRK2Z8eCKIKP,CONTAINS
2E5h_Z5On2oB9WnlvUr_AE,3h_ewbhJL89AACz$pvgSwf,CONTAINS
2E5h_Z5On2oB9WnlvUr_AE,3h_ewbhJL89AACz$pvgSuJ,CONTAINS
2E5h_Z5On2oB9WnlvUr_AE,3h_ewbhJL89AACz$pvgSuB,CONTAINS
2E5h_Z5On2oB9WnlvUr_AE,3h_ewbhJL89AACz$pvgSfD,CONTAINS
2E5h_Z5On2oB9WnlvUr_AE,3h_ewbhJL89AACz$pvgSfY,CONTAINS
2E5h_Z5On2oB9WnlvUr_AE,3h_ewbhJL89AACz$pvgSgE,CONTAINS
2E5h_Z5On2oB9WnlvUr_AE,3h_ewbhJL89AACz$pvgSg4,CONTAINS
2E5h_Z5On2oB9WnlvUr_AE,3h_ewbhJL89AACz$pvgSg8,CONTAINS
2E5h_Z5On2oB9WnlvUr_AE,3h_ewbhJL89AACz$pvgSX2,CONTAINS
2E5h_Z5On2oB9WnlvUr_AE,3h_ewbhJL89AACz$pvgSaH,CONTAINS
2E5h_Z5On2oB9WnlvUr_AE,3h_ewbhJL89AACz$pvgSjT,CONTAINS
2E5h_Z5On2oB9WnlvUr_AE,3h_ewbhJL89AACz$pvgSXB,CONTAINS
2E5h_Z5On2oB9WnlvUr_AE,3h_ewbhJL89AACz$pvgSY0,CONTAINS
2E5h_Z5On2oB9WnlvUr_AE,3h_ewbhJL89AACz$pvgSXK,CONTAINS
2E5h_Z5On2oB9WnlvUr_AE,3h_ewbhJL89AACz$pvgSdd,CONTAINS
2E5h_Z5On2oB9WnlvUr_AE,3h_ewbhJL89AACz$pvgSjY,CONTAINS
2E5h_Z5On2oB9WnlvUr_AE,0oA8x04_5FRvbxWuRvkm3x,CONTAINS
2E5h_Z5On2oB9WnlvUr_AE,0oA8x04_5FRvbxWuRvkmLc,CONTAINS
2E5h_Z5On2oB9WnlvUr_AE,0oA8x04_5FRvbxWuRvkmL5,CONTAINS
2E5h_Z5On2oB9WnlvUr_AE,0oA8x04_5FRvbxWuRvkmGK,CONTAINS
2E5h_Z5On2oB9WnlvUr_AE,0oA8x04_5FRvbxWuRvkmL7,CONTAINS
2E5h_Z5On2oB9WnlvUr_AE,0oA8x04_5FRvbxWuRvkmGT,CONTAINS
2E5h_Z5On2oB9WnlvUr_AE,3h_ewbhJL89AACz$pvg3IG,CONTAINS
2E5h_Z5On2oB9WnlvUr_AE,3h_ewbhJL89AACz$pvg3MN,CONTAINS
2E5h_Z5On2oB9WnlvUr_AE,3h_ewbhJL89AACz$pvg3Ly,CONTAINS
2E5h_Z5On2oB9WnlvUr_AE,0kTHiuVfLDTxfqg6OgnB4D,CONTAINS
2E5h_Z5On2oB9WnlvUr_AE,0kTHiuVfLDTxfqg6OgnB46,CONTAINS
2E5h_Z5On2oB9WnlvUr_AE,0kTHiuVfLDTxfqg6OgnB1$,CONTAINS
2E5h_Z5On2oB9WnlvUr_AE,0oA8x04_5FRvbxWuRvkm_h,CONTAINS
2E5h_Z5On2oB9WnlvUr_AE,0oA8x04_5FRvbxWuRvkm_t,CONTAINS
2E5h_Z5On2oB9WnlvUr_AE,3h_ewbhJL89AACz$pvg3IH,CONTAINS
2E5h_Z5On2oB9WnlvUr_AE,0kTHiuVfLDTxfqg6OgnBUn,CONTAINS
2E5h_Z5On2oB9WnlvUr_AE,0kTHiuVfLDTxfqg6OgnBUg,CONTAINS
2E5h_Z5On2oB9WnlvUr_AE,0kTHiuVfLDTxfqg6OgnBUh,CONTAINS
2E5h_Z5On2oB9WnlvUr_AE,0kTHiuVfLDTxfqg6OgnBUm,CONTAINS
2E5h_Z5On2oB9WnlvUr_AE,0kTHiuVfLDTxfqg6OgnBOY,CONTAINS
2E5h_Z5On2oB9WnlvUr_AE,3h_ewbhJL89AACz$pvg3Im,CONTAINS
2E5h_Z5On2oB9WnlvUr_AE,0oA8x04_5FRvbxWuRvkm_S,CONTAINS
2E5h_Z5On2oB9WnlvUr_A1,0iOS7aoA9DMgZUDdw7IciP,CONTAINS
2E5h_Z5On2oB9WnlvUr_A1,0iOS7aoA9DMgZUDdw7Ici5,CONTAINS
2E5h_Z5On2oB9WnlvUr_A1,2JUEy_kdD4oQO3YpOApP5Y,CONTAINS
2E5h_Z5On2oB9WnlvUr_A1,2JUEy_kdD4oQO3YpOApP5f,CONTAINS
2E5h_Z5On2oB9WnlvUr_A1,2JUEy_kdD4oQO3YpOApP4C,CONTAINS
2E5h_Z5On2oB9WnlvUr_A1,2JUEy_kdD4oQO3YpOApP45,CONTAINS
2E5h_Z5On2oB9WnlvUr_A1,2JUEy_kdD4oQO3YpOApPBy,CONTAINS
2E5h_Z5On2oB9WnlvUr_A1,2JUEy_kdD4oQO3YpOApPEs,CONTAINS
2E5h_Z5On2oB9WnlvUr_A1,0iOS7aoA9DMgZUDdw7IdHG,CONTAINS
2E5h_Z5On2oB9WnlvUr_A1,0iOS7aoA9DMgZUDdw7IdIV,CONTAINS
2E5h_Z5On2oB9WnlvUr_A1,2JUEy_kdD4oQO3YpOApP8P,CONTAINS
2E5h_Z5On2oB9WnlvUr_A1,2JUEy_kdD4oQO3YpOApP5m,CONTAINS
2E5h_Z5On2oB9WnlvUr_A1,2JUEy_kdD4oQO3YpOApP6H,CONTAINS
2E5h_Z5On2oB9WnlvUr_A1,2JUEy_kdD4oQO3YpOApP9W,CONTAINS
2E5h_Z5On2oB9WnlvUr_A1,2JUEy_kdD4oQO3YpOApP4_,CONTAINS
2E5h_Z5On2oB9WnlvUr_A1,2JUEy_kdD4oQO3YpOApP8I,CONTAINS
2E5h_Z5On2oB9WnlvUr_A1,2gpnGySj9B4BCIjk6J_P$A,CONTAINS
2E5h_Z5On2oB9WnlvUr_A1,2gpnGySj9B4BCIjk6J_PvG,CONTAINS
2E5h_Z5On2oB9WnlvUr_A1,2gpnGySj9B4BCIjk6J_PxP,CONTAINS
2E5h_Z5On2oB9WnlvUr_A1,2gpnGySj9B4BCIjk6J_PwW,CONTAINS
2E5h_Z5On2oB9WnlvUr_A1,2gpnGySj9B4BCIjk6J_Pxr,CONTAINS
2E5h_Z5On2oB9WnlvUr_A1,0iOS7aoA9DMgZUDdw7Icaf,CONTAINS
2E5h_Z5On2oB9WnlvUr_A1,0iOS7aoA9DMgZUDdw7IcaY,CONTAINS
2E5h_Z5On2oB9WnlvUr_AF,0TpcTjeFj0tOxzOUikPWMi,CONTAINS
2E5h_Z5On2oB9WnlvUr_AE,0TpcTjeFj0tOxzOUikPZh1,CONTAINS
2E5h_Z5On2oB9WnlvUr_AF,3tOSI7L519ohx8L7ABrX4J,CONTAINS
2E5h_Z5On2oB9WnlvUr_AF,0TpcTjeFj0tOxzOUikPWMj,CONTAINS
2E5h_Z5On2oB9WnlvUr_A1,0iOS7aoA9DMgZUDdw7Icf1,CONTAINS
2E5h_Z5On2oB9WnlvUr_A1,0iOS7aoA9DMgZUDdw7IchI,CONTAINS
2E5h_Z5On2oB9WnlvUr_A1,0iOS7aoA9DMgZUDdw7IcaG,CONTAINS
2E5h_Z5On2oB9WnlvUr_A1,0iOS7aoA9DMgZUDdw7Iccp,CONTAINS
2E5h_Z5On2oB9WnlvUr_A1,0iOS7aoA9DMgZUDdw7IcfJ,CONTAINS
2E5h_Z5On2oB9WnlvUr_A1,0iOS7aoA9DMgZUDdw7IciT,CONTAINS
2E5h_Z5On2oB9WnlvUr_A1,0iOS7aoA9DMgZUDdw7IciX,CONTAINS
2E5h_Z5On2oB9WnlvUr_AE,3h_ewbhJL89AACz$pvgSu8,CONTAINS
2E5h_Z5On2oB9WnlvUr_A1,0iOS7aoA9DMgZUDdw7Icm_,CONTAINS
2E5h_Z5On2oB9WnlvUr_A1,0iOS7aoA9DMgZUDdw7Icmt,CONTAINS
2E5h_Z5On2oB9WnlvUr_A1,0iOS7aoA9DMgZUDdw7Icmi,CONTAINS
2E5h_Z5On2oB9WnlvUr_A1,0iOS7aoA9DMgZUDdw7Ickr,CONTAINS
2E5h_Z5On2oB9WnlvUr_A1,0iOS7aoA9DMgZUDdw7Icl0,CONTAINS
2E5h_Z5On2oB9WnlvUr_A1,2gpnGySj9B4BCIjk6J_Pp5,CONTAINS
2E5h_Z5On2oB9WnlvUr_A1,2gpnGySj9B4BCIjk6J_P$H,CONTAINS
2E5h_Z5On2oB9WnlvUr_A1,2gpnGySj9B4BCIjk6J_Pn1,CONTAINS
2E5h_Z5On2oB9WnlvUr_A1,2gpnGySj9B4BCIjk6J_Pzz,CONTAINS
2E5h_Z5On2oB9WnlvUr_A1,2gpnGySj9B4BCIjk6J_Pp9,CONTAINS
2E5h_Z5On2oB9WnlvUr_A1,2gpnGySj9B4BCIjk6J_Poa,CONTAINS
2E5h_Z5On2oB9WnlvUr_A1,2gpnGySj9B4BCIjk6J_Psx,CONTAINS
2E5h_Z5On2oB9WnlvUr_A1,2gpnGySj9B4BCIjk6J_PnQ,CONTAINS
2E5h_Z5On2oB9WnlvUr_A1,2gpnGySj9B4BCIjk6J_PmX,CONTAINS
2E5h_Z5On2oB9WnlvUr_A1,2gpnGySj9B4BCIjk6J_PsO,CONTAINS
2E5h_Z5On2oB9WnlvUr_A1,2gpnGySj9B4BCIjk6J_Prl,CONTAINS
2E5h_Z5On2oB9WnlvUr_A1,2gpnGySj9B4BCIjk6J_PsH,CONTAINS
2E5h_Z5On2oB9WnlvUr_AF,3tOSI7L519ohx8L7ABrX71,CONTAINS
2E5h_Z5On2oB9WnlvUr_AF,3tOSI7L519ohx8L7ABrX4Z,CONTAINS
2E5h_Z5On2oB9WnlvUr_AE,0Soc2wy8X2_h2HL1amhcjv,CONTAINS
2E5h_Z5On2oB9WnlvUr_AE,0Soc2wy8X2_h2HL1amhciJ,CONTAINS
2E5h_Z5On2oB9WnlvUr_AE,0Soc2wy8X2_h2HL1amhcia,CONTAINS
2E5h_Z5On2oB9WnlvUr_AE,0Soc2wy8X2_h2HL1amhciI,CONTAINS
2E5h_Z5On2oB9WnlvUr_AE,0Soc2wy8X2_h2HL1amhcn2,CONTAINS
2E5h_Z5On2oB9WnlvUr_AE,0Soc2wy8X2_h2HL1amhccg,CONTAINS
2E5h_Z5On2oB9WnlvUr_AE,0Soc2wy8X2_h2HL1amhceh,CONTAINS
2E5h_Z5On2oB9WnlvUr_AE,0Soc2wy8X2_h2HL1amhceg,CONTAINS
2E5h_Z5On2oB9WnlvUr_AE,0Soc2wy8X2_h2HL1amhcYS,CONTAINS
2E5h_Z5On2oB9WnlvUr_AE,0Soc2wy8X2_h2HL1amhcaj,CONTAINS
2E5h_Z5On2oB9WnlvUr_AE,0Soc2wy8X2_h2HL1amhcn3,CONTAINS
2E5h_Z5On2oB9WnlvUr_AE,0Soc2wy8X2_h2HL1amhcYL,CONTAINS
2E5h_Z5On2oB9WnlvUr_AE,0Soc2wy8X2_h2HL1amhcXk,CONTAINS
2E5h_Z5On2oB9WnlvUr_AE,0Soc2wy8X2_h2HL1amhcTA,CONTAINS
2E5h_Z5On2oB9WnlvUr_A1,0Soc2wy8X2_h2HL1amhc$o,CONTAINS
2E5h_Z5On2oB9WnlvUr_AE,0TpcTjeFj0tOxzOUikPZMK,CONTAINS
2E5h_Z5On2oB9WnlvUr_AE,0TpcTjeFj0tOxzOUikPZfk,CONTAINS
2E5h_Z5On2oB9WnlvUr_AE,0TpcTjeFj0tOxzOUikPZfR,CONTAINS
2E5h_Z5On2oB9WnlvUr_AF,0Soc2wy8X2_h2HL1amhczr,CONTAINS
2E5h_Z5On2oB9WnlvUr_AF,0TpcTjeFj0tOxzOUikPZMQ,CONTAINS
2E5h_Z5On2oB9WnlvUr_AE,0TpcTjeFj0tOxzOUikPZMN,CONTAINS
2E5h_Z5On2oB9WnlvUr_AE,0Soc2wy8X2_h2HL1amhcxl,CONTAINS
2E5h_Z5On2oB9WnlvUr_AF,0TpcTjeFj0tOxzOUikPZMb,CONTAINS
2E5h_Z5On2oB9WnlvUr_AE,3h_ewbhJL89AACz$pvgSuA,CONTAINS
2E5h_Z5On2oB9WnlvUr_AE,0Soc2wy8X2_h2HL1amhcO2,CONTAINS
2E5h_Z5On2oB9WnlvUr_AE,0Soc2wy8X2_h2HL1amhcOY,CONTAINS
2E5h_Z5On2oB9WnlvUr_AE,0Soc2wy8X2_h2HL1amhcTM,CONTAINS
2E5h_Z5On2oB9WnlvUr_AE,0Soc2wy8X2_h2HL1amhcTS,CONTAINS
2E5h_Z5On2oB9WnlvUr_AC,0px41cyDH9qwUTeTwee9JX,CONTAINS
2E5h_Z5On2oB9WnlvUr_A5,0px41cyDH9qwUTeTwee9Bd,CONTAINS
2E5h_Z5On2oB9WnlvUr_AC,0px41cyDH9qwUTeTwee98z,CONTAINS
2E5h_Z5On2oB9WnlvUr_AC,0px41cyDH9qwUTeTwee9Jz,CONTAINS
2E5h_Z5On2oB9WnlvUr_A5,0px41cyDH9qwUTeTwee9Bt,CONTAINS
2E5h_Z5On2oB9WnlvUr_AC,0px41cyDH9qwUTeTwee9CW,CONTAINS
2E5h_Z5On2oB9WnlvUr_AC,0px41cyDH9qwUTeTwee9Dp,CONTAINS
2E5h_Z5On2oB9WnlvUr_AF,1fbzFl0vbFgOIR4BLdBQo5,CONTAINS
2E5h_Z5On2oB9WnlvUr_AE,1fbzFl0vbFgOIR4BLdBQp$,CONTAINS
2E5h_Z5On2oB9WnlvUr_AF,1fbzFl0vbFgOIR4BLdBQn3,CONTAINS
2E5h_Z5On2oB9WnlvUr_AF,1fbzFl0vbFgOIR4BLdBQoi,CONTAINS
2E5h_Z5On2oB9WnlvUr_AE,1fbzFl0vbFgOIR4BLdBQpD,CONTAINS
2E5h_Z5On2oB9WnlvUr_AC,0px41cyDH9qwUTeTwee9Lj,CONTAINS
2E5h_Z5On2oB9WnlvUr_A0,30dUbWTuLBTRe2hD5Tj2EJ,CONTAINS
2E5h_Z5On2oB9WnlvUr_A0,30dUbWTuLBTRe2hD5Tj2EI,CONTAINS
2E5h_Z5On2oB9WnlvUr_AF,1fbzFl0vbFgOIR4BLdBQta,CONTAINS
2E5h_Z5On2oB9WnlvUr_AC,0px41cyDH9qwUTeTwee9Tx,CONTAINS
2E5h_Z5On2oB9WnlvUr_AC,0px41cyDH9qwUTeTwee9Tf,CONTAINS
2E5h_Z5On2oB9WnlvUr_AE,0JofzUoVL5$8OYKsiQabMd,CONTAINS
2E5h_Z5On2oB9WnlvUr_A1,0JofzUoVL5$8OYKsiQabPm,CONTAINS
2E5h_Z5On2oB9WnlvUr_AE,0JofzUoVL5$8OYKsiQabMX,CONTAINS
2E5h_Z5On2oB9WnlvUr_A1,15_bC4FTv02hB3jHvFujVs,CONTAINS
2E5h_Z5On2oB9WnlvUr_A1,15_bC4FTv02hB3jHvFujVt,CONTAINS
2E5h_Z5On2oB9WnlvUr_A1,0JofzUoVL5$8OYKsiQabSL,CONTAINS
2E5h_Z5On2oB9WnlvUr_A1,15_bC4FTv02hB3jHvFujVq,CONTAINS
2E5h_Z5On2oB9WnlvUr_AF,0JofzUoVL5$8OYKsiQabD4,CONTAINS
2E5h_Z5On2oB9WnlvUr_A3,15_bC4FTv02hB3jHvFujSF,CONTAINS
2E5h_Z5On2oB9WnlvUr_AE,15_bC4FTv02hB3jHvFujSA,CONTAINS
2E5h_Z5On2oB9WnlvUr_AE,15_bC4FTv02hB3jHvFujVb,CONTAINS
2E5h_Z5On2oB9WnlvUr_AF,0JofzUoVL5$8OYKsiQabIX,CONTAINS
2E5h_Z5On2oB9WnlvUr_AF,0JofzUoVL5$8OYKsiQabId,CONTAINS
2E5h_Z5On2oB9WnlvUr_AE,15_bC4FTv02hB3jHvFujVu,CONTAINS
2E5h_Z5On2oB9WnlvUr_AE,15_bC4FTv02hB3jHvFujVc,CONTAINS
2E5h_Z5On2oB9WnlvUr_AE,15_bC4FTv02hB3jHvFujV$,CONTAINS
2E5h_Z5On2oB9WnlvUr_A1,2JUEy_kdD4oQO3YpOApPw0,CONTAINS
2E5h_Z5On2oB9WnlvUr_AE,15_bC4FTv02hB3jHvFujVo,CONTAINS
2E5h_Z5On2oB9WnlvUr_A1,15_bC4FTv02hB3jHvFujVn,CONTAINS
2E5h_Z5On2oB9WnlvUr_AE,2JUEy_kdD4oQO3YpOApPrH,CONTAINS
2E5h_Z5On2oB9WnlvUr_A1,30dUbWTuLBTRe2hD5Tj2Dy,CONTAINS
2E5h_Z5On2oB9WnlvUr_A1,30dUbWTuLBTRe2hD5Tj2D$,CONTAINS
2E5h_Z5On2oB9WnlvUr_AF,1fbzFl0vbFgOIR4BLdBQnk,CONTAINS
2E5h_Z5On2oB9WnlvUr_AF,1fbzFl0vbFgOIR4BLdBQm5,CONTAINS
2E5h_Z5On2oB9WnlvUr_AF,1fbzFl0vbFgOIR4BLdBQm2,CONTAINS
2E5h_Z5On2oB9WnlvUr_AF,1fbzFl0vbFgOIR4BLdBQt1,CONTAINS
2E5h_Z5On2oB9WnlvUr_AE,30dUbWTuLBTRe2hD5Tj2Cf,CONTAINS
2E5h_Z5On2oB9WnlvUr_AF,30dUbWTuLBTRe2hD5Tj2CF,CONTAINS
2E5h_Z5On2oB9WnlvUr_AF,30dUbWTuLBTRe2hD5Tj2C8,CONTAINS
2E5h_Z5On2oB9WnlvUr_AF,30dUbWTuLBTRe2hD5Tj2C6,CONTAINS
2E5h_Z5On2oB9WnlvUr_A1,30dUbWTuLBTRe2hD5Tj2DS,CONTAINS
2E5h_Z5On2oB9WnlvUr_A1,30dUbWTuLBTRe2hD5Tj2Dg,CONTAINS
2E5h_Z5On2oB9WnlvUr_AE,30dUbWTuLBTRe2hD5Tj2Ch,CONTAINS
2E5h_Z5On2oB9WnlvUr_AE,2ZaTY48k58HBVcLOwVC8PR,CONTAINS
2E5h_Z5On2oB9WnlvUr_A0,2ZaTY48k58HBVcLOwVC8PY,CONTAINS
2E5h_Z5On2oB9WnlvUr_AF,2ZaTY48k58HBVcLOwVC8PI,CONTAINS
2E5h_Z5On2oB9WnlvUr_A1,2ZaTY48k58HBVcLOwVC8Pa,CONTAINS
2E5h_Z5On2oB9WnlvUr_AF,2ZaTY48k58HBVcLOwVC74m,CONTAINS
2E5h_Z5On2oB9WnlvUr_AF,2ZaTY48k58HBVcLOwVC732,CONTAINS
2E5h_Z5On2oB9WnlvUr_AF,0JofzUoVL5$8OYKsiQabIw,CONTAINS
2E5h_Z5On2oB9WnlvUr_AE,0JofzUoVL5$8OYKsiQabHX,CONTAINS
2E5h_Z5On2oB9WnlvUr_AE,0yDC$tT11DX9QQmS5egoE6,CONTAINS
2E5h_Z5On2oB9WnlvUr_AF,0yDC$tT11DX9QQmS5egoAl,CONTAINS
2E5h_Z5On2oB9WnlvUr_A1,0yDC$tT11DX9QQmS5egoPt,CONTAINS
2E5h_Z5On2oB9WnlvUr_A1,0yDC$tT11DX9QQmS5egoRi,CONTAINS
2E5h_Z5On2oB9WnlvUr_A1,0yDC$tT11DX9QQmS5egoRa,CONTAINS
2E5h_Z5On2oB9WnlvUr_A1,0yDC$tT11DX9QQmS5egoRl,CONTAINS
2E5h_Z5On2oB9WnlvUr_A1,0yDC$tT11DX9QQmS5egoRd,CONTAINS
2E5h_Z5On2oB9WnlvUr_AF,0gCbTqKBn5BRyj$v0v6wx9,CONTAINS
2E5h_Z5On2oB9WnlvUr_AF,0gCbTqKBn5BRyj$v0v6wwD,CONTAINS
2E5h_Z5On2oB9WnlvUr_A0,0yDC$tT11DX9QQmS5egp_Z,CONTAINS
2E5h_Z5On2oB9WnlvUr_A0,0yDC$tT11DX9QQmS5egpnq,CONTAINS
2E5h_Z5On2oB9WnlvUr_A0,0yDC$tT11DX9QQmS5egp_Y,CONTAINS
2E5h_Z5On2oB9WnlvUr_A3,0yDC$tT11DX9QQmS5egpvy,CONTAINS
2E5h_Z5On2oB9WnlvUr_A3,0yDC$tT11DX9QQmS5egp_u,CONTAINS
2E5h_Z5On2oB9WnlvUr_A3,0yDC$tT11DX9QQmS5egp_v,CONTAINS
2E5h_Z5On2oB9WnlvUr_A0,0yDC$tT11DX9QQmS5egpwt,CONTAINS
2E5h_Z5On2oB9WnlvUr_A1,0yDC$tT11DX9QQmS5ego7f,CONTAINS
2E5h_Z5On2oB9WnlvUr_A0,0gCbTqKBn5BRyj$v0v6wbH,CONTAINS
2E5h_Z5On2oB9WnlvUr_A1,0gCbTqKBn5BRyj$v0v6zQ8,CONTAINS
2E5h_Z5On2oB9WnlvUr_AF,0gCbTqKBn5BRyj$v0v6wXk,CONTAINS
2E5h_Z5On2oB9WnlvUr_AF,0gCbTqKBn5BRyj$v0v6zJJ,CONTAINS
2E5h_Z5On2oB9WnlvUr_AE,0gCbTqKBn5BRyj$v0v6zH0,CONTAINS
2E5h_Z5On2oB9WnlvUr_A3,0gCbTqKBn5BRyj$v0v6zKv,CONTAINS
2E5h_Z5On2oB9WnlvUr_A0,0gCbTqKBn5BRyj$v0v6zLB,CONTAINS
2E5h_Z5On2oB9WnlvUr_AE,0yDC$tT11DX9QQmS5egoQY,CONTAINS
2E5h_Z5On2oB9WnlvUr_AE,0yDC$tT11DX9QQmS5egoQz,CONTAINS
2E5h_Z5On2oB9WnlvUr_AE,0yDC$tT11DX9QQmS5egoQt,CONTAINS
2E5h_Z5On2oB9WnlvUr_AE,0yDC$tT11DX9QQmS5egoQs,CONTAINS
2E5h_Z5On2oB9WnlvUr_AF,0gCbTqKBn5BRyj$v0v6wwF,CONTAINS
2E5h_Z5On2oB9WnlvUr_A1,0gCbTqKBn5BRyj$v0v6wgc,CONTAINS
2E5h_Z5On2oB9WnlvUr_A1,0gCbTqKBn5BRyj$v0v6whD,CONTAINS
2E5h_Z5On2oB9WnlvUr_A1,0gCbTqKBn5BRyj$v0v6whr,CONTAINS
2E5h_Z5On2oB9WnlvUr_AF,0gCbTqKBn5BRyj$v0v6wut,CONTAINS
2E5h_Z5On2oB9WnlvUr_A1,0iOS7aoA9DMgZUDdw7IdPa,CONTAINS
2E5h_Z5On2oB9WnlvUr_A1,0iOS7aoA9DMgZUDdw7IdO5,CONTAINS
2E5h_Z5On2oB9WnlvUr_A1,0iOS7aoA9DMgZUDdw7IdSL,CONTAINS
2E5h_Z5On2oB9WnlvUr_A1,0iOS7aoA9DMgZUDdw7IdSk,CONTAINS
2E5h_Z5On2oB9WnlvUr_A1,0iOS7aoA9DMgZUDdw7IdSd,CONTAINS
2E5h_Z5On2oB9WnlvUr_A1,0iOS7aoA9DMgZUDdw7IcWv,CONTAINS
2E5h_Z5On2oB9WnlvUr_A1,0iOS7aoA9DMgZUDdw7IcWo,CONTAINS
2E5h_Z5On2oB9WnlvUr_A1,0iOS7aoA9DMgZUDdw7IdVI,CONTAINS
2E5h_Z5On2oB9WnlvUr_A1,0iOS7aoA9DMgZUDdw7IdOU,CONTAINS
2E5h_Z5On2oB9WnlvUr_A1,0iOS7aoA9DMgZUDdw7IdOv,CONTAINS
2E5h_Z5On2oB9WnlvUr_A1,2JUEy_kdD4oQO3YpOApP8r,CONTAINS
2E5h_Z5On2oB9WnlvUr_A1,0iOS7aoA9DMgZUDdw7IdMn,CONTAINS
2E5h_Z5On2oB9WnlvUr_A1,2JUEy_kdD4oQO3YpOApP8k,CONTAINS
2E5h_Z5On2oB9WnlvUr_A1,2JUEy_kdD4oQO3YpOApP8B,CONTAINS
2E5h_Z5On2oB9WnlvUr_A1,0iOS7aoA9DMgZUDdw7IdKS,CONTAINS
2E5h_Z5On2oB9WnlvUr_A1,2JUEy_kdD4oQO3YpOApP8y,CONTAINS
2E5h_Z5On2oB9WnlvUr_A1,0iOS7aoA9DMgZUDdw7IdLz,CONTAINS
2E5h_Z5On2oB9WnlvUr_A1,0iOS7aoA9DMgZUDdw7IdLs,CONTAINS
2E5h_Z5On2oB9WnlvUr_A1,0iOS7aoA9DMgZUDdw7IdLa,CONTAINS
2E5h_Z5On2oB9WnlvUr_A1,0iOS7aoA9DMgZUDdw7IdN9,CONTAINS
2E5h_Z5On2oB9WnlvUr_A1,0iOS7aoA9DMgZUDdw7IdN2,CONTAINS
2E5h_Z5On2oB9WnlvUr_A1,0iOS7aoA9DMgZUDdw7IcZv,CONTAINS
2E5h_Z5On2oB9WnlvUr_A2,27LiFFoBjFoewrqnvhyeJj,CONTAINS
2E5h_Z5On2oB9WnlvUr_A0,0yDC$tT11DX9QQmS5egpnr,CONTAINS
2E5h_Z5On2oB9WnlvUr_A1,0iOS7aoA9DMgZUDdw7IdT_,CONTAINS
2E5h_Z5On2oB9WnlvUr_A1,0iOS7aoA9DMgZUDdw7IdVw,CONTAINS
2E5h_Z5On2oB9WnlvUr_A1,0iOS7aoA9DMgZUDdw7IdVX,CONTAINS
2E5h_Z5On2oB9WnlvUr_A1,0iOS7aoA9DMgZUDdw7IcZw,CONTAINS
2E5h_Z5On2oB9WnlvUr_A1,0iOS7aoA9DMgZUDdw7IcWJ,CONTAINS
2E5h_Z5On2oB9WnlvUr_A1,15_bC4FTv02hB3jHvFujvv,CONTAINS
2E5h_Z5On2oB9WnlvUr_A1,15_bC4FTv02hB3jHvFujvn,CONTAINS
2E5h_Z5On2oB9WnlvUr_A1,15_bC4FTv02hB3jHvFujvp,CONTAINS
2E5h_Z5On2oB9WnlvUr_A1,15_bC4FTv02hB3jHvFuj_0,CONTAINS
2E5h_Z5On2oB9WnlvUr_A1,15_bC4FTv02hB3jHvFuj_2,CONTAINS
2E5h_Z5On2oB9WnlvUr_A1,15_bC4FTv02hB3jHvFuj_8,CONTAINS
2E5h_Z5On2oB9WnlvUr_A1,15_bC4FTv02hB3jHvFuj_F,CONTAINS
2E5h_Z5On2oB9WnlvUr_A1,15_bC4FTv02hB3jHvFuj_E,CONTAINS
2E5h_Z5On2oB9WnlvUr_AE,15_bC4FTv02hB3jHvFujje,CONTAINS
2E5h_Z5On2oB9WnlvUr_AE,15_bC4FTv02hB3jHvFujjY,CONTAINS
2E5h_Z5On2oB9WnlvUr_AE,15_bC4FTv02hB3jHvFujja,CONTAINS
2E5h_Z5On2oB9WnlvUr_AE,15_bC4FTv02hB3jHvFujjj,CONTAINS
2E5h_Z5On2oB9WnlvUr_AE,15_bC4FTv02hB3jHvFujji,CONTAINS
2E5h_Z5On2oB9WnlvUr_AE,15_bC4FTv02hB3jHvFujjl,CONTAINS
2E5h_Z5On2oB9WnlvUr_AE,15_bC4FTv02hB3jHvFujoS,CONTAINS
2E5h_Z5On2oB9WnlvUr_AE,15_bC4FTv02hB3jHvFujoE,CONTAINS
2E5h_Z5On2oB9WnlvUr_AE,15_bC4FTv02hB3jHvFujoQ,CONTAINS
2E5h_Z5On2oB9WnlvUr_AE,15_bC4FTv02hB3jHvFujoG,CONTAINS
2E5h_Z5On2oB9WnlvUr_AE,15_bC4FTv02hB3jHvFujoB,CONTAINS
2E5h_Z5On2oB9WnlvUr_AE,15_bC4FTv02hB3jHvFujoI,CONTAINS
2E5h_Z5On2oB9WnlvUr_AE,15_bC4FTv02hB3jHvFujoT,CONTAINS
2E5h_Z5On2oB9WnlvUr_AE,15_bC4FTv02hB3jHvFujoo,CONTAINS
2E5h_Z5On2oB9WnlvUr_AE,15_bC4FTv02hB3jHvFujpC,CONTAINS
2E5h_Z5On2oB9WnlvUr_AE,15_bC4FTv02hB3jHvFujpD,CONTAINS
2E5h_Z5On2oB9WnlvUr_AE,15_bC4FTv02hB3jHvFujs7,CONTAINS
2E5h_Z5On2oB9WnlvUr_AE,15_bC4FTv02hB3jHvFujs0,CONTAINS
2E5h_Z5On2oB9WnlvUr_AE,15_bC4FTv02hB3jHvFujs3,CONTAINS
2E5h_Z5On2oB9WnlvUr_AE,15_bC4FTv02hB3jHvFujm5,CONTAINS
2E5h_Z5On2oB9WnlvUr_AE,15_bC4FTv02hB3jHvFujmJ,CONTAINS
2E5h_Z5On2oB9WnlvUr_AE,15_bC4FTv02hB3jHvFujpn,CONTAINS
2E5h_Z5On2oB9WnlvUr_A1,15_bC4FTv02hB3jHvFujx2,CONTAINS
2E5h_Z5On2oB9WnlvUr_AE,15_bC4FTv02hB3jHvFujsf,CONTAINS
2E5h_Z5On2oB9WnlvUr_AE,15_bC4FTv02hB3jHvFujsU,CONTAINS
2E5h_Z5On2oB9WnlvUr_AE,15_bC4FTv02hB3jHvFujsM,CONTAINS
2E5h_Z5On2oB9WnlvUr_AE,15_bC4FTv02hB3jHvFujqo,CONTAINS
2E5h_Z5On2oB9WnlvUr_AE,15_bC4FTv02hB3jHvFujqz,CONTAINS
2E5h_Z5On2oB9WnlvUr_AE,15_bC4FTv02hB3jHvFujqu,CONTAINS
2E5h_Z5On2oB9WnlvUr_AE,15_bC4FTv02hB3jHvFujqx,CONTAINS
2E5h_Z5On2oB9WnlvUr_A1,15_bC4FTv02hB3jHvFujxH,CONTAINS
2E5h_Z5On2oB9WnlvUr_A1,15_bC4FTv02hB3jHvFujxG,CONTAINS
2E5h_Z5On2oB9WnlvUr_A1,15_bC4FTv02hB3jHvFujx7,CONTAINS
2E5h_Z5On2oB9WnlvUr_A1,15_bC4FTv02hB3jHvFujxd,CONTAINS
2E5h_Z5On2oB9WnlvUr_A1,15_bC4FTv02hB3jHvFujxf,CONTAINS
2E5h_Z5On2oB9WnlvUr_AE,15_bC4FTv02hB3jHvFujtn,CONTAINS
2E5h_Z5On2oB9WnlvUr_AE,15_bC4FTv02hB3jHvFujt_,CONTAINS
2E5h_Z5On2oB9WnlvUr_A1,15_bC4FTv02hB3jHvFujxb,CONTAINS
2E5h_Z5On2oB9WnlvUr_A1,15_bC4FTv02hB3jHvFujut,CONTAINS
2E5h_Z5On2oB9WnlvUr_A1,15_bC4FTv02hB3jHvFujuJ,CONTAINS
2E5h_Z5On2oB9WnlvUr_A1,15_bC4FTv02hB3jHvFujue,CONTAINS
2E5h_Z5On2oB9WnlvUr_A1,15_bC4FTv02hB3jHvFujuY,CONTAINS
2E5h_Z5On2oB9WnlvUr_A1,15_bC4FTv02hB3jHvFujui,CONTAINS
2E5h_Z5On2oB9WnlvUr_A1,15_bC4FTv02hB3jHvFujuc,CONTAINS
2E5h_Z5On2oB9WnlvUr_A1,15_bC4FTv02hB3jHvFujuW,CONTAINS
2E5h_Z5On2oB9WnlvUr_A1,15_bC4FTv02hB3jHvFujud,CONTAINS
2E5h_Z5On2oB9WnlvUr_A1,15_bC4FTv02hB3jHvFujuC,CONTAINS
2E5h_Z5On2oB9WnlvUr_A1,15_bC4FTv02hB3jHvFujxh,CONTAINS
2E5h_Z5On2oB9WnlvUr_A1,15_bC4FTv02hB3jHvFujuv,CONTAINS
2E5h_Z5On2oB9WnlvUr_A1,15_bC4FTv02hB3jHvFujuu,CONTAINS
2E5h_Z5On2oB9WnlvUr_A1,15_bC4FTv02hB3jHvFuju_,CONTAINS
2E5h_Z5On2oB9WnlvUr_A1,15_bC4FTv02hB3jHvFujua,CONTAINS
2E5h_Z5On2oB9WnlvUr_A1,15_bC4FTv02hB3jHvFujub,CONTAINS
2E5h_Z5On2oB9WnlvUr_A1,15_bC4FTv02hB3jHvFujvh,CONTAINS
2E5h_Z5On2oB9WnlvUr_A1,15_bC4FTv02hB3jHvFujvW,CONTAINS
2E5h_Z5On2oB9WnlvUr_A1,15_bC4FTv02hB3jHvFujvQ,CONTAINS
2E5h_Z5On2oB9WnlvUr_A1,15_bC4FTv02hB3jHvFujv5,CONTAINS
2E5h_Z5On2oB9WnlvUr_A1,15_bC4FTv02hB3jHvFujva,CONTAINS
2E5h_Z5On2oB9WnlvUr_A1,15_bC4FTv02hB3jHvFujvc,CONTAINS
2E5h_Z5On2oB9WnlvUr_A1,15_bC4FTv02hB3jHvFujuS,CONTAINS
2E5h_Z5On2oB9WnlvUr_A1,15_bC4FTv02hB3jHvFujuQ,CONTAINS
2E5h_Z5On2oB9WnlvUr_A1,15_bC4FTv02hB3jHvFuju4,CONTAINS
2E5h_Z5On2oB9WnlvUr_A1,15_bC4FTv02hB3jHvFuju6,CONTAINS
2E5h_Z5On2oB9WnlvUr_A1,15_bC4FTv02hB3jHvFuju0,CONTAINS
2E5h_Z5On2oB9WnlvUr_A1,15_bC4FTv02hB3jHvFuju2,CONTAINS
2E5h_Z5On2oB9WnlvUr_A1,15_bC4FTv02hB3jHvFujxq,CONTAINS
2E5h_Z5On2oB9WnlvUr_A1,15_bC4FTv02hB3jHvFujxn,CONTAINS
2E5h_Z5On2oB9WnlvUr_A1,15_bC4FTv02hB3jHvFujxo,CONTAINS
2E5h_Z5On2oB9WnlvUr_A1,15_bC4FTv02hB3jHvFujx_,CONTAINS
2E5h_Z5On2oB9WnlvUr_A1,15_bC4FTv02hB3jHvFujur,CONTAINS
2E5h_Z5On2oB9WnlvUr_A1,15_bC4FTv02hB3jHvFujvA,CONTAINS
2E5h_Z5On2oB9WnlvUr_A1,15_bC4FTv02hB3jHvFujvM,CONTAINS
2E5h_Z5On2oB9WnlvUr_A1,15_bC4FTv02hB3jHvFujv1,CONTAINS
2E5h_Z5On2oB9WnlvUr_A1,15_bC4FTv02hB3jHvFujv0,CONTAINS
2E5h_Z5On2oB9WnlvUr_A1,15_bC4FTv02hB3jHvFujvF,CONTAINS
2E5h_Z5On2oB9WnlvUr_A1,15_bC4FTv02hB3jHvFujvC,CONTAINS
2E5h_Z5On2oB9WnlvUr_A1,15_bC4FTv02hB3jHvFujv9,CONTAINS
2E5h_Z5On2oB9WnlvUr_AE,15_bC4FTv02hB3jHvFujkv,CONTAINS
2E5h_Z5On2oB9WnlvUr_AE,15_bC4FTv02hB3jHvFujkt,CONTAINS
2E5h_Z5On2oB9WnlvUr_AE,15_bC4FTv02hB3jHvFujlE,CONTAINS
2E5h_Z5On2oB9WnlvUr_AE,15_bC4FTv02hB3jHvFujl1,CONTAINS
2E5h_Z5On2oB9WnlvUr_AE,15_bC4FTv02hB3jHvFujkx,CONTAINS
2E5h_Z5On2oB9WnlvUr_AE,15_bC4FTv02hB3jHvFujlI,CONTAINS
2E5h_Z5On2oB9WnlvUr_AE,15_bC4FTv02hB3jHvFujl4,CONTAINS
2E5h_Z5On2oB9WnlvUr_AE,15_bC4FTv02hB3jHvFujlM,CONTAINS
2E5h_Z5On2oB9WnlvUr_AE,15_bC4FTv02hB3jHvFujlG,CONTAINS
2E5h_Z5On2oB9WnlvUr_AE,15_bC4FTv02hB3jHvFujlS,CONTAINS
2E5h_Z5On2oB9WnlvUr_AE,15_bC4FTv02hB3jHvFujlg,CONTAINS
2E5h_Z5On2oB9WnlvUr_AE,15_bC4FTv02hB3jHvFujlK,CONTAINS
2E5h_Z5On2oB9WnlvUr_AE,15_bC4FTv02hB3jHvFujlk,CONTAINS
2E5h_Z5On2oB9WnlvUr_AE,15_bC4FTv02hB3jHvFujiH,CONTAINS
2E5h_Z5On2oB9WnlvUr_AE,15_bC4FTv02hB3jHvFujie,CONTAINS
2E5h_Z5On2oB9WnlvUr_AE,15_bC4FTv02hB3jHvFujih,CONTAINS
2E5h_Z5On2oB9WnlvUr_AE,15_bC4FTv02hB3jHvFujiM,CONTAINS
2E5h_Z5On2oB9WnlvUr_AE,15_bC4FTv02hB3jHvFujiU,CONTAINS
2E5h_Z5On2oB9WnlvUr_AE,15_bC4FTv02hB3jHvFujiO,CONTAINS
2E5h_Z5On2oB9WnlvUr_AE,15_bC4FTv02hB3jHvFujiV,CONTAINS
2E5h_Z5On2oB9WnlvUr_AE,15_bC4FTv02hB3jHvFujiG,CONTAINS
2E5h_Z5On2oB9WnlvUr_AE,15_bC4FTv02hB3jHvFujkG,CONTAINS
2E5h_Z5On2oB9WnlvUr_AE,15_bC4FTv02hB3jHvFujkL,CONTAINS
2E5h_Z5On2oB9WnlvUr_A3,15_bC4FTv02hB3jHvFujbZ,CONTAINS
2E5h_Z5On2oB9WnlvUr_A3,15_bC4FTv02hB3jHvFujbi,CONTAINS
2E5h_Z5On2oB9WnlvUr_A3,15_bC4FTv02hB3jHvFujbc,CONTAINS
2E5h_Z5On2oB9WnlvUr_A3,15_bC4FTv02hB3jHvFujbx,CONTAINS
2E5h_Z5On2oB9WnlvUr_A3,15_bC4FTv02hB3jHvFujbw,CONTAINS
2E5h_Z5On2oB9WnlvUr_A3,15_bC4FTv02hB3jHvFujbu,CONTAINS
2E5h_Z5On2oB9WnlvUr_A3,15_bC4FTv02hB3jHvFujbt,CONTAINS
2E5h_Z5On2oB9WnlvUr_A3,15_bC4FTv02hB3jHvFujbo,CONTAINS
2E5h_Z5On2oB9WnlvUr_A3,15_bC4FTv02hB3jHvFujgO,CONTAINS
2E5h_Z5On2oB9WnlvUr_A3,15_bC4FTv02hB3jHvFujg5,CONTAINS
2E5h_Z5On2oB9WnlvUr_A3,15_bC4FTv02hB3jHvFujgh,CONTAINS
2E5h_Z5On2oB9WnlvUr_A3,15_bC4FTv02hB3jHvFujgk,CONTAINS
2E5h_Z5On2oB9WnlvUr_A3,15_bC4FTv02hB3jHvFujg1,CONTAINS
2E5h_Z5On2oB9WnlvUr_A3,15_bC4FTv02hB3jHvFujg6,CONTAINS
2E5h_Z5On2oB9WnlvUr_AE,15_bC4FTv02hB3jHvFuji4,CONTAINS
2E5h_Z5On2oB9WnlvUr_AE,15_bC4FTv02hB3jHvFujli,CONTAINS
2E5h_Z5On2oB9WnlvUr_AE,15_bC4FTv02hB3jHvFuji7,CONTAINS
2E5h_Z5On2oB9WnlvUr_AE,15_bC4FTv02hB3jHvFujlm,CONTAINS
2E5h_Z5On2oB9WnlvUr_AE,15_bC4FTv02hB3jHvFujlr,CONTAINS
2E5h_Z5On2oB9WnlvUr_AE,15_bC4FTv02hB3jHvFujls,CONTAINS
2E5h_Z5On2oB9WnlvUr_AE,15_bC4FTv02hB3jHvFujlu,CONTAINS
2E5h_Z5On2oB9WnlvUr_AE,15_bC4FTv02hB3jHvFujly,CONTAINS
2E5h_Z5On2oB9WnlvUr_AE,15_bC4FTv02hB3jHvFujlo,CONTAINS
2E5h_Z5On2oB9WnlvUr_A3,15_bC4FTv02hB3jHvFujax,CONTAINS
2E5h_Z5On2oB9WnlvUr_A3,15_bC4FTv02hB3jHvFujad,CONTAINS
2E5h_Z5On2oB9WnlvUr_A3,15_bC4FTv02hB3jHvFujaW,CONTAINS
2E5h_Z5On2oB9WnlvUr_A3,15_bC4FTv02hB3jHvFujb6,CONTAINS
2E5h_Z5On2oB9WnlvUr_A3,15_bC4FTv02hB3jHvFujb3,CONTAINS
2E5h_Z5On2oB9WnlvUr_A3,15_bC4FTv02hB3jHvFujgW,CONTAINS
2E5h_Z5On2oB9WnlvUr_A3,15_bC4FTv02hB3jHvFujgj,CONTAINS
2E5h_Z5On2oB9WnlvUr_A3,15_bC4FTv02hB3jHvFujgi,CONTAINS
2E5h_Z5On2oB9WnlvUr_A3,15_bC4FTv02hB3jHvFujgT,CONTAINS
2E5h_Z5On2oB9WnlvUr_A3,15_bC4FTv02hB3jHvFujgK,CONTAINS
2E5h_Z5On2oB9WnlvUr_A3,15_bC4FTv02hB3jHvFujgH,CONTAINS
2E5h_Z5On2oB9WnlvUr_A3,15_bC4FTv02hB3jHvFujai,CONTAINS
2E5h_Z5On2oB9WnlvUr_A3,15_bC4FTv02hB3jHvFujbA,CONTAINS
2E5h_Z5On2oB9WnlvUr_AE,15_bC4FTv02hB3jHvFujp7,CONTAINS
2E5h_Z5On2oB9WnlvUr_AE,15_bC4FTv02hB3jHvFujp1,CONTAINS
2E5h_Z5On2oB9WnlvUr_AE,15_bC4FTv02hB3jHvFujpp,CONTAINS
2E5h_Z5On2oB9WnlvUr_AE,15_bC4FTv02hB3jHvFujpz,CONTAINS
2E5h_Z5On2oB9WnlvUr_A0,15_bC4FTv02hB3jHvFujfR,CONTAINS
2E5h_Z5On2oB9WnlvUr_A0,15_bC4FTv02hB3jHvFujfF,CONTAINS
2E5h_Z5On2oB9WnlvUr_A0,15_bC4FTv02hB3jHvFujf8,CONTAINS
2E5h_Z5On2oB9WnlvUr_A0,15_bC4FTv02hB3jHvFujf4,CONTAINS
2E5h_Z5On2oB9WnlvUr_A0,15_bC4FTv02hB3jHvFujf1,CONTAINS
2E5h_Z5On2oB9WnlvUr_A0,15_bC4FTv02hB3jHvFujf2,CONTAINS
2E5h_Z5On2oB9WnlvUr_A3,15_bC4FTv02hB3jHvFujfj,CONTAINS
2E5h_Z5On2oB9WnlvUr_A0,15_bC4FTv02hB3jHvFujer,CONTAINS
2E5h_Z5On2oB9WnlvUr_A3,15_bC4FTv02hB3jHvFujfl,CONTAINS
2E5h_Z5On2oB9WnlvUr_A0,15_bC4FTv02hB3jHvFujff,CONTAINS
2E5h_Z5On2oB9WnlvUr_A0,15_bC4FTv02hB3jHvFujfg,CONTAINS
2E5h_Z5On2oB9WnlvUr_A0,15_bC4FTv02hB3jHvFujfN,CONTAINS
2E5h_Z5On2oB9WnlvUr_A0,15_bC4FTv02hB3jHvFujfT,CONTAINS
2E5h_Z5On2oB9WnlvUr_A0,15_bC4FTv02hB3jHvFujfG,CONTAINS
2E5h_Z5On2oB9WnlvUr_A3,15_bC4FTv02hB3jHvFujfZ,CONTAINS
2E5h_Z5On2oB9WnlvUr_A3,15_bC4FTv02hB3jHvFujfo,CONTAINS
2E5h_Z5On2oB9WnlvUr_A3,15_bC4FTv02hB3jHvFujfm,CONTAINS
2E5h_Z5On2oB9WnlvUr_A3,15_bC4FTv02hB3jHvFujfa,CONTAINS
2E5h_Z5On2oB9WnlvUr_A3,15_bC4FTv02hB3jHvFujfu,CONTAINS
2E5h_Z5On2oB9WnlvUr_A3,15_bC4FTv02hB3jHvFujfv,CONTAINS
2E5h_Z5On2oB9WnlvUr_A3,15_bC4FTv02hB3jHvFujfy,CONTAINS
2E5h_Z5On2oB9WnlvUr_A3,15_bC4FTv02hB3jHvFujf_,CONTAINS
2E5h_Z5On2oB9WnlvUr_A3,15_bC4FTv02hB3jHvFujfq,CONTAINS
2E5h_Z5On2oB9WnlvUr_A0,15_bC4FTv02hB3jHvFujXv,CONTAINS
2E5h_Z5On2oB9WnlvUr_A3,15_bC4FTv02hB3jHvFuja5,CONTAINS
2E5h_Z5On2oB9WnlvUr_A0,15_bC4FTv02hB3jHvFujcB,CONTAINS
2E5h_Z5On2oB9WnlvUr_A0,15_bC4FTv02hB3jHvFujXa,CONTAINS
2E5h_Z5On2oB9WnlvUr_A0,15_bC4FTv02hB3jHvFujXW,CONTAINS
2E5h_Z5On2oB9WnlvUr_A3,15_bC4FTv02hB3jHvFujc$,CONTAINS
2E5h_Z5On2oB9WnlvUr_A3,15_bC4FTv02hB3jHvFujcp,CONTAINS
2E5h_Z5On2oB9WnlvUr_A3,15_bC4FTv02hB3jHvFujcd,CONTAINS
2E5h_Z5On2oB9WnlvUr_A0,15_bC4FTv02hB3jHvFujcD,CONTAINS
2E5h_Z5On2oB9WnlvUr_A3,15_bC4FTv02hB3jHvFujdx,CONTAINS
2E5h_Z5On2oB9WnlvUr_A3,15_bC4FTv02hB3jHvFujd_,CONTAINS
2E5h_Z5On2oB9WnlvUr_A3,15_bC4FTv02hB3jHvFujdy,CONTAINS
2E5h_Z5On2oB9WnlvUr_A3,15_bC4FTv02hB3jHvFujdE,CONTAINS
2E5h_Z5On2oB9WnlvUr_A3,15_bC4FTv02hB3jHvFujdC,CONTAINS
2E5h_Z5On2oB9WnlvUr_A3,15_bC4FTv02hB3jHvFujcs,CONTAINS
2E5h_Z5On2oB9WnlvUr_A3,15_bC4FTv02hB3jHvFujdm,CONTAINS
2E5h_Z5On2oB9WnlvUr_A3,15_bC4FTv02hB3jHvFujdp,CONTAINS
2E5h_Z5On2oB9WnlvUr_A3,15_bC4FTv02hB3jHvFuja0,CONTAINS
2E5h_Z5On2oB9WnlvUr_A3,15_bC4FTv02hB3jHvFujaF,CONTAINS
2E5h_Z5On2oB9WnlvUr_A3,15_bC4FTv02hB3jHvFujaD,CONTAINS
2E5h_Z5On2oB9WnlvUr_A3,15_bC4FTv02hB3jHvFujdW,CONTAINS
2E5h_Z5On2oB9WnlvUr_A3,15_bC4FTv02hB3jHvFujdY,CONTAINS
2E5h_Z5On2oB9WnlvUr_A3,15_bC4FTv02hB3jHvFujdi,CONTAINS
2E5h_Z5On2oB9WnlvUr_A3,15_bC4FTv02hB3jHvFujda,CONTAINS
2E5h_Z5On2oB9WnlvUr_A3,15_bC4FTv02hB3jHvFujdd,CONTAINS
2E5h_Z5On2oB9WnlvUr_A3,15_bC4FTv02hB3jHvFujdH,CONTAINS
2E5h_Z5On2oB9WnlvUr_A3,15_bC4FTv02hB3jHvFujdO,CONTAINS
2E5h_Z5On2oB9WnlvUr_A3,15_bC4FTv02hB3jHvFujdk,CONTAINS
2E5h_Z5On2oB9WnlvUr_A3,15_bC4FTv02hB3jHvFujdh,CONTAINS
2E5h_Z5On2oB9WnlvUr_A3,15_bC4FTv02hB3jHvFujek,CONTAINS
2E5h_Z5On2oB9WnlvUr_A3,15_bC4FTv02hB3jHvFujeR,CONTAINS
2E5h_Z5On2oB9WnlvUr_A3,15_bC4FTv02hB3jHvFujeg,CONTAINS
2E5h_Z5On2oB9WnlvUr_A3,15_bC4FTv02hB3jHvFujee,CONTAINS
2E5h_Z5On2oB9WnlvUr_A3,15_bC4FTv02hB3jHvFujeK,CONTAINS
2E5h_Z5On2oB9WnlvUr_A3,15_bC4FTv02hB3jHvFujhz,CONTAINS
2E5h_Z5On2oB9WnlvUr_A3,15_bC4FTv02hB3jHvFujhr,CONTAINS
2E5h_Z5On2oB9WnlvUr_A3,15_bC4FTv02hB3jHvFujhw,CONTAINS
2E5h_Z5On2oB9WnlvUr_A3,15_bC4FTv02hB3jHvFujhu,CONTAINS
2E5h_Z5On2oB9WnlvUr_A3,15_bC4FTv02hB3jHvFujhs,CONTAINS
2E5h_Z5On2oB9WnlvUr_A3,15_bC4FTv02hB3jHvFujha,CONTAINS
2E5h_Z5On2oB9WnlvUr_A3,15_bC4FTv02hB3jHvFujhk,CONTAINS
2E5h_Z5On2oB9WnlvUr_A3,15_bC4FTv02hB3jHvFujhi,CONTAINS
2E5h_Z5On2oB9WnlvUr_A3,15_bC4FTv02hB3jHvFujhj,CONTAINS
2E5h_Z5On2oB9WnlvUr_A3,15_bC4FTv02hB3jHvFujhh,CONTAINS
2E5h_Z5On2oB9WnlvUr_A3,15_bC4FTv02hB3jHvFujhe,CONTAINS
2E5h_Z5On2oB9WnlvUr_A3,15_bC4FTv02hB3jHvFujeU,CONTAINS
2E5h_Z5On2oB9WnlvUr_A3,15_bC4FTv02hB3jHvFujgX,CONTAINS
2E5h_Z5On2oB9WnlvUr_A3,15_bC4FTv02hB3jHvFujgb,CONTAINS
2E5h_Z5On2oB9WnlvUr_A3,15_bC4FTv02hB3jHvFujga,CONTAINS
2E5h_Z5On2oB9WnlvUr_A3,15_bC4FTv02hB3jHvFujgn,CONTAINS
2E5h_Z5On2oB9WnlvUr_A3,15_bC4FTv02hB3jHvFujh9,CONTAINS
2E5h_Z5On2oB9WnlvUr_A3,15_bC4FTv02hB3jHvFujh0,CONTAINS
2E5h_Z5On2oB9WnlvUr_A3,15_bC4FTv02hB3jHvFujgv,CONTAINS
2E5h_Z5On2oB9WnlvUr_A3,15_bC4FTv02hB3jHvFujhU,CONTAINS
2E5h_Z5On2oB9WnlvUr_A3,15_bC4FTv02hB3jHvFujh4,CONTAINS
2E5h_Z5On2oB9WnlvUr_A3,15_bC4FTv02hB3jHvFujhQ,CONTAINS
2E5h_Z5On2oB9WnlvUr_A3,15_bC4FTv02hB3jHvFujhO,CONTAINS
2E5h_Z5On2oB9WnlvUr_A3,15_bC4FTv02hB3jHvFujhB,CONTAINS
2E5h_Z5On2oB9WnlvUr_A3,15_bC4FTv02hB3jHvFujh6,CONTAINS
2E5h_Z5On2oB9WnlvUr_A0,15_bC4FTv02hB3jHvFujXt,CONTAINS
2E5h_Z5On2oB9WnlvUr_A0,15_bC4FTv02hB3jHvFujXz,CONTAINS
2E5h_Z5On2oB9WnlvUr_A3,15_bC4FTv02hB3jHvFujeu,CONTAINS
2E5h_Z5On2oB9WnlvUr_A3,15_bC4FTv02hB3jHvFuje_,CONTAINS
2E5h_Z5On2oB9WnlvUr_A3,15_bC4FTv02hB3jHvFujeY,CONTAINS
2E5h_Z5On2oB9WnlvUr_A3,15_bC4FTv02hB3jHvFujeW,CONTAINS
2E5h_Z5On2oB9WnlvUr_A3,15_bC4FTv02hB3jHvFujex,CONTAINS
2E5h_Z5On2oB9WnlvUr_A3,15_bC4FTv02hB3jHvFujec,CONTAINS
2E5h_Z5On2oB9WnlvUr_A3,15_bC4FTv02hB3jHvFujeb,CONTAINS
2E5h_Z5On2oB9WnlvUr_A3,15_bC4FTv02hB3jHvFujhS,CONTAINS
2E5h_Z5On2oB9WnlvUr_A3,15_bC4FTv02hB3jHvFujhN,CONTAINS
2E5h_Z5On2oB9WnlvUr_A3,15_bC4FTv02hB3jHvFujei,CONTAINS
2E5h_Z5On2oB9WnlvUr_A0,15_bC4FTv02hB3jHvFujep,CONTAINS
2E5h_Z5On2oB9WnlvUr_A0,15_bC4FTv02hB3jHvFujYl,CONTAINS
2E5h_Z5On2oB9WnlvUr_A0,15_bC4FTv02hB3jHvFujYP,CONTAINS
2E5h_Z5On2oB9WnlvUr_A0,15_bC4FTv02hB3jHvFujYS,CONTAINS
2E5h_Z5On2oB9WnlvUr_A0,15_bC4FTv02hB3jHvFujYR,CONTAINS
2E5h_Z5On2oB9WnlvUr_A0,15_bC4FTv02hB3jHvFujY7,CONTAINS
2E5h_Z5On2oB9WnlvUr_A0,15_bC4FTv02hB3jHvFujZE,CONTAINS
2E5h_Z5On2oB9WnlvUr_A0,15_bC4FTv02hB3jHvFujZ6,CONTAINS
2E5h_Z5On2oB9WnlvUr_A0,15_bC4FTv02hB3jHvFujZ0,CONTAINS
2E5h_Z5On2oB9WnlvUr_A0,15_bC4FTv02hB3jHvFujZ2,CONTAINS
2E5h_Z5On2oB9WnlvUr_A0,15_bC4FTv02hB3jHvFujYp,CONTAINS
2E5h_Z5On2oB9WnlvUr_A0,15_bC4FTv02hB3jHvFujYm,CONTAINS
2E5h_Z5On2oB9WnlvUr_A0,15_bC4FTv02hB3jHvFujYr,CONTAINS
2E5h_Z5On2oB9WnlvUr_A0,15_bC4FTv02hB3jHvFujZA,CONTAINS
2E5h_Z5On2oB9WnlvUr_A0,15_bC4FTv02hB3jHvFujYt,CONTAINS
2E5h_Z5On2oB9WnlvUr_A0,15_bC4FTv02hB3jHvFujYd,CONTAINS
2E5h_Z5On2oB9WnlvUr_A0,15_bC4FTv02hB3jHvFujYZ,CONTAINS
2E5h_Z5On2oB9WnlvUr_A0,15_bC4FTv02hB3jHvFujYx,CONTAINS
2E5h_Z5On2oB9WnlvUr_A0,15_bC4FTv02hB3jHvFujY$,CONTAINS
2E5h_Z5On2oB9WnlvUr_A0,15_bC4FTv02hB3jHvFujYv,CONTAINS
2E5h_Z5On2oB9WnlvUr_A0,15_bC4FTv02hB3jHvFujYT,CONTAINS
2E5h_Z5On2oB9WnlvUr_A0,15_bC4FTv02hB3jHvFujYy,CONTAINS
2E5h_Z5On2oB9WnlvUr_A0,15_bC4FTv02hB3jHvFujYh,CONTAINS
2E5h_Z5On2oB9WnlvUr_A0,15_bC4FTv02hB3jHvFujYN,CONTAINS
2E5h_Z5On2oB9WnlvUr_A0,15_bC4FTv02hB3jHvFujW$,CONTAINS
2E5h_Z5On2oB9WnlvUr_A0,15_bC4FTv02hB3jHvFujWv,CONTAINS
2E5h_Z5On2oB9WnlvUr_A0,15_bC4FTv02hB3jHvFujWx,CONTAINS
2E5h_Z5On2oB9WnlvUr_A0,15_bC4FTv02hB3jHvFujZR,CONTAINS
2E5h_Z5On2oB9WnlvUr_A0,15_bC4FTv02hB3jHvFujZC,CONTAINS
2E5h_Z5On2oB9WnlvUr_A0,15_bC4FTv02hB3jHvFujZT,CONTAINS
2E5h_Z5On2oB9WnlvUr_A0,15_bC4FTv02hB3jHvFujZV,CONTAINS
2E5h_Z5On2oB9WnlvUr_A0,15_bC4FTv02hB3jHvFujZ5,CONTAINS
2E5h_Z5On2oB9WnlvUr_A0,15_bC4FTv02hB3jHvFujWN,CONTAINS
2E5h_Z5On2oB9WnlvUr_A0,15_bC4FTv02hB3jHvFujWL,CONTAINS
2E5h_Z5On2oB9WnlvUr_A0,15_bC4FTv02hB3jHvFujWM,CONTAINS
2E5h_Z5On2oB9WnlvUr_A0,15_bC4FTv02hB3jHvFujWG,CONTAINS
2E5h_Z5On2oB9WnlvUr_A0,15_bC4FTv02hB3jHvFujWl,CONTAINS
2E5h_Z5On2oB9WnlvUr_A0,15_bC4FTv02hB3jHvFujWY,CONTAINS
2E5h_Z5On2oB9WnlvUr_A0,15_bC4FTv02hB3jHvFujWW,CONTAINS
2E5h_Z5On2oB9WnlvUr_A0,15_bC4FTv02hB3jHvFujWc,CONTAINS
2E5h_Z5On2oB9WnlvUr_A0,15_bC4FTv02hB3jHvFujWh,CONTAINS
2E5h_Z5On2oB9WnlvUr_A0,15_bC4FTv02hB3jHvFujWf,CONTAINS
2E5h_Z5On2oB9WnlvUr_A0,15_bC4FTv02hB3jHvFujWa,CONTAINS
2E5h_Z5On2oB9WnlvUr_A0,15_bC4FTv02hB3jHvFujZY,CONTAINS
2E5h_Z5On2oB9WnlvUr_A0,15_bC4FTv02hB3jHvFujZ$,CONTAINS
2E5h_Z5On2oB9WnlvUr_A0,15_bC4FTv02hB3jHvFujZm,CONTAINS
2E5h_Z5On2oB9WnlvUr_A0,15_bC4FTv02hB3jHvFugTx,CONTAINS
2E5h_Z5On2oB9WnlvUr_A0,15_bC4FTv02hB3jHvFugTz,CONTAINS
2E5h_Z5On2oB9WnlvUr_A0,15_bC4FTv02hB3jHvFugT_,CONTAINS
2E5h_Z5On2oB9WnlvUr_A0,15_bC4FTv02hB3jHvFujYB,CONTAINS
2E5h_Z5On2oB9WnlvUr_A0,15_bC4FTv02hB3jHvFujYE,CONTAINS
2E5h_Z5On2oB9WnlvUr_A0,15_bC4FTv02hB3jHvFugTs,CONTAINS
2E5h_Z5On2oB9WnlvUr_A0,15_bC4FTv02hB3jHvFujY3,CONTAINS
2E5h_Z5On2oB9WnlvUr_A0,15_bC4FTv02hB3jHvFujYF,CONTAINS
2E5h_Z5On2oB9WnlvUr_A0,15_bC4FTv02hB3jHvFujWA,CONTAINS
2E5h_Z5On2oB9WnlvUr_A0,15_bC4FTv02hB3jHvFujZs,CONTAINS
2E5h_Z5On2oB9WnlvUr_A0,15_bC4FTv02hB3jHvFujZq,CONTAINS
2E5h_Z5On2oB9WnlvUr_A0,15_bC4FTv02hB3jHvFujWT,CONTAINS
2E5h_Z5On2oB9WnlvUr_A0,15_bC4FTv02hB3jHvFujWI,CONTAINS
2E5h_Z5On2oB9WnlvUr_A0,15_bC4FTv02hB3jHvFujXk,CONTAINS
2E5h_Z5On2oB9WnlvUr_A0,15_bC4FTv02hB3jHvFujXK,CONTAINS
2E5h_Z5On2oB9WnlvUr_A0,15_bC4FTv02hB3jHvFujXg,CONTAINS
2E5h_Z5On2oB9WnlvUr_A0,15_bC4FTv02hB3jHvFujXH,CONTAINS
2E5h_Z5On2oB9WnlvUr_A0,15_bC4FTv02hB3jHvFujXD,CONTAINS
2E5h_Z5On2oB9WnlvUr_A0,15_bC4FTv02hB3jHvFujXe,CONTAINS
2E5h_Z5On2oB9WnlvUr_A0,15_bC4FTv02hB3jHvFujX3,CONTAINS
2E5h_Z5On2oB9WnlvUr_A0,15_bC4FTv02hB3jHvFujXQ,CONTAINS
2E5h_Z5On2oB9WnlvUr_A0,15_bC4FTv02hB3jHvFujXP,CONTAINS
2E5h_Z5On2oB9WnlvUr_A0,15_bC4FTv02hB3jHvFujX7,CONTAINS
2E5h_Z5On2oB9WnlvUr_A0,15_bC4FTv02hB3jHvFujXF,CONTAINS
2E5h_Z5On2oB9WnlvUr_A0,15_bC4FTv02hB3jHvFujX9,CONTAINS
2E5h_Z5On2oB9WnlvUr_A0,15_bC4FTv02hB3jHvFujWn,CONTAINS
2E5h_Z5On2oB9WnlvUr_A0,15_bC4FTv02hB3jHvFujWt,CONTAINS
2E5h_Z5On2oB9WnlvUr_A0,15_bC4FTv02hB3jHvFujWr,CONTAINS
2E5h_Z5On2oB9WnlvUr_A0,15_bC4FTv02hB3jHvFujWp,CONTAINS
2E5h_Z5On2oB9WnlvUr_A0,15_bC4FTv02hB3jHvFujWz,CONTAINS
2E5h_Z5On2oB9WnlvUr_A0,15_bC4FTv02hB3jHvFujWO,CONTAINS
2E5h_Z5On2oB9WnlvUr_A0,15_bC4FTv02hB3jHvFujWQ,CONTAINS
2E5h_Z5On2oB9WnlvUr_A0,15_bC4FTv02hB3jHvFujWR,CONTAINS
2E5h_Z5On2oB9WnlvUr_A0,15_bC4FTv02hB3jHvFujW4,CONTAINS
2E5h_Z5On2oB9WnlvUr_A0,15_bC4FTv02hB3jHvFujW1,CONTAINS
2E5h_Z5On2oB9WnlvUr_A0,15_bC4FTv02hB3jHvFujWF,CONTAINS
2E5h_Z5On2oB9WnlvUr_A1,15_bC4FTv02hB3jHvFuj43,CONTAINS
2E5h_Z5On2oB9WnlvUr_A1,15_bC4FTv02hB3jHvFuj40,CONTAINS
2E5h_Z5On2oB9WnlvUr_A1,15_bC4FTv02hB3jHvFuj7M,CONTAINS
2E5h_Z5On2oB9WnlvUr_A1,15_bC4FTv02hB3jHvFuj7f,CONTAINS
2E5h_Z5On2oB9WnlvUr_A1,15_bC4FTv02hB3jHvFuj7e,CONTAINS
2E5h_Z5On2oB9WnlvUr_AD,15_bC4FTv02hB3jHvFuj4N,CONTAINS
2E5h_Z5On2oB9WnlvUr_AD,15_bC4FTv02hB3jHvFuj4I,CONTAINS
2E5h_Z5On2oB9WnlvUr_AD,15_bC4FTv02hB3jHvFuj4H,CONTAINS
2E5h_Z5On2oB9WnlvUr_AF,15_bC4FTv02hB3jHvFujAG,CONTAINS
2E5h_Z5On2oB9WnlvUr_AC,15_bC4FTv02hB3jHvFujAN,CONTAINS
2E5h_Z5On2oB9WnlvUr_AC,15_bC4FTv02hB3jHvFujAO,CONTAINS
2E5h_Z5On2oB9WnlvUr_AC,15_bC4FTv02hB3jHvFujAU,CONTAINS
2E5h_Z5On2oB9WnlvUr_AF,15_bC4FTv02hB3jHvFujAV,CONTAINS
2E5h_Z5On2oB9WnlvUr_AF,15_bC4FTv02hB3jHvFujAI,CONTAINS
2E5h_Z5On2oB9WnlvUr_AF,15_bC4FTv02hB3jHvFujAZ,CONTAINS
2E5h_Z5On2oB9WnlvUr_AF,15_bC4FTv02hB3jHvFujAY,CONTAINS
2E5h_Z5On2oB9WnlvUr_AF,15_bC4FTv02hB3jHvFujAX,CONTAINS
2E5h_Z5On2oB9WnlvUr_AF,15_bC4FTv02hB3jHvFujAw,CONTAINS
2E5h_Z5On2oB9WnlvUr_AF,15_bC4FTv02hB3jHvFujAk,CONTAINS
2E5h_Z5On2oB9WnlvUr_AF,15_bC4FTv02hB3jHvFujAl,CONTAINS
2E5h_Z5On2oB9WnlvUr_AF,15_bC4FTv02hB3jHvFujAu,CONTAINS
2E5h_Z5On2oB9WnlvUr_AC,15_bC4FTv02hB3jHvFujB1,CONTAINS
2E5h_Z5On2oB9WnlvUr_AC,15_bC4FTv02hB3jHvFujB5,CONTAINS
2E5h_Z5On2oB9WnlvUr_AC,15_bC4FTv02hB3jHvFujBO,CONTAINS
2E5h_Z5On2oB9WnlvUr_AF,15_bC4FTv02hB3jHvFujAM,CONTAINS
2E5h_Z5On2oB9WnlvUr_A1,15_bC4FTv02hB3jHvFuj2L,CONTAINS
2E5h_Z5On2oB9WnlvUr_A1,15_bC4FTv02hB3jHvFuj2H,CONTAINS
2E5h_Z5On2oB9WnlvUr_A1,15_bC4FTv02hB3jHvFuj2I,CONTAINS
2E5h_Z5On2oB9WnlvUr_A1,15_bC4FTv02hB3jHvFuj2f,CONTAINS
2E5h_Z5On2oB9WnlvUr_A1,15_bC4FTv02hB3jHvFuj2T,CONTAINS
2E5h_Z5On2oB9WnlvUr_A1,15_bC4FTv02hB3jHvFuj21,CONTAINS
2E5h_Z5On2oB9WnlvUr_A1,15_bC4FTv02hB3jHvFuj20,CONTAINS
2E5h_Z5On2oB9WnlvUr_A1,15_bC4FTv02hB3jHvFuj2D,CONTAINS
2E5h_Z5On2oB9WnlvUr_A1,15_bC4FTv02hB3jHvFuj26,CONTAINS
2E5h_Z5On2oB9WnlvUr_A1,15_bC4FTv02hB3jHvFuj24,CONTAINS
2E5h_Z5On2oB9WnlvUr_A1,15_bC4FTv02hB3jHvFuj2Q,CONTAINS
2E5h_Z5On2oB9WnlvUr_A1,15_bC4FTv02hB3jHvFuj2V,CONTAINS
2E5h_Z5On2oB9WnlvUr_AD,15_bC4FTv02hB3jHvFuj4a,CONTAINS
2E5h_Z5On2oB9WnlvUr_AD,15_bC4FTv02hB3jHvFuj4x,CONTAINS
2E5h_Z5On2oB9WnlvUr_AD,15_bC4FTv02hB3jHvFuj4c,CONTAINS
2E5h_Z5On2oB9WnlvUr_AD,15_bC4FTv02hB3jHvFuj4Z,CONTAINS
2E5h_Z5On2oB9WnlvUr_AD,15_bC4FTv02hB3jHvFuj4v,CONTAINS
2E5h_Z5On2oB9WnlvUr_AD,15_bC4FTv02hB3jHvFuj52,CONTAINS
2E5h_Z5On2oB9WnlvUr_AD,15_bC4FTv02hB3jHvFuj5D,CONTAINS
2E5h_Z5On2oB9WnlvUr_AD,15_bC4FTv02hB3jHvFuj5A,CONTAINS
2E5h_Z5On2oB9WnlvUr_AD,15_bC4FTv02hB3jHvFuj59,CONTAINS
2E5h_Z5On2oB9WnlvUr_AD,15_bC4FTv02hB3jHvFuj4q,CONTAINS
2E5h_Z5On2oB9WnlvUr_AD,15_bC4FTv02hB3jHvFuj5F,CONTAINS
2E5h_Z5On2oB9WnlvUr_AD,15_bC4FTv02hB3jHvFuj50,CONTAINS
2E5h_Z5On2oB9WnlvUr_AD,15_bC4FTv02hB3jHvFuj4L,CONTAINS
2E5h_Z5On2oB9WnlvUr_AD,15_bC4FTv02hB3jHvFuj4f,CONTAINS
2E5h_Z5On2oB9WnlvUr_AD,15_bC4FTv02hB3jHvFuj4h,CONTAINS
2E5h_Z5On2oB9WnlvUr_AD,15_bC4FTv02hB3jHvFuj4l,CONTAINS
2E5h_Z5On2oB9WnlvUr_AD,15_bC4FTv02hB3jHvFuj4U,CONTAINS
2E5h_Z5On2oB9WnlvUr_AD,15_bC4FTv02hB3jHvFuj4O,CONTAINS
2E5h_Z5On2oB9WnlvUr_AD,15_bC4FTv02hB3jHvFuj45,CONTAINS
2E5h_Z5On2oB9WnlvUr_AD,15_bC4FTv02hB3jHvFuj4S,CONTAINS
2E5h_Z5On2oB9WnlvUr_AD,15_bC4FTv02hB3jHvFuj4p,CONTAINS
2E5h_Z5On2oB9WnlvUr_AD,15_bC4FTv02hB3jHvFuj4s,CONTAINS
2E5h_Z5On2oB9WnlvUr_AD,15_bC4FTv02hB3jHvFuj4$,CONTAINS
2E5h_Z5On2oB9WnlvUr_A1,15_bC4FTv02hB3jHvFujy1,CONTAINS
2E5h_Z5On2oB9WnlvUr_A1,15_bC4FTv02hB3jHvFujy3,CONTAINS
2E5h_Z5On2oB9WnlvUr_A1,15_bC4FTv02hB3jHvFujyC,CONTAINS
2E5h_Z5On2oB9WnlvUr_A1,15_bC4FTv02hB3jHvFujyF,CONTAINS
2E5h_Z5On2oB9WnlvUr_A1,15_bC4FTv02hB3jHvFujyE,CONTAINS
2E5h_Z5On2oB9WnlvUr_A1,15_bC4FTv02hB3jHvFujyD,CONTAINS
2E5h_Z5On2oB9WnlvUr_A1,15_bC4FTv02hB3jHvFujyS,CONTAINS
2E5h_Z5On2oB9WnlvUr_A1,15_bC4FTv02hB3jHvFujyI,CONTAINS
2E5h_Z5On2oB9WnlvUr_A1,15_bC4FTv02hB3jHvFujyU,CONTAINS
2E5h_Z5On2oB9WnlvUr_A1,15_bC4FTv02hB3jHvFuj3x,CONTAINS
2E5h_Z5On2oB9WnlvUr_A1,15_bC4FTv02hB3jHvFuj3B,CONTAINS
2E5h_Z5On2oB9WnlvUr_A1,15_bC4FTv02hB3jHvFuj2s,CONTAINS
2E5h_Z5On2oB9WnlvUr_A1,15_bC4FTv02hB3jHvFuj2q,CONTAINS
2E5h_Z5On2oB9WnlvUr_A1,15_bC4FTv02hB3jHvFuj2n,CONTAINS
2E5h_Z5On2oB9WnlvUr_A1,15_bC4FTv02hB3jHvFuj2p,CONTAINS
2E5h_Z5On2oB9WnlvUr_A1,15_bC4FTv02hB3jHvFuj3v,CONTAINS
2E5h_Z5On2oB9WnlvUr_A1,15_bC4FTv02hB3jHvFuj3$,CONTAINS
2E5h_Z5On2oB9WnlvUr_A1,15_bC4FTv02hB3jHvFuj3r,CONTAINS
2E5h_Z5On2oB9WnlvUr_A1,15_bC4FTv02hB3jHvFuj3q,CONTAINS
2E5h_Z5On2oB9WnlvUr_A1,15_bC4FTv02hB3jHvFuj08,CONTAINS
2E5h_Z5On2oB9WnlvUr_A1,15_bC4FTv02hB3jHvFuj01,CONTAINS
2E5h_Z5On2oB9WnlvUr_A1,15_bC4FTv02hB3jHvFuj00,CONTAINS
2E5h_Z5On2oB9WnlvUr_A1,15_bC4FTv02hB3jHvFuj02,CONTAINS
2E5h_Z5On2oB9WnlvUr_A1,15_bC4FTv02hB3jHvFuj05,CONTAINS
2E5h_Z5On2oB9WnlvUr_A1,15_bC4FTv02hB3jHvFuj3u,CONTAINS
2E5h_Z5On2oB9WnlvUr_A1,15_bC4FTv02hB3jHvFuj7J,CONTAINS
2E5h_Z5On2oB9WnlvUr_A1,15_bC4FTv02hB3jHvFuj7E,CONTAINS
2E5h_Z5On2oB9WnlvUr_A1,15_bC4FTv02hB3jHvFuj7F,CONTAINS
2E5h_Z5On2oB9WnlvUr_A1,15_bC4FTv02hB3jHvFuj7R,CONTAINS
2E5h_Z5On2oB9WnlvUr_A1,15_bC4FTv02hB3jHvFuj7V,CONTAINS
2E5h_Z5On2oB9WnlvUr_A1,15_bC4FTv02hB3jHvFuj7B,CONTAINS
2E5h_Z5On2oB9WnlvUr_A1,15_bC4FTv02hB3jHvFuj78,CONTAINS
2E5h_Z5On2oB9WnlvUr_A1,15_bC4FTv02hB3jHvFuj0P,CONTAINS
2E5h_Z5On2oB9WnlvUr_A1,15_bC4FTv02hB3jHvFuj0U,CONTAINS
2E5h_Z5On2oB9WnlvUr_A1,15_bC4FTv02hB3jHvFuj0S,CONTAINS
2E5h_Z5On2oB9WnlvUr_A1,15_bC4FTv02hB3jHvFuj0V,CONTAINS
2E5h_Z5On2oB9WnlvUr_A1,15_bC4FTv02hB3jHvFuj6Y,CONTAINS
2E5h_Z5On2oB9WnlvUr_A1,15_bC4FTv02hB3jHvFuj6L,CONTAINS
2E5h_Z5On2oB9WnlvUr_A1,15_bC4FTv02hB3jHvFuj6g,CONTAINS
2E5h_Z5On2oB9WnlvUr_A1,15_bC4FTv02hB3jHvFuj6Z,CONTAINS
2E5h_Z5On2oB9WnlvUr_A1,15_bC4FTv02hB3jHvFuj6h,CONTAINS
2E5h_Z5On2oB9WnlvUr_A1,15_bC4FTv02hB3jHvFuj1W,CONTAINS
2E5h_Z5On2oB9WnlvUr_A1,15_bC4FTv02hB3jHvFuj1Z,CONTAINS
2E5h_Z5On2oB9WnlvUr_A1,15_bC4FTv02hB3jHvFuj0J,CONTAINS
2E5h_Z5On2oB9WnlvUr_A1,15_bC4FTv02hB3jHvFuj0I,CONTAINS
2E5h_Z5On2oB9WnlvUr_A1,15_bC4FTv02hB3jHvFuj6a,CONTAINS
2E5h_Z5On2oB9WnlvUr_A1,15_bC4FTv02hB3jHvFuj6W,CONTAINS
2E5h_Z5On2oB9WnlvUr_A1,15_bC4FTv02hB3jHvFuj6w,CONTAINS
2E5h_Z5On2oB9WnlvUr_A1,15_bC4FTv02hB3jHvFuj6b,CONTAINS
2E5h_Z5On2oB9WnlvUr_A1,15_bC4FTv02hB3jHvFuj6j,CONTAINS
2E5h_Z5On2oB9WnlvUr_A1,15_bC4FTv02hB3jHvFuj6u,CONTAINS
2E5h_Z5On2oB9WnlvUr_A1,15_bC4FTv02hB3jHvFuj6i,CONTAINS
2E5h_Z5On2oB9WnlvUr_A1,15_bC4FTv02hB3jHvFuj6x,CONTAINS
2E5h_Z5On2oB9WnlvUr_A1,15_bC4FTv02hB3jHvFujzZ,CONTAINS
2E5h_Z5On2oB9WnlvUr_A1,15_bC4FTv02hB3jHvFujzc,CONTAINS
2E5h_Z5On2oB9WnlvUr_A1,15_bC4FTv02hB3jHvFujzd,CONTAINS
2E5h_Z5On2oB9WnlvUr_A1,15_bC4FTv02hB3jHvFuj7T,CONTAINS
2E5h_Z5On2oB9WnlvUr_A1,15_bC4FTv02hB3jHvFuj7S,CONTAINS
2E5h_Z5On2oB9WnlvUr_A1,15_bC4FTv02hB3jHvFuj7I,CONTAINS
2E5h_Z5On2oB9WnlvUr_A1,15_bC4FTv02hB3jHvFuj6s,CONTAINS
2E5h_Z5On2oB9WnlvUr_A1,15_bC4FTv02hB3jHvFuj6r,CONTAINS
2E5h_Z5On2oB9WnlvUr_A1,15_bC4FTv02hB3jHvFujzo,CONTAINS
2E5h_Z5On2oB9WnlvUr_A1,15_bC4FTv02hB3jHvFuj2F,CONTAINS
2E5h_Z5On2oB9WnlvUr_A1,15_bC4FTv02hB3jHvFujzm,CONTAINS
2E5h_Z5On2oB9WnlvUr_A1,15_bC4FTv02hB3jHvFujzp,CONTAINS
2E5h_Z5On2oB9WnlvUr_A1,15_bC4FTv02hB3jHvFujz_,CONTAINS
2E5h_Z5On2oB9WnlvUr_A1,15_bC4FTv02hB3jHvFujzy,CONTAINS
2E5h_Z5On2oB9WnlvUr_A1,15_bC4FTv02hB3jHvFujyG,CONTAINS
2E5h_Z5On2oB9WnlvUr_A1,15_bC4FTv02hB3jHvFujz8,CONTAINS
2E5h_Z5On2oB9WnlvUr_A1,15_bC4FTv02hB3jHvFujzF,CONTAINS
2E5h_Z5On2oB9WnlvUr_A1,15_bC4FTv02hB3jHvFujzE,CONTAINS
2E5h_Z5On2oB9WnlvUr_A1,15_bC4FTv02hB3jHvFujyy,CONTAINS
2E5h_Z5On2oB9WnlvUr_A1,15_bC4FTv02hB3jHvFujzB,CONTAINS
2E5h_Z5On2oB9WnlvUr_A1,15_bC4FTv02hB3jHvFujyY,CONTAINS
2E5h_Z5On2oB9WnlvUr_A1,15_bC4FTv02hB3jHvFujyl,CONTAINS
2E5h_Z5On2oB9WnlvUr_A1,15_bC4FTv02hB3jHvFujye,CONTAINS
2E5h_Z5On2oB9WnlvUr_A1,15_bC4FTv02hB3jHvFujyh,CONTAINS
2E5h_Z5On2oB9WnlvUr_A1,15_bC4FTv02hB3jHvFujzO,CONTAINS
2E5h_Z5On2oB9WnlvUr_A1,15_bC4FTv02hB3jHvFujz6,CONTAINS
2E5h_Z5On2oB9WnlvUr_A1,15_bC4FTv02hB3jHvFujz1,CONTAINS
2E5h_Z5On2oB9WnlvUr_A1,15_bC4FTv02hB3jHvFujz5,CONTAINS
2E5h_Z5On2oB9WnlvUr_A1,15_bC4FTv02hB3jHvFujzQ,CONTAINS
2E5h_Z5On2oB9WnlvUr_A1,15_bC4FTv02hB3jHvFujz3,CONTAINS
2E5h_Z5On2oB9WnlvUr_A1,15_bC4FTv02hB3jHvFujzL,CONTAINS
2E5h_Z5On2oB9WnlvUr_A1,15_bC4FTv02hB3jHvFujzg,CONTAINS
2E5h_Z5On2oB9WnlvUr_A1,15_bC4FTv02hB3jHvFujzi,CONTAINS
2E5h_Z5On2oB9WnlvUr_A1,15_bC4FTv02hB3jHvFujzT,CONTAINS
2E5h_Z5On2oB9WnlvUr_A1,15_bC4FTv02hB3jHvFujzN,CONTAINS
2E5h_Z5On2oB9WnlvUr_A1,15_bC4FTv02hB3jHvFujzV,CONTAINS
2E5h_Z5On2oB9WnlvUr_A1,15_bC4FTv02hB3jHvFuj_O,CONTAINS
2E5h_Z5On2oB9WnlvUr_A1,15_bC4FTv02hB3jHvFuj_T,CONTAINS
2E5h_Z5On2oB9WnlvUr_A1,15_bC4FTv02hB3jHvFuj_4,CONTAINS
2E5h_Z5On2oB9WnlvUr_A1,15_bC4FTv02hB3jHvFuj_R,CONTAINS
2E5h_Z5On2oB9WnlvUr_A1,15_bC4FTv02hB3jHvFuj_e,CONTAINS
2E5h_Z5On2oB9WnlvUr_A1,15_bC4FTv02hB3jHvFuj_l,CONTAINS
2E5h_Z5On2oB9WnlvUr_A1,15_bC4FTv02hB3jHvFuj_c,CONTAINS
2E5h_Z5On2oB9WnlvUr_A1,15_bC4FTv02hB3jHvFuj_a,CONTAINS
2E5h_Z5On2oB9WnlvUr_A1,15_bC4FTv02hB3jHvFuj_u,CONTAINS
2E5h_Z5On2oB9WnlvUr_A1,15_bC4FTv02hB3jHvFuj_$,CONTAINS
2E5h_Z5On2oB9WnlvUr_A1,15_bC4FTv02hB3jHvFuj_y,CONTAINS
2E5h_Z5On2oB9WnlvUr_A1,15_bC4FTv02hB3jHvFuj_t,CONTAINS
2E5h_Z5On2oB9WnlvUr_A1,15_bC4FTv02hB3jHvFuj_p,CONTAINS
2E5h_Z5On2oB9WnlvUr_A1,15_bC4FTv02hB3jHvFuj_m,CONTAINS
2E5h_Z5On2oB9WnlvUr_A1,15_bC4FTv02hB3jHvFuj$r,CONTAINS
2E5h_Z5On2oB9WnlvUr_AF,2FQtY8kWXAmftdCTkMOU1C,CONTAINS
2E5h_Z5On2oB9WnlvUr_AF,2FQtY8kWXAmftdCTkMOU2d,CONTAINS
2E5h_Z5On2oB9WnlvUr_AF,2FQtY8kWXAmftdCTkMOU4k,CONTAINS
2E5h_Z5On2oB9WnlvUr_AF,2FQtY8kWXAmftdCTkMOU4l,CONTAINS
2E5h_Z5On2oB9WnlvUr_A3,2FQtY8kWXAmftdCTkMOUCU,CONTAINS
2E5h_Z5On2oB9WnlvUr_AF,2FQtY8kWXAmftdCTkMOU13,CONTAINS
2E5h_Z5On2oB9WnlvUr_AE,0N88eZZuLEswAmuyIRXdte,CONTAINS
2E5h_Z5On2oB9WnlvUr_A1,31lSq0VW50LwKX2i$6BH4E,CONTAINS
2E5h_Z5On2oB9WnlvUr_A1,31lSq0VW50LwKX2i$6BH4F,CONTAINS
2E5h_Z5On2oB9WnlvUr_AF,2FQtY8kWXAmftdCTkMOU71,CONTAINS
2E5h_Z5On2oB9WnlvUr_A1,31lSq0VW50LwKX2i$6BH4M,CONTAINS
2E5h_Z5On2oB9WnlvUr_A1,31lSq0VW50LwKX2i$6BH4N,CONTAINS
2E5h_Z5On2oB9WnlvUr_AF,2FQtY8kWXAmftdCTkMOU70,CONTAINS
2E5h_Z5On2oB9WnlvUr_AF,2k2mFdMWrArAUMGAEOSXrN,CONTAINS
2E5h_Z5On2oB9WnlvUr_AF,2k2mFdMWrArAUMGAEOSXrL,CONTAINS
2E5h_Z5On2oB9WnlvUr_AF,2k2mFdMWrArAUMGAEOSXqs,CONTAINS
2E5h_Z5On2oB9WnlvUr_AF,2k2mFdMWrArAUMGAEOSXqt,CONTAINS
2E5h_Z5On2oB9WnlvUr_AF,149LTgaCP2dPClFXnjZXEb,CONTAINS
2E5h_Z5On2oB9WnlvUr_AF,149LTgaCP2dPClFXnjZXEZ,CONTAINS
2E5h_Z5On2oB9WnlvUr_AF,149LTgaCP2dPClFXnjZXEX,CONTAINS
2E5h_Z5On2oB9WnlvUr_AF,2DSC6_nyb5U9VWiQfwhjy5,CONTAINS
2E5h_Z5On2oB9WnlvUr_AF,2DSC6_nyb5U9VWiQfwhjvS,CONTAINS
2E5h_Z5On2oB9WnlvUr_AF,149LTgaCP2dPClFXnjZXEj,CONTAINS
2E5h_Z5On2oB9WnlvUr_AF,2FQtY8kWXAmftdCTkMOU86,CONTAINS
2E5h_Z5On2oB9WnlvUr_AF,2FQtY8kWXAmftdCTkMOU85,CONTAINS
2E5h_Z5On2oB9WnlvUr_AF,2DSC6_nyb5U9VWiQfwhjmX,CONTAINS
2E5h_Z5On2oB9WnlvUr_AF,2DSC6_nyb5U9VWiQfwhjni,CONTAINS
2E5h_Z5On2oB9WnlvUr_A3,2FQtY8kWXAmftdCTkMOUCa,CONTAINS
2E5h_Z5On2oB9WnlvUr_A3,2FQtY8kWXAmftdCTkMOUCb,CONTAINS
2E5h_Z5On2oB9WnlvUr_AC,1std56ykXFseZbhfQ4towe,CONTAINS
2E5h_Z5On2oB9WnlvUr_AC,1std56ykXFseZbhfQ4towq,CONTAINS
2E5h_Z5On2oB9WnlvUr_AC,1std56ykXFseZbhfQ4toxR,CONTAINS
2E5h_Z5On2oB9WnlvUr_AF,2FQtY8kWXAmftdCTkMOU8a,CONTAINS
2E5h_Z5On2oB9WnlvUr_A2,3SNTkjECbDUuoqwEn1AJ7b,CONTAINS
2E5h_Z5On2oB9WnlvUr_A2,3SNTkjECbDUuoqwEn1AIhb,CONTAINS
2E5h_Z5On2oB9WnlvUr_A2,3SNTkjECbDUuoqwEn1AJ7Z,CONTAINS
2E5h_Z5On2oB9WnlvUr_A2,3SNTkjECbDUuoqwEn1AJ7Y,CONTAINS
2E5h_Z5On2oB9WnlvUr_A2,3SNTkjECbDUuoqwEn1AJ7U,CONTAINS
2E5h_Z5On2oB9WnlvUr_A2,3SNTkjECbDUuoqwEn1AJ7X,CONTAINS
2E5h_Z5On2oB9WnlvUr_A2,3SNTkjECbDUuoqwEn1AIdG,CONTAINS
2E5h_Z5On2oB9WnlvUr_A2,3SNTkjECbDUuoqwEn1AIcu,CONTAINS
2E5h_Z5On2oB9WnlvUr_A2,3SNTkjECbDUuoqwEn1AJ7N,CONTAINS
2E5h_Z5On2oB9WnlvUr_A2,3SNTkjECbDUuoqwEn1AJ7O,CONTAINS
2E5h_Z5On2oB9WnlvUr_A2,3SNTkjECbDUuoqwEn1AJ7P,CONTAINS
2E5h_Z5On2oB9WnlvUr_A2,3SNTkjECbDUuoqwEn1AJ7K,CONTAINS
2E5h_Z5On2oB9WnlvUr_A2,3MGnm3fNz82Q21iqB$7uCt,CONTAINS
2E5h_Z5On2oB9WnlvUr_A2,3MGnm3fNz82Q21iqB$7u2s,CONTAINS
2E5h_Z5On2oB9WnlvUr_A2,3MGnm3fNz82Q21iqB$7u27,CONTAINS
2E5h_Z5On2oB9WnlvUr_A2,3MGnm3fNz82Q21iqB$7u26,CONTAINS
2E5h_Z5On2oB9WnlvUr_A2,3MGnm3fNz82Q21iqB$7u3M,CONTAINS
2E5h_Z5On2oB9WnlvUr_A2,3MGnm3fNz82Q21iqB$7u6G,CONTAINS
2E5h_Z5On2oB9WnlvUr_A2,2T8DFMGbT2tAR0ouzPaVG0,CONTAINS
2E5h_Z5On2oB9WnlvUr_A2,2T8DFMGbT2tAR0ouzPaVGy,CONTAINS
2E5h_Z5On2oB9WnlvUr_A2,2T8DFMGbT2tAR0ouzPaVG1,CONTAINS
2E5h_Z5On2oB9WnlvUr_A2,2T8DFMGbT2tAR0ouzPaVG$,CONTAINS
2E5h_Z5On2oB9WnlvUr_A2,2T8DFMGbT2tAR0ouzPaOX5,CONTAINS
2E5h_Z5On2oB9WnlvUr_A2,2T8DFMGbT2tAR0ouzPaOX4,CONTAINS
2E5h_Z5On2oB9WnlvUr_A2,2T8DFMGbT2tAR0ouzPaOXc,CONTAINS
2E5h_Z5On2oB9WnlvUr_A2,2T8DFMGbT2tAR0ouzPaOXW,CONTAINS
2E5h_Z5On2oB9WnlvUr_A2,3MGnm3fNz82Q21iqB$67h9,CONTAINS
2E5h_Z5On2oB9WnlvUr_A2,3MGnm3fNz82Q21iqB$67cz,CONTAINS
2E5h_Z5On2oB9WnlvUr_A2,3SNTkjECbDUuoqwEn1AIeC,CONTAINS
2E5h_Z5On2oB9WnlvUr_A2,3SNTkjECbDUuoqwEn1AIhl,CONTAINS
2E5h_Z5On2oB9WnlvUr_A2,3SNTkjECbDUuoqwEn1AIeI,CONTAINS
2E5h_Z5On2oB9WnlvUr_A2,3SNTkjECbDUuoqwEn1AIeM,CONTAINS
2E5h_Z5On2oB9WnlvUr_A2,3SNTkjECbDUuoqwEn1AIeL,CONTAINS
2E5h_Z5On2oB9WnlvUr_A2,3SNTkjECbDUuoqwEn1AIdM,CONTAINS
2E5h_Z5On2oB9WnlvUr_A2,3SNTkjECbDUuoqwEn1AIdc,CONTAINS
2E5h_Z5On2oB9WnlvUr_A2,3SNTkjECbDUuoqwEn1AIhh,CONTAINS
2E5h_Z5On2oB9WnlvUr_A2,3SNTkjECbDUuoqwEn1AIda,CONTAINS
2E5h_Z5On2oB9WnlvUr_A2,3SNTkjECbDUuoqwEn1AIYk,CONTAINS
2E5h_Z5On2oB9WnlvUr_A2,3SNTkjECbDUuoqwEn1AIYc,CONTAINS
2E5h_Z5On2oB9WnlvUr_A2,3SNTkjECbDUuoqwEn1AIbB,CONTAINS
2E5h_Z5On2oB9WnlvUr_A3,3t8Nu$FEj2iu0wJtTsWc6w,CONTAINS
2E5h_Z5On2oB9WnlvUr_A3,3t8Nu$FEj2iu0wJtTsWc6x,CONTAINS
2E5h_Z5On2oB9WnlvUr_A3,3t8Nu$FEj2iu0wJtTsWc5l,CONTAINS
2E5h_Z5On2oB9WnlvUr_A3,3t8Nu$FEj2iu0wJtTsWc5X,CONTAINS
2E5h_Z5On2oB9WnlvUr_A3,3t8Nu$FEj2iu0wJtTsWc5W,CONTAINS
2E5h_Z5On2oB9WnlvUr_A3,3rh5OewfnEBejmoVvExcNH,CONTAINS
2E5h_Z5On2oB9WnlvUr_A1,3rh5OewfnEBejmoVvExckL,CONTAINS
2E5h_Z5On2oB9WnlvUr_A3,3rh5OewfnEBejmoVvExciI,CONTAINS
2E5h_Z5On2oB9WnlvUr_A3,3rh5OewfnEBejmoVvExciL,CONTAINS
2E5h_Z5On2oB9WnlvUr_A3,3rh5OewfnEBejmoVvExch8,CONTAINS
2E5h_Z5On2oB9WnlvUr_A3,3rh5OewfnEBejmoVvExchB,CONTAINS
2E5h_Z5On2oB9WnlvUr_AF,3rh5OewfnEBejmoVvExckH,CONTAINS
2E5h_Z5On2oB9WnlvUr_A3,3rh5OewfnEBejmoVvExceN,CONTAINS
2E5h_Z5On2oB9WnlvUr_AF,0sVr6FuEvAKuZvH9AaT5tC,CONTAINS
2E5h_Z5On2oB9WnlvUr_A3,3rh5OewfnEBejmoVvExck9,CONTAINS
2E5h_Z5On2oB9WnlvUr_A0,3rh5OewfnEBejmoVvExckN,CONTAINS
2E5h_Z5On2oB9WnlvUr_AF,0sVr6FuEvAKuZvH9AaT5s$,CONTAINS
2E5h_Z5On2oB9WnlvUr_AE,3rh5OewfnEBejmoVvExckJ,CONTAINS
2E5h_Z5On2oB9WnlvUr_AE,3jXT4MhJf5VexlKew_7EKI,CONTAINS
2E5h_Z5On2oB9WnlvUr_AE,3jXT4MhJf5VexlKew_7EKH,CONTAINS
2E5h_Z5On2oB9WnlvUr_A1,3t8Nu$FEj2iu0wJtTsWdxH,CONTAINS
2E5h_Z5On2oB9WnlvUr_A1,3t8Nu$FEj2iu0wJtTsWdxQ,CONTAINS
2E5h_Z5On2oB9WnlvUr_A1,3t8Nu$FEj2iu0wJtTsWdxR,CONTAINS
2E5h_Z5On2oB9WnlvUr_A1,3t8Nu$FEj2iu0wJtTsWdxJ,CONTAINS
2E5h_Z5On2oB9WnlvUr_A3,3t8Nu$FEj2iu0wJtTsWc5w,CONTAINS
2E5h_Z5On2oB9WnlvUr_A3,3t8Nu$FEj2iu0wJtTsWc5x,CONTAINS
2E5h_Z5On2oB9WnlvUr_A3,3t8Nu$FEj2iu0wJtTsWc5m,CONTAINS
2E5h_Z5On2oB9WnlvUr_A3,3t8Nu$FEj2iu0wJtTsWc5u,CONTAINS
2E5h_Z5On2oB9WnlvUr_A1,2$Jqjm_XDD2wF14Gr3PBJ3,CONTAINS
2E5h_Z5On2oB9WnlvUr_A1,2$Jqjm_XDD2wF14Gr3PBJ2,CONTAINS
2E5h_Z5On2oB9WnlvUr_A1,2$Jqjm_XDD2wF14Gr3PBKm,CONTAINS
2E5h_Z5On2oB9WnlvUr_A1,2$Jqjm_XDD2wF14Gr3PBKn,CONTAINS
2E5h_Z5On2oB9WnlvUr_A0,3t8Nu$FEj2iu0wJtTsWc4F,CONTAINS
2E5h_Z5On2oB9WnlvUr_A0,3t8Nu$FEj2iu0wJtTsWc4H,CONTAINS
2E5h_Z5On2oB9WnlvUr_A0,3t8Nu$FEj2iu0wJtTsWc5U,CONTAINS
2E5h_Z5On2oB9WnlvUr_A0,3t8Nu$FEj2iu0wJtTsWc5P,CONTAINS
2E5h_Z5On2oB9WnlvUr_A0,3t8Nu$FEj2iu0wJtTsWc4$,CONTAINS
2E5h_Z5On2oB9WnlvUr_A0,3t8Nu$FEj2iu0wJtTsWc4y,CONTAINS
2E5h_Z5On2oB9WnlvUr_A0,3t8Nu$FEj2iu0wJtTsWc5H,CONTAINS
2E5h_Z5On2oB9WnlvUr_A0,3t8Nu$FEj2iu0wJtTsWc5M,CONTAINS
2E5h_Z5On2oB9WnlvUr_A0,3t8Nu$FEj2iu0wJtTsWc5V,CONTAINS
2E5h_Z5On2oB9WnlvUr_AE,3t8Nu$FEj2iu0wJtTsWdwO,CONTAINS
2E5h_Z5On2oB9WnlvUr_A0,3t8Nu$FEj2iu0wJtTsWc4N,CONTAINS
2E5h_Z5On2oB9WnlvUr_A1,3t8Nu$FEj2iu0wJtTsWdxi,CONTAINS
2E5h_Z5On2oB9WnlvUr_A1,3t8Nu$FEj2iu0wJtTsWdxw,CONTAINS
2E5h_Z5On2oB9WnlvUr_A1,3t8Nu$FEj2iu0wJtTsWdxq,CONTAINS
2E5h_Z5On2oB9WnlvUr_A1,3t8Nu$FEj2iu0wJtTsWdxr,CONTAINS
2E5h_Z5On2oB9WnlvUr_A0,3t8Nu$FEj2iu0wJtTsWc4A,CONTAINS
2E5h_Z5On2oB9WnlvUr_A1,3t8Nu$FEj2iu0wJtTsWdxj,CONTAINS
2E5h_Z5On2oB9WnlvUr_A0,3t8Nu$FEj2iu0wJtTsWc4M,CONTAINS
2E5h_Z5On2oB9WnlvUr_AE,3t8Nu$FEj2iu0wJtTsWdwJ,CONTAINS
2E5h_Z5On2oB9WnlvUr_AE,3t8Nu$FEj2iu0wJtTsWdwH,CONTAINS
2E5h_Z5On2oB9WnlvUr_AE,3t8Nu$FEj2iu0wJtTsWdwG,CONTAINS
2E5h_Z5On2oB9WnlvUr_AE,3t8Nu$FEj2iu0wJtTsWdwK,CONTAINS
2E5h_Z5On2oB9WnlvUr_AE,3t8Nu$FEj2iu0wJtTsWdwN,CONTAINS
2E5h_Z5On2oB9WnlvUr_A1,3t8Nu$FEj2iu0wJtTsWdwX,CONTAINS
2E5h_Z5On2oB9WnlvUr_A1,3t8Nu$FEj2iu0wJtTsWdwg,CONTAINS
2E5h_Z5On2oB9WnlvUr_A1,3t8Nu$FEj2iu0wJtTsWdwj,CONTAINS
2E5h_Z5On2oB9WnlvUr_A1,3t8Nu$FEj2iu0wJtTsWdwi,CONTAINS
2E5h_Z5On2oB9WnlvUr_A1,3t8Nu$FEj2iu0wJtTsWdwo,CONTAINS
2E5h_Z5On2oB9WnlvUr_AE,3t8Nu$FEj2iu0wJtTsWdwR,CONTAINS
2E5h_Z5On2oB9WnlvUr_AE,3t8Nu$FEj2iu0wJtTsWdvZ,CONTAINS
2E5h_Z5On2oB9WnlvUr_AE,3t8Nu$FEj2iu0wJtTsWdwV,CONTAINS
2E5h_Z5On2oB9WnlvUr_AE,3t8Nu$FEj2iu0wJtTsWdwS,CONTAINS
2E5h_Z5On2oB9WnlvUr_AE,3t8Nu$FEj2iu0wJtTsWdvW,CONTAINS
2E5h_Z5On2oB9WnlvUr_AE,3t8Nu$FEj2iu0wJtTsWdvd,CONTAINS
2E5h_Z5On2oB9WnlvUr_AE,3t8Nu$FEj2iu0wJtTsWdva,CONTAINS
2E5h_Z5On2oB9WnlvUr_AE,3t8Nu$FEj2iu0wJtTsWdw8,CONTAINS
2E5h_Z5On2oB9WnlvUr_AE,3t8Nu$FEj2iu0wJtTsWdwB,CONTAINS
2E5h_Z5On2oB9WnlvUr_AF,1a$vpf7QDBKwCrMFhYDvE1,CONTAINS
2E5h_Z5On2oB9WnlvUr_AF,1a$vpf7QDBKwCrMFhYDvEA,CONTAINS
2E5h_Z5On2oB9WnlvUr_AF,1a$vpf7QDBKwCrMFhYDvBB,CONTAINS
2E5h_Z5On2oB9WnlvUr_AE,3t8Nu$FEj2iu0wJtTsWdv9,CONTAINS
2E5h_Z5On2oB9WnlvUr_AF,3t8Nu$FEj2iu0wJtTsWde7,CONTAINS
2E5h_Z5On2oB9WnlvUr_AE,3t8Nu$FEj2iu0wJtTsWdvk,CONTAINS
2E5h_Z5On2oB9WnlvUr_AE,3t8Nu$FEj2iu0wJtTsWdvi,CONTAINS
2E5h_Z5On2oB9WnlvUr_AE,3t8Nu$FEj2iu0wJtTsWdvs,CONTAINS
2E5h_Z5On2oB9WnlvUr_AE,3t8Nu$FEj2iu0wJtTsWdvn,CONTAINS
2E5h_Z5On2oB9WnlvUr_AE,3t8Nu$FEj2iu0wJtTsWdv1,CONTAINS
2E5h_Z5On2oB9WnlvUr_AE,3t8Nu$FEj2iu0wJtTsWdv8,CONTAINS
2E5h_Z5On2oB9WnlvUr_AE,3t8Nu$FEj2iu0wJtTsWdvB,CONTAINS
2E5h_Z5On2oB9WnlvUr_A1,3t8Nu$FEj2iu0wJtTsWdxz,CONTAINS
2E5h_Z5On2oB9WnlvUr_A1,3t8Nu$FEj2iu0wJtTsWdxy,CONTAINS
2E5h_Z5On2oB9WnlvUr_A1,3t8Nu$FEj2iu0wJtTsWdxu,CONTAINS
2E5h_Z5On2oB9WnlvUr_A1,3t8Nu$FEj2iu0wJtTsWdx8,CONTAINS
2E5h_Z5On2oB9WnlvUr_A1,3t8Nu$FEj2iu0wJtTsWdx0,CONTAINS
2E5h_Z5On2oB9WnlvUr_A1,3t8Nu$FEj2iu0wJtTsWdx1,CONTAINS
2E5h_Z5On2oB9WnlvUr_A1,3t8Nu$FEj2iu0wJtTsWdx4,CONTAINS
2E5h_Z5On2oB9WnlvUr_A1,3t8Nu$FEj2iu0wJtTsWdxv,CONTAINS
2E5h_Z5On2oB9WnlvUr_A1,3t8Nu$FEj2iu0wJtTsWdx9,CONTAINS
2E5h_Z5On2oB9WnlvUr_A1,3t8Nu$FEj2iu0wJtTsWdx5,CONTAINS
2E5h_Z5On2oB9WnlvUr_AF,1a$vpf7QDBKwCrMFhYDvB6,CONTAINS
2E5h_Z5On2oB9WnlvUr_AE,1xi$0nFyf8ZgXMsBP9JVsw,CONTAINS
2E5h_Z5On2oB9WnlvUr_AF,1xi$0nFyf8ZgXMsBP9JVrl,CONTAINS
2E5h_Z5On2oB9WnlvUr_A3,1xi$0nFyf8ZgXMsBP9JVr3,CONTAINS
2E5h_Z5On2oB9WnlvUr_A0,1xi$0nFyf8ZgXMsBP9JVrD,CONTAINS
2E5h_Z5On2oB9WnlvUr_AE,1xi$0nFyf8ZgXMsBP9JVrW,CONTAINS
2E5h_Z5On2oB9WnlvUr_AF,1xi$0nFyf8ZgXMsBP9JVtD,CONTAINS
2E5h_Z5On2oB9WnlvUr_A1,1xi$0nFyf8ZgXMsBP9JVtO,CONTAINS
2E5h_Z5On2oB9WnlvUr_AE,1xi$0nFyf8ZgXMsBP9JVtQ,CONTAINS
2E5h_Z5On2oB9WnlvUr_AF,1xi$0nFyf8ZgXMsBP9JVsa,CONTAINS
2E5h_Z5On2oB9WnlvUr_A1,1xi$0nFyf8ZgXMsBP9JVsv,CONTAINS
2E5h_Z5On2oB9WnlvUr_A1,1xi$0nFyf8ZgXMsBP9JVt4,CONTAINS
2E5h_Z5On2oB9WnlvUr_AE,1xi$0nFyf8ZgXMsBP9JVt1,CONTAINS
2E5h_Z5On2oB9WnlvUr_A1,1xi$0nFyf8ZgXMsBP9JVrd,CONTAINS
2E5h_Z5On2oB9WnlvUr_AF,1xi$0nFyf8ZgXMsBP9JVs6,CONTAINS
2E5h_Z5On2oB9WnlvUr_A1,1xi$0nFyf8ZgXMsBP9JVqb,CONTAINS
2E5h_Z5On2oB9WnlvUr_AE,1xi$0nFyf8ZgXMsBP9JVqd,CONTAINS
2E5h_Z5On2oB9WnlvUr_A0,1xi$0nFyf8ZgXMsBP9JVrR,CONTAINS
2E5h_Z5On2oB9WnlvUr_A3,1xi$0nFyf8ZgXMsBP9JVq0,CONTAINS
2E5h_Z5On2oB9WnlvUr_AF,1xi$0nFyf8ZgXMsBP9JVqX,CONTAINS
2E5h_Z5On2oB9WnlvUr_AE,1xi$0nFyf8ZgXMsBP9JVr9,CONTAINS
2E5h_Z5On2oB9WnlvUr_A1,1xi$0nFyf8ZgXMsBP9JVrF,CONTAINS
2E5h_Z5On2oB9WnlvUr_A3,1xi$0nFyf8ZgXMsBP9JVrP,CONTAINS
2E5h_Z5On2oB9WnlvUr_AF,1xi$0nFyf8ZgXMsBP9JVrB,CONTAINS
2E5h_Z5On2oB9WnlvUr_A0,0sVr6FuEvAKuZvH9AaT5$9,CONTAINS
2E5h_Z5On2oB9WnlvUr_A3,0sVr6FuEvAKuZvH9AaT5_e,CONTAINS
2E5h_Z5On2oB9WnlvUr_A3,0sVr6FuEvAKuZvH9AaT5$E,CONTAINS
2E5h_Z5On2oB9WnlvUr_A1,0sVr6FuEvAKuZvH9AaT5$4,CONTAINS
2E5h_Z5On2oB9WnlvUr_A3,0sVr6FuEvAKuZvH9AaT5_7,CONTAINS
2E5h_Z5On2oB9WnlvUr_AF,0sVr6FuEvAKuZvH9AaT5_T,CONTAINS
2E5h_Z5On2oB9WnlvUr_A0,0sVr6FuEvAKuZvH9AaT5_2,CONTAINS
2E5h_Z5On2oB9WnlvUr_A1,0sVr6FuEvAKuZvH9AaT5zz,CONTAINS
2E5h_Z5On2oB9WnlvUr_A0,0sVr6FuEvAKuZvH9AaT5_h,CONTAINS
2E5h_Z5On2oB9WnlvUr_A1,0sVr6FuEvAKuZvH9AaT5_c,CONTAINS
2E5h_Z5On2oB9WnlvUr_AE,0sVr6FuEvAKuZvH9AaT5_X,CONTAINS
2E5h_Z5On2oB9WnlvUr_AE,0sVr6FuEvAKuZvH9AaT5xs,CONTAINS
2E5h_Z5On2oB9WnlvUr_A1,0sVr6FuEvAKuZvH9AaT5xx,CONTAINS
2E5h_Z5On2oB9WnlvUr_AF,0sVr6FuEvAKuZvH9AaT5zq,CONTAINS
2E5h_Z5On2oB9WnlvUr_A0,0sVr6FuEvAKuZvH9AaT5xu,CONTAINS
2E5h_Z5On2oB9WnlvUr_A3,0sVr6FuEvAKuZvH9AaT5xz,CONTAINS
2E5h_Z5On2oB9WnlvUr_AE,0sVr6FuEvAKuZvH9AaT5zu,CONTAINS
2E5h_Z5On2oB9WnlvUr_A0,0sVr6FuEvAKuZvH9AaT5tV,CONTAINS
2E5h_Z5On2oB9WnlvUr_A1,0sVr6FuEvAKuZvH9AaT5vg,CONTAINS
2E5h_Z5On2oB9WnlvUr_A0,0sVr6FuEvAKuZvH9AaT5wO,CONTAINS
2E5h_Z5On2oB9WnlvUr_A3,0sVr6FuEvAKuZvH9AaT5xH,CONTAINS
2E5h_Z5On2oB9WnlvUr_A3,0sVr6FuEvAKuZvH9AaT5tS,CONTAINS
2E5h_Z5On2oB9WnlvUr_AE,0sVr6FuEvAKuZvH9AaT5uc,CONTAINS
2E5h_Z5On2oB9WnlvUr_AF,0sVr6FuEvAKuZvH9AaT5xp,CONTAINS
2E5h_Z5On2oB9WnlvUr_AE,0sVr6FuEvAKuZvH9AaT5tL,CONTAINS
2E5h_Z5On2oB9WnlvUr_A1,0sVr6FuEvAKuZvH9AaT5tQ,CONTAINS
2E5h_Z5On2oB9WnlvUr_A3,1xi$0nFyf8ZgXMsBP9JVqO,CONTAINS
2E5h_Z5On2oB9WnlvUr_A0,1xi$0nFyf8ZgXMsBP9JVqQ,CONTAINS
2E5h_Z5On2oB9WnlvUr_AE,1xi$0nFyf8ZgXMsBP9JVqE,CONTAINS
2E5h_Z5On2oB9WnlvUr_A1,1xi$0nFyf8ZgXMsBP9JVqC,CONTAINS
2E5h_Z5On2oB9WnlvUr_A0,1xi$0nFyf8ZgXMsBP9JVq2,CONTAINS
2E5h_Z5On2oB9WnlvUr_AF,1xi$0nFyf8ZgXMsBP9JVpW,CONTAINS
2E5h_Z5On2oB9WnlvUr_AE,1xi$0nFyf8ZgXMsBP9JVpc,CONTAINS
2E5h_Z5On2oB9WnlvUr_A1,1xi$0nFyf8ZgXMsBP9JVpa,CONTAINS
2E5h_Z5On2oB9WnlvUr_AF,0sVr6FuEvAKuZvH9AaT5$e,CONTAINS
2E5h_Z5On2oB9WnlvUr_AE,0sVr6FuEvAKuZvH9AaT5$i,CONTAINS
2E5h_Z5On2oB9WnlvUr_AF,1xi$0nFyf8ZgXMsBP9JVq8,CONTAINS
2E5h_Z5On2oB9WnlvUr_A1,0sVr6FuEvAKuZvH9AaT5$n,CONTAINS
2E5h_Z5On2oB9WnlvUr_AE,0sVr6FuEvAKuZvH9AaT5$7,CONTAINS
2E5h_Z5On2oB9WnlvUr_A0,0sVr6FuEvAKuZvH9AaT5$s,CONTAINS
2E5h_Z5On2oB9WnlvUr_AF,0sVr6FuEvAKuZvH9AaT5$3,CONTAINS
2E5h_Z5On2oB9WnlvUr_A3,0sVr6FuEvAKuZvH9AaT5$x,CONTAINS
2E5h_Z5On2oB9WnlvUr_A1,08tFmStXX8$AQ1Jr_cpNmp,CONTAINS
2E5h_Z5On2oB9WnlvUr_AE,30SJRiOAXBN9ujT9SuolsU,CONTAINS
2E5h_Z5On2oB9WnlvUr_A1,08tFmStXX8$AQ1Jr_cpN$P,CONTAINS
2E5h_Z5On2oB9WnlvUr_AE,30SJRiOAXBN9ujT9Suolew,CONTAINS
2E5h_Z5On2oB9WnlvUr_AE,30SJRiOAXBN9ujT9Suolez,CONTAINS
2E5h_Z5On2oB9WnlvUr_AE,30SJRiOAXBN9ujT9SuoljI,CONTAINS
2E5h_Z5On2oB9WnlvUr_AE,30SJRiOAXBN9ujT9Suolka,CONTAINS
2E5h_Z5On2oB9WnlvUr_AE,30SJRiOAXBN9ujT9SuoljL,CONTAINS
2E5h_Z5On2oB9WnlvUr_AE,30SJRiOAXBN9ujT9Suolf6,CONTAINS
2E5h_Z5On2oB9WnlvUr_AF,0qsJZCyf50AvvkokHMGl3r,CONTAINS
2E5h_Z5On2oB9WnlvUr_AF,0qsJZCyf50AvvkokHMGl3w,CONTAINS
2E5h_Z5On2oB9WnlvUr_A0,2Jim5_8tb5y982Mn0Oigsh,CONTAINS
2E5h_Z5On2oB9WnlvUr_A0,2Jim5_8tb5y982Mn0Oigsf,CONTAINS
2E5h_Z5On2oB9WnlvUr_AF,2Jim5_8tb5y982Mn0Oih8v,CONTAINS
2E5h_Z5On2oB9WnlvUr_AF,2Jim5_8tb5y982Mn0Oih8s,CONTAINS
2E5h_Z5On2oB9WnlvUr_AF,2Jim5_8tb5y982Mn0Oih8D,CONTAINS
2E5h_Z5On2oB9WnlvUr_AF,2Jim5_8tb5y982Mn0OihBv,CONTAINS
2E5h_Z5On2oB9WnlvUr_AF,2Jim5_8tb5y982Mn0Oih8A,CONTAINS
2E5h_Z5On2oB9WnlvUr_AF,2Jim5_8tb5y982Mn0Oih9b,CONTAINS
2E5h_Z5On2oB9WnlvUr_AF,2Jim5_8tb5y982Mn0OihB8,CONTAINS
2E5h_Z5On2oB9WnlvUr_AF,2Jim5_8tb5y982Mn0OihBA,CONTAINS
2E5h_Z5On2oB9WnlvUr_AF,2Jim5_8tb5y982Mn0OihBS,CONTAINS
2E5h_Z5On2oB9WnlvUr_AF,2Jim5_8tb5y982Mn0OihB9,CONTAINS
2E5h_Z5On2oB9WnlvUr_AF,2Jim5_8tb5y982Mn0OihAS,CONTAINS
2E5h_Z5On2oB9WnlvUr_AF,2Jim5_8tb5y982Mn0OihBy,CONTAINS
2E5h_Z5On2oB9WnlvUr_AF,2Jim5_8tb5y982Mn0OihBi,CONTAINS
2E5h_Z5On2oB9WnlvUr_AF,2Jim5_8tb5y982Mn0OihBf,CONTAINS
2E5h_Z5On2oB9WnlvUr_AF,2Jim5_8tb5y982Mn0OihAP,CONTAINS
2E5h_Z5On2oB9WnlvUr_AF,2Jim5_8tb5y982Mn0Oigtm,CONTAINS
2E5h_Z5On2oB9WnlvUr_AF,2Jim5_8tb5y982Mn0Oigtz,CONTAINS
2E5h_Z5On2oB9WnlvUr_AF,2Jim5_8tb5y982Mn0Oih8Y,CONTAINS
2E5h_Z5On2oB9WnlvUr_AF,2Jim5_8tb5y982Mn0Oih8b,CONTAINS
2E5h_Z5On2oB9WnlvUr_AF,2Jim5_8tb5y982Mn0OigtD,CONTAINS
2E5h_Z5On2oB9WnlvUr_AF,2Jim5_8tb5y982Mn0Oih9v,CONTAINS
2E5h_Z5On2oB9WnlvUr_AF,2Jim5_8tb5y982Mn0Oih9Y,CONTAINS
2E5h_Z5On2oB9WnlvUr_AF,2Jim5_8tb5y982Mn0Oih9s,CONTAINS
2E5h_Z5On2oB9WnlvUr_AF,2Jim5_8tb5y982Mn0Oih98,CONTAINS
2E5h_Z5On2oB9WnlvUr_AF,2Jim5_8tb5y982Mn0Oih9p,CONTAINS
2E5h_Z5On2oB9WnlvUr_A3,2Jim5_8tb5y982Mn0Oih4i,CONTAINS
2E5h_Z5On2oB9WnlvUr_AF,1MWjCBD6nFbO9QLT776R06,CONTAINS
2E5h_Z5On2oB9WnlvUr_AF,1MWjCBD6nFbO9QLT776R07,CONTAINS
2E5h_Z5On2oB9WnlvUr_AE,0_6MQ5PlPCZQl97Kh6wiHt,CONTAINS
2E5h_Z5On2oB9WnlvUr_AE,0_6MQ5PlPCZQl97Kh6wiHm,CONTAINS
2E5h_Z5On2oB9WnlvUr_AF,1MWjCBD6nFbO9QLT776R1y,CONTAINS
2E5h_Z5On2oB9WnlvUr_AF,2Jim5_8tb5y982Mn0OihCJ,CONTAINS
2E5h_Z5On2oB9WnlvUr_A3,2Jim5_8tb5y982Mn0Oih3I,CONTAINS
2E5h_Z5On2oB9WnlvUr_AF,2Jim5_8tb5y982Mn0OihEI,CONTAINS
2E5h_Z5On2oB9WnlvUr_AF,2Jim5_8tb5y982Mn0OihEJ,CONTAINS
2E5h_Z5On2oB9WnlvUr_AF,2Jim5_8tb5y982Mn0OihFi,CONTAINS
2E5h_Z5On2oB9WnlvUr_AF,2Jim5_8tb5y982Mn0OihC4,CONTAINS
2E5h_Z5On2oB9WnlvUr_AF,2Jim5_8tb5y982Mn0OihCA,CONTAINS
2E5h_Z5On2oB9WnlvUr_AF,0_6MQ5PlPCZQl97Kh6wiJ8,CONTAINS
2E5h_Z5On2oB9WnlvUr_AF,2Jim5_8tb5y982Mn0OihCF,CONTAINS
2E5h_Z5On2oB9WnlvUr_AF,2Jim5_8tb5y982Mn0OihBT,CONTAINS
2E5h_Z5On2oB9WnlvUr_A1,0_6MQ5PlPCZQl97Kh6wiGM,CONTAINS
2E5h_Z5On2oB9WnlvUr_A1,0_6MQ5PlPCZQl97Kh6wiGA,CONTAINS
2E5h_Z5On2oB9WnlvUr_A1,0_6MQ5PlPCZQl97Kh6wiGH,CONTAINS
2E5h_Z5On2oB9WnlvUr_A1,0_6MQ5PlPCZQl97Kh6wiGG,CONTAINS
2E5h_Z5On2oB9WnlvUr_AE,1OLDx31SX4GB7LqdusWckc,CONTAINS
2E5h_Z5On2oB9WnlvUr_AE,0_6MQ5PlPCZQl97Kh6wiH_,CONTAINS
2E5h_Z5On2oB9WnlvUr_A1,1OLDx31SX4GB7LqdusWckw,CONTAINS
2E5h_Z5On2oB9WnlvUr_AE,1OLDx31SX4GB7LqdusWckf,CONTAINS
2E5h_Z5On2oB9WnlvUr_AE,1OLDx31SX4GB7LqdusWckd,CONTAINS
2E5h_Z5On2oB9WnlvUr_A1,0_6MQ5PlPCZQl97Kh6wiGC,CONTAINS
2E5h_Z5On2oB9WnlvUr_A1,0_6MQ5PlPCZQl97Kh6wiG3,CONTAINS
2E5h_Z5On2oB9WnlvUr_AE,0_6MQ5PlPCZQl97Kh6wiHw,CONTAINS
2E5h_Z5On2oB9WnlvUr_AE,0_6MQ5PlPCZQl97Kh6wiG5,CONTAINS
2E5h_Z5On2oB9WnlvUr_AE,0_6MQ5PlPCZQl97Kh6wiG4,CONTAINS
2E5h_Z5On2oB9WnlvUr_A3,1OLDx31SX4GB7LqdusWckU,CONTAINS
2E5h_Z5On2oB9WnlvUr_A3,1OLDx31SX4GB7LqdusWck0,CONTAINS
2E5h_Z5On2oB9WnlvUr_A3,1OLDx31SX4GB7LqdusWck1,CONTAINS
2E5h_Z5On2oB9WnlvUr_AF,0_6MQ5PlPCZQl97Kh6wiJc,CONTAINS
2E5h_Z5On2oB9WnlvUr_A1,1OLDx31SX4GB7LqdusWckx,CONTAINS
2E5h_Z5On2oB9WnlvUr_A0,1OLDx31SX4GB7LqdusWckC,CONTAINS
2E5h_Z5On2oB9WnlvUr_A1,1OLDx31SX4GB7LqdusWcku,CONTAINS
2E5h_Z5On2oB9WnlvUr_A0,1OLDx31SX4GB7LqdusWckD,CONTAINS
2E5h_Z5On2oB9WnlvUr_A0,1OLDx31SX4GB7LqdusWckF,CONTAINS
2E5h_Z5On2oB9WnlvUr_A3,1OLDx31SX4GB7LqdusWcPF,CONTAINS
2E5h_Z5On2oB9WnlvUr_A0,1OLDx31SX4GB7LqdusWcXC,CONTAINS
2E5h_Z5On2oB9WnlvUr_A3,0NqyzdLG10lPh7lNmN9GaD,CONTAINS
2E5h_Z5On2oB9WnlvUr_A3,0NqyzdLG10lPh7lNmN9JeQ,CONTAINS
2E5h_Z5On2oB9WnlvUr_AF,1T6HyQJITEVOVzLGR8RTzN,CONTAINS
2E5h_Z5On2oB9WnlvUr_A3,0NqyzdLG10lPh7lNmN9Gcg,CONTAINS
2E5h_Z5On2oB9WnlvUr_A1,1kmZQO5mTCYP447WOPQA4a,CONTAINS
2E5h_Z5On2oB9WnlvUr_AF,35$sUp9sXBwgJYOujsnbQf,CONTAINS
2E5h_Z5On2oB9WnlvUr_A0,1T6HyQJITEVOVzLGR8RT6h,CONTAINS
2E5h_Z5On2oB9WnlvUr_A0,1T6HyQJITEVOVzLGR8RT84,CONTAINS
2E5h_Z5On2oB9WnlvUr_A0,1T6HyQJITEVOVzLGR8RT6f,CONTAINS
2E5h_Z5On2oB9WnlvUr_AF,1T6HyQJITEVOVzLGR8RT$u,CONTAINS
2E5h_Z5On2oB9WnlvUr_AF,1T6HyQJITEVOVzLGR8RT$I,CONTAINS
2E5h_Z5On2oB9WnlvUr_A1,1kmZQO5mTCYP447WOPQA4h,CONTAINS
2E5h_Z5On2oB9WnlvUr_A0,1T6HyQJITEVOVzLGR8RT4s,CONTAINS
2E5h_Z5On2oB9WnlvUr_A0,1T6HyQJITEVOVzLGR8RT4v,CONTAINS
2E5h_Z5On2oB9WnlvUr_A1,0vvFPiGt50ufsB49WJU9E0,CONTAINS
2E5h_Z5On2oB9WnlvUr_AE,06M3$2nrHF_ObjctBDxxyi,CONTAINS
2E5h_Z5On2oB9WnlvUr_AE,06M3$2nrHF_ObjctBDxxyj,CONTAINS
2E5h_Z5On2oB9WnlvUr_A1,0vvFPiGt50ufsB49WJU9EM,CONTAINS
2E5h_Z5On2oB9WnlvUr_A1,0vvFPiGt50ufsB49WJU9E1,CONTAINS
2E5h_Z5On2oB9WnlvUr_A1,0N88eZZuLEswAmuyIRXd_Q,CONTAINS
2E5h_Z5On2oB9WnlvUr_A1,0N88eZZuLEswAmuyIRXd_R,CONTAINS
2E5h_Z5On2oB9WnlvUr_AE,0N88eZZuLEswAmuyIRXdrr,CONTAINS
2E5h_Z5On2oB9WnlvUr_AE,0N88eZZuLEswAmuyIRXdrs,CONTAINS
2E5h_Z5On2oB9WnlvUr_A1,0N88eZZuLEswAmuyIRXdmp,CONTAINS
2E5h_Z5On2oB9WnlvUr_A1,0N88eZZuLEswAmuyIRXdmC,CONTAINS
2E5h_Z5On2oB9WnlvUr_AE,0N88eZZuLEswAmuyIRXdt4,CONTAINS
2E5h_Z5On2oB9WnlvUr_AE,0N88eZZuLEswAmuyIRXdqY,CONTAINS
2E5h_Z5On2oB9WnlvUr_AE,0N88eZZuLEswAmuyIRXdqX,CONTAINS
2E5h_Z5On2oB9WnlvUr_AE,0N88eZZuLEswAmuyIRXdtB,CONTAINS
2E5h_Z5On2oB9WnlvUr_AE,0N88eZZuLEswAmuyIRXdtg,CONTAINS
2E5h_Z5On2oB9WnlvUr_A3,0TH6H1AETFjB6bwPLlsbHy,CONTAINS
2E5h_Z5On2oB9WnlvUr_A0,0TH6H1AETFjB6bwPLlsbJJ,CONTAINS
2E5h_Z5On2oB9WnlvUr_A3,0TH6H1AETFjB6bwPLlsbHB,CONTAINS
2E5h_Z5On2oB9WnlvUr_A0,0TH6H1AETFjB6bwPLlsbS8,CONTAINS
2E5h_Z5On2oB9WnlvUr_A0,0TH6H1AETFjB6bwPLlsbJU,CONTAINS
2E5h_Z5On2oB9WnlvUr_A1,06M3$2nrHF_ObjctBDxxmi,CONTAINS
2E5h_Z5On2oB9WnlvUr_A1,06M3$2nrHF_ObjctBDxxmE,CONTAINS
2E5h_Z5On2oB9WnlvUr_A1,06M3$2nrHF_ObjctBDxxmj,CONTAINS
2E5h_Z5On2oB9WnlvUr_AE,06M3$2nrHF_ObjctBDxxz8,CONTAINS
2E5h_Z5On2oB9WnlvUr_A3,3GhUUaCijEpxvCkw2E5X3o,CONTAINS
2E5h_Z5On2oB9WnlvUr_A3,3GhUUaCijEpxvCkw2E5X3n,CONTAINS
2E5h_Z5On2oB9WnlvUr_A3,3GhUUaCijEpxvCkw2E5X7v,CONTAINS
2E5h_Z5On2oB9WnlvUr_A3,3GhUUaCijEpxvCkw2E5Xv2,CONTAINS
2E5h_Z5On2oB9WnlvUr_A3,3GhUUaCijEpxvCkw2E5X_U,CONTAINS
2E5h_Z5On2oB9WnlvUr_A1,3GhUUaCijEpxvCkw2E5Xxa,CONTAINS
2E5h_Z5On2oB9WnlvUr_A3,3GhUUaCijEpxvCkw2E5XvQ,CONTAINS
2E5h_Z5On2oB9WnlvUr_A3,3GhUUaCijEpxvCkw2E5XvV,CONTAINS
2E5h_Z5On2oB9WnlvUr_A3,0jJqtRwM95sw5v9DawJweB,CONTAINS
2E5h_Z5On2oB9WnlvUr_A3,0jJqtRwM95sw5v9DawJwe7,CONTAINS
2E5h_Z5On2oB9WnlvUr_AC,3GhUUaCijEpxvCkw2E5Xr0,CONTAINS
2E5h_Z5On2oB9WnlvUr_AF,3GhUUaCijEpxvCkw2E5Xr1,CONTAINS
2E5h_Z5On2oB9WnlvUr_A1,3GhUUaCijEpxvCkw2E5Xxb,CONTAINS
2E5h_Z5On2oB9WnlvUr_A3,0jJqtRwM95sw5v9DawJweE,CONTAINS
2E5h_Z5On2oB9WnlvUr_AE,0N88eZZuLEswAmuyIRXuB9,CONTAINS
2E5h_Z5On2oB9WnlvUr_A0,0jJqtRwM95sw5v9DawJwsv,CONTAINS
2E5h_Z5On2oB9WnlvUr_AE,0N88eZZuLEswAmuyIRXuBA,CONTAINS
2E5h_Z5On2oB9WnlvUr_A3,3GhUUaCijEpxvCkw2E5X5U,CONTAINS
2E5h_Z5On2oB9WnlvUr_A3,3GhUUaCijEpxvCkw2E5X5G,CONTAINS
2E5h_Z5On2oB9WnlvUr_A3,3GhUUaCijEpxvCkw2E5X5L,CONTAINS
2E5h_Z5On2oB9WnlvUr_AC,3Lzi6UIVLC_R$SpDPF9C1L,CONTAINS
2E5h_Z5On2oB9WnlvUr_AC,3Lzi6UIVLC_R$SpDPF9C0d,CONTAINS
2E5h_Z5On2oB9WnlvUr_AF,3fPabHtkb3Gv3lHyUuIznw,CONTAINS
2E5h_Z5On2oB9WnlvUr_AF,3fPabHtkb3Gv3lHyUuIzny,CONTAINS
2E5h_Z5On2oB9WnlvUr_AF,3fPabHtkb3Gv3lHyUuIzn$,CONTAINS
2E5h_Z5On2oB9WnlvUr_AF,3fPabHtkb3Gv3lHyUuIzn5,CONTAINS
2E5h_Z5On2oB9WnlvUr_A1,3fPabHtkb3Gv3lHyUuIzn9,CONTAINS
2E5h_Z5On2oB9WnlvUr_A1,3fPabHtkb3Gv3lHyUuIznI,CONTAINS
2E5h_Z5On2oB9WnlvUr_A1,3fPabHtkb3Gv3lHyUuIznL,CONTAINS
2E5h_Z5On2oB9WnlvUr_A0,3fPabHtkb3Gv3lHyUuIznP,CONTAINS
2E5h_Z5On2oB9WnlvUr_A0,3fPabHtkb3Gv3lHyUuIznQ,CONTAINS
2E5h_Z5On2oB9WnlvUr_A0,3fPabHtkb3Gv3lHyUuIznS,CONTAINS
2E5h_Z5On2oB9WnlvUr_A0,3fPabHtkb3Gv3lHyUuIznV,CONTAINS
2E5h_Z5On2oB9WnlvUr_A0,3fPabHtkb3Gv3lHyUuIzsY,CONTAINS
2E5h_Z5On2oB9WnlvUr_A1,3fPabHtkb3Gv3lHyUuIznF,CONTAINS
2E5h_Z5On2oB9WnlvUr_A3,3GhUUaCijEpxvCkw2E5X53,CONTAINS
2E5h_Z5On2oB9WnlvUr_AF,3GhUUaCijEpxvCkw2E5X8S,CONTAINS
2E5h_Z5On2oB9WnlvUr_A3,3GhUUaCijEpxvCkw2E5X54,CONTAINS
2E5h_Z5On2oB9WnlvUr_A3,1EUcViy417X9DZbTk1U$iv,CONTAINS
2E5h_Z5On2oB9WnlvUr_A3,1EUcViy417X9DZbTk1U$iX,CONTAINS
2E5h_Z5On2oB9WnlvUr_A3,3fPabHtkb3Gv3lHyUuIzrj,CONTAINS
2E5h_Z5On2oB9WnlvUr_A0,3fPabHtkb3Gv3lHyUuIzsb,CONTAINS
2E5h_Z5On2oB9WnlvUr_A5,3Lzi6UIVLC_R$SpDPF9Deg,CONTAINS
2E5h_Z5On2oB9WnlvUr_AC,3Lzi6UIVLC_R$SpDPF9CTy,CONTAINS
2E5h_Z5On2oB9WnlvUr_A3,1EUcViy417X9DZbTk1U$iV,CONTAINS
2E5h_Z5On2oB9WnlvUr_A5,3Lzi6UIVLC_R$SpDPF9Def,CONTAINS
2E5h_Z5On2oB9WnlvUr_AF,3fPabHtkb3Gv3lHyUuIznv,CONTAINS
2E5h_Z5On2oB9WnlvUr_AE,3fPabHtkb3Gv3lHyUuIznl,CONTAINS
2E5h_Z5On2oB9WnlvUr_AC,3Lzi6UIVLC_R$SpDPF9CTw,CONTAINS
2E5h_Z5On2oB9WnlvUr_AE,3fPabHtkb3Gv3lHyUuIznr,CONTAINS
2E5h_Z5On2oB9WnlvUr_AF,3Lzi6UIVLC_R$SpDPF9DSP,CONTAINS
2E5h_Z5On2oB9WnlvUr_AE,3fPabHtkb3Gv3lHyUuIznf,CONTAINS
2E5h_Z5On2oB9WnlvUr_A1,3fPabHtkb3Gv3lHyUuIznC,CONTAINS
2E5h_Z5On2oB9WnlvUr_A1,3fPabHtkb3Gv3lHyUuIznA,CONTAINS
2E5h_Z5On2oB9WnlvUr_AE,3fPabHtkb3Gv3lHyUuIzno,CONTAINS
2E5h_Z5On2oB9WnlvUr_AE,3fPabHtkb3Gv3lHyUuIzni,CONTAINS
2E5h_Z5On2oB9WnlvUr_AE,3fPabHtkb3Gv3lHyUuIzng,CONTAINS
2E5h_Z5On2oB9WnlvUr_A3,1SwS74X7L8r9RXxJ_KPGyj,CONTAINS
2E5h_Z5On2oB9WnlvUr_A3,1SwS74X7L8r9RXxJ_KPGyC,CONTAINS
2E5h_Z5On2oB9WnlvUr_A3,1SwS74X7L8r9RXxJ_KPGzi,CONTAINS
2E5h_Z5On2oB9WnlvUr_A3,1NUkhACQPAOOkgUUUJhdQP,CONTAINS
2E5h_Z5On2oB9WnlvUr_A3,1NUkhACQPAOOkgUUUJhdQS,CONTAINS
2E5h_Z5On2oB9WnlvUr_A3,1NUkhACQPAOOkgUUUJhdQJ,CONTAINS
2E5h_Z5On2oB9WnlvUr_A3,1NUkhACQPAOOkgUUUJhdQh,CONTAINS
2E5h_Z5On2oB9WnlvUr_A3,1NUkhACQPAOOkgUUUJhdQg,CONTAINS
2E5h_Z5On2oB9WnlvUr_A3,1SwS74X7L8r9RXxJ_KPGzZ,CONTAINS
2E5h_Z5On2oB9WnlvUr_A3,1NUkhACQPAOOkgUUUJhdQW,CONTAINS
2E5h_Z5On2oB9WnlvUr_A0,3rGjpkETD6$uNOVZK2nEMT,CONTAINS
2E5h_Z5On2oB9WnlvUr_A0,0LsOOhs0z0SASBom4Sf8M0,CONTAINS
2E5h_Z5On2oB9WnlvUr_A0,0LsOOhs0z0SASBom4Sf8MQ,CONTAINS
2E5h_Z5On2oB9WnlvUr_A0,0LsOOhs0z0SASBom4Sf8Ia,CONTAINS
2E5h_Z5On2oB9WnlvUr_A0,3rGjpkETD6$uNOVZK2nEMO,CONTAINS
2E5h_Z5On2oB9WnlvUr_A3,1NUkhACQPAOOkgUUUJhdQZ,CONTAINS
2E5h_Z5On2oB9WnlvUr_A1,3rnodj2yr3JuTU8YKxo19i,CONTAINS
2E5h_Z5On2oB9WnlvUr_A1,3rnodj2yr3JuTU8YKxo19k,CONTAINS
2E5h_Z5On2oB9WnlvUr_A3,1EUcViy417X9DZbTk1U$jW,CONTAINS
2E5h_Z5On2oB9WnlvUr_A3,3fPabHtkb3Gv3lHyUuIzrl,CONTAINS
2E5h_Z5On2oB9WnlvUr_A1,08tFmStXX8$AQ1Jr_cpNoh,CONTAINS
2E5h_Z5On2oB9WnlvUr_A1,08tFmStXX8$AQ1Jr_cpNof,CONTAINS
2E5h_Z5On2oB9WnlvUr_AE,30SJRiOAXBN9ujT9SuolsI,CONTAINS
2E5h_Z5On2oB9WnlvUr_AE,30SJRiOAXBN9ujT9SuolsH,CONTAINS
2E5h_Z5On2oB9WnlvUr_A1,1Iqrb4kpDAlwnjEcY5UQ_u,CONTAINS
2E5h_Z5On2oB9WnlvUr_A1,08tFmStXX8$AQ1Jr_cpN$Q,CONTAINS
2E5h_Z5On2oB9WnlvUr_A1,1Iqrb4kpDAlwnjEcY5UQwd,CONTAINS
2E5h_Z5On2oB9WnlvUr_A1,1Iqrb4kpDAlwnjEcY5UQxz,CONTAINS
2E5h_Z5On2oB9WnlvUr_A1,1Iqrb4kpDAlwnjEcY5UQxR,CONTAINS
2E5h_Z5On2oB9WnlvUr_A1,1Iqrb4kpDAlwnjEcY5UQxy,CONTAINS
2E5h_Z5On2oB9WnlvUr_A1,1Iqrb4kpDAlwnjEcY5UQ$5,CONTAINS
2E5h_Z5On2oB9WnlvUr_A1,1Iqrb4kpDAlwnjEcY5UQ$7,CONTAINS
2E5h_Z5On2oB9WnlvUr_A1,1Iqrb4kpDAlwnjEcY5UQwu,CONTAINS
2E5h_Z5On2oB9WnlvUr_A2,3MGnm3fNz82Q21iqB$7u20,CONTAINS
2E5h_Z5On2oB9WnlvUr_A2,3MGnm3fNz82Q21iqB$67Za,CONTAINS
2E5h_Z5On2oB9WnlvUr_A2,3MGnm3fNz82Q21iqB$67aO,CONTAINS
2E5h_Z5On2oB9WnlvUr_A2,3MGnm3fNz82Q21iqB$67dc,CONTAINS
2E5h_Z5On2oB9WnlvUr_A2,3MGnm3fNz82Q21iqB$67fb,CONTAINS
2E5h_Z5On2oB9WnlvUr_A2,3MGnm3fNz82Q21iqB$67bW,CONTAINS
2E5h_Z5On2oB9WnlvUr_A2,3MGnm3fNz82Q21iqB$67Yx,CONTAINS
2E5h_Z5On2oB9WnlvUr_A2,3MGnm3fNz82Q21iqB$7u1B,CONTAINS
2E5h_Z5On2oB9WnlvUr_A2,3MGnm3fNz82Q21iqB$7u0c,CONTAINS
2E5h_Z5On2oB9WnlvUr_A2,3MGnm3fNz82Q21iqB$7u1q,CONTAINS
2E5h_Z5On2oB9WnlvUr_A2,3MGnm3fNz82Q21iqB$7u1I,CONTAINS
2E5h_Z5On2oB9WnlvUr_A2,3MGnm3fNz82Q21iqB$7u1D,CONTAINS
2E5h_Z5On2oB9WnlvUr_A2,3MGnm3fNz82Q21iqB$7u0S,CONTAINS
2E5h_Z5On2oB9WnlvUr_A2,3MGnm3fNz82Q21iqB$7u1s,CONTAINS
2E5h_Z5On2oB9WnlvUr_A2,3MGnm3fNz82Q21iqB$7u0V,CONTAINS
2E5h_Z5On2oB9WnlvUr_A2,3MGnm3fNz82Q21iqB$7u1x,CONTAINS
2E5h_Z5On2oB9WnlvUr_AF,15_bC4FTv02hB3jHvFugNX,CONTAINS
2E5h_Z5On2oB9WnlvUr_AF,15_bC4FTv02hB3jHvFugNb,CONTAINS
2E5h_Z5On2oB9WnlvUr_AF,15_bC4FTv02hB3jHvFugNe,CONTAINS
2E5h_Z5On2oB9WnlvUr_AF,15_bC4FTv02hB3jHvFugNN,CONTAINS
2E5h_Z5On2oB9WnlvUr_AF,15_bC4FTv02hB3jHvFugNC,CONTAINS
2E5h_Z5On2oB9WnlvUr_AF,15_bC4FTv02hB3jHvFugN1,CONTAINS
2E5h_Z5On2oB9WnlvUr_AF,15_bC4FTv02hB3jHvFugMs,CONTAINS
2E5h_Z5On2oB9WnlvUr_AF,15_bC4FTv02hB3jHvFugMr,CONTAINS
2E5h_Z5On2oB9WnlvUr_AF,15_bC4FTv02hB3jHvFugKj,CONTAINS
2E5h_Z5On2oB9WnlvUr_AF,15_bC4FTv02hB3jHvFugKt,CONTAINS
2E5h_Z5On2oB9WnlvUr_AF,15_bC4FTv02hB3jHvFugLA,CONTAINS
2E5h_Z5On2oB9WnlvUr_AF,15_bC4FTv02hB3jHvFugL9,CONTAINS
2E5h_Z5On2oB9WnlvUr_AF,15_bC4FTv02hB3jHvFugKe,CONTAINS
2E5h_Z5On2oB9WnlvUr_AF,15_bC4FTv02hB3jHvFugK7,CONTAINS
2E5h_Z5On2oB9WnlvUr_AF,15_bC4FTv02hB3jHvFugL1,CONTAINS
2E5h_Z5On2oB9WnlvUr_AF,15_bC4FTv02hB3jHvFugL2,CONTAINS
2E5h_Z5On2oB9WnlvUr_AF,15_bC4FTv02hB3jHvFugKy,CONTAINS
2E5h_Z5On2oB9WnlvUr_AF,15_bC4FTv02hB3jHvFugKm,CONTAINS
2E5h_Z5On2oB9WnlvUr_AF,15_bC4FTv02hB3jHvFugKC,CONTAINS
2E5h_Z5On2oB9WnlvUr_AF,15_bC4FTv02hB3jHvFugKJ,CONTAINS
2E5h_Z5On2oB9WnlvUr_AF,15_bC4FTv02hB3jHvFugKM,CONTAINS
2E5h_Z5On2oB9WnlvUr_AF,15_bC4FTv02hB3jHvFugKL,CONTAINS
2E5h_Z5On2oB9WnlvUr_AF,15_bC4FTv02hB3jHvFugNs,CONTAINS
2E5h_Z5On2oB9WnlvUr_AF,15_bC4FTv02hB3jHvFugKB,CONTAINS
2E5h_Z5On2oB9WnlvUr_AF,15_bC4FTv02hB3jHvFugNP,CONTAINS
2E5h_Z5On2oB9WnlvUr_AF,15_bC4FTv02hB3jHvFugNI,CONTAINS
2E5h_Z5On2oB9WnlvUr_AF,15_bC4FTv02hB3jHvFugN$,CONTAINS
2E5h_Z5On2oB9WnlvUr_AF,15_bC4FTv02hB3jHvFugN4,CONTAINS
2E5h_Z5On2oB9WnlvUr_AF,15_bC4FTv02hB3jHvFugQe,CONTAINS
2E5h_Z5On2oB9WnlvUr_AF,15_bC4FTv02hB3jHvFugQL,CONTAINS
2E5h_Z5On2oB9WnlvUr_AF,15_bC4FTv02hB3jHvFugQH,CONTAINS
2E5h_Z5On2oB9WnlvUr_AF,15_bC4FTv02hB3jHvFugQ3,CONTAINS
2E5h_Z5On2oB9WnlvUr_AF,15_bC4FTv02hB3jHvFugQE,CONTAINS
2E5h_Z5On2oB9WnlvUr_AF,15_bC4FTv02hB3jHvFugQ5,CONTAINS
2E5h_Z5On2oB9WnlvUr_AF,15_bC4FTv02hB3jHvFugQ7,CONTAINS
2E5h_Z5On2oB9WnlvUr_AF,15_bC4FTv02hB3jHvFugQO,CONTAINS
2E5h_Z5On2oB9WnlvUr_AF,15_bC4FTv02hB3jHvFugLX,CONTAINS
2E5h_Z5On2oB9WnlvUr_AF,15_bC4FTv02hB3jHvFugLo,CONTAINS
2E5h_Z5On2oB9WnlvUr_AF,15_bC4FTv02hB3jHvFugLv,CONTAINS
2E5h_Z5On2oB9WnlvUr_AF,15_bC4FTv02hB3jHvFugLa,CONTAINS
2E5h_Z5On2oB9WnlvUr_AF,15_bC4FTv02hB3jHvFugQX,CONTAINS
2E5h_Z5On2oB9WnlvUr_AF,15_bC4FTv02hB3jHvFugQt,CONTAINS
2E5h_Z5On2oB9WnlvUr_AF,15_bC4FTv02hB3jHvFugRE,CONTAINS
2E5h_Z5On2oB9WnlvUr_AF,15_bC4FTv02hB3jHvFugRB,CONTAINS
2E5h_Z5On2oB9WnlvUr_AF,15_bC4FTv02hB3jHvFugQl,CONTAINS
2E5h_Z5On2oB9WnlvUr_AF,15_bC4FTv02hB3jHvFugQY,CONTAINS
2E5h_Z5On2oB9WnlvUr_AF,15_bC4FTv02hB3jHvFugRS,CONTAINS
2E5h_Z5On2oB9WnlvUr_AF,15_bC4FTv02hB3jHvFugRJ,CONTAINS
2E5h_Z5On2oB9WnlvUr_AF,15_bC4FTv02hB3jHvFugRD,CONTAINS
2E5h_Z5On2oB9WnlvUr_AF,15_bC4FTv02hB3jHvFugRO,CONTAINS
2E5h_Z5On2oB9WnlvUr_AF,15_bC4FTv02hB3jHvFugRj,CONTAINS
2E5h_Z5On2oB9WnlvUr_AF,15_bC4FTv02hB3jHvFugRN,CONTAINS
2E5h_Z5On2oB9WnlvUr_AF,15_bC4FTv02hB3jHvFugRh,CONTAINS
2E5h_Z5On2oB9WnlvUr_AF,15_bC4FTv02hB3jHvFugRW,CONTAINS
2E5h_Z5On2oB9WnlvUr_AF,15_bC4FTv02hB3jHvFugLU,CONTAINS
2E5h_Z5On2oB9WnlvUr_AF,15_bC4FTv02hB3jHvFugLT,CONTAINS
2E5h_Z5On2oB9WnlvUr_AF,15_bC4FTv02hB3jHvFugLt,CONTAINS
2E5h_Z5On2oB9WnlvUr_AF,15_bC4FTv02hB3jHvFugLk,CONTAINS
2E5h_Z5On2oB9WnlvUr_AF,15_bC4FTv02hB3jHvFugKv,CONTAINS
2E5h_Z5On2oB9WnlvUr_AF,15_bC4FTv02hB3jHvFugKa,CONTAINS
2E5h_Z5On2oB9WnlvUr_AF,15_bC4FTv02hB3jHvFugLh,CONTAINS
2E5h_Z5On2oB9WnlvUr_A0,15_bC4FTv02hB3jHvFugVd,CONTAINS
2E5h_Z5On2oB9WnlvUr_A0,15_bC4FTv02hB3jHvFugTL,CONTAINS
2E5h_Z5On2oB9WnlvUr_A0,15_bC4FTv02hB3jHvFugTH,CONTAINS
2E5h_Z5On2oB9WnlvUr_A0,15_bC4FTv02hB3jHvFugTl,CONTAINS
2E5h_Z5On2oB9WnlvUr_A0,15_bC4FTv02hB3jHvFugVJ,CONTAINS
2E5h_Z5On2oB9WnlvUr_A0,15_bC4FTv02hB3jHvFugVI,CONTAINS
2E5h_Z5On2oB9WnlvUr_A0,15_bC4FTv02hB3jHvFugVK,CONTAINS
2E5h_Z5On2oB9WnlvUr_A0,15_bC4FTv02hB3jHvFugVl,CONTAINS
2E5h_Z5On2oB9WnlvUr_A0,15_bC4FTv02hB3jHvFugVf,CONTAINS
2E5h_Z5On2oB9WnlvUr_A0,15_bC4FTv02hB3jHvFugVh,CONTAINS
2E5h_Z5On2oB9WnlvUr_A0,15_bC4FTv02hB3jHvFugVe,CONTAINS
2E5h_Z5On2oB9WnlvUr_A0,15_bC4FTv02hB3jHvFugV$,CONTAINS
2E5h_Z5On2oB9WnlvUr_A0,15_bC4FTv02hB3jHvFugV_,CONTAINS
2E5h_Z5On2oB9WnlvUr_A0,15_bC4FTv02hB3jHvFugVw,CONTAINS
2E5h_Z5On2oB9WnlvUr_A0,15_bC4FTv02hB3jHvFugSC,CONTAINS
2E5h_Z5On2oB9WnlvUr_A0,15_bC4FTv02hB3jHvFugS5,CONTAINS
2E5h_Z5On2oB9WnlvUr_A0,15_bC4FTv02hB3jHvFugS9,CONTAINS
2E5h_Z5On2oB9WnlvUr_A0,15_bC4FTv02hB3jHvFugSB,CONTAINS
2E5h_Z5On2oB9WnlvUr_A0,15_bC4FTv02hB3jHvFugVt,CONTAINS
2E5h_Z5On2oB9WnlvUr_A0,15_bC4FTv02hB3jHvFugTR,CONTAINS
2E5h_Z5On2oB9WnlvUr_A0,15_bC4FTv02hB3jHvFugT0,CONTAINS
2E5h_Z5On2oB9WnlvUr_A0,15_bC4FTv02hB3jHvFugT4,CONTAINS
2E5h_Z5On2oB9WnlvUr_A0,15_bC4FTv02hB3jHvFugTC,CONTAINS
2E5h_Z5On2oB9WnlvUr_A0,15_bC4FTv02hB3jHvFugSb,CONTAINS
2E5h_Z5On2oB9WnlvUr_A0,15_bC4FTv02hB3jHvFugSr,CONTAINS
2E5h_Z5On2oB9WnlvUr_A0,15_bC4FTv02hB3jHvFugT9,CONTAINS
2E5h_Z5On2oB9WnlvUr_A0,15_bC4FTv02hB3jHvFugSu,CONTAINS
2E5h_Z5On2oB9WnlvUr_A0,15_bC4FTv02hB3jHvFugS$,CONTAINS
2E5h_Z5On2oB9WnlvUr_A0,15_bC4FTv02hB3jHvFugSX,CONTAINS
2E5h_Z5On2oB9WnlvUr_A0,15_bC4FTv02hB3jHvFugSk,CONTAINS
2E5h_Z5On2oB9WnlvUr_A0,15_bC4FTv02hB3jHvFugSj,CONTAINS
2E5h_Z5On2oB9WnlvUr_A0,15_bC4FTv02hB3jHvFugSM,CONTAINS
2E5h_Z5On2oB9WnlvUr_A0,15_bC4FTv02hB3jHvFugSg,CONTAINS
2E5h_Z5On2oB9WnlvUr_A0,15_bC4FTv02hB3jHvFugSS,CONTAINS
2E5h_Z5On2oB9WnlvUr_A0,15_bC4FTv02hB3jHvFugSJ,CONTAINS
2E5h_Z5On2oB9WnlvUr_A0,15_bC4FTv02hB3jHvFugSP,CONTAINS
2E5h_Z5On2oB9WnlvUr_AF,15_bC4FTv02hB3jHvFugPH,CONTAINS
2E5h_Z5On2oB9WnlvUr_AF,15_bC4FTv02hB3jHvFugPK,CONTAINS
2E5h_Z5On2oB9WnlvUr_AF,15_bC4FTv02hB3jHvFugP9,CONTAINS
2E5h_Z5On2oB9WnlvUr_AF,15_bC4FTv02hB3jHvFugP3,CONTAINS
2E5h_Z5On2oB9WnlvUr_AF,15_bC4FTv02hB3jHvFugPC,CONTAINS
2E5h_Z5On2oB9WnlvUr_AF,15_bC4FTv02hB3jHvFugPR,CONTAINS
2E5h_Z5On2oB9WnlvUr_AF,15_bC4FTv02hB3jHvFugOz,CONTAINS
2E5h_Z5On2oB9WnlvUr_AF,15_bC4FTv02hB3jHvFugP7,CONTAINS
2E5h_Z5On2oB9WnlvUr_AF,15_bC4FTv02hB3jHvFugOu,CONTAINS
2E5h_Z5On2oB9WnlvUr_AF,15_bC4FTv02hB3jHvFugPA,CONTAINS
2E5h_Z5On2oB9WnlvUr_AF,15_bC4FTv02hB3jHvFugOs,CONTAINS
2E5h_Z5On2oB9WnlvUr_AF,15_bC4FTv02hB3jHvFugOV,CONTAINS
2E5h_Z5On2oB9WnlvUr_AF,15_bC4FTv02hB3jHvFugO0,CONTAINS
2E5h_Z5On2oB9WnlvUr_AF,15_bC4FTv02hB3jHvFugPI,CONTAINS
2E5h_Z5On2oB9WnlvUr_AF,15_bC4FTv02hB3jHvFugPV,CONTAINS
2E5h_Z5On2oB9WnlvUr_AF,15_bC4FTv02hB3jHvFugOg,CONTAINS
2E5h_Z5On2oB9WnlvUr_AF,15_bC4FTv02hB3jHvFugOb,CONTAINS
2E5h_Z5On2oB9WnlvUr_AF,15_bC4FTv02hB3jHvFugOZ,CONTAINS
2E5h_Z5On2oB9WnlvUr_AF,15_bC4FTv02hB3jHvFugOc,CONTAINS
2E5h_Z5On2oB9WnlvUr_AF,15_bC4FTv02hB3jHvFugOl,CONTAINS
2E5h_Z5On2oB9WnlvUr_AF,15_bC4FTv02hB3jHvFugOM,CONTAINS
2E5h_Z5On2oB9WnlvUr_AF,15_bC4FTv02hB3jHvFugOJ,CONTAINS
2E5h_Z5On2oB9WnlvUr_AF,15_bC4FTv02hB3jHvFugOR,CONTAINS
2E5h_Z5On2oB9WnlvUr_AF,15_bC4FTv02hB3jHvFugO4,CONTAINS
2E5h_Z5On2oB9WnlvUr_AF,15_bC4FTv02hB3jHvFugRt,CONTAINS
2E5h_Z5On2oB9WnlvUr_AF,15_bC4FTv02hB3jHvFugR$,CONTAINS
2E5h_Z5On2oB9WnlvUr_AF,15_bC4FTv02hB3jHvFugRw,CONTAINS
2E5h_Z5On2oB9WnlvUr_A0,15_bC4FTv02hB3jHvFugVo,CONTAINS
2E5h_Z5On2oB9WnlvUr_AF,2hT8sgFfHFBheatKFHir4U,CONTAINS
2E5h_Z5On2oB9WnlvUr_AF,2hT8sgFfHFBheatKFHir4Z,CONTAINS
2E5h_Z5On2oB9WnlvUr_AF,2hT8sgFfHFBheatKFHir4a,CONTAINS
2E5h_Z5On2oB9WnlvUr_AF,2hT8sgFfHFBheatKFHir38,CONTAINS
2E5h_Z5On2oB9WnlvUr_AF,2hT8sgFfHFBheatKFHir6m,CONTAINS
2E5h_Z5On2oB9WnlvUr_AE,3O7$BbRdXBuRNcWUnL4zlS,CONTAINS
2E5h_Z5On2oB9WnlvUr_AE,3O7$BbRdXBuRNcWUnL4zeT,CONTAINS
2E5h_Z5On2oB9WnlvUr_AE,3O7$BbRdXBuRNcWUnL4zeb,CONTAINS
2E5h_Z5On2oB9WnlvUr_AE,3O7$BbRdXBuRNcWUnL4zgm,CONTAINS
2E5h_Z5On2oB9WnlvUr_AE,3O7$BbRdXBuRNcWUnL4zkD,CONTAINS
2E5h_Z5On2oB9WnlvUr_AE,3O7$BbRdXBuRNcWUnL4zg_,CONTAINS
2E5h_Z5On2oB9WnlvUr_AE,1amVGiypb5Pg_9R_8MyWwO,CONTAINS
2E5h_Z5On2oB9WnlvUr_AE,1amVGiypb5Pg_9R_8MyWso,CONTAINS
2E5h_Z5On2oB9WnlvUr_AE,3O7$BbRdXBuRNcWUnL4zWK,CONTAINS
2E5h_Z5On2oB9WnlvUr_AE,3O7$BbRdXBuRNcWUnL4zXb,CONTAINS
2E5h_Z5On2oB9WnlvUr_AE,1amVGiypb5Pg_9R_8MyWwA,CONTAINS
2E5h_Z5On2oB9WnlvUr_AE,1amVGiypb5Pg_9R_8MyW__,CONTAINS
2E5h_Z5On2oB9WnlvUr_AE,3oeN9Bwb51dgOyZTf61Oht,CONTAINS
2E5h_Z5On2oB9WnlvUr_AE,050FH9PQfCCAMrkmRs2U3t,CONTAINS
2E5h_Z5On2oB9WnlvUr_AE,050FH9PQfCCAMrkmRs2UES,CONTAINS
2E5h_Z5On2oB9WnlvUr_AE,050FH9PQfCCAMrkmRs2U8f,CONTAINS
2E5h_Z5On2oB9WnlvUr_AE,050FH9PQfCCAMrkmRs2U8h,CONTAINS
2E5h_Z5On2oB9WnlvUr_AE,050FH9PQfCCAMrkmRs2UEf,CONTAINS
2E5h_Z5On2oB9WnlvUr_AE,050FH9PQfCCAMrkmRs2U8v,CONTAINS
2E5h_Z5On2oB9WnlvUr_AE,050FH9PQfCCAMrkmRs2U8w,CONTAINS
2E5h_Z5On2oB9WnlvUr_AE,24aRr2wu9459apKiupzhBt,CONTAINS
2E5h_Z5On2oB9WnlvUr_AE,24aRr2wu9459apKiupzhNU,CONTAINS
2E5h_Z5On2oB9WnlvUr_AE,1Puh2xZRbCNfcdDRoaCY$6,CONTAINS
2E5h_Z5On2oB9WnlvUr_AE,1Puh2xZRbCNfcdDRoaCYph,CONTAINS
2E5h_Z5On2oB9WnlvUr_AE,1Puh2xZRbCNfcdDRoaCY$a,CONTAINS
2E5h_Z5On2oB9WnlvUr_AE,1Puh2xZRbCNfcdDRoaCYys,CONTAINS
2E5h_Z5On2oB9WnlvUr_AE,27fPfKdjv6$RlYzyDV4UAC,CONTAINS
2E5h_Z5On2oB9WnlvUr_AE,27fPfKdjv6$RlYzyDV4U9l,CONTAINS
2E5h_Z5On2oB9WnlvUr_AE,27fPfKdjv6$RlYzyDV4UAJ,CONTAINS
2E5h_Z5On2oB9WnlvUr_AE,27fPfKdjv6$RlYzyDV4UA6,CONTAINS
2E5h_Z5On2oB9WnlvUr_AE,27fPfKdjv6$RlYzyDV4Uqc,CONTAINS
2E5h_Z5On2oB9WnlvUr_AE,27fPfKdjv6$RlYzyDV4Ur9,CONTAINS
2E5h_Z5On2oB9WnlvUr_AE,27fPfKdjv6$RlYzyDV4Ur2,CONTAINS
2E5h_Z5On2oB9WnlvUr_AE,27fPfKdjv6$RlYzyDV4Ury,CONTAINS
2E5h_Z5On2oB9WnlvUr_AE,27fPfKdjv6$RlYzyDV4UnI,CONTAINS
2E5h_Z5On2oB9WnlvUr_AE,27fPfKdjv6$RlYzyDV4Um5,CONTAINS
2E5h_Z5On2oB9WnlvUr_AE,27fPfKdjv6$RlYzyDV4UpE,CONTAINS
2E5h_Z5On2oB9WnlvUr_AE,24aRr2wu9459apKiupzh6k,CONTAINS
2E5h_Z5On2oB9WnlvUr_AE,0oA8x04_5FRvbxWuRvkmTT,CONTAINS
2E5h_Z5On2oB9WnlvUr_AE,0oA8x04_5FRvbxWuRvkmGN,CONTAINS
2E5h_Z5On2oB9WnlvUr_AE,0oA8x04_5FRvbxWuRvkmVu,CONTAINS
2E5h_Z5On2oB9WnlvUr_AE,24aRr2wu9459apKiupzh7I,CONTAINS
2E5h_Z5On2oB9WnlvUr_AE,24aRr2wu9459apKiupzh6t,CONTAINS
2E5h_Z5On2oB9WnlvUr_AE,0oA8x04_5FRvbxWuRvkmVk,CONTAINS
2E5h_Z5On2oB9WnlvUr_AE,15_bC4FTv02hB3jHvFujKn,CONTAINS
2E5h_Z5On2oB9WnlvUr_AE,15_bC4FTv02hB3jHvFujKm,CONTAINS
2E5h_Z5On2oB9WnlvUr_A1,15_bC4FTv02hB3jHvFujQP,CONTAINS
2E5h_Z5On2oB9WnlvUr_A1,15_bC4FTv02hB3jHvFujQO,CONTAINS
2E5h_Z5On2oB9WnlvUr_A1,15_bC4FTv02hB3jHvFujQ1,CONTAINS
2E5h_Z5On2oB9WnlvUr_A1,15_bC4FTv02hB3jHvFujQ0,CONTAINS
2E5h_Z5On2oB9WnlvUr_A3,15_bC4FTv02hB3jHvFujON,CONTAINS
2E5h_Z5On2oB9WnlvUr_A3,15_bC4FTv02hB3jHvFujOJ,CONTAINS
2E5h_Z5On2oB9WnlvUr_A0,15_bC4FTv02hB3jHvFujRF,CONTAINS
2E5h_Z5On2oB9WnlvUr_A0,15_bC4FTv02hB3jHvFujR1,CONTAINS
2E5h_Z5On2oB9WnlvUr_A3,15_bC4FTv02hB3jHvFujRp,CONTAINS
2E5h_Z5On2oB9WnlvUr_A0,15_bC4FTv02hB3jHvFujR8,CONTAINS
2E5h_Z5On2oB9WnlvUr_A0,15_bC4FTv02hB3jHvFujRE,CONTAINS
2E5h_Z5On2oB9WnlvUr_A3,15_bC4FTv02hB3jHvFuj94,CONTAINS
2E5h_Z5On2oB9WnlvUr_A3,15_bC4FTv02hB3jHvFuj8r,CONTAINS
2E5h_Z5On2oB9WnlvUr_A3,15_bC4FTv02hB3jHvFuj8q,CONTAINS
2E5h_Z5On2oB9WnlvUr_A3,15_bC4FTv02hB3jHvFuj9w,CONTAINS
2E5h_Z5On2oB9WnlvUr_A3,15_bC4FTv02hB3jHvFuj8n,CONTAINS
2E5h_Z5On2oB9WnlvUr_A3,15_bC4FTv02hB3jHvFujEB,CONTAINS
2E5h_Z5On2oB9WnlvUr_A3,15_bC4FTv02hB3jHvFujER,CONTAINS
2E5h_Z5On2oB9WnlvUr_A3,15_bC4FTv02hB3jHvFuj9p,CONTAINS
2E5h_Z5On2oB9WnlvUr_A3,15_bC4FTv02hB3jHvFujEJ,CONTAINS
2E5h_Z5On2oB9WnlvUr_A3,15_bC4FTv02hB3jHvFujEC,CONTAINS
2E5h_Z5On2oB9WnlvUr_A3,15_bC4FTv02hB3jHvFujFE,CONTAINS
2E5h_Z5On2oB9WnlvUr_A3,08ePT1yFjFXQcaPlu8uLE9,CONTAINS
2E5h_Z5On2oB9WnlvUr_AF,3c5kIbJWvFHfmjjxycuPFY,CONTAINS
2E5h_Z5On2oB9WnlvUr_AF,3c5kIbJWvFHfmjjxycuPF8,CONTAINS
2E5h_Z5On2oB9WnlvUr_A3,1MmCgwA9rEWvlG9U_Pe2m7,CONTAINS
2E5h_Z5On2oB9WnlvUr_A3,1MmCgwA9rEWvlG9U_Pe2eM,CONTAINS
2E5h_Z5On2oB9WnlvUr_A3,0cDz47LzvB1fqD394bxR$z,CONTAINS
2E5h_Z5On2oB9WnlvUr_A3,1MmCgwA9rEWvlG9U_Pe2gs,CONTAINS
2E5h_Z5On2oB9WnlvUr_A3,1MmCgwA9rEWvlG9U_Pe2gz,CONTAINS
2E5h_Z5On2oB9WnlvUr_A3,3HnBiFlpv2OBpWtjY_ZmyT,CONTAINS
2E5h_Z5On2oB9WnlvUr_A3,3HnBiFlpv2OBpWtjY_ZmxR,CONTAINS
2E5h_Z5On2oB9WnlvUr_A3,3HnBiFlpv2OBpWtjY_Zmu6,CONTAINS
2E5h_Z5On2oB9WnlvUr_A3,3HnBiFlpv2OBpWtjY_Zmt_,CONTAINS
2E5h_Z5On2oB9WnlvUr_A3,1MmCgwA9rEWvlG9U_Pe2sd,CONTAINS
2E5h_Z5On2oB9WnlvUr_A3,1MmCgwA9rEWvlG9U_Pe2eF,CONTAINS
2E5h_Z5On2oB9WnlvUr_A3,3HnBiFlpv2OBpWtjY_Zmol,CONTAINS
2E5h_Z5On2oB9WnlvUr_A3,0cDz47LzvB1fqD394bxR4_,CONTAINS
2E5h_Z5On2oB9WnlvUr_A0,3HnBiFlpv2OBpWtjY_Zp1y,CONTAINS
2E5h_Z5On2oB9WnlvUr_A0,2fRikRNLP8FfM7tqkLqTG5,CONTAINS
2E5h_Z5On2oB9WnlvUr_A1,1_2duG3rDFWxBxbq5S57Nj,CONTAINS
2E5h_Z5On2oB9WnlvUr_A1,1_2duG3rDFWxBxbq5S57Iu,CONTAINS
2E5h_Z5On2oB9WnlvUr_AE,3UdpZp1MXABu_zKrM37GUw,CONTAINS
2E5h_Z5On2oB9WnlvUr_A0,3UdpZp1MXABu_zKrM37GT5,CONTAINS
2E5h_Z5On2oB9WnlvUr_A3,3UdpZp1MXABu_zKrM37GUl,CONTAINS
2E5h_Z5On2oB9WnlvUr_AF,3UdpZp1MXABu_zKrM37GUm,CONTAINS
2E5h_Z5On2oB9WnlvUr_A1,3UdpZp1MXABu_zKrM37G7Z,CONTAINS
2E5h_Z5On2oB9WnlvUr_AF,3UdpZp1MXABu_zKrM37G5G,CONTAINS
2E5h_Z5On2oB9WnlvUr_A3,1MmCgwA9rEWvlG9U_Pe2rd,CONTAINS
2E5h_Z5On2oB9WnlvUr_A3,1MmCgwA9rEWvlG9U_Pe2pW,CONTAINS
2E5h_Z5On2oB9WnlvUr_AE,2T0BXODeD7T9sDIfvtqWNb,CONTAINS
2E5h_Z5On2oB9WnlvUr_AE,2T0BXODeD7T9sDIfvtqWNZ,CONTAINS
2E5h_Z5On2oB9WnlvUr_A1,3cCwrDEij5YOd25Oe7FZxb,CONTAINS
2E5h_Z5On2oB9WnlvUr_A1,3cCwrDEij5YOd25Oe7FZ_Y,CONTAINS
2E5h_Z5On2oB9WnlvUr_AE,2T0BXODeD7T9sDIfvtqWHS,CONTAINS
2E5h_Z5On2oB9WnlvUr_AF,3bG$cmW1HBSB7d9ASSyfhH,CONTAINS
2E5h_Z5On2oB9WnlvUr_AE,2T0BXODeD7T9sDIfvtqWJr,CONTAINS
2E5h_Z5On2oB9WnlvUr_A1,08rRN703rE9fNkbr7W7A7f,CONTAINS
2E5h_Z5On2oB9WnlvUr_A1,08rRN703rE9fNkbr7W7A7G,CONTAINS
2E5h_Z5On2oB9WnlvUr_AF,3AQD$Ab1D3txzhbriFqGCN,CONTAINS
2E5h_Z5On2oB9WnlvUr_AF,3AQD$Ab1D3txzhbriFqGBZ,CONTAINS
2E5h_Z5On2oB9WnlvUr_AE,2T0BXODeD7T9sDIfvtqWN9,CONTAINS
2E5h_Z5On2oB9WnlvUr_AE,2T0BXODeD7T9sDIfvtqWN6,CONTAINS
2E5h_Z5On2oB9WnlvUr_AE,3h_ewbhJL89AACz$pvgSX3,CONTAINS
2E5h_Z5On2oB9WnlvUr_AE,3h_ewbhJL89AACz$pvgSXM,CONTAINS
2E5h_Z5On2oB9WnlvUr_AE,3h_ewbhJL89AACz$pvgSiS,CONTAINS
2E5h_Z5On2oB9WnlvUr_AE,3h_ewbhJL89AACz$pvgSXC,CONTAINS
2E5h_Z5On2oB9WnlvUr_AE,3h_ewbhJL89AACz$pvgSdm,CONTAINS
2E5h_Z5On2oB9WnlvUr_AE,3h_ewbhJL89AACz$pvgSeK,CONTAINS
2E5h_Z5On2oB9WnlvUr_AE,0oA8x04_5FRvbxWuRvkm0W,CONTAINS
2E5h_Z5On2oB9WnlvUr_AE,0oA8x04_5FRvbxWuRvkmEX,CONTAINS
2E5h_Z5On2oB9WnlvUr_AE,0oA8x04_5FRvbxWuRvkmBc,CONTAINS
2E5h_Z5On2oB9WnlvUr_AE,0oA8x04_5FRvbxWuRvkmFN,CONTAINS
2E5h_Z5On2oB9WnlvUr_AE,0oA8x04_5FRvbxWuRvkm83,CONTAINS
2E5h_Z5On2oB9WnlvUr_AE,0oA8x04_5FRvbxWuRvkmGS,CONTAINS
2E5h_Z5On2oB9WnlvUr_AE,0oA8x04_5FRvbxWuRvkm8_,CONTAINS
2E5h_Z5On2oB9WnlvUr_AE,0oA8x04_5FRvbxWuRvkm89,CONTAINS
2E5h_Z5On2oB9WnlvUr_AE,0oA8x04_5FRvbxWuRvkmFk,CONTAINS
2E5h_Z5On2oB9WnlvUr_AE,0oA8x04_5FRvbxWuRvkmFq,CONTAINS
2E5h_Z5On2oB9WnlvUr_AE,0oA8x04_5FRvbxWuRvkmGe,CONTAINS
2E5h_Z5On2oB9WnlvUr_AE,0oA8x04_5FRvbxWuRvkm8d,CONTAINS
2E5h_Z5On2oB9WnlvUr_AE,0oA8x04_5FRvbxWuRvkm8i,CONTAINS
2E5h_Z5On2oB9WnlvUr_AE,3h_ewbhJL89AACz$pvg3HX,CONTAINS
2E5h_Z5On2oB9WnlvUr_AE,3h_ewbhJL89AACz$pvg3L_,CONTAINS
2E5h_Z5On2oB9WnlvUr_A1,2JUEy_kdD4oQO3YpOApP5h,CONTAINS
2E5h_Z5On2oB9WnlvUr_A1,2JUEy_kdD4oQO3YpOApP4L,CONTAINS
2E5h_Z5On2oB9WnlvUr_A1,2JUEy_kdD4oQO3YpOApP4S,CONTAINS
2E5h_Z5On2oB9WnlvUr_A1,2JUEy_kdD4oQO3YpOApP4E,CONTAINS
2E5h_Z5On2oB9WnlvUr_A1,2JUEy_kdD4oQO3YpOApP4v,CONTAINS
2E5h_Z5On2oB9WnlvUr_A1,2JUEy_kdD4oQO3YpOApP8f,CONTAINS
2E5h_Z5On2oB9WnlvUr_A1,0iOS7aoA9DMgZUDdw7IdHv,CONTAINS
2E5h_Z5On2oB9WnlvUr_A1,2JUEy_kdD4oQO3YpOApP5o,CONTAINS
2E5h_Z5On2oB9WnlvUr_A1,2JUEy_kdD4oQO3YpOApP97,CONTAINS
2E5h_Z5On2oB9WnlvUr_A1,2JUEy_kdD4oQO3YpOApP9Y,CONTAINS
2E5h_Z5On2oB9WnlvUr_A1,2JUEy_kdD4oQO3YpOApP8C,CONTAINS
2E5h_Z5On2oB9WnlvUr_A1,2JUEy_kdD4oQO3YpOApP47,CONTAINS
2E5h_Z5On2oB9WnlvUr_A1,2JUEy_kdD4oQO3YpOApP8R,CONTAINS
2E5h_Z5On2oB9WnlvUr_A1,2gpnGySj9B4BCIjk6J_P$D,CONTAINS
2E5h_Z5On2oB9WnlvUr_A1,2gpnGySj9B4BCIjk6J_Pwo,CONTAINS
2E5h_Z5On2oB9WnlvUr_A1,2gpnGySj9B4BCIjk6J_P$J,CONTAINS
2E5h_Z5On2oB9WnlvUr_A1,2gpnGySj9B4BCIjk6J_PwY,CONTAINS
2E5h_Z5On2oB9WnlvUr_A1,2gpnGySj9B4BCIjk6J_PDP,CONTAINS
2E5h_Z5On2oB9WnlvUr_A1,2gpnGySj9B4BCIjk6J_PxS,CONTAINS
2E5h_Z5On2oB9WnlvUr_A1,0iOS7aoA9DMgZUDdw7Icae,CONTAINS
2E5h_Z5On2oB9WnlvUr_A1,0iOS7aoA9DMgZUDdw7IcaX,CONTAINS
2E5h_Z5On2oB9WnlvUr_A1,0iOS7aoA9DMgZUDdw7Icg7,CONTAINS
2E5h_Z5On2oB9WnlvUr_A1,0iOS7aoA9DMgZUDdw7IchP,CONTAINS
2E5h_Z5On2oB9WnlvUr_A1,0iOS7aoA9DMgZUDdw7Ich1,CONTAINS
2E5h_Z5On2oB9WnlvUr_A1,0iOS7aoA9DMgZUDdw7IcaU,CONTAINS
2E5h_Z5On2oB9WnlvUr_A1,0iOS7aoA9DMgZUDdw7Icdc,CONTAINS
2E5h_Z5On2oB9WnlvUr_A1,0iOS7aoA9DMgZUDdw7IcfH,CONTAINS
2E5h_Z5On2oB9WnlvUr_A1,0iOS7aoA9DMgZUDdw7Icil,CONTAINS
2E5h_Z5On2oB9WnlvUr_AE,3h_ewbhJL89AACz$pvgS_f,CONTAINS
2E5h_Z5On2oB9WnlvUr_A1,0iOS7aoA9DMgZUDdw7IclE,CONTAINS
2E5h_Z5On2oB9WnlvUr_A1,0iOS7aoA9DMgZUDdw7Icmx,CONTAINS
2E5h_Z5On2oB9WnlvUr_A1,0iOS7aoA9DMgZUDdw7Icmr,CONTAINS
2E5h_Z5On2oB9WnlvUr_A1,0iOS7aoA9DMgZUDdw7Icll,CONTAINS
2E5h_Z5On2oB9WnlvUr_A1,2gpnGySj9B4BCIjk6J_Ppu,CONTAINS
2E5h_Z5On2oB9WnlvUr_A1,2gpnGySj9B4BCIjk6J_PpC,CONTAINS
2E5h_Z5On2oB9WnlvUr_A1,2gpnGySj9B4BCIjk6J_P_u,CONTAINS
2E5h_Z5On2oB9WnlvUr_A1,2gpnGySj9B4BCIjk6J_Po_,CONTAINS
2E5h_Z5On2oB9WnlvUr_A1,2gpnGySj9B4BCIjk6J_PnT,CONTAINS
2E5h_Z5On2oB9WnlvUr_A1,2gpnGySj9B4BCIjk6J_Pod,CONTAINS
2E5h_Z5On2oB9WnlvUr_A1,2gpnGySj9B4BCIjk6J_Pts,CONTAINS
2E5h_Z5On2oB9WnlvUr_A1,2gpnGySj9B4BCIjk6J_Pmg,CONTAINS
2E5h_Z5On2oB9WnlvUr_A1,2gpnGySj9B4BCIjk6J_PmZ,CONTAINS
2E5h_Z5On2oB9WnlvUr_A1,2gpnGySj9B4BCIjk6J_PrX,CONTAINS
2E5h_Z5On2oB9WnlvUr_A1,2gpnGySj9B4BCIjk6J_Pr6,CONTAINS
2E5h_Z5On2oB9WnlvUr_A1,2gpnGySj9B4BCIjk6J_PsK,CONTAINS
2E5h_Z5On2oB9WnlvUr_A1,2gpnGySj9B4BCIjk6J_PsQ,CONTAINS
2E5h_Z5On2oB9WnlvUr_AF,3tOSI7L519ohx8L7ABrX4$,CONTAINS
2E5h_Z5On2oB9WnlvUr_AE,0Soc2wy8X2_h2HL1amhcfh,CONTAINS
2E5h_Z5On2oB9WnlvUr_AE,0Soc2wy8X2_h2HL1amhcXl,CONTAINS
2E5h_Z5On2oB9WnlvUr_AE,0Soc2wy8X2_h2HL1amhcYT,CONTAINS
2E5h_Z5On2oB9WnlvUr_AE,0Soc2wy8X2_h2HL1amhcjx,CONTAINS
2E5h_Z5On2oB9WnlvUr_AE,0Soc2wy8X2_h2HL1amhcYM,CONTAINS
2E5h_Z5On2oB9WnlvUr_AE,0Soc2wy8X2_h2HL1amhcT9,CONTAINS
2E5h_Z5On2oB9WnlvUr_A1,0Soc2wy8X2_h2HL1amhc_a,CONTAINS
2E5h_Z5On2oB9WnlvUr_AE,0Soc2wy8X2_h2HL1amhcsD,CONTAINS
2E5h_Z5On2oB9WnlvUr_AF,0Soc2wy8X2_h2HL1amhczt,CONTAINS
2E5h_Z5On2oB9WnlvUr_AE,0Soc2wy8X2_h2HL1amhcT3,CONTAINS
2E5h_Z5On2oB9WnlvUr_AE,0Soc2wy8X2_h2HL1amhcOy,CONTAINS
2E5h_Z5On2oB9WnlvUr_AE,0Soc2wy8X2_h2HL1amhcTL,CONTAINS
2E5h_Z5On2oB9WnlvUr_AF,1fbzFl0vbFgOIR4BLdBQrD,CONTAINS
2E5h_Z5On2oB9WnlvUr_AC,0px41cyDH9qwUTeTwee9wm,CONTAINS
2E5h_Z5On2oB9WnlvUr_AC,0px41cyDH9qwUTeTwee91G,CONTAINS
2E5h_Z5On2oB9WnlvUr_A1,2JUEy_kdD4oQO3YpOApP2L,CONTAINS
2E5h_Z5On2oB9WnlvUr_A0,0gCbTqKBn5BRyj$v0v6zBN,CONTAINS
2E5h_Z5On2oB9WnlvUr_AE,2JUEy_kdD4oQO3YpOApPxm,CONTAINS
2E5h_Z5On2oB9WnlvUr_AF,1fbzFl0vbFgOIR4BLdBQtM,CONTAINS
2E5h_Z5On2oB9WnlvUr_AF,1fbzFl0vbFgOIR4BLdBQmd,CONTAINS
2E5h_Z5On2oB9WnlvUr_AF,1fbzFl0vbFgOIR4BLdBQt7,CONTAINS
2E5h_Z5On2oB9WnlvUr_AE,0yDC$tT11DX9QQmS5ego8D,CONTAINS
2E5h_Z5On2oB9WnlvUr_AF,0yDC$tT11DX9QQmS5egoG0,CONTAINS
2E5h_Z5On2oB9WnlvUr_A3,0yDC$tT11DX9QQmS5egpxI,CONTAINS
2E5h_Z5On2oB9WnlvUr_A0,0yDC$tT11DX9QQmS5ego4u,CONTAINS
2E5h_Z5On2oB9WnlvUr_A1,0yDC$tT11DX9QQmS5egoEz,CONTAINS
2E5h_Z5On2oB9WnlvUr_AF,0gCbTqKBn5BRyj$v0v6wc3,CONTAINS
2E5h_Z5On2oB9WnlvUr_A3,0gCbTqKBn5BRyj$v0v6wbZ,CONTAINS
2E5h_Z5On2oB9WnlvUr_A1,0gCbTqKBn5BRyj$v0v6wlu,CONTAINS
2E5h_Z5On2oB9WnlvUr_AE,0gCbTqKBn5BRyj$v0v6zM6,CONTAINS
2E5h_Z5On2oB9WnlvUr_A0,0gCbTqKBn5BRyj$v0v6zQe,CONTAINS
2E5h_Z5On2oB9WnlvUr_A1,0gCbTqKBn5BRyj$v0v6zUz,CONTAINS
2E5h_Z5On2oB9WnlvUr_AF,0gCbTqKBn5BRyj$v0v6zGi,CONTAINS
2E5h_Z5On2oB9WnlvUr_A3,0gCbTqKBn5BRyj$v0v6zL5,CONTAINS
2E5h_Z5On2oB9WnlvUr_A1,0gCbTqKBn5BRyj$v0v6wgS,CONTAINS
2E5h_Z5On2oB9WnlvUr_A1,0iOS7aoA9DMgZUDdw7IdSc,CONTAINS
2E5h_Z5On2oB9WnlvUr_A1,0iOS7aoA9DMgZUDdw7IdQW,CONTAINS
2E5h_Z5On2oB9WnlvUr_A1,0iOS7aoA9DMgZUDdw7IdO3,CONTAINS
2E5h_Z5On2oB9WnlvUr_A1,0iOS7aoA9DMgZUDdw7IdOT,CONTAINS
2E5h_Z5On2oB9WnlvUr_A1,0iOS7aoA9DMgZUDdw7IdLY,CONTAINS
2E5h_Z5On2oB9WnlvUr_A1,0iOS7aoA9DMgZUDdw7IdSj,CONTAINS
2E5h_Z5On2oB9WnlvUr_A1,0iOS7aoA9DMgZUDdw7IcWn,CONTAINS
2E5h_Z5On2oB9WnlvUr_A1,0iOS7aoA9DMgZUDdw7IdVP,CONTAINS
2E5h_Z5On2oB9WnlvUr_A1,0iOS7aoA9DMgZUDdw7IdOl,CONTAINS
2E5h_Z5On2oB9WnlvUr_A1,0iOS7aoA9DMgZUDdw7IcWd,CONTAINS
2E5h_Z5On2oB9WnlvUr_A1,2JUEy_kdD4oQO3YpOApP8t,CONTAINS
2E5h_Z5On2oB9WnlvUr_A1,2JUEy_kdD4oQO3YpOApP8_,CONTAINS
2E5h_Z5On2oB9WnlvUr_A1,0iOS7aoA9DMgZUDdw7IdNu,CONTAINS
2E5h_Z5On2oB9WnlvUr_A1,0iOS7aoA9DMgZUDdw7IdKR,CONTAINS
2E5h_Z5On2oB9WnlvUr_A1,2JUEy_kdD4oQO3YpOApP85,CONTAINS
2E5h_Z5On2oB9WnlvUr_A1,0iOS7aoA9DMgZUDdw7IdLy,CONTAINS
2E5h_Z5On2oB9WnlvUr_A1,0iOS7aoA9DMgZUDdw7IdN1,CONTAINS
2E5h_Z5On2oB9WnlvUr_A1,0iOS7aoA9DMgZUDdw7IdLr,CONTAINS
2E5h_Z5On2oB9WnlvUr_A1,0iOS7aoA9DMgZUDdw7IdN8,CONTAINS
2E5h_Z5On2oB9WnlvUr_A1,0iOS7aoA9DMgZUDdw7IdSJ,CONTAINS
2E5h_Z5On2oB9WnlvUr_A1,0iOS7aoA9DMgZUDdw7IdTF,CONTAINS
2E5h_Z5On2oB9WnlvUr_A1,0iOS7aoA9DMgZUDdw7IdVv,CONTAINS
2E5h_Z5On2oB9WnlvUr_A1,0iOS7aoA9DMgZUDdw7IdVW,CONTAINS
2E5h_Z5On2oB9WnlvUr_A1,0iOS7aoA9DMgZUDdw7IcXU,CONTAINS
2E5h_Z5On2oB9WnlvUr_A1,15_bC4FTv02hB3jHvFujvz,CONTAINS
2E5h_Z5On2oB9WnlvUr_A1,15_bC4FTv02hB3jHvFujv_,CONTAINS
2E5h_Z5On2oB9WnlvUr_A1,15_bC4FTv02hB3jHvFujvy,CONTAINS
2E5h_Z5On2oB9WnlvUr_A1,15_bC4FTv02hB3jHvFujvb,CONTAINS
2E5h_Z5On2oB9WnlvUr_AE,15_bC4FTv02hB3jHvFujjW,CONTAINS
2E5h_Z5On2oB9WnlvUr_AE,15_bC4FTv02hB3jHvFujjZ,CONTAINS
2E5h_Z5On2oB9WnlvUr_AE,15_bC4FTv02hB3jHvFujjo,CONTAINS
2E5h_Z5On2oB9WnlvUr_AE,15_bC4FTv02hB3jHvFujjn,CONTAINS
2E5h_Z5On2oB9WnlvUr_AE,15_bC4FTv02hB3jHvFujoN,CONTAINS
2E5h_Z5On2oB9WnlvUr_AE,15_bC4FTv02hB3jHvFujoM,CONTAINS
2E5h_Z5On2oB9WnlvUr_AE,15_bC4FTv02hB3jHvFujol,CONTAINS
2E5h_Z5On2oB9WnlvUr_AE,15_bC4FTv02hB3jHvFujoi,CONTAINS
2E5h_Z5On2oB9WnlvUr_AE,15_bC4FTv02hB3jHvFujp2,CONTAINS
2E5h_Z5On2oB9WnlvUr_AE,15_bC4FTv02hB3jHvFujp3,CONTAINS
2E5h_Z5On2oB9WnlvUr_AE,15_bC4FTv02hB3jHvFujs4,CONTAINS
2E5h_Z5On2oB9WnlvUr_AE,15_bC4FTv02hB3jHvFujs5,CONTAINS
2E5h_Z5On2oB9WnlvUr_AE,15_bC4FTv02hB3jHvFujma,CONTAINS
2E5h_Z5On2oB9WnlvUr_AE,15_bC4FTv02hB3jHvFujmh,CONTAINS
2E5h_Z5On2oB9WnlvUr_AE,15_bC4FTv02hB3jHvFujmg,CONTAINS
2E5h_Z5On2oB9WnlvUr_A1,15_bC4FTv02hB3jHvFujyL,CONTAINS
2E5h_Z5On2oB9WnlvUr_AE,15_bC4FTv02hB3jHvFujmU,CONTAINS
2E5h_Z5On2oB9WnlvUr_AE,15_bC4FTv02hB3jHvFujmV,CONTAINS
2E5h_Z5On2oB9WnlvUr_AE,15_bC4FTv02hB3jHvFujq_,CONTAINS
2E5h_Z5On2oB9WnlvUr_A1,15_bC4FTv02hB3jHvFujv6,CONTAINS
2E5h_Z5On2oB9WnlvUr_A1,15_bC4FTv02hB3jHvFujuq,CONTAINS
2E5h_Z5On2oB9WnlvUr_A1,15_bC4FTv02hB3jHvFujvD,CONTAINS
2E5h_Z5On2oB9WnlvUr_A1,15_bC4FTv02hB3jHvFujvB,CONTAINS
2E5h_Z5On2oB9WnlvUr_AE,15_bC4FTv02hB3jHvFujiN,CONTAINS
2E5h_Z5On2oB9WnlvUr_AE,15_bC4FTv02hB3jHvFujj1,CONTAINS
2E5h_Z5On2oB9WnlvUr_AE,15_bC4FTv02hB3jHvFujj0,CONTAINS
2E5h_Z5On2oB9WnlvUr_AE,15_bC4FTv02hB3jHvFujj2,CONTAINS
2E5h_Z5On2oB9WnlvUr_AE,15_bC4FTv02hB3jHvFujj9,CONTAINS
2E5h_Z5On2oB9WnlvUr_A3,15_bC4FTv02hB3jHvFujbf,CONTAINS
2E5h_Z5On2oB9WnlvUr_A3,15_bC4FTv02hB3jHvFujgB,CONTAINS
2E5h_Z5On2oB9WnlvUr_A3,15_bC4FTv02hB3jHvFujbq,CONTAINS
2E5h_Z5On2oB9WnlvUr_A3,15_bC4FTv02hB3jHvFujbm,CONTAINS
2E5h_Z5On2oB9WnlvUr_A3,15_bC4FTv02hB3jHvFujbW,CONTAINS
2E5h_Z5On2oB9WnlvUr_A3,15_bC4FTv02hB3jHvFujbj,CONTAINS
2E5h_Z5On2oB9WnlvUr_A3,15_bC4FTv02hB3jHvFujgU,CONTAINS
2E5h_Z5On2oB9WnlvUr_A3,15_bC4FTv02hB3jHvFujgQ,CONTAINS
2E5h_Z5On2oB9WnlvUr_A3,15_bC4FTv02hB3jHvFujba,CONTAINS
2E5h_Z5On2oB9WnlvUr_A3,15_bC4FTv02hB3jHvFujbz,CONTAINS
2E5h_Z5On2oB9WnlvUr_A3,15_bC4FTv02hB3jHvFujg7,CONTAINS
2E5h_Z5On2oB9WnlvUr_A3,15_bC4FTv02hB3jHvFujge,CONTAINS
2E5h_Z5On2oB9WnlvUr_A3,15_bC4FTv02hB3jHvFujgD,CONTAINS
2E5h_Z5On2oB9WnlvUr_A3,15_bC4FTv02hB3jHvFujg3,CONTAINS
2E5h_Z5On2oB9WnlvUr_A3,15_bC4FTv02hB3jHvFujgE,CONTAINS
2E5h_Z5On2oB9WnlvUr_AE,15_bC4FTv02hB3jHvFujiS,CONTAINS
2E5h_Z5On2oB9WnlvUr_AE,15_bC4FTv02hB3jHvFuji5,CONTAINS
2E5h_Z5On2oB9WnlvUr_AE,15_bC4FTv02hB3jHvFuji6,CONTAINS
2E5h_Z5On2oB9WnlvUr_A3,15_bC4FTv02hB3jHvFujaZ,CONTAINS
2E5h_Z5On2oB9WnlvUr_A3,15_bC4FTv02hB3jHvFujap,CONTAINS
2E5h_Z5On2oB9WnlvUr_A3,15_bC4FTv02hB3jHvFujbH,CONTAINS
2E5h_Z5On2oB9WnlvUr_A3,15_bC4FTv02hB3jHvFujbI,CONTAINS
2E5h_Z5On2oB9WnlvUr_A3,15_bC4FTv02hB3jHvFujac,CONTAINS
2E5h_Z5On2oB9WnlvUr_A3,15_bC4FTv02hB3jHvFujb7,CONTAINS
2E5h_Z5On2oB9WnlvUr_A3,15_bC4FTv02hB3jHvFujbV,CONTAINS
2E5h_Z5On2oB9WnlvUr_A3,15_bC4FTv02hB3jHvFujbR,CONTAINS
2E5h_Z5On2oB9WnlvUr_A3,15_bC4FTv02hB3jHvFujb0,CONTAINS
2E5h_Z5On2oB9WnlvUr_A3,15_bC4FTv02hB3jHvFujgZ,CONTAINS
2E5h_Z5On2oB9WnlvUr_A3,15_bC4FTv02hB3jHvFujgJ,CONTAINS
2E5h_Z5On2oB9WnlvUr_A3,15_bC4FTv02hB3jHvFujgL,CONTAINS
2E5h_Z5On2oB9WnlvUr_A3,15_bC4FTv02hB3jHvFujgM,CONTAINS
2E5h_Z5On2oB9WnlvUr_A3,15_bC4FTv02hB3jHvFujaj,CONTAINS
2E5h_Z5On2oB9WnlvUr_A3,15_bC4FTv02hB3jHvFujaf,CONTAINS
2E5h_Z5On2oB9WnlvUr_A3,15_bC4FTv02hB3jHvFujas,CONTAINS
2E5h_Z5On2oB9WnlvUr_A3,15_bC4FTv02hB3jHvFujar,CONTAINS
2E5h_Z5On2oB9WnlvUr_A3,15_bC4FTv02hB3jHvFujb8,CONTAINS
2E5h_Z5On2oB9WnlvUr_A3,15_bC4FTv02hB3jHvFuja$,CONTAINS
2E5h_Z5On2oB9WnlvUr_AE,15_bC4FTv02hB3jHvFujp_,CONTAINS
2E5h_Z5On2oB9WnlvUr_AE,15_bC4FTv02hB3jHvFujp$,CONTAINS
2E5h_Z5On2oB9WnlvUr_A0,15_bC4FTv02hB3jHvFujfO,CONTAINS
2E5h_Z5On2oB9WnlvUr_A0,15_bC4FTv02hB3jHvFujfC,CONTAINS
2E5h_Z5On2oB9WnlvUr_A0,15_bC4FTv02hB3jHvFujf9,CONTAINS
2E5h_Z5On2oB9WnlvUr_A0,15_bC4FTv02hB3jHvFujf5,CONTAINS
2E5h_Z5On2oB9WnlvUr_A0,15_bC4FTv02hB3jHvFujf6,CONTAINS
2E5h_Z5On2oB9WnlvUr_A0,15_bC4FTv02hB3jHvFujfV,CONTAINS
2E5h_Z5On2oB9WnlvUr_A0,15_bC4FTv02hB3jHvFujf3,CONTAINS
2E5h_Z5On2oB9WnlvUr_A0,15_bC4FTv02hB3jHvFujfA,CONTAINS
2E5h_Z5On2oB9WnlvUr_A0,15_bC4FTv02hB3jHvFujet,CONTAINS
2E5h_Z5On2oB9WnlvUr_A0,15_bC4FTv02hB3jHvFujfh,CONTAINS
2E5h_Z5On2oB9WnlvUr_A0,15_bC4FTv02hB3jHvFujfH,CONTAINS
2E5h_Z5On2oB9WnlvUr_A0,15_bC4FTv02hB3jHvFujfK,CONTAINS
2E5h_Z5On2oB9WnlvUr_A0,15_bC4FTv02hB3jHvFujfI,CONTAINS
2E5h_Z5On2oB9WnlvUr_A3,15_bC4FTv02hB3jHvFujfW,CONTAINS
2E5h_Z5On2oB9WnlvUr_A0,15_bC4FTv02hB3jHvFujXx,CONTAINS
2E5h_Z5On2oB9WnlvUr_A3,15_bC4FTv02hB3jHvFuja4,CONTAINS
2E5h_Z5On2oB9WnlvUr_A3,15_bC4FTv02hB3jHvFujaS,CONTAINS
2E5h_Z5On2oB9WnlvUr_A0,15_bC4FTv02hB3jHvFujc8,CONTAINS
2E5h_Z5On2oB9WnlvUr_A0,15_bC4FTv02hB3jHvFujXj,CONTAINS
2E5h_Z5On2oB9WnlvUr_A0,15_bC4FTv02hB3jHvFujXY,CONTAINS
2E5h_Z5On2oB9WnlvUr_A3,15_bC4FTv02hB3jHvFuja6,CONTAINS
2E5h_Z5On2oB9WnlvUr_A3,15_bC4FTv02hB3jHvFuja7,CONTAINS
2E5h_Z5On2oB9WnlvUr_A3,15_bC4FTv02hB3jHvFuja1,CONTAINS
2E5h_Z5On2oB9WnlvUr_A3,15_bC4FTv02hB3jHvFuja2,CONTAINS
2E5h_Z5On2oB9WnlvUr_A3,15_bC4FTv02hB3jHvFuja8,CONTAINS
2E5h_Z5On2oB9WnlvUr_A3,15_bC4FTv02hB3jHvFuja9,CONTAINS
2E5h_Z5On2oB9WnlvUr_A3,15_bC4FTv02hB3jHvFujaK,CONTAINS
2E5h_Z5On2oB9WnlvUr_A3,15_bC4FTv02hB3jHvFujaJ,CONTAINS
2E5h_Z5On2oB9WnlvUr_A3,15_bC4FTv02hB3jHvFujaG,CONTAINS
2E5h_Z5On2oB9WnlvUr_A3,15_bC4FTv02hB3jHvFujaH,CONTAINS
2E5h_Z5On2oB9WnlvUr_A3,15_bC4FTv02hB3jHvFujh_,CONTAINS
2E5h_Z5On2oB9WnlvUr_A3,15_bC4FTv02hB3jHvFuje9,CONTAINS
2E5h_Z5On2oB9WnlvUr_A3,15_bC4FTv02hB3jHvFujeF,CONTAINS
2E5h_Z5On2oB9WnlvUr_A3,15_bC4FTv02hB3jHvFujeE,CONTAINS
2E5h_Z5On2oB9WnlvUr_A3,15_bC4FTv02hB3jHvFuje8,CONTAINS
2E5h_Z5On2oB9WnlvUr_A3,15_bC4FTv02hB3jHvFujhp,CONTAINS
2E5h_Z5On2oB9WnlvUr_A3,15_bC4FTv02hB3jHvFujhL,CONTAINS
2E5h_Z5On2oB9WnlvUr_A3,15_bC4FTv02hB3jHvFujhf,CONTAINS
2E5h_Z5On2oB9WnlvUr_A3,15_bC4FTv02hB3jHvFujeC,CONTAINS
2E5h_Z5On2oB9WnlvUr_A3,15_bC4FTv02hB3jHvFujeD,CONTAINS
2E5h_Z5On2oB9WnlvUr_A0,15_bC4FTv02hB3jHvFujXn,CONTAINS
2E5h_Z5On2oB9WnlvUr_A0,15_bC4FTv02hB3jHvFujcF,CONTAINS
2E5h_Z5On2oB9WnlvUr_A0,15_bC4FTv02hB3jHvFujXo,CONTAINS
2E5h_Z5On2oB9WnlvUr_A3,15_bC4FTv02hB3jHvFujed,CONTAINS
2E5h_Z5On2oB9WnlvUr_A3,15_bC4FTv02hB3jHvFujhM,CONTAINS
2E5h_Z5On2oB9WnlvUr_A0,15_bC4FTv02hB3jHvFujem,CONTAINS
2E5h_Z5On2oB9WnlvUr_A0,15_bC4FTv02hB3jHvFujYV,CONTAINS
2E5h_Z5On2oB9WnlvUr_A0,15_bC4FTv02hB3jHvFujZy,CONTAINS
2E5h_Z5On2oB9WnlvUr_A0,15_bC4FTv02hB3jHvFugTu,CONTAINS
2E5h_Z5On2oB9WnlvUr_A0,15_bC4FTv02hB3jHvFugTb,CONTAINS
2E5h_Z5On2oB9WnlvUr_A0,15_bC4FTv02hB3jHvFugTp,CONTAINS
2E5h_Z5On2oB9WnlvUr_A0,15_bC4FTv02hB3jHvFugT$,CONTAINS
2E5h_Z5On2oB9WnlvUr_A0,15_bC4FTv02hB3jHvFugTq,CONTAINS
2E5h_Z5On2oB9WnlvUr_A0,15_bC4FTv02hB3jHvFujWJ,CONTAINS
2E5h_Z5On2oB9WnlvUr_A0,15_bC4FTv02hB3jHvFujXU,CONTAINS
2E5h_Z5On2oB9WnlvUr_A0,15_bC4FTv02hB3jHvFujX4,CONTAINS
2E5h_Z5On2oB9WnlvUr_A0,15_bC4FTv02hB3jHvFujXR,CONTAINS
2E5h_Z5On2oB9WnlvUr_A0,15_bC4FTv02hB3jHvFujX0,CONTAINS
2E5h_Z5On2oB9WnlvUr_A0,15_bC4FTv02hB3jHvFujXA,CONTAINS
2E5h_Z5On2oB9WnlvUr_A0,15_bC4FTv02hB3jHvFujXB,CONTAINS
2E5h_Z5On2oB9WnlvUr_A0,15_bC4FTv02hB3jHvFujW5,CONTAINS
2E5h_Z5On2oB9WnlvUr_A0,15_bC4FTv02hB3jHvFujW6,CONTAINS
2E5h_Z5On2oB9WnlvUr_A0,15_bC4FTv02hB3jHvFujW3,CONTAINS
2E5h_Z5On2oB9WnlvUr_A0,15_bC4FTv02hB3jHvFujWC,CONTAINS
2E5h_Z5On2oB9WnlvUr_A0,15_bC4FTv02hB3jHvFujWV,CONTAINS
2E5h_Z5On2oB9WnlvUr_A1,15_bC4FTv02hB3jHvFuj2M,CONTAINS
2E5h_Z5On2oB9WnlvUr_A1,15_bC4FTv02hB3jHvFuj2N,CONTAINS
2E5h_Z5On2oB9WnlvUr_A1,15_bC4FTv02hB3jHvFuj2R,CONTAINS
2E5h_Z5On2oB9WnlvUr_A1,15_bC4FTv02hB3jHvFuj2O,CONTAINS
2E5h_Z5On2oB9WnlvUr_A1,15_bC4FTv02hB3jHvFuj2z,CONTAINS
2E5h_Z5On2oB9WnlvUr_A1,15_bC4FTv02hB3jHvFuj2u,CONTAINS
2E5h_Z5On2oB9WnlvUr_A1,15_bC4FTv02hB3jHvFujy7,CONTAINS
2E5h_Z5On2oB9WnlvUr_A1,15_bC4FTv02hB3jHvFujy6,CONTAINS
2E5h_Z5On2oB9WnlvUr_A1,15_bC4FTv02hB3jHvFuj09,CONTAINS
2E5h_Z5On2oB9WnlvUr_A1,15_bC4FTv02hB3jHvFuj0E,CONTAINS
2E5h_Z5On2oB9WnlvUr_A1,15_bC4FTv02hB3jHvFuj6X,CONTAINS
2E5h_Z5On2oB9WnlvUr_A1,15_bC4FTv02hB3jHvFujzx,CONTAINS
2E5h_Z5On2oB9WnlvUr_A1,15_bC4FTv02hB3jHvFujzu,CONTAINS
2E5h_Z5On2oB9WnlvUr_A1,15_bC4FTv02hB3jHvFujyH,CONTAINS
2E5h_Z5On2oB9WnlvUr_A1,15_bC4FTv02hB3jHvFujyM,CONTAINS
2E5h_Z5On2oB9WnlvUr_A1,15_bC4FTv02hB3jHvFujzD,CONTAINS
2E5h_Z5On2oB9WnlvUr_A1,15_bC4FTv02hB3jHvFujzC,CONTAINS
2E5h_Z5On2oB9WnlvUr_A1,15_bC4FTv02hB3jHvFujyi,CONTAINS
2E5h_Z5On2oB9WnlvUr_A1,15_bC4FTv02hB3jHvFujzk,CONTAINS
2E5h_Z5On2oB9WnlvUr_A1,15_bC4FTv02hB3jHvFujzh,CONTAINS
2E5h_Z5On2oB9WnlvUr_A1,15_bC4FTv02hB3jHvFujzf,CONTAINS
2E5h_Z5On2oB9WnlvUr_A1,15_bC4FTv02hB3jHvFujze,CONTAINS
2E5h_Z5On2oB9WnlvUr_A1,15_bC4FTv02hB3jHvFuj_U,CONTAINS
2E5h_Z5On2oB9WnlvUr_A1,15_bC4FTv02hB3jHvFuj_V,CONTAINS
2E5h_Z5On2oB9WnlvUr_A1,15_bC4FTv02hB3jHvFuj_f,CONTAINS
2E5h_Z5On2oB9WnlvUr_A1,15_bC4FTv02hB3jHvFuj_Z,CONTAINS
2E5h_Z5On2oB9WnlvUr_A1,15_bC4FTv02hB3jHvFuj_W,CONTAINS
2E5h_Z5On2oB9WnlvUr_A1,15_bC4FTv02hB3jHvFuj_v,CONTAINS
2E5h_Z5On2oB9WnlvUr_AF,2DSC6_nyb5U9VWiQfwhjzW,CONTAINS
2E5h_Z5On2oB9WnlvUr_AF,2DSC6_nyb5U9VWiQfwhjnk,CONTAINS
2E5h_Z5On2oB9WnlvUr_AE,30SJRiOAXBN9ujT9Suoljd,CONTAINS
2E5h_Z5On2oB9WnlvUr_AE,30SJRiOAXBN9ujT9SuolgS,CONTAINS
2E5h_Z5On2oB9WnlvUr_AE,0_6MQ5PlPCZQl97Kh6wiHp,CONTAINS
2E5h_Z5On2oB9WnlvUr_A1,0_6MQ5PlPCZQl97Kh6wiGF,CONTAINS
2E5h_Z5On2oB9WnlvUr_A1,0_6MQ5PlPCZQl97Kh6wiG9,CONTAINS
2E5h_Z5On2oB9WnlvUr_AE,0_6MQ5PlPCZQl97Kh6wiHz,CONTAINS
2E5h_Z5On2oB9WnlvUr_AF,0_6MQ5PlPCZQl97Kh6wi4t,CONTAINS
2E5h_Z5On2oB9WnlvUr_AF,0_6MQ5PlPCZQl97Kh6wi2T,CONTAINS
2E5h_Z5On2oB9WnlvUr_A0,1T6HyQJITEVOVzLGR8RTwv,CONTAINS
2E5h_Z5On2oB9WnlvUr_A0,1T6HyQJITEVOVzLGR8RTBr,CONTAINS
2E5h_Z5On2oB9WnlvUr_A0,1T6HyQJITEVOVzLGR8RTBa,CONTAINS
2E5h_Z5On2oB9WnlvUr_AF,2ts6f6HvrFXueAxyNuudNX,CONTAINS
2E5h_Z5On2oB9WnlvUr_AF,3fPabHtkb3Gv3lHyUuIzn_,CONTAINS
2E5h_Z5On2oB9WnlvUr_AF,3fPabHtkb3Gv3lHyUuIzn1,CONTAINS
2E5h_Z5On2oB9WnlvUr_A0,3fPabHtkb3Gv3lHyUuIznU,CONTAINS
2E5h_Z5On2oB9WnlvUr_A0,3fPabHtkb3Gv3lHyUuIzsX,CONTAINS
2E5h_Z5On2oB9WnlvUr_A1,3fPabHtkb3Gv3lHyUuIznH,CONTAINS
2E5h_Z5On2oB9WnlvUr_A3,1EUcViy417X9DZbTk1U$jH,CONTAINS
2E5h_Z5On2oB9WnlvUr_AE,3fPabHtkb3Gv3lHyUuIznn,CONTAINS
2E5h_Z5On2oB9WnlvUr_AC,3Lzi6UIVLC_R$SpDPF9CS$,CONTAINS
2E5h_Z5On2oB9WnlvUr_AC,3Lzi6UIVLC_R$SpDPF9C1X,CONTAINS
2E5h_Z5On2oB9WnlvUr_A1,3fPabHtkb3Gv3lHyUuIznE,CONTAINS
2E5h_Z5On2oB9WnlvUr_AE,3fPabHtkb3Gv3lHyUuIznk,CONTAINS
2E5h_Z5On2oB9WnlvUr_A3,3rnodj2yr3JuTU8YKxo2nC,CONTAINS
3AUumYUinBd97pv_Bis1$j,0MCqM0S$L8egJjKqeTD9BM,CONTAINS
3AUumYUinBd97pv_Bis1$j,0MCqM0S$L8egJjKqeTD9D9,CONTAINS
2R2L9FEwH7QvMjxPP6zbnl,0Uy$BAVdLEeh01KcpWhUn0,CONTAINS
1qdwbD_tP9FvUsO8b2txT8,1R0ngjevfEvASqiXgNqLrf,CONTAINS
20HMQI6NzFSgRAoTxPunNz,1R0ngjevfEvASqiXgNqLjp,CONTAINS
1V8vTPfTzB1OHvpx9KPlXL,1R0ngjevfEvASqiXgNqLep,CONTAINS
20HMQI6NzFSgRAoTxPunNz,1R0ngjevfEvASqiXgNqLjT,CONTAINS
1V8vTPfTzB1OHvpx9KPlXL,1R0ngjevfEvASqiXgNqLfp,CONTAINS
2E5h_Z5On2oB9WnlvUr_AF,15_bC4FTv02hB3jHvFugCt,CONTAINS
2E5h_Z5On2oB9WnlvUr_AC,15_bC4FTv02hB3jHvFugCY,CONTAINS
2E5h_Z5On2oB9WnlvUr_AF,15_bC4FTv02hB3jHvFugDk,CONTAINS
2E5h_Z5On2oB9WnlvUr_AF,15_bC4FTv02hB3jHvFugD6,CONTAINS
2E5h_Z5On2oB9WnlvUr_AF,15_bC4FTv02hB3jHvFugDz,CONTAINS
2E5h_Z5On2oB9WnlvUr_AF,15_bC4FTv02hB3jHvFugDd,CONTAINS
2E5h_Z5On2oB9WnlvUr_AF,15_bC4FTv02hB3jHvFugIT,CONTAINS
2E5h_Z5On2oB9WnlvUr_AF,15_bC4FTv02hB3jHvFugIZ,CONTAINS
2E5h_Z5On2oB9WnlvUr_AF,15_bC4FTv02hB3jHvFugIo,CONTAINS
2E5h_Z5On2oB9WnlvUr_AF,15_bC4FTv02hB3jHvFugJt,CONTAINS
2E5h_Z5On2oB9WnlvUr_AF,15_bC4FTv02hB3jHvFugG9,CONTAINS
2E5h_Z5On2oB9WnlvUr_AF,15_bC4FTv02hB3jHvFugIA,CONTAINS
2E5h_Z5On2oB9WnlvUr_AF,15_bC4FTv02hB3jHvFugI6,CONTAINS
2E5h_Z5On2oB9WnlvUr_AF,15_bC4FTv02hB3jHvFugME,CONTAINS
2E5h_Z5On2oB9WnlvUr_AF,15_bC4FTv02hB3jHvFugHW,CONTAINS
2E5h_Z5On2oB9WnlvUr_AF,15_bC4FTv02hB3jHvFugHy,CONTAINS
2E5h_Z5On2oB9WnlvUr_AF,15_bC4FTv02hB3jHvFugHn,CONTAINS
2E5h_Z5On2oB9WnlvUr_AF,15_bC4FTv02hB3jHvFugM2,CONTAINS
2E5h_Z5On2oB9WnlvUr_AF,15_bC4FTv02hB3jHvFugHw,CONTAINS
2E5h_Z5On2oB9WnlvUr_AF,15_bC4FTv02hB3jHvFugM4,CONTAINS
2E5h_Z5On2oB9WnlvUr_AF,15_bC4FTv02hB3jHvFugGo,CONTAINS
2E5h_Z5On2oB9WnlvUr_AF,15_bC4FTv02hB3jHvFugGG,CONTAINS
2E5h_Z5On2oB9WnlvUr_AF,15_bC4FTv02hB3jHvFugGO,CONTAINS
2E5h_Z5On2oB9WnlvUr_A0,15_bC4FTv02hB3jHvFugPv,CONTAINS
2E5h_Z5On2oB9WnlvUr_A0,15_bC4FTv02hB3jHvFugU6,CONTAINS
2E5h_Z5On2oB9WnlvUr_A0,15_bC4FTv02hB3jHvFugU8,CONTAINS
2E5h_Z5On2oB9WnlvUr_AF,15_bC4FTv02hB3jHvFugQU,CONTAINS
2E5h_Z5On2oB9WnlvUr_A0,15_bC4FTv02hB3jHvFugV8,CONTAINS
2E5h_Z5On2oB9WnlvUr_A0,15_bC4FTv02hB3jHvFugUv,CONTAINS
2E5h_Z5On2oB9WnlvUr_A0,15_bC4FTv02hB3jHvFugUo,CONTAINS
2E5h_Z5On2oB9WnlvUr_A0,15_bC4FTv02hB3jHvFugUb,CONTAINS
2E5h_Z5On2oB9WnlvUr_A0,15_bC4FTv02hB3jHvFugUH,CONTAINS
2E5h_Z5On2oB9WnlvUr_A0,15_bC4FTv02hB3jHvFugV4,CONTAINS
2E5h_Z5On2oB9WnlvUr_A0,15_bC4FTv02hB3jHvFugS2,CONTAINS
2E5h_Z5On2oB9WnlvUr_A0,15_bC4FTv02hB3jHvFugUQ,CONTAINS
2E5h_Z5On2oB9WnlvUr_A0,15_bC4FTv02hB3jHvFugPd,CONTAINS
2E5h_Z5On2oB9WnlvUr_AE,3oeN9Bwb51dgOyZTf61OfB,CONTAINS
2E5h_Z5On2oB9WnlvUr_AE,24aRr2wu9459apKiupzhDc,CONTAINS
2E5h_Z5On2oB9WnlvUr_AE,24aRr2wu9459apKiupzhO2,CONTAINS
2E5h_Z5On2oB9WnlvUr_AE,15_bC4FTv02hB3jHvFujKJ,CONTAINS
2E5h_Z5On2oB9WnlvUr_A1,15_bC4FTv02hB3jHvFujLe,CONTAINS
2E5h_Z5On2oB9WnlvUr_A1,15_bC4FTv02hB3jHvFujLw,CONTAINS
2E5h_Z5On2oB9WnlvUr_A1,15_bC4FTv02hB3jHvFujLu,CONTAINS
2E5h_Z5On2oB9WnlvUr_A1,15_bC4FTv02hB3jHvFujQA,CONTAINS
2E5h_Z5On2oB9WnlvUr_A0,15_bC4FTv02hB3jHvFujQz,CONTAINS
2E5h_Z5On2oB9WnlvUr_A3,15_bC4FTv02hB3jHvFujRj,CONTAINS
2E5h_Z5On2oB9WnlvUr_A3,15_bC4FTv02hB3jHvFujEe,CONTAINS
2E5h_Z5On2oB9WnlvUr_A3,15_bC4FTv02hB3jHvFujEK,CONTAINS
2E5h_Z5On2oB9WnlvUr_AF,3blRiqCIT4Z9XkuR6J_32C,CONTAINS
2E5h_Z5On2oB9WnlvUr_AF,3blRiqCIT4Z9XkuR6J_357,CONTAINS
2E5h_Z5On2oB9WnlvUr_AF,2wQHHxptnDyg$eXh_lf8W0,CONTAINS
2E5h_Z5On2oB9WnlvUr_AF,2wQHHxptnDyg$eXh_lf8Xh,CONTAINS
2E5h_Z5On2oB9WnlvUr_AF,2wQHHxptnDyg$eXh_lf8n0,CONTAINS
2E5h_Z5On2oB9WnlvUr_AE,3t8Nu$FEj2iu0wJtTsWdvr,CONTAINS
2E5h_Z5On2oB9WnlvUr_AE,3t8Nu$FEj2iu0wJtTsWdvx,CONTAINS
2E5h_Z5On2oB9WnlvUr_AF,2wQHHxptnDyg$eXh_lf8Sz,CONTAINS
2E5h_Z5On2oB9WnlvUr_AE,3t8Nu$FEj2iu0wJtTsWdvv,CONTAINS
2E5h_Z5On2oB9WnlvUr_AE,3t8Nu$FEj2iu0wJtTsWdv$,CONTAINS
2E5h_Z5On2oB9WnlvUr_AF,3t8Nu$FEj2iu0wJtTsWdeE,CONTAINS
2E5h_Z5On2oB9WnlvUr_AF,3t8Nu$FEj2iu0wJtTsWdjW,CONTAINS
2E5h_Z5On2oB9WnlvUr_AF,3_zjQx8qz56xhYsWw778Gp,CONTAINS
2E5h_Z5On2oB9WnlvUr_AF,3_zjQx8qz56xhYsWw77878,CONTAINS
2E5h_Z5On2oB9WnlvUr_AF,3_zjQx8qz56xhYsWw778GG,CONTAINS
2E5h_Z5On2oB9WnlvUr_AF,3_zjQx8qz56xhYsWw7787W,CONTAINS
2E5h_Z5On2oB9WnlvUr_AF,3_zjQx8qz56xhYsWw778br,CONTAINS
2E5h_Z5On2oB9WnlvUr_AE,0oA8x04_5FRvbxWuRvkm6O,CONTAINS
2E5h_Z5On2oB9WnlvUr_AE,0Soc2wy8X2_h2HL1amhcal,CONTAINS
2E5h_Z5On2oB9WnlvUr_AE,15_bC4FTv02hB3jHvFujjr,CONTAINS
2E5h_Z5On2oB9WnlvUr_AE,15_bC4FTv02hB3jHvFujoP,CONTAINS
2E5h_Z5On2oB9WnlvUr_AE,15_bC4FTv02hB3jHvFujo$,CONTAINS
2E5h_Z5On2oB9WnlvUr_AE,15_bC4FTv02hB3jHvFujnL,CONTAINS
2E5h_Z5On2oB9WnlvUr_AE,15_bC4FTv02hB3jHvFujpr,CONTAINS
2E5h_Z5On2oB9WnlvUr_A1,15_bC4FTv02hB3jHvFujxF,CONTAINS
2E5h_Z5On2oB9WnlvUr_AE,15_bC4FTv02hB3jHvFujsj,CONTAINS
2E5h_Z5On2oB9WnlvUr_AE,15_bC4FTv02hB3jHvFujtx,CONTAINS
2E5h_Z5On2oB9WnlvUr_AE,15_bC4FTv02hB3jHvFujsO,CONTAINS
2E5h_Z5On2oB9WnlvUr_AE,15_bC4FTv02hB3jHvFujsI,CONTAINS
2E5h_Z5On2oB9WnlvUr_AE,15_bC4FTv02hB3jHvFujqX,CONTAINS
2E5h_Z5On2oB9WnlvUr_A1,15_bC4FTv02hB3jHvFujxO,CONTAINS
2E5h_Z5On2oB9WnlvUr_A1,15_bC4FTv02hB3jHvFujxA,CONTAINS
2E5h_Z5On2oB9WnlvUr_A1,15_bC4FTv02hB3jHvFujx0,CONTAINS
2E5h_Z5On2oB9WnlvUr_A1,15_bC4FTv02hB3jHvFujxZ,CONTAINS
2E5h_Z5On2oB9WnlvUr_A1,15_bC4FTv02hB3jHvFujxx,CONTAINS
2E5h_Z5On2oB9WnlvUr_A1,15_bC4FTv02hB3jHvFujuD,CONTAINS
2E5h_Z5On2oB9WnlvUr_A1,15_bC4FTv02hB3jHvFujuy,CONTAINS
2E5h_Z5On2oB9WnlvUr_A1,15_bC4FTv02hB3jHvFujuO,CONTAINS
2E5h_Z5On2oB9WnlvUr_A1,15_bC4FTv02hB3jHvFuju7,CONTAINS
2E5h_Z5On2oB9WnlvUr_A1,15_bC4FTv02hB3jHvFujxm,CONTAINS
2E5h_Z5On2oB9WnlvUr_AE,15_bC4FTv02hB3jHvFujlB,CONTAINS
2E5h_Z5On2oB9WnlvUr_AE,15_bC4FTv02hB3jHvFujl0,CONTAINS
2E5h_Z5On2oB9WnlvUr_AE,15_bC4FTv02hB3jHvFujkp,CONTAINS
2E5h_Z5On2oB9WnlvUr_AE,15_bC4FTv02hB3jHvFujlT,CONTAINS
2E5h_Z5On2oB9WnlvUr_AE,15_bC4FTv02hB3jHvFujlN,CONTAINS
2E5h_Z5On2oB9WnlvUr_AE,15_bC4FTv02hB3jHvFujle,CONTAINS
2E5h_Z5On2oB9WnlvUr_AE,15_bC4FTv02hB3jHvFujkk,CONTAINS
2E5h_Z5On2oB9WnlvUr_AE,15_bC4FTv02hB3jHvFujkT,CONTAINS
2E5h_Z5On2oB9WnlvUr_AE,15_bC4FTv02hB3jHvFujkM,CONTAINS
2E5h_Z5On2oB9WnlvUr_AE,15_bC4FTv02hB3jHvFujk5,CONTAINS
2E5h_Z5On2oB9WnlvUr_AE,15_bC4FTv02hB3jHvFujiE,CONTAINS
2E5h_Z5On2oB9WnlvUr_A3,15_bC4FTv02hB3jHvFujaa,CONTAINS
2E5h_Z5On2oB9WnlvUr_A3,15_bC4FTv02hB3jHvFujcy,CONTAINS
2E5h_Z5On2oB9WnlvUr_A3,15_bC4FTv02hB3jHvFujcX,CONTAINS
2E5h_Z5On2oB9WnlvUr_A3,15_bC4FTv02hB3jHvFujcW,CONTAINS
2E5h_Z5On2oB9WnlvUr_A3,15_bC4FTv02hB3jHvFujd8,CONTAINS
2E5h_Z5On2oB9WnlvUr_A3,15_bC4FTv02hB3jHvFujcr,CONTAINS
2E5h_Z5On2oB9WnlvUr_A3,15_bC4FTv02hB3jHvFujdo,CONTAINS
2E5h_Z5On2oB9WnlvUr_A3,15_bC4FTv02hB3jHvFujde,CONTAINS
2E5h_Z5On2oB9WnlvUr_A3,15_bC4FTv02hB3jHvFujdc,CONTAINS
2E5h_Z5On2oB9WnlvUr_A3,15_bC4FTv02hB3jHvFujd7,CONTAINS
2E5h_Z5On2oB9WnlvUr_A3,15_bC4FTv02hB3jHvFujhq,CONTAINS
2E5h_Z5On2oB9WnlvUr_A3,15_bC4FTv02hB3jHvFujhd,CONTAINS
2E5h_Z5On2oB9WnlvUr_A3,15_bC4FTv02hB3jHvFujgd,CONTAINS
2E5h_Z5On2oB9WnlvUr_A3,15_bC4FTv02hB3jHvFujgw,CONTAINS
2E5h_Z5On2oB9WnlvUr_A3,15_bC4FTv02hB3jHvFujgs,CONTAINS
2E5h_Z5On2oB9WnlvUr_A3,15_bC4FTv02hB3jHvFujeZ,CONTAINS
2E5h_Z5On2oB9WnlvUr_A3,15_bC4FTv02hB3jHvFujhH,CONTAINS
2E5h_Z5On2oB9WnlvUr_A0,15_bC4FTv02hB3jHvFujYi,CONTAINS
2E5h_Z5On2oB9WnlvUr_A0,15_bC4FTv02hB3jHvFujZB,CONTAINS
2E5h_Z5On2oB9WnlvUr_A0,15_bC4FTv02hB3jHvFujYa,CONTAINS
2E5h_Z5On2oB9WnlvUr_A0,15_bC4FTv02hB3jHvFujYJ,CONTAINS
2E5h_Z5On2oB9WnlvUr_A0,15_bC4FTv02hB3jHvFujYK,CONTAINS
2E5h_Z5On2oB9WnlvUr_A0,15_bC4FTv02hB3jHvFujWw,CONTAINS
2E5h_Z5On2oB9WnlvUr_A0,15_bC4FTv02hB3jHvFujWi,CONTAINS
2E5h_Z5On2oB9WnlvUr_A0,15_bC4FTv02hB3jHvFujZX,CONTAINS
2E5h_Z5On2oB9WnlvUr_A0,15_bC4FTv02hB3jHvFujXN,CONTAINS
2E5h_Z5On2oB9WnlvUr_A1,15_bC4FTv02hB3jHvFujy8,CONTAINS
2E5h_Z5On2oB9WnlvUr_A1,15_bC4FTv02hB3jHvFuj3c,CONTAINS
2E5h_Z5On2oB9WnlvUr_A1,15_bC4FTv02hB3jHvFuj0D,CONTAINS
2E5h_Z5On2oB9WnlvUr_A1,15_bC4FTv02hB3jHvFuj06,CONTAINS
2E5h_Z5On2oB9WnlvUr_A1,15_bC4FTv02hB3jHvFuj7A,CONTAINS
2E5h_Z5On2oB9WnlvUr_A1,15_bC4FTv02hB3jHvFuj6K,CONTAINS
2E5h_Z5On2oB9WnlvUr_A1,15_bC4FTv02hB3jHvFuj1l,CONTAINS
2E5h_Z5On2oB9WnlvUr_A1,15_bC4FTv02hB3jHvFuj0H,CONTAINS
2E5h_Z5On2oB9WnlvUr_A1,15_bC4FTv02hB3jHvFujy_,CONTAINS
2E5h_Z5On2oB9WnlvUr_A1,15_bC4FTv02hB3jHvFujzS,CONTAINS
2E5h_Z5On2oB9WnlvUr_A1,15_bC4FTv02hB3jHvFuj_z,CONTAINS
2E5h_Z5On2oB9WnlvUr_AF,2FQtY8kWXAmftdCTkMOU3w,CONTAINS
2E5h_Z5On2oB9WnlvUr_A3,2FQtY8kWXAmftdCTkMOUD6,CONTAINS
2E5h_Z5On2oB9WnlvUr_AF,2FQtY8kWXAmftdCTkMOTuB,CONTAINS
2E5h_Z5On2oB9WnlvUr_A1,31lSq0VW50LwKX2i$6BHAq,CONTAINS
2E5h_Z5On2oB9WnlvUr_AF,2DSC6_nyb5U9VWiQfwhjuI,CONTAINS
2E5h_Z5On2oB9WnlvUr_AF,2FQtY8kWXAmftdCTkMOUAo,CONTAINS
2E5h_Z5On2oB9WnlvUr_AC,2FQtY8kWXAmftdCTkMOUMF,CONTAINS
2E5h_Z5On2oB9WnlvUr_A2,2T8DFMGbT2tAR0ouzPaVH2,CONTAINS
2E5h_Z5On2oB9WnlvUr_A2,2T8DFMGbT2tAR0ouzPaVGD,CONTAINS
2E5h_Z5On2oB9WnlvUr_A2,2T8DFMGbT2tAR0ouzPaVGu,CONTAINS
2E5h_Z5On2oB9WnlvUr_A2,2T8DFMGbT2tAR0ouzPaOX1,CONTAINS
2E5h_Z5On2oB9WnlvUr_A2,2T8DFMGbT2tAR0ouzPaOXj,CONTAINS
2E5h_Z5On2oB9WnlvUr_AE,3Xpqn33UzCpx_wQnPGLUvc,CONTAINS
2E5h_Z5On2oB9WnlvUr_AE,3Xpqn33UzCpx_wQnPGLUuy,CONTAINS
2E5h_Z5On2oB9WnlvUr_A3,3t8Nu$FEj2iu0wJtTsWc6v,CONTAINS
2E5h_Z5On2oB9WnlvUr_A3,3t8Nu$FEj2iu0wJtTsWc6Q,CONTAINS
2E5h_Z5On2oB9WnlvUr_A3,3t8Nu$FEj2iu0wJtTsWc6O,CONTAINS
2E5h_Z5On2oB9WnlvUr_A3,3t8Nu$FEj2iu0wJtTsWc6y,CONTAINS
2E5h_Z5On2oB9WnlvUr_A3,3t8Nu$FEj2iu0wJtTsWc5k,CONTAINS
2E5h_Z5On2oB9WnlvUr_A3,3rh5OewfnEBejmoVvExcec,CONTAINS
2E5h_Z5On2oB9WnlvUr_A3,3rh5OewfnEBejmoVvExchb,CONTAINS
2E5h_Z5On2oB9WnlvUr_A3,3rh5OewfnEBejmoVvExcif,CONTAINS
2E5h_Z5On2oB9WnlvUr_AE,3jXT4MhJf5VexlKew_7ELz,CONTAINS
2E5h_Z5On2oB9WnlvUr_A1,3t8Nu$FEj2iu0wJtTsWdxS,CONTAINS
2E5h_Z5On2oB9WnlvUr_A1,3t8Nu$FEj2iu0wJtTsWdxU,CONTAINS
2E5h_Z5On2oB9WnlvUr_A1,3t8Nu$FEj2iu0wJtTsWdxI,CONTAINS
2E5h_Z5On2oB9WnlvUr_A1,3t8Nu$FEj2iu0wJtTsWdxF,CONTAINS
2E5h_Z5On2oB9WnlvUr_A1,3t8Nu$FEj2iu0wJtTsWdxC,CONTAINS
2E5h_Z5On2oB9WnlvUr_A3,3t8Nu$FEj2iu0wJtTsWc5a,CONTAINS
2E5h_Z5On2oB9WnlvUr_A3,3t8Nu$FEj2iu0wJtTsWc5g,CONTAINS
2E5h_Z5On2oB9WnlvUr_A3,3t8Nu$FEj2iu0wJtTsWc5e,CONTAINS
2E5h_Z5On2oB9WnlvUr_A3,3t8Nu$FEj2iu0wJtTsWc5t,CONTAINS
2E5h_Z5On2oB9WnlvUr_A3,3t8Nu$FEj2iu0wJtTsWc5s,CONTAINS
2E5h_Z5On2oB9WnlvUr_A3,3t8Nu$FEj2iu0wJtTsWc5o,CONTAINS
2E5h_Z5On2oB9WnlvUr_A1,2$Jqjm_XDD2wF14Gr3PBCF,CONTAINS
2E5h_Z5On2oB9WnlvUr_A1,2$Jqjm_XDD2wF14Gr3PBK1,CONTAINS
2E5h_Z5On2oB9WnlvUr_A1,2$Jqjm_XDD2wF14Gr3PBJR,CONTAINS
2E5h_Z5On2oB9WnlvUr_A0,3t8Nu$FEj2iu0wJtTsWc49,CONTAINS
2E5h_Z5On2oB9WnlvUr_A0,3t8Nu$FEj2iu0wJtTsWc4D,CONTAINS
2E5h_Z5On2oB9WnlvUr_A0,3t8Nu$FEj2iu0wJtTsWc4I,CONTAINS
2E5h_Z5On2oB9WnlvUr_A0,3t8Nu$FEj2iu0wJtTsWc5R,CONTAINS
2E5h_Z5On2oB9WnlvUr_A0,3t8Nu$FEj2iu0wJtTsWc5K,CONTAINS
2E5h_Z5On2oB9WnlvUr_A0,3t8Nu$FEj2iu0wJtTsWc4n,CONTAINS
2E5h_Z5On2oB9WnlvUr_A0,3t8Nu$FEj2iu0wJtTsWc4t,CONTAINS
2E5h_Z5On2oB9WnlvUr_A1,3t8Nu$FEj2iu0wJtTsWdxs,CONTAINS
2E5h_Z5On2oB9WnlvUr_A0,3t8Nu$FEj2iu0wJtTsWc45,CONTAINS
2E5h_Z5On2oB9WnlvUr_A1,3t8Nu$FEj2iu0wJtTsWdxp,CONTAINS
2E5h_Z5On2oB9WnlvUr_A0,3t8Nu$FEj2iu0wJtTsWc43,CONTAINS
2E5h_Z5On2oB9WnlvUr_A0,3t8Nu$FEj2iu0wJtTsWc41,CONTAINS
2E5h_Z5On2oB9WnlvUr_A0,3t8Nu$FEj2iu0wJtTsWc47,CONTAINS
2E5h_Z5On2oB9WnlvUr_AE,3t8Nu$FEj2iu0wJtTsWdwQ,CONTAINS
2E5h_Z5On2oB9WnlvUr_A1,3t8Nu$FEj2iu0wJtTsWdwW,CONTAINS
2E5h_Z5On2oB9WnlvUr_A1,3t8Nu$FEj2iu0wJtTsWdwY,CONTAINS
2E5h_Z5On2oB9WnlvUr_A1,3t8Nu$FEj2iu0wJtTsWdwa,CONTAINS
2E5h_Z5On2oB9WnlvUr_A1,3t8Nu$FEj2iu0wJtTsWdwf,CONTAINS
2E5h_Z5On2oB9WnlvUr_A1,3t8Nu$FEj2iu0wJtTsWdwe,CONTAINS
2E5h_Z5On2oB9WnlvUr_AE,3t8Nu$FEj2iu0wJtTsWdwU,CONTAINS
2E5h_Z5On2oB9WnlvUr_AE,3t8Nu$FEj2iu0wJtTsWdvc,CONTAINS
2E5h_Z5On2oB9WnlvUr_AE,3t8Nu$FEj2iu0wJtTsWdvY,CONTAINS
2E5h_Z5On2oB9WnlvUr_AE,3t8Nu$FEj2iu0wJtTsWdvh,CONTAINS
2E5h_Z5On2oB9WnlvUr_AE,3t8Nu$FEj2iu0wJtTsWdvg,CONTAINS
2E5h_Z5On2oB9WnlvUr_AE,3t8Nu$FEj2iu0wJtTsWdvf,CONTAINS
2E5h_Z5On2oB9WnlvUr_AE,3t8Nu$FEj2iu0wJtTsWdwE,CONTAINS
2E5h_Z5On2oB9WnlvUr_AE,3t8Nu$FEj2iu0wJtTsWdwD,CONTAINS
2E5h_Z5On2oB9WnlvUr_AF,1a$vpf7QDBKwCrMFhYDsoT,CONTAINS
2E5h_Z5On2oB9WnlvUr_AF,1a$vpf7QDBKwCrMFhYDvDT,CONTAINS
2E5h_Z5On2oB9WnlvUr_AE,3t8Nu$FEj2iu0wJtTsWdv3,CONTAINS
2E5h_Z5On2oB9WnlvUr_AE,3t8Nu$FEj2iu0wJtTsWdv4,CONTAINS
2E5h_Z5On2oB9WnlvUr_AE,3t8Nu$FEj2iu0wJtTsWdv7,CONTAINS
2E5h_Z5On2oB9WnlvUr_A1,3t8Nu$FEj2iu0wJtTsWdx3,CONTAINS
2E5h_Z5On2oB9WnlvUr_A1,3t8Nu$FEj2iu0wJtTsWdx7,CONTAINS
2E5h_Z5On2oB9WnlvUr_A1,3t8Nu$FEj2iu0wJtTsWdx$,CONTAINS
2E5h_Z5On2oB9WnlvUr_A1,3t8Nu$FEj2iu0wJtTsWdxB,CONTAINS
2E5h_Z5On2oB9WnlvUr_AF,2wQHHxptnDyg$eXh_lf8ni,CONTAINS
2E5h_Z5On2oB9WnlvUr_AE,06M3$2nrHF_ObjctBDxxxN,CONTAINS
2E5h_Z5On2oB9WnlvUr_A1,12DUUBfcD5Hvooy8PkX_bV,CONTAINS
2E5h_Z5On2oB9WnlvUr_AF,2k2mFdMWrArAUMGAEOSXps,CONTAINS
2E5h_Z5On2oB9WnlvUr_A3,0TH6H1AETFjB6bwPLlsbJi,CONTAINS
2E5h_Z5On2oB9WnlvUr_A0,0TH6H1AETFjB6bwPLlsbUr,CONTAINS
2E5h_Z5On2oB9WnlvUr_A1,06M3$2nrHF_ObjctBDxx_y,CONTAINS
23g_xwgnbBFPpY7SDLzbqc,3a_D5a$uT0BwpgX2hZIhVe,BOUNDS
23g_xwgnbBFPpY7SDLzbqc,3a_D5a$uT0BwpgX2hZIhVe,BOUNDS
23g_xwgnbBFPpY7SDLzbqc,0398DzNGjBYO1C$VUhMCXn,BOUNDS
23g_xwgnbBFPpY7SDLzbqc,3a_D5a$uT0BwpgX2hZIhVe,BOUNDS
1qdwbD_tP9FvUsO8b2txT8,09bUgXLWDEo8jPFR_2Dsj0,BOUNDS
23g_xwgnbBFPpY7SDLzbqc,3C4heucafBiB2e7fJoxriW,BOUNDS
1qdwbD_tP9FvUsO8b2txT8,09bUgXLWDEo8jPFR_2Dsj1,BOUNDS
1qdwbD_tP9FvUsO8b2txT8,09bUgXLWDEo8jPFR_2Dsj0,BOUNDS
23g_xwgnbBFPpY7SDLzbqc,3a_D5a$uT0BwpgX2hZIhVe,BOUNDS
23g_xwgnbBFPpY7SDLzbqc,0I89kxcfn5aPoCoZL7rafs,BOUNDS
23g_xwgnbBFPpY7SDLzbqc,3a_D5a$uT0BwpgX2hZIhVe,BOUNDS
23g_xwgnbBFPpY7SDLzbqc,0I89kxcfn5aPoCoZL7raff,BOUNDS
1qdwbD_tP9FvUsO8b2txT8,09bUgXLWDEo8jPFR_2DsjA,BOUNDS
1qdwbD_tP9FvUsO8b2txT8,3$HMG0vJbDxw6O2Wzb$FL1,BOUNDS
1qdwbD_tP9FvUsO8b2txT8,09bUgXLWDEo8jPFR_2DsjB,BOUNDS
1qdwbD_tP9FvUsO8b2txT8,09bUgXLWDEo8jPFR_2DsjE,BOUNDS
23g_xwgnbBFPpY7SDLzbqc,3lPIjeMLjASRxjE6gw6XUW,BOUNDS
23g_xwgnbBFPpY7SDLzbqc,3lPIjeMLjASRxjE6gw6XUX,BOUNDS
23g_xwgnbBFPpY7SDLzbqc,0398DzNGjBYO1C$VUhMCYj,BOUNDS
23g_xwgnbBFPpY7SDLzbqc,0398DzNGjBYO1C$VUhMCYe,BOUNDS
23g_xwgnbBFPpY7SDLzbqc,0398DzNGjBYO1C$VUhMCXo,BOUNDS
23g_xwgnbBFPpY7SDLzbqc,0398DzNGjBYO1C$VUhMCYr,BOUNDS
23g_xwgnbBFPpY7SDLzbqc,0398DzNGjBYO1C$VUhMCYt,BOUNDS
23g_xwgnbBFPpY7SDLzbqc,0398DzNGjBYO1C$VUhMCYG,BOUNDS
23g_xwgnbBFPpY7SDLzbqc,0398DzNGjBYO1C$VUhMCYJ,BOUNDS
23g_xwgnbBFPpY7SDLzbqc,0398DzNGjBYO1C$VUhMCYJ,BOUNDS
23g_xwgnbBFPpY7SDLzbqc,0398DzNGjBYO1C$VUhMCYs,BOUNDS
23g_xwgnbBFPpY7SDLzbqc,0398DzNGjBYO1C$VUhMCYH,BOUNDS
23g_xwgnbBFPpY7SDLzbqc,3a_D5a$uT0BwpgX2hZIhVe,BOUNDS
23g_xwgnbBFPpY7SDLzbqc,0I89kxcfn5aPoCoZL7rafs,BOUNDS
23g_xwgnbBFPpY7SDLzbqc,3a_D5a$uT0BwpgX2hZIhVe,BOUNDS
23g_xwgnbBFPpY7SDLzbqc,3a_D5a$uT0BwpgX2hZIhVe,BOUNDS
2FQVvBe$n1CB4NJcEruIqh,0398DzNGjBYO1C$VUhMCa2,BOUNDS
2FQVvBe$n1CB4NJcEruIqh,0398DzNGjBYO1C$VUhMCaQ,BOUNDS
2FQVvBe$n1CB4NJcEruIqh,0398DzNGjBYO1C$VUhMCa2,BOUNDS
2FQVvBe$n1CB4NJcEruIqh,0398DzNGjBYO1C$VUhMCaP,BOUNDS
23g_xwgnbBFPpY7SDLzbqc,3lPIjeMLjASRxjE6gw6XVA,BOUNDS
23g_xwgnbBFPpY7SDLzbqc,0398DzNGjBYO1C$VUhMCYj,BOUNDS
23g_xwgnbBFPpY7SDLzbqc,3lPIjeMLjASRxjE6gw6XUr,BOUNDS
23g_xwgnbBFPpY7SDLzbqc,3lPIjeMLjASRxjE6gw6XVB,BOUNDS
23g_xwgnbBFPpY7SDLzbqc,3lPIjeMLjASRxjE6gw6XVG,BOUNDS
23g_xwgnbBFPpY7SDLzbqc,3a_D5a$uT0BwpgX2hZIhZe,BOUNDS
23g_xwgnbBFPpY7SDLzbqc,0398DzNGjBYO1C$VUhMCYj,BOUNDS
23g_xwgnbBFPpY7SDLzbqc,3lPIjeMLjASRxjE6gw6XVI,BOUNDS
23g_xwgnbBFPpY7SDLzbqc,0398DzNGjBYO1C$VUhMCYq,BOUNDS
23g_xwgnbBFPpY7SDLzbqc,0398DzNGjBYO1C$VUhMCYq,BOUNDS
23g_xwgnbBFPpY7SDLzbqc,0398DzNGjBYO1C$VUhMCYq,BOUNDS
23g_xwgnbBFPpY7SDLzbqc,3lPIjeMLjASRxjE6gw6XUZ,BOUNDS
2FQVvBe$n1CB4NJcEruIqf,0398DzNGjBYO1C$VUhMCab,BOUNDS
2FQVvBe$n1CB4NJcEruIqf,0398DzNGjBYO1C$VUhMCab,BOUNDS
2FQVvBe$n1CB4NJcEruIqf,3C4heucafBiB2e7fJoxrgk,BOUNDS
2FQVvBe$n1CB4NJcEruIqt,0398DzNGjBYO1C$VUhMCaS,BOUNDS
2FQVvBe$n1CB4NJcEruIqh,0398DzNGjBYO1C$VUhMCa1,BOUNDS
2FQVvBe$n1CB4NJcEruIqh,0398DzNGjBYO1C$VUhMCac,BOUNDS
2FQVvBe$n1CB4NJcEruIqh,0398DzNGjBYO1C$VUhMCaa,BOUNDS
2FQVvBe$n1CB4NJcEruIqh,0398DzNGjBYO1C$VUhMCac,BOUNDS
2FQVvBe$n1CB4NJcEruIqh,3C4heucafBiB2e7fJoxrgk,BOUNDS
2FQVvBe$n1CB4NJcEruIqh,3lPIjeMLjASRxjE6gw6XUd,BOUNDS
2FQVvBe$n1CB4NJcEruIqf,0398DzNGjBYO1C$VUhMCad,BOUNDS
2FQVvBe$n1CB4NJcEruIqf,0398DzNGjBYO1C$VUhMCa0,BOUNDS
2FQVvBe$n1CB4NJcEruIqj,060B0Bfjv7MQEXwwmCVVew,BOUNDS
2FQVvBe$n1CB4NJcEruIqj,060B0Bfjv7MQEXwwmCVVew,BOUNDS
2FQVvBe$n1CB4NJcEruIqj,3C4heucafBiB2e7fJoxrgk,BOUNDS
2FQVvBe$n1CB4NJcEruIqj,060B0Bfjv7MQEXwwmCVVew,BOUNDS
23g_xwgnbBFPpY7SDLzbqc,06tOzssZ9B4QVX5FaMC$RL,BOUNDS
23g_xwgnbBFPpY7SDLzbqc,06tOzssZ9B4QVX5FaMC$RL,BOUNDS
23g_xwgnbBFPpY7SDLzbqc,3lPIjeMLjASRxjE6gw6XGz,BOUNDS
23g_xwgnbBFPpY7SDLzbqc,06tOzssZ9B4QVX5FaMC$RL,BOUNDS
23g_xwgnbBFPpY7SDLzbqc,2jzBBNhz9A2gVReR_XMj7q,BOUNDS
23g_xwgnbBFPpY7SDLzbqc,06tOzssZ9B4QVX5FaMC$RL,BOUNDS
23g_xwgnbBFPpY7SDLzbqc,2jzBBNhz9A2gVReR_XMj7C,BOUNDS
23g_xwgnbBFPpY7SDLzbqc,2jzBBNhz9A2gVReR_XMj7W,BOUNDS
23g_xwgnbBFPpY7SDLzbqc,3lPIjeMLjASRxjE6gw6XGX,BOUNDS
23g_xwgnbBFPpY7SDLzbqc,3lPIjeMLjASRxjE6gw6XGj,BOUNDS
23g_xwgnbBFPpY7SDLzbqc,06tOzssZ9B4QVX5FaMC$RL,BOUNDS
23g_xwgnbBFPpY7SDLzbqc,3lPIjeMLjASRxjE6gw6XGY,BOUNDS
23g_xwgnbBFPpY7SDLzbqc,3lPIjeMLjASRxjE6gw6XGo,BOUNDS
23g_xwgnbBFPpY7SDLzbqc,3lPIjeMLjASRxjE6gw6XGn,BOUNDS
23g_xwgnbBFPpY7SDLzbqc,06tOzssZ9B4QVX5FaMC$RL,BOUNDS
23g_xwgnbBFPpY7SDLzbqc,06tOzssZ9B4QVX5FaMC$RL,BOUNDS
23g_xwgnbBFPpY7SDLzbqc,3lPIjeMLjASRxjE6gw6XHJ,BOUNDS
23g_xwgnbBFPpY7SDLzbqc,23KOJOC8r34gdJLN2sXEKj,BOUNDS
23g_xwgnbBFPpY7SDLzbqc,1JGhw2zk51zAYaF_QLitwW,BOUNDS
23g_xwgnbBFPpY7SDLzbqc,3e8Mms5uzBV9xYl2IBs1in,BOUNDS
23g_xwgnbBFPpY7SDLzbqc,3lPIjeMLjASRxjE6gw6XI9,BOUNDS
23g_xwgnbBFPpY7SDLzbqc,3lPIjeMLjASRxjE6gw6XI9,BOUNDS
23g_xwgnbBFPpY7SDLzbqc,3lPIjeMLjASRxjE6gw6XHr,BOUNDS
23g_xwgnbBFPpY7SDLzbqc,3lPIjeMLjASRxjE6gw6XI9,BOUNDS
23g_xwgnbBFPpY7SDLzbqc,3lPIjeMLjASRxjE6gw6XH2,BOUNDS
23g_xwgnbBFPpY7SDLzbqc,3lPIjeMLjASRxjE6gw6XH1,BOUNDS
23g_xwgnbBFPpY7SDLzbqc,3lPIjeMLjASRxjE6gw6XHD,BOUNDS
23g_xwgnbBFPpY7SDLzbqc,06tOzssZ9B4QVX5FaMC$RL,BOUNDS
23g_xwgnbBFPpY7SDLzbqc,06tOzssZ9B4QVX5FaMC$RL,BOUNDS
23g_xwgnbBFPpY7SDLzbqc,23KOJOC8r34gdJLN2sXEKj,BOUNDS
23g_xwgnbBFPpY7SDLzbqc,3lPIjeMLjASRxjE6gw6XHG,BOUNDS
23g_xwgnbBFPpY7SDLzbqc,3lPIjeMLjASRxjE6gw6XHN,BOUNDS
23g_xwgnbBFPpY7SDLzbqc,3lPIjeMLjASRxjE6gw6XK2,BOUNDS
23g_xwgnbBFPpY7SDLzbqc,3lPIjeMLjASRxjE6gw6XK0,BOUNDS
23g_xwgnbBFPpY7SDLzbqc,3lPIjeMLjASRxjE6gw6XKJ,BOUNDS
23g_xwgnbBFPpY7SDLzbqc,3lPIjeMLjASRxjE6gw6XKM,BOUNDS
1qdwbD_tP9FvUsO8b2txT8,2jzBBNhz9A2gVReR_XMj7d,BOUNDS
1qdwbD_tP9FvUsO8b2txT8,18eJjezLr93eTsB1yzF601,BOUNDS
1qdwbD_tP9FvUsO8b2txT8,2jzBBNhz9A2gVReR_XMj7d,BOUNDS
1qdwbD_tP9FvUsO8b2txT8,2jzBBNhz9A2gVReR_XMj7X,BOUNDS
23g_xwgnbBFPpY7SDLzbqc,3lPIjeMLjASRxjE6gw6XKb,BOUNDS
23g_xwgnbBFPpY7SDLzbqc,3lPIjeMLjASRxjE6gw6XKx,BOUNDS
23g_xwgnbBFPpY7SDLzbqc,3lPIjeMLjASRxjE6gw6XIB,BOUNDS
23g_xwgnbBFPpY7SDLzbqc,3lPIjeMLjASRxjE6gw6XIA,BOUNDS
23g_xwgnbBFPpY7SDLzbqc,3lPIjeMLjASRxjE6gw6XKI,BOUNDS
23g_xwgnbBFPpY7SDLzbqc,3lPIjeMLjASRxjE6gw6XKG,BOUNDS
23g_xwgnbBFPpY7SDLzbqc,3lPIjeMLjASRxjE6gw6XKw,BOUNDS
23g_xwgnbBFPpY7SDLzbqc,3lPIjeMLjASRxjE6gw6XKv,BOUNDS
1qdwbD_tP9FvUsO8b2txT8,3nplCZLCnAU8TTzzZYI8DN,BOUNDS
1qdwbD_tP9FvUsO8b2txT8,3nplCZLCnAU8TTzzZYI8Fj,BOUNDS
1qdwbD_tP9FvUsO8b2txT8,09bUgXLWDEo8jPFR_2DsjV,BOUNDS
1qdwbD_tP9FvUsO8b2txT8,09bUgXLWDEo8jPFR_2Dsj8,BOUNDS
1qdwbD_tP9FvUsO8b2txT8,3$HMG0vJbDxw6O2Wzb$FKr,BOUNDS
1qdwbD_tP9FvUsO8b2txT8,2nXdvZlq5AgxVReVXAryZ9,BOUNDS
1qdwbD_tP9FvUsO8b2txT8,09bUgXLWDEo8jPFR_2DsjD,BOUNDS
1qdwbD_tP9FvUsO8b2txT8,2nXdvZlq5AgxVReVXAryZ9,BOUNDS
2ZOo1gu215$vv8AFaILvjK,3$HMG0vJbDxw6O2Wzb$FLD,BOUNDS
2ZOo1gu215$vv8AFaILvjK,2nXdvZlq5AgxVReVXAryZP,BOUNDS
1qdwbD_tP9FvUsO8b2txT8,04n55fjcH7dhzxSRcFV9eu,BOUNDS
1qdwbD_tP9FvUsO8b2txT8,1EKlTSJ$L9JAy5UDUCbg7h,BOUNDS
1qdwbD_tP9FvUsO8b2txT8,3$HMG0vJbDxw6O2Wzb$FKz,BOUNDS
1qdwbD_tP9FvUsO8b2txT8,2nXdvZlq5AgxVReVXAryZP,BOUNDS
1qdwbD_tP9FvUsO8b2txT8,3$HMG0vJbDxw6O2Wzb$FLD,BOUNDS
1qdwbD_tP9FvUsO8b2txT8,2nXdvZlq5AgxVReVXAryZP,BOUNDS
23g_xwgnbBFPpY7SDLzbqc,3lPIjeMLjASRxjE6gw6XJi,BOUNDS
23g_xwgnbBFPpY7SDLzbqc,3lPIjeMLjASRxjE6gw6XJZ,BOUNDS
23g_xwgnbBFPpY7SDLzbqc,3lPIjeMLjASRxjE6gw6XJl,BOUNDS
23g_xwgnbBFPpY7SDLzbqc,3lPIjeMLjASRxjE6gw6XJj,BOUNDS
23g_xwgnbBFPpY7SDLzbqc,3lPIjeMLjASRxjE6gw6XIu,BOUNDS
23g_xwgnbBFPpY7SDLzbqc,3lPIjeMLjASRxjE6gw6XI$,BOUNDS
23g_xwgnbBFPpY7SDLzbqc,3lPIjeMLjASRxjE6gw6XIx,BOUNDS
23g_xwgnbBFPpY7SDLzbqc,3lPIjeMLjASRxjE6gw6XIv,BOUNDS
23g_xwgnbBFPpY7SDLzbqc,3XbG0EpaD3QPZhUZSkL4e2,BOUNDS
23g_xwgnbBFPpY7SDLzbqc,3XbG0EpaD3QPZhUZSkL4e1,BOUNDS
23g_xwgnbBFPpY7SDLzbqc,3XbG0EpaD3QPZhUZSkL4l7,BOUNDS
23g_xwgnbBFPpY7SDLzbqc,3XbG0EpaD3QPZhUZSkL4e0,BOUNDS
23g_xwgnbBFPpY7SDLzbqc,3lPIjeMLjASRxjE6gw6XJp,BOUNDS
23g_xwgnbBFPpY7SDLzbqc,3lPIjeMLjASRxjE6gw6XJs,BOUNDS
23g_xwgnbBFPpY7SDLzbqc,3lPIjeMLjASRxjE6gw6XJo,BOUNDS
23g_xwgnbBFPpY7SDLzbqc,3lPIjeMLjASRxjE6gw6XJm,BOUNDS
23g_xwgnbBFPpY7SDLzbqc,3lPIjeMLjASRxjE6gw6XTi,BOUNDS
23g_xwgnbBFPpY7SDLzbqc,3lPIjeMLjASRxjE6gw6XTY,BOUNDS
23g_xwgnbBFPpY7SDLzbqc,3lPIjeMLjASRxjE6gw6XTj,BOUNDS
23g_xwgnbBFPpY7SDLzbqc,3lPIjeMLjASRxjE6gw6XTW,BOUNDS
23g_xwgnbBFPpY7SDLzbqc,3lPIjeMLjASRxjE6gw6XTQ,BOUNDS
23g_xwgnbBFPpY7SDLzbqc,3lPIjeMLjASRxjE6gw6XTO,BOUNDS
23g_xwgnbBFPpY7SDLzbqc,3lPIjeMLjASRxjE6gw6XTR,BOUNDS
23g_xwgnbBFPpY7SDLzbqc,3lPIjeMLjASRxjE6gw6XTU,BOUNDS
23g_xwgnbBFPpY7SDLzbqX,0d7iw08zjAMBKPTOWLW_B5,BOUNDS
23g_xwgnbBFPpY7SDLzbqX,0d7iw08zjAMBKPTOWLW_B2,BOUNDS
23g_xwgnbBFPpY7SDLzbqX,14W8lqiN98gvcl2g04dZhs,BOUNDS
23g_xwgnbBFPpY7SDLzbqX,0d7iw08zjAMBKPTOWLW_B4,BOUNDS
23g_xwgnbBFPpY7SDLzbqc,3lPIjeMLjASRxjE6gw6XHc,BOUNDS
23g_xwgnbBFPpY7SDLzbqc,3lPIjeMLjASRxjE6gw6XHa,BOUNDS
23g_xwgnbBFPpY7SDLzbqc,3lPIjeMLjASRxjE6gw6XHd,BOUNDS
23g_xwgnbBFPpY7SDLzbqc,3lPIjeMLjASRxjE6gw6XHw,BOUNDS
23g_xwgnbBFPpY7SDLzbqX,0I89kxcfn5aPoCoZL7ragz,BOUNDS
23g_xwgnbBFPpY7SDLzbqX,0I89kxcfn5aPoCoZL7ragz,BOUNDS
23g_xwgnbBFPpY7SDLzbqX,0I89kxcfn5aPoCoZL7ragu,BOUNDS
23g_xwgnbBFPpY7SDLzbqX,0I89kxcfn5aPoCoZL7ragw,BOUNDS
23g_xwgnbBFPpY7SDLzbqX,0I89kxcfn5aPoCoZL7rafq,BOUNDS
23g_xwgnbBFPpY7SDLzbqX,3XE9gMBSDBQA7ktP$X03tG,BOUNDS
23g_xwgnbBFPpY7SDLzbqX,0I89kxcfn5aPoCoZL7ragz,BOUNDS
23g_xwgnbBFPpY7SDLzbqX,0I89kxcfn5aPoCoZL7rag_,BOUNDS
23g_xwgnbBFPpY7SDLzbqc,0398DzNGjBYO1C$VUhMCYk,BOUNDS
23g_xwgnbBFPpY7SDLzbqc,0398DzNGjBYO1C$VUhMCYk,BOUNDS
23g_xwgnbBFPpY7SDLzbqc,0398DzNGjBYO1C$VUhMCYM,BOUNDS
23g_xwgnbBFPpY7SDLzbqc,0398DzNGjBYO1C$VUhMCYW,BOUNDS
23g_xwgnbBFPpY7SDLzbqX,0I89kxcfn5aPoCoZL7ragv,BOUNDS
23g_xwgnbBFPpY7SDLzbqX,0I89kxcfn5aPoCoZL7ragu,BOUNDS
23g_xwgnbBFPpY7SDLzbqX,3C4heucafBiB2e7fJoxrir,BOUNDS
23g_xwgnbBFPpY7SDLzbqX,3a_D5a$uT0BwpgX2hZIhVe,BOUNDS
23g_xwgnbBFPpY7SDLzbqc,0398DzNGjBYO1C$VUhMCYY,BOUNDS
23g_xwgnbBFPpY7SDLzbqc,0398DzNGjBYO1C$VUhMCYX,BOUNDS
23g_xwgnbBFPpY7SDLzbqc,3lPIjeMLjASRxjE6gw6XVn,BOUNDS
23g_xwgnbBFPpY7SDLzbqc,3lPIjeMLjASRxjE6gw6XVn,BOUNDS
23g_xwgnbBFPpY7SDLzbqc,0398DzNGjBYO1C$VUhMCYX,BOUNDS
23g_xwgnbBFPpY7SDLzbqc,0398DzNGjBYO1C$VUhMCYX,BOUNDS
23g_xwgnbBFPpY7SDLzbqc,0398DzNGjBYO1C$VUhMCYZ,BOUNDS
23g_xwgnbBFPpY7SDLzbqc,0398DzNGjBYO1C$VUhMCYZ,BOUNDS
23g_xwgnbBFPpY7SDLzbqc,3lPIjeMLjASRxjE6gw6XG5,BOUNDS
23g_xwgnbBFPpY7SDLzbqc,06tOzssZ9B4QVX5FaMC$RL,BOUNDS
23g_xwgnbBFPpY7SDLzbqc,06tOzssZ9B4QVX5FaMC$RL,BOUNDS
23g_xwgnbBFPpY7SDLzbqc,06tOzssZ9B4QVX5FaMC$RL,BOUNDS
23g_xwgnbBFPpY7SDLzbqc,06tOzssZ9B4QVX5FaMC$RL,BOUNDS
23g_xwgnbBFPpY7SDLzbqc,3lPIjeMLjASRxjE6gw6XVz,BOUNDS
23g_xwgnbBFPpY7SDLzbqc,3lPIjeMLjASRxjE6gw6XGP,BOUNDS
23g_xwgnbBFPpY7SDLzbqc,3lPIjeMLjASRxjE6gw6XGQ,BOUNDS
23g_xwgnbBFPpY7SDLzbqX,2yMGZYWe52bPtRRTVguexy,BOUNDS
23g_xwgnbBFPpY7SDLzbqX,2yMGZYWe52bPtRRTVguexy,BOUNDS
23g_xwgnbBFPpY7SDLzbqX,2yMGZYWe52bPtRRTVguexy,BOUNDS
23g_xwgnbBFPpY7SDLzbqX,2yMGZYWe52bPtRRTVguexy,BOUNDS
23g_xwgnbBFPpY7SDLzbqX,0RfdXiv0TCxxZWQPfpFnGR,BOUNDS
23g_xwgnbBFPpY7SDLzbqX,0RfdXiv0TCxxZWQPfpFnGQ,BOUNDS
23g_xwgnbBFPpY7SDLzbqX,1KphmnYeX1wPLhP_co5IjQ,BOUNDS
23g_xwgnbBFPpY7SDLzbqX,1KphmnYeX1wPLhP_co5IjR,BOUNDS
23g_xwgnbBFPpY7SDLzbqX,3SlEueal9DSQhY_7NTi8i$,BOUNDS
23g_xwgnbBFPpY7SDLzbqX,2yMGZYWe52bPtRRTVguebK,BOUNDS
23g_xwgnbBFPpY7SDLzbqX,0RfdXiv0TCxxZWQPfpFnGb,BOUNDS
23g_xwgnbBFPpY7SDLzbqX,3SlEueal9DSQhY_7NTi8iI,BOUNDS
23g_xwgnbBFPpY7SDLzbqX,0SSMA7xXn3qB0jVaBW7obI,BOUNDS
23g_xwgnbBFPpY7SDLzbqX,1rDM5HpvP4ThPwnd64mZcH,BOUNDS
23g_xwgnbBFPpY7SDLzbqX,1R9cOIVzf4CuOKv7e$chBs,BOUNDS
23g_xwgnbBFPpY7SDLzbqX,1R9cOIVzf4CuOKv7e$chBt,BOUNDS
23g_xwgnbBFPpY7SDLzbqX,1R9cOIVzf4CuOKv7e$chB3,BOUNDS
23g_xwgnbBFPpY7SDLzbqX,1R9cOIVzf4CuOKv7e$chBA,BOUNDS
23g_xwgnbBFPpY7SDLzbqX,1R9cOIVzf4CuOKv7e$chB9,BOUNDS
23g_xwgnbBFPpY7SDLzbqX,1R9cOIVzf4CuOKv7e$chB2,BOUNDS
23g_xwgnbBFPpY7SDLzbqX,2yMGZYWe52bPtRRTVguexy,BOUNDS
23g_xwgnbBFPpY7SDLzbqX,2yMGZYWe52bPtRRTVguexy,BOUNDS
23g_xwgnbBFPpY7SDLzbqX,2yMGZYWe52bPtRRTVguexy,BOUNDS
23g_xwgnbBFPpY7SDLzbqX,2yMGZYWe52bPtRRTVguexy,BOUNDS
23g_xwgnbBFPpY7SDLzbqX,2yMGZYWe52bPtRRTVguexy,BOUNDS
23g_xwgnbBFPpY7SDLzbqX,2yMGZYWe52bPtRRTVguexy,BOUNDS
23g_xwgnbBFPpY7SDLzbqX,2yMGZYWe52bPtRRTVguexy,BOUNDS
23g_xwgnbBFPpY7SDLzbqX,16WH2c66f1ZwI6kV4BBzel,BOUNDS
23g_xwgnbBFPpY7SDLzbqX,1fdgt6mInBvuZJWqyAETIt,BOUNDS
23g_xwgnbBFPpY7SDLzbqX,1fdgt6mInBvuZJWqyAETIs,BOUNDS
23g_xwgnbBFPpY7SDLzbqX,1R9cOIVzf4CuOKv7e$ch9J,BOUNDS
23g_xwgnbBFPpY7SDLzbqX,1R9cOIVzf4CuOKv7e$ch9K,BOUNDS
23g_xwgnbBFPpY7SDLzbqX,1R9cOIVzf4CuOKv7e$chAO,BOUNDS
23g_xwgnbBFPpY7SDLzbqX,1R9cOIVzf4CuOKv7e$chAN,BOUNDS
23g_xwgnbBFPpY7SDLzbqX,1R9cOIVzf4CuOKv7e$ch9I,BOUNDS
23g_xwgnbBFPpY7SDLzbqX,1R9cOIVzf4CuOKv7e$ch9H,BOUNDS
23g_xwgnbBFPpY7SDLzbqX,177IT1nbz4KvJpMqt4FlGg,BOUNDS
23g_xwgnbBFPpY7SDLzbqX,3w0eRvhkL99Axa1$FQZg4D,BOUNDS
23g_xwgnbBFPpY7SDLzbqX,1R9cOIVzf4CuOKv7e$chKs,BOUNDS
23g_xwgnbBFPpY7SDLzbqX,1R9cOIVzf4CuOKv7e$chKr,BOUNDS
23g_xwgnbBFPpY7SDLzbqX,1fdgt6mInBvuZJWqyAETIm,BOUNDS
23g_xwgnbBFPpY7SDLzbqX,1fdgt6mInBvuZJWqyAETIn,BOUNDS
23g_xwgnbBFPpY7SDLzbqX,2xEnMfmrf8iwbEdGol$sb7,BOUNDS
23g_xwgnbBFPpY7SDLzbqX,2xEnMfmrf8iwbEdGol$sb6,BOUNDS
23g_xwgnbBFPpY7SDLzbqc,0rlkQmNpf2ahkBKJXRt9dm,BOUNDS
23g_xwgnbBFPpY7SDLzbqc,0rlkQmNpf2ahkBKJXRt9dn,BOUNDS
23g_xwgnbBFPpY7SDLzbqc,3lPIjeMLjASRxjE6gw6XK6,BOUNDS
23g_xwgnbBFPpY7SDLzbqc,3lPIjeMLjASRxjE6gw6XK3,BOUNDS
23g_xwgnbBFPpY7SDLzbqc,0rlkQmNpf2ahkBKJXRt9do,BOUNDS
23g_xwgnbBFPpY7SDLzbqc,0rlkQmNpf2ahkBKJXRt9dn,BOUNDS
23g_xwgnbBFPpY7SDLzbqc,0rlkQmNpf2ahkBKJXRt9dn,BOUNDS
23g_xwgnbBFPpY7SDLzbqc,0rlkQmNpf2ahkBKJXRt9dn,BOUNDS
23g_xwgnbBFPpY7SDLzbqc,0rlkQmNpf2ahkBKJXRt9dq,BOUNDS
23g_xwgnbBFPpY7SDLzbqc,0rlkQmNpf2ahkBKJXRt9dq,BOUNDS
23g_xwgnbBFPpY7SDLzbqc,0rlkQmNpf2ahkBKJXRt9dq,BOUNDS
23g_xwgnbBFPpY7SDLzbqc,0rlkQmNpf2ahkBKJXRt9do,BOUNDS
23g_xwgnbBFPpY7SDLzbqc,0rlkQmNpf2ahkBKJXRt9dq,BOUNDS
23g_xwgnbBFPpY7SDLzbqc,0rlkQmNpf2ahkBKJXRt9dq,BOUNDS
23g_xwgnbBFPpY7SDLzbqc,0rlkQmNpf2ahkBKJXRt9dq,BOUNDS
23g_xwgnbBFPpY7SDLzbqc,0rlkQmNpf2ahkBKJXRt9dq,BOUNDS
23g_xwgnbBFPpY7SDLzbqc,3lPIjeMLjASRxjE6gw6XIL,BOUNDS
23g_xwgnbBFPpY7SDLzbqc,3lPIjeMLjASRxjE6gw6XIN,BOUNDS
23g_xwgnbBFPpY7SDLzbqc,3lPIjeMLjASRxjE6gw6XIh,BOUNDS
23g_xwgnbBFPpY7SDLzbqc,3lPIjeMLjASRxjE6gw6XIK,BOUNDS
1iRXHrXc5FQfzC1YCH4qqX,1EKlTSJ$L9JAy5UDUCbgxW,BOUNDS
1iRXHrXc5FQfzC1YCH4qqX,1EKlTSJ$L9JAy5UDUCbgx_,BOUNDS
1iRXHrXc5FQfzC1YCH4qqX,0yHhiOk7b8IBVHQCqr$Qx3,BOUNDS
1iRXHrXc5FQfzC1YCH4qqX,1bKDksX1DBeBEUOB8Ab1g1,BOUNDS
1iRXHrXc5FQfzC1YCH4qqb,2jzBBNhz9A2gVReR_XMj7h,BOUNDS
1iRXHrXc5FQfzC1YCH4qqb,2jzBBNhz9A2gVReR_XMj7e,BOUNDS
1iRXHrXc5FQfzC1YCH4qqh,1TgbqwUwn9te3sgF6st6qI,BOUNDS
1iRXHrXc5FQfzC1YCH4qqb,2jzBBNhz9A2gVReR_XMj7g,BOUNDS
1iRXHrXc5FQfzC1YCH4qqh,1EKlTSJ$L9JAy5UDUCbg41,BOUNDS
1iRXHrXc5FQfzC1YCH4qqh,04n55fjcH7dhzxSRcFV9eu,BOUNDS
1iRXHrXc5FQfzC1YCH4qqh,2jzBBNhz9A2gVReR_XMj7f,BOUNDS
1iRXHrXc5FQfzC1YCH4qqh,18eJjezLr93eTsB1yzF63h,BOUNDS
1iRXHrXc5FQfzC1YCH4qqd,2jzBBNhz9A2gVReR_XMj7Y,BOUNDS
1iRXHrXc5FQfzC1YCH4qqd,2jzBBNhz9A2gVReR_XMj7W,BOUNDS
1iRXHrXc5FQfzC1YCH4qqd,2jzBBNhz9A2gVReR_XMj7Z,BOUNDS
1iRXHrXc5FQfzC1YCH4qqd,2jzBBNhz9A2gVReR_XMj7b,BOUNDS
1iRXHrXc5FQfzC1YCH4qqd,2jzBBNhz9A2gVReR_XMj7b,BOUNDS
1iRXHrXc5FQfzC1YCH4qqd,2jzBBNhz9A2gVReR_XMj7b,BOUNDS
1iRXHrXc5FQfzC1YCH4qqb,06tOzssZ9B4QVX5FaMC$RL,BOUNDS
1iRXHrXc5FQfzC1YCH4qqb,2jzBBNhz9A2gVReR_XMj7e,BOUNDS
1iRXHrXc5FQfzC1YCH4qqz,1_WIDbMXf5_P7QWlk1nZI1,BOUNDS
1iRXHrXc5FQfzC1YCH4qqz,0s8ykGtmvFURUfp3D26b4M,BOUNDS
1iRXHrXc5FQfzC1YCH4qqz,3C4heucafBiB2e7fJoxrg3,BOUNDS
1iRXHrXc5FQfzC1YCH4qq$,0yHhiOk7b8IBVHQCqr$Qx3,BOUNDS
1iRXHrXc5FQfzC1YCH4qqz,0yHhiOk7b8IBVHQCqr$Qx3,BOUNDS
1iRXHrXc5FQfzC1YCH4qqz,0yHhiOk7b8IBVHQCqr$Qx3,BOUNDS
1iRXHrXc5FQfzC1YCH4qqz,10xymLOUbEJQViGYNPNlS0,BOUNDS
1iRXHrXc5FQfzC1YCH4qqz,10xymLOUbEJQViGYNPNlS$,BOUNDS
1iRXHrXc5FQfzC1YCH4qq$,0I89kxcfn5aPoCoZL7rdHt,BOUNDS
1iRXHrXc5FQfzC1YCH4qq$,3C4heucafBiB2e7fJoxrg3,BOUNDS
1zHkMZY8H87ghiTNgqSMT$,2yMGZYWe52bPtRRTVguexf,BOUNDS
1zHkMZY8H87ghiTNgqSMT$,2yMGZYWe52bPtRRTVgueun,BOUNDS
1MaZTeJV10VBKZZMRjBH2H,1EKlTSJ$L9JAy5UDUCbgwZ,BOUNDS
1MaZTeJV10VBKZZMRjBH2H,1EKlTSJ$L9JAy5UDUCbgwa,BOUNDS
1MaZTeJV10VBKZZMRjBH2H,1EKlTSJ$L9JAy5UDUCbgwY,BOUNDS
1MaZTeJV10VBKZZMRjBH2H,06tOzssZ9B4QVX5FaMC$RL,BOUNDS
1MaZTeJV10VBKZZMRjBH2H,00gFGeCuDDpBDi0kTgjc$7,BOUNDS
1MaZTeJV10VBKZZMRjBH2H,00gFGeCuDDpBDi0kTgjc$9,BOUNDS
1MaZTeJV10VBKZZMRjBH2H,1JGhw2zk51zAYaF_QLitr9,BOUNDS
1MaZTeJV10VBKZZMRjBH2H,18eJjezLr93eTsB1yzF61o,BOUNDS
1MaZTeJV10VBKZZMRjBH2H,2jzBBNhz9A2gVReR_XMj7H,BOUNDS
1MaZTeJV10VBKZZMRjBH2H,0KwnPp9xH0twwJsxazd97m,BOUNDS
1MaZTeJV10VBKZZMRjBH2H,1EKlTSJ$L9JAy5UDUCbg5C,BOUNDS
1MaZTeJV10VBKZZMRjBH2H,1EKlTSJ$L9JAy5UDUCbg5B,BOUNDS
1MaZTeJV10VBKZZMRjBH2H,2jzBBNhz9A2gVReR_XMj7H,BOUNDS
1MaZTeJV10VBKZZMRjBH2H,1EKlTSJ$L9JAy5UDUCbg5A,BOUNDS
1MaZTeJV10VBKZZMRjBH2H,2jzBBNhz9A2gVReR_XMj7E,BOUNDS
1MaZTeJV10VBKZZMRjBH2H,2jzBBNhz9A2gVReR_XMj7F,BOUNDS
1MaZTeJV10VBKZZMRjBH2H,06tOzssZ9B4QVX5FaMC$RL,BOUNDS
1MaZTeJV10VBKZZMRjBH2H,2jzBBNhz9A2gVReR_XMj7G,BOUNDS
1MaZTeJV10VBKZZMRjBH2H,2jzBBNhz9A2gVReR_XMj7G,BOUNDS
1MaZTeJV10VBKZZMRjBH2H,2jzBBNhz9A2gVReR_XMj7G,BOUNDS
1iRXHrXc5FQfzC1YCH4qqd,06tOzssZ9B4QVX5FaMC$RL,BOUNDS
1iRXHrXc5FQfzC1YCH4qqd,1JGhw2zk51zAYaF_QLitr9,BOUNDS
1iRXHrXc5FQfzC1YCH4qqd,1TgbqwUwn9te3sgF6st6qI,BOUNDS
1iRXHrXc5FQfzC1YCH4qqX,1bKDksX1DBeBEUOB8Ab1g7,BOUNDS
1iRXHrXc5FQfzC1YCH4qqd,2jzBBNhz9A2gVReR_XMj7q,BOUNDS
1iRXHrXc5FQfzC1YCH4qqd,3L2ob2RfPCQRbpIvDuvSRh,BOUNDS
1iRXHrXc5FQfzC1YCH4qqd,06tOzssZ9B4QVX5FaMC$RL,BOUNDS
1iRXHrXc5FQfzC1YCH4qqd,06tOzssZ9B4QVX5FaMC$RL,BOUNDS
1iRXHrXc5FQfzC1YCH4qqX,0OwFWIO9n2oe5IiSbaNobF,BOUNDS
1iRXHrXc5FQfzC1YCH4qqX,0OwFWIO9n2oe5IiSbaNobF,BOUNDS
1iRXHrXc5FQfzC1YCH4qqX,0OwFWIO9n2oe5IiSbaNobE,BOUNDS
1iRXHrXc5FQfzC1YCH4qqX,1guDAeN0H0zPlf9ZUQ7YEM,BOUNDS
1iRXHrXc5FQfzC1YCH4qrL,3C4heucafBiB2e7fJoxrg3,BOUNDS
1iRXHrXc5FQfzC1YCH4qrN,0I89kxcfn5aPoCoZL7rac3,BOUNDS
1iRXHrXc5FQfzC1YCH4qrL,0I89kxcfn5aPoCoZL7rac2,BOUNDS
1iRXHrXc5FQfzC1YCH4qrL,060B0Bfjv7MQEXwwmCVVew,BOUNDS
1iRXHrXc5FQfzC1YCH4qqj,3C4heucafBiB2e7fJoxrg3,BOUNDS
1iRXHrXc5FQfzC1YCH4qqj,060B0Bfjv7MQEXwwmCVVew,BOUNDS
1iRXHrXc5FQfzC1YCH4qqj,0I89kxcfn5aPoCoZL7rac9,BOUNDS
1iRXHrXc5FQfzC1YCH4qqj,0I89kxcfn5aPoCoZL7rac4,BOUNDS
1iRXHrXc5FQfzC1YCH4qrH,060B0Bfjv7MQEXwwmCVVew,BOUNDS
1iRXHrXc5FQfzC1YCH4qrH,060B0Bfjv7MQEXwwmCVVew,BOUNDS
1iRXHrXc5FQfzC1YCH4qrN,0I89kxcfn5aPoCoZL7racF,BOUNDS
1iRXHrXc5FQfzC1YCH4qrN,3C4heucafBiB2e7fJoxrg3,BOUNDS
1iRXHrXc5FQfzC1YCH4qrN,0I89kxcfn5aPoCoZL7rac1,BOUNDS
1iRXHrXc5FQfzC1YCH4qrN,0I89kxcfn5aPoCoZL7racE,BOUNDS
1iRXHrXc5FQfzC1YCH4qrN,0I89kxcfn5aPoCoZL7rac5,BOUNDS
1iRXHrXc5FQfzC1YCH4qrN,0I89kxcfn5aPoCoZL7rabv,BOUNDS
1iRXHrXc5FQfzC1YCH4qqf,0I89kxcfn5aPoCoZL7rabv,BOUNDS
1iRXHrXc5FQfzC1YCH4qqf,0I89kxcfn5aPoCoZL7rac2,BOUNDS
1iRXHrXc5FQfzC1YCH4qqf,0I89kxcfn5aPoCoZL7rac5,BOUNDS
1iRXHrXc5FQfzC1YCH4qqf,0I89kxcfn5aPoCoZL7rac3,BOUNDS
1iRXHrXc5FQfzC1YCH4qrH,0I89kxcfn5aPoCoZL7rabu,BOUNDS
1iRXHrXc5FQfzC1YCH4qrH,0I89kxcfn5aPoCoZL7racE,BOUNDS
1iRXHrXc5FQfzC1YCH4qrH,0I89kxcfn5aPoCoZL7racF,BOUNDS
1iRXHrXc5FQfzC1YCH4qrH,0I89kxcfn5aPoCoZL7racD,BOUNDS
1iRXHrXc5FQfzC1YCH4qqf,1lL0StQID0pxFPXE_t32xm,BOUNDS
1iRXHrXc5FQfzC1YCH4qqf,060B0Bfjv7MQEXwwmCVVew,BOUNDS
1iRXHrXc5FQfzC1YCH4qqf,3C4heucafBiB2e7fJoxrg3,BOUNDS
1iRXHrXc5FQfzC1YCH4qqh,2jzBBNhz9A2gVReR_XMj7X,BOUNDS
1iRXHrXc5FQfzC1YCH4qqf,0I89kxcfn5aPoCoZL7rab6,BOUNDS
1iRXHrXc5FQfzC1YCH4qqf,0I89kxcfn5aPoCoZL7rac0,BOUNDS
1iRXHrXc5FQfzC1YCH4qqf,0jP_FPW891yRBz0fI8zcOx,BOUNDS
1iRXHrXc5FQfzC1YCH4qqf,0jP_FPW891yRBz0fI8zcOe,BOUNDS
1iRXHrXc5FQfzC1YCH4qqZ,0OwFWIO9n2oe5IiSbaNobF,BOUNDS
1iRXHrXc5FQfzC1YCH4qqZ,0yHhiOk7b8IBVHQCqr$Qx3,BOUNDS
1iRXHrXc5FQfzC1YCH4qqZ,0OwFWIO9n2oe5IiSbaNobE,BOUNDS
1iRXHrXc5FQfzC1YCH4qqZ,0OwFWIO9n2oe5IiSbaNobF,BOUNDS
1iRXHrXc5FQfzC1YCH4qq$,0I89kxcfn5aPoCoZL7rdHj,BOUNDS
1iRXHrXc5FQfzC1YCH4qq$,0I89kxcfn5aPoCoZL7rdHl,BOUNDS
1iRXHrXc5FQfzC1YCH4qq$,0yHhiOk7b8IBVHQCqr$Qx3,BOUNDS
1iRXHrXc5FQfzC1YCH4qq$,0yHhiOk7b8IBVHQCqr$Qx3,BOUNDS
1iRXHrXc5FQfzC1YCH4qqz,0I89kxcfn5aPoCoZL7rdHl,BOUNDS
1iRXHrXc5FQfzC1YCH4qqz,0yHhiOk7b8IBVHQCqr$Qx3,BOUNDS
1iRXHrXc5FQfzC1YCH4qqZ,1TgbqwUwn9te3sgF6st6qI,BOUNDS
1iRXHrXc5FQfzC1YCH4qqz,0I89kxcfn5aPoCoZL7rdHj,BOUNDS
1iRXHrXc5FQfzC1YCH4qqX,1TgbqwUwn9te3sgF6st6qI,BOUNDS
1iRXHrXc5FQfzC1YCH4qqZ,0OwFWIO9n2oe5IiSbaNob1,BOUNDS
1iRXHrXc5FQfzC1YCH4qqX,1guDAeN0H0zPlf9ZUQ7YE5,BOUNDS
1iRXHrXc5FQfzC1YCH4qqX,1guDAeN0H0zPlf9ZUQ7YE5,BOUNDS
1iRXHrXc5FQfzC1YCH4qrH,0I89kxcfn5aPoCoZL7racE,BOUNDS
1iRXHrXc5FQfzC1YCH4qrH,060B0Bfjv7MQEXwwmCVVew,BOUNDS
1iRXHrXc5FQfzC1YCH4qrH,3C4heucafBiB2e7fJoxrg3,BOUNDS
1iRXHrXc5FQfzC1YCH4qrJ,060B0Bfjv7MQEXwwmCVVew,BOUNDS
1iRXHrXc5FQfzC1YCH4qqZ,0yHhiOk7b8IBVHQCqr$Qx3,BOUNDS
1iRXHrXc5FQfzC1YCH4qqZ,35BZjy3mH7Ou63rag5Xg_R,BOUNDS
1iRXHrXc5FQfzC1YCH4qqZ,35BZjy3mH7Ou63rag5Xgnc,BOUNDS
1iRXHrXc5FQfzC1YCH4qqZ,35BZjy3mH7Ou63rag5Xg_O,BOUNDS
1iRXHrXc5FQfzC1YCH4qrJ,060B0Bfjv7MQEXwwmCVVew,BOUNDS
1iRXHrXc5FQfzC1YCH4qqj,060B0Bfjv7MQEXwwmCVVew,BOUNDS
1iRXHrXc5FQfzC1YCH4qqj,060B0Bfjv7MQEXwwmCVVew,BOUNDS
1iRXHrXc5FQfzC1YCH4qqj,0I89kxcfn5aPoCoZL7racM,BOUNDS
1iRXHrXc5FQfzC1YCH4qrJ,060B0Bfjv7MQEXwwmCVVew,BOUNDS
1iRXHrXc5FQfzC1YCH4qrJ,0I89kxcfn5aPoCoZL7racB,BOUNDS
1iRXHrXc5FQfzC1YCH4qrJ,0I89kxcfn5aPoCoZL7racC,BOUNDS
1iRXHrXc5FQfzC1YCH4qrJ,0I89kxcfn5aPoCoZL7racD,BOUNDS
2FQVvBe$n1CB4NJcEruIqp,0398DzNGjBYO1C$VUhMCa2,BOUNDS
2FQVvBe$n1CB4NJcEruIqp,0398DzNGjBYO1C$VUhMCaP,BOUNDS
2FQVvBe$n1CB4NJcEruIqp,0398DzNGjBYO1C$VUhMCa3,BOUNDS
2FQVvBe$n1CB4NJcEruIqp,0398DzNGjBYO1C$VUhMCac,BOUNDS
2FQVvBe$n1CB4NJcEruIqp,0398DzNGjBYO1C$VUhMCZi,BOUNDS
2FQVvBe$n1CB4NJcEruIqp,0398DzNGjBYO1C$VUhMCaR,BOUNDS
2FQVvBe$n1CB4NJcEruIqr,3C4heucafBiB2e7fJoxrgk,BOUNDS
2FQVvBe$n1CB4NJcEruIqp,0398DzNGjBYO1C$VUhMCZk,BOUNDS
2FQVvBe$n1CB4NJcEruIqn,0398DzNGjBYO1C$VUhMCZj,BOUNDS
2FQVvBe$n1CB4NJcEruIqn,0398DzNGjBYO1C$VUhMCZl,BOUNDS
2FQVvBe$n1CB4NJcEruIqn,0398DzNGjBYO1C$VUhMCaR,BOUNDS
2FQVvBe$n1CB4NJcEruIqn,0398DzNGjBYO1C$VUhMCa3,BOUNDS
2FQVvBe$n1CB4NJcEruIqp,3lPIjeMLjASRxjE6gw6XUd,BOUNDS
2FQVvBe$n1CB4NJcEruIqp,3C4heucafBiB2e7fJoxrgk,BOUNDS
2FQVvBe$n1CB4NJcEruIqp,0398DzNGjBYO1C$VUhMCa2,BOUNDS
2FQVvBe$n1CB4NJcEruIqp,0398DzNGjBYO1C$VUhMCaQ,BOUNDS
1iRXHrXc5FQfzC1YCH4qrR,06tOzssZ9B4QVX5FaMC$RL,BOUNDS
1iRXHrXc5FQfzC1YCH4qrR,06tOzssZ9B4QVX5FaMC$RL,BOUNDS
1iRXHrXc5FQfzC1YCH4qrR,060B0Bfjv7MQEXwwmCVVgx,BOUNDS
1iRXHrXc5FQfzC1YCH4qrL,0I89kxcfn5aPoCoZL7rabu,BOUNDS
1iRXHrXc5FQfzC1YCH4qrP,3C4heucafBiB2e7fJoxrgk,BOUNDS
1iRXHrXc5FQfzC1YCH4qrR,060B0Bfjv7MQEXwwmCVVgx,BOUNDS
1iRXHrXc5FQfzC1YCH4qrR,0398DzNGjBYO1C$VUhMCaU,BOUNDS
1iRXHrXc5FQfzC1YCH4qrR,0398DzNGjBYO1C$VUhMCaV,BOUNDS
2FQVvBe$n1CB4NJcEruIqr,060B0Bfjv7MQEXwwmCVVgx,BOUNDS
2FQVvBe$n1CB4NJcEruIqr,0398DzNGjBYO1C$VUhMCaT,BOUNDS
2FQVvBe$n1CB4NJcEruIqr,0398DzNGjBYO1C$VUhMCaT,BOUNDS
2FQVvBe$n1CB4NJcEruIqr,0398DzNGjBYO1C$VUhMCZi,BOUNDS
1iRXHrXc5FQfzC1YCH4qrL,0I89kxcfn5aPoCoZL7racE,BOUNDS
1iRXHrXc5FQfzC1YCH4qrL,0I89kxcfn5aPoCoZL7rabv,BOUNDS
1iRXHrXc5FQfzC1YCH4qrL,0I89kxcfn5aPoCoZL7rac1,BOUNDS
1iRXHrXc5FQfzC1YCH4qrL,0I89kxcfn5aPoCoZL7rabv,BOUNDS
1iRXHrXc5FQfzC1YCH4qqf,060B0Bfjv7MQEXwwmCVVew,BOUNDS
1iRXHrXc5FQfzC1YCH4qql,3C4heucafBiB2e7fJoxrg3,BOUNDS
1iRXHrXc5FQfzC1YCH4qql,060B0Bfjv7MQEXwwmCVVew,BOUNDS
1iRXHrXc5FQfzC1YCH4qql,0I89kxcfn5aPoCoZL7rac8,BOUNDS
1iRXHrXc5FQfzC1YCH4qqf,060B0Bfjv7MQEXwwmCVVew,BOUNDS
1iRXHrXc5FQfzC1YCH4qqf,1sQaMmqjv8FA5M37GPCYR6,BOUNDS
1iRXHrXc5FQfzC1YCH4qqf,0I89kxcfn5aPoCoZL7racS,BOUNDS
1iRXHrXc5FQfzC1YCH4qqf,0I89kxcfn5aPoCoZL7rabx,BOUNDS
1iRXHrXc5FQfzC1YCH4qqh,2jzBBNhz9A2gVReR_XMj7d,BOUNDS
1iRXHrXc5FQfzC1YCH4qqh,2jzBBNhz9A2gVReR_XMj7c,BOUNDS
1iRXHrXc5FQfzC1YCH4qqh,2jzBBNhz9A2gVReR_XMj7d,BOUNDS
1iRXHrXc5FQfzC1YCH4qqh,2jzBBNhz9A2gVReR_XMj7X,BOUNDS
1iRXHrXc5FQfzC1YCH4qql,0I89kxcfn5aPoCoZL7rac4,BOUNDS
1iRXHrXc5FQfzC1YCH4qql,0I89kxcfn5aPoCoZL7rac9,BOUNDS
1iRXHrXc5FQfzC1YCH4qql,060B0Bfjv7MQEXwwmCVVew,BOUNDS
1iRXHrXc5FQfzC1YCH4qql,060B0Bfjv7MQEXwwmCVVew,BOUNDS
2FQVvBe$n1CB4NJcEruIqn,3C4heucafBiB2e7fJoxrgk,BOUNDS
2FQVvBe$n1CB4NJcEruIq$,0398DzNGjBYO1C$VUhMCaF,BOUNDS
2FQVvBe$n1CB4NJcEruIq$,0398DzNGjBYO1C$VUhMCaE,BOUNDS
2FQVvBe$n1CB4NJcEruIq$,0398DzNGjBYO1C$VUhMCaD,BOUNDS
2FQVvBe$n1CB4NJcEruIqn,0398DzNGjBYO1C$VUhMCaS,BOUNDS
2FQVvBe$n1CB4NJcEruIqn,0398DzNGjBYO1C$VUhMCa5,BOUNDS
2FQVvBe$n1CB4NJcEruIqn,0398DzNGjBYO1C$VUhMCa4,BOUNDS
2FQVvBe$n1CB4NJcEruIqn,0398DzNGjBYO1C$VUhMCad,BOUNDS
1iRXHrXc5FQfzC1YCH4qqf,1sQaMmqjv8FA5M37GPCYR6,BOUNDS
1iRXHrXc5FQfzC1YCH4qqf,060B0Bfjv7MQEXwwmCVVew,BOUNDS
1iRXHrXc5FQfzC1YCH4qqf,0I89kxcfn5aPoCoZL7rabx,BOUNDS
1iRXHrXc5FQfzC1YCH4qqf,0I89kxcfn5aPoCoZL7racS,BOUNDS
2FQVvBe$n1CB4NJcEruIq$,0398DzNGjBYO1C$VUhMCaC,BOUNDS
2FQVvBe$n1CB4NJcEruIq$,0398DzNGjBYO1C$VUhMCaB,BOUNDS
2FQVvBe$n1CB4NJcEruIq$,0398DzNGjBYO1C$VUhMCaA,BOUNDS
2FQVvBe$n1CB4NJcEruIq$,0398DzNGjBYO1C$VUhMCaA,BOUNDS
2ZOo1gu215$vv8AFaILvjK,3$HMG0vJbDxw6O2Wzb$FL9,BOUNDS
2ZOo1gu215$vv8AFaILvjK,09bUgXLWDEo8jPFR_2DsgQ,BOUNDS
2ZOo1gu215$vv8AFaILvjK,2nXdvZlq5AgxVReVXAryZP,BOUNDS
2ZOo1gu215$vv8AFaILvjK,3$HMG0vJbDxw6O2Wzb$FLD,BOUNDS
2ZOo1gu215$vv8AFaILvjM,3$HMG0vJbDxw6O2Wzb$FKn,BOUNDS
2ZOo1gu215$vv8AFaILvjM,3$HMG0vJbDxw6O2Wzb$FKn,BOUNDS
2ZOo1gu215$vv8AFaILvjK,2nXdvZlq5AgxVReVXAryZP,BOUNDS
2ZOo1gu215$vv8AFaILvjK,3$HMG0vJbDxw6O2Wzb$FKz,BOUNDS
2ZOo1gu215$vv8AFaILvjK,2nXdvZlq5AgxVReVXAryZP,BOUNDS
2ZOo1gu215$vv8AFaILvjK,3$HMG0vJbDxw6O2Wzb$FKz,BOUNDS
2ZOo1gu215$vv8AFaILvjK,3$HMG0vJbDxw6O2Wzb$FL5,BOUNDS
2ZOo1gu215$vv8AFaILvjK,3$HMG0vJbDxw6O2Wzb$FKv,BOUNDS
2ZOo1gu215$vv8AFaILvjM,2nXdvZlq5AgxVReVXAryZ9,BOUNDS
2ZOo1gu215$vv8AFaILvjM,3$HMG0vJbDxw6O2Wzb$FKr,BOUNDS
2ZOo1gu215$vv8AFaILvjM,2nXdvZlq5AgxVReVXAryZ9,BOUNDS
2ZOo1gu215$vv8AFaILvjM,3$HMG0vJbDxw6O2Wzb$FL1,BOUNDS
2FQVvBe$n1CB4NJcEruIqf,0398DzNGjBYO1C$VUhMCad,BOUNDS
2FQVvBe$n1CB4NJcEruIqf,0398DzNGjBYO1C$VUhMCa5,BOUNDS
2FQVvBe$n1CB4NJcEruIqf,0398DzNGjBYO1C$VUhMCa4,BOUNDS
2FQVvBe$n1CB4NJcEruIqf,0398DzNGjBYO1C$VUhMCaS,BOUNDS
2FQVvBe$n1CB4NJcEruIqt,3C4heucafBiB2e7fJoxrgk,BOUNDS
2FQVvBe$n1CB4NJcEruIqr,0398DzNGjBYO1C$VUhMCaR,BOUNDS
2FQVvBe$n1CB4NJcEruIqr,0398DzNGjBYO1C$VUhMCZk,BOUNDS
2FQVvBe$n1CB4NJcEruIqr,0398DzNGjBYO1C$VUhMCZi,BOUNDS
2FQVvBe$n1CB4NJcEruIqt,0398DzNGjBYO1C$VUhMCZl,BOUNDS
2FQVvBe$n1CB4NJcEruIqt,0398DzNGjBYO1C$VUhMCZj,BOUNDS
2FQVvBe$n1CB4NJcEruIqt,0398DzNGjBYO1C$VUhMCaR,BOUNDS
2FQVvBe$n1CB4NJcEruIqt,060B0Bfjv7MQEXwwmCVVgx,BOUNDS
2ZOo1gu215$vv8AFaILvjK,09bUgXLWDEo8jPFR_2Dsgm,BOUNDS
2ZOo1gu215$vv8AFaILvjK,09bUgXLWDEo8jPFR_2DsgQ,BOUNDS
2ZOo1gu215$vv8AFaILvjK,3$HMG0vJbDxw6O2Wzb$FL5,BOUNDS
2ZOo1gu215$vv8AFaILvjK,09bUgXLWDEo8jPFR_2Dsgm,BOUNDS
1iRXHrXc5FQfzC1YCH4qsR,1JGhw2zk51zAYaF_QLitr9,BOUNDS
1iRXHrXc5FQfzC1YCH4qsR,04n55fjcH7dhzxSRcFV9eu,BOUNDS
1iRXHrXc5FQfzC1YCH4qsR,35ZMaE2hL45QaxEnc01C1z,BOUNDS
1iRXHrXc5FQfzC1YCH4qsR,35ZMaE2hL45QaxEnc01C1_,BOUNDS
1iRXHrXc5FQfzC1YCH4qrP,0398DzNGjBYO1C$VUhMCaV,BOUNDS
1iRXHrXc5FQfzC1YCH4qrP,0398DzNGjBYO1C$VUhMCa6,BOUNDS
1iRXHrXc5FQfzC1YCH4qsR,1TgbqwUwn9te3sgF6st6qI,BOUNDS
1iRXHrXc5FQfzC1YCH4qrP,06tOzssZ9B4QVX5FaMC$RL,BOUNDS
1iRXHrXc5FQfzC1YCH4qrP,0398DzNGjBYO1C$VUhMCaH,BOUNDS
1iRXHrXc5FQfzC1YCH4qrP,0398DzNGjBYO1C$VUhMCaI,BOUNDS
1iRXHrXc5FQfzC1YCH4qrP,0398DzNGjBYO1C$VUhMCaU,BOUNDS
1iRXHrXc5FQfzC1YCH4qrP,0398DzNGjBYO1C$VUhMCaG,BOUNDS
1iRXHrXc5FQfzC1YCH4qrP,06tOzssZ9B4QVX5FaMC$RL,BOUNDS
1iRXHrXc5FQfzC1YCH4qrP,0398DzNGjBYO1C$VUhMCaI,BOUNDS
1iRXHrXc5FQfzC1YCH4qrP,3lPIjeMLjASRxjE6gw6XVn,BOUNDS
1iRXHrXc5FQfzC1YCH4qrP,3lPIjeMLjASRxjE6gw6XVn,BOUNDS
2ZOo1gu215$vv8AFaILvjM,3$HMG0vJbDxw6O2Wzb$FL9,BOUNDS
2ZOo1gu215$vv8AFaILvjM,2nXdvZlq5AgxVReVXAryZ9,BOUNDS
2ZOo1gu215$vv8AFaILvjM,3$HMG0vJbDxw6O2Wzb$FL1,BOUNDS
2ZOo1gu215$vv8AFaILvjM,2nXdvZlq5AgxVReVXAryZ9,BOUNDS
2FQVvBe$n1CB4NJcEruIqj,0398DzNGjBYO1C$VUhMCab,BOUNDS
2FQVvBe$n1CB4NJcEruIqj,0398DzNGjBYO1C$VUhMCaS,BOUNDS
2FQVvBe$n1CB4NJcEruIqj,0398DzNGjBYO1C$VUhMCaS,BOUNDS
2FQVvBe$n1CB4NJcEruIqj,0398DzNGjBYO1C$VUhMCaS,BOUNDS
2ZOo1gu215$vv8AFaILvjM,3$HMG0vJbDxw6O2Wzb$FKr,BOUNDS
2ZOo1gu215$vv8AFaILvjM,3$HMG0vJbDxw6O2Wzb$FNS,BOUNDS
2FQVvBe$n1CB4NJcEruIqj,0398DzNGjBYO1C$VUhMCZY,BOUNDS
2FQVvBe$n1CB4NJcEruIqj,0398DzNGjBYO1C$VUhMCZX,BOUNDS
1iRXHrXc5FQfzC1YCH4qsR,35ZMaE2hL45QaxEnc01C1z,BOUNDS
1iRXHrXc5FQfzC1YCH4qsR,35ZMaE2hL45QaxEnc01C1z,BOUNDS
2FQVvBe$n1CB4NJcEruIq$,3C4heucafBiB2e7fJoxrg3,BOUNDS
2FQVvBe$n1CB4NJcEruIq$,060B0Bfjv7MQEXwwmCVVew,BOUNDS
1MaZTeJV10VBKZZMRjBH3N,0nnwS387j79QdcJSLMxMsl,BOUNDS
1MaZTeJV10VBKZZMRjBH3N,0nnwS387j79QdcJSLMxMWR,BOUNDS
1MaZTeJV10VBKZZMRjBH3N,0nnwS387j79QdcJSLMxMe5,BOUNDS
1MaZTeJV10VBKZZMRjBH3N,0nnwS387j79QdcJSLMxMsI,BOUNDS
1MaZTeJV10VBKZZMRjBH3N,0nnwS387j79QdcJSLMxMtu,BOUNDS
1MaZTeJV10VBKZZMRjBH3f,35BZjy3mH7Ou63rag5Xg_R,BOUNDS
1MaZTeJV10VBKZZMRjBH3N,0nnwS387j79QdcJSLMxMpB,BOUNDS
1MaZTeJV10VBKZZMRjBH3f,3a_D5a$uT0BwpgX2hZIhWU,BOUNDS
1MaZTeJV10VBKZZMRjBH3f,35BZjy3mH7Ou63rag5Xgnc,BOUNDS
1MaZTeJV10VBKZZMRjBH3N,0nnwS387j79QdcJSLMxMl4,BOUNDS
1MaZTeJV10VBKZZMRjBH3f,3a_D5a$uT0BwpgX2hZIhWU,BOUNDS
1MaZTeJV10VBKZZMRjBH3N,0nnwS387j79QdcJSLMxMY0,BOUNDS
1MaZTeJV10VBKZZMRjBH3N,0nnwS387j79QdcJSLMxMe5,BOUNDS
1MaZTeJV10VBKZZMRjBH3f,2bppvmMXDBN8lU5js4GuwF,BOUNDS
1MaZTeJV10VBKZZMRjBH3f,2bppvmMXDBN8lU5js4GuwA,BOUNDS
1MaZTeJV10VBKZZMRjBH3f,2bppvmMXDBN8lU5js4GuwE,BOUNDS
1MaZTeJV10VBKZZMRjBH3N,0nnwS387j79QdcJSLMxMBP,BOUNDS
1MaZTeJV10VBKZZMRjBH3N,0nnwS387j79QdcJSLMxMCJ,BOUNDS
1MaZTeJV10VBKZZMRjBH3N,0nnwS387j79QdcJSLMxMCJ,BOUNDS
1MaZTeJV10VBKZZMRjBH3N,0nnwS387j79QdcJSLMxMCW,BOUNDS
1MaZTeJV10VBKZZMRjBH3N,0nnwS387j79QdcJSLMxM3M,BOUNDS
1MaZTeJV10VBKZZMRjBH3N,0nnwS387j79QdcJSLMxNqr,BOUNDS
1MaZTeJV10VBKZZMRjBH3N,0nnwS387j79QdcJSLMxN$5,BOUNDS
1MaZTeJV10VBKZZMRjBH3N,0nnwS387j79QdcJSLMxN$5,BOUNDS
1MaZTeJV10VBKZZMRjBH3N,0nnwS387j79QdcJSLMxML$,BOUNDS
1MaZTeJV10VBKZZMRjBH3N,0nnwS387j79QdcJSLMxMNZ,BOUNDS
1MaZTeJV10VBKZZMRjBH3N,0nnwS387j79QdcJSLMxMNZ,BOUNDS
1MaZTeJV10VBKZZMRjBH3N,0nnwS387j79QdcJSLMxM8d,BOUNDS
1MaZTeJV10VBKZZMRjBH3N,0nnwS387j79QdcJSLMxM8d,BOUNDS
1MaZTeJV10VBKZZMRjBH3f,3a_D5a$uT0BwpgX2hZIhWU,BOUNDS
1MaZTeJV10VBKZZMRjBH3N,0nnwS387j79QdcJSLMxMqv,BOUNDS
1MaZTeJV10VBKZZMRjBH3f,2bppvmMXDBN8lU5js4Guwm,BOUNDS
1MaZTeJV10VBKZZMRjBH3f,1TgbqwUwn9te3sgF6st6sX,BOUNDS
1MaZTeJV10VBKZZMRjBH3f,2nXdvZlq5AgxVReVXAryYf,BOUNDS
1MaZTeJV10VBKZZMRjBH3f,3$HMG0vJbDxw6O2Wzb$FKz,BOUNDS
1MaZTeJV10VBKZZMRjBH3f,3BXEwjEIv1JPupppyWhAvx,BOUNDS
1MaZTeJV10VBKZZMRjBH3f,3$HMG0vJbDxw6O2Wzb$FLD,BOUNDS
1MaZTeJV10VBKZZMRjBH3f,2bppvmMXDBN8lU5js4GuwC,BOUNDS
1MaZTeJV10VBKZZMRjBH3f,04n55fjcH7dhzxSRcFV9eu,BOUNDS
1MaZTeJV10VBKZZMRjBH3f,3$HMG0vJbDxw6O2Wzb$FL1,BOUNDS
1MaZTeJV10VBKZZMRjBH3f,09bUgXLWDEo8jPFR_2DsjV,BOUNDS
1MaZTeJV10VBKZZMRjBH3f,3$HMG0vJbDxw6O2Wzb$FKr,BOUNDS
1MaZTeJV10VBKZZMRjBH3f,2nXdvZlq5AgxVReVXAryYD,BOUNDS
1MaZTeJV10VBKZZMRjBH3f,2nXdvZlq5AgxVReVXAryYf,BOUNDS
1MaZTeJV10VBKZZMRjBH3f,2nXdvZlq5AgxVReVXAryYD,BOUNDS
1MaZTeJV10VBKZZMRjBH3N,0nnwS387j79QdcJSLMxMRs,BOUNDS
1MaZTeJV10VBKZZMRjBH2H,00gFGeCuDDpBDi0kTgjcuT,BOUNDS
1MaZTeJV10VBKZZMRjBH3N,0nnwS387j79QdcJSLMxMOo,BOUNDS
1MaZTeJV10VBKZZMRjBH3N,0nnwS387j79QdcJSLMxMRs,BOUNDS
1MaZTeJV10VBKZZMRjBH2H,00gFGeCuDDpBDi0kTgjcuW,BOUNDS
1MaZTeJV10VBKZZMRjBH2H,00gFGeCuDDpBDi0kTgjcu9,BOUNDS
1MaZTeJV10VBKZZMRjBH2H,18eJjezLr93eTsB1yzF66F,BOUNDS
1MaZTeJV10VBKZZMRjBH2H,00gFGeCuDDpBDi0kTgjcuU,BOUNDS
1MaZTeJV10VBKZZMRjBH2H,00gFGeCuDDpBDi0kTgjcuC,BOUNDS
1MaZTeJV10VBKZZMRjBH2H,00gFGeCuDDpBDi0kTgjcvl,BOUNDS
1MaZTeJV10VBKZZMRjBH2H,18eJjezLr93eTsB1yzF66b,BOUNDS
1MaZTeJV10VBKZZMRjBH2H,00gFGeCuDDpBDi0kTgjcuA,BOUNDS
1MaZTeJV10VBKZZMRjBH2H,00gFGeCuDDpBDi0kTgjcvo,BOUNDS
1MaZTeJV10VBKZZMRjBH2H,00gFGeCuDDpBDi0kTgjcvV,BOUNDS
1MaZTeJV10VBKZZMRjBH2H,18eJjezLr93eTsB1yzF66n,BOUNDS
1MaZTeJV10VBKZZMRjBH2H,00gFGeCuDDpBDi0kTgjcvm,BOUNDS
1MaZTeJV10VBKZZMRjBH3N,0nnwS387j79QdcJSLMxMGi,BOUNDS
1MaZTeJV10VBKZZMRjBH3N,0nnwS387j79QdcJSLMxMBP,BOUNDS
1MaZTeJV10VBKZZMRjBH3N,0nnwS387j79QdcJSLMxMAM,BOUNDS
1MaZTeJV10VBKZZMRjBH3N,0nnwS387j79QdcJSLMxMAM,BOUNDS
1MaZTeJV10VBKZZMRjBH3N,0nnwS387j79QdcJSLMxMLN,BOUNDS
1MaZTeJV10VBKZZMRjBH3N,0nnwS387j79QdcJSLMxMGi,BOUNDS
1MaZTeJV10VBKZZMRjBH3N,0nnwS387j79QdcJSLMxMHj,BOUNDS
1MaZTeJV10VBKZZMRjBH3N,0nnwS387j79QdcJSLMxMVt,BOUNDS
1MaZTeJV10VBKZZMRjBH3N,0nnwS387j79QdcJSLMxMbY,BOUNDS
1MaZTeJV10VBKZZMRjBH3N,0nnwS387j79QdcJSLMxMLN,BOUNDS
1MaZTeJV10VBKZZMRjBH3N,0nnwS387j79QdcJSLMxML$,BOUNDS
1MaZTeJV10VBKZZMRjBH3N,0nnwS387j79QdcJSLMxMHj,BOUNDS
1MaZTeJV10VBKZZMRjBH3N,0nnwS387j79QdcJSLMxMOo,BOUNDS
1MaZTeJV10VBKZZMRjBH3N,0nnwS387j79QdcJSLMxMda,BOUNDS
1MaZTeJV10VBKZZMRjBH3N,0nnwS387j79QdcJSLMxMda,BOUNDS
1MaZTeJV10VBKZZMRjBH3N,0nnwS387j79QdcJSLMxMbY,BOUNDS
1MaZTeJV10VBKZZMRjBH2H,09bUgXLWDEo8jPFR_2Dsj0,BOUNDS
1MaZTeJV10VBKZZMRjBH2H,04n55fjcH7dhzxSRcFV9eu,BOUNDS
1MaZTeJV10VBKZZMRjBH2H,2jzBBNhz9A2gVReR_XMj7I,BOUNDS
1MaZTeJV10VBKZZMRjBH2H,09bUgXLWDEo8jPFR_2Dsj0,BOUNDS
1MaZTeJV10VBKZZMRjBH2H,3BBTcuoz10GhJAt6rTDW20,BOUNDS
1MaZTeJV10VBKZZMRjBH2H,3BBTcuoz10GhJAt6rTDW33,BOUNDS
1MaZTeJV10VBKZZMRjBH2H,1EKlTSJ$L9JAy5UDUCbg7h,BOUNDS
1MaZTeJV10VBKZZMRjBH2H,1EKlTSJ$L9JAy5UDUCbgx6,BOUNDS
1MaZTeJV10VBKZZMRjBH2H,06tOzssZ9B4QVX5FaMC$RL,BOUNDS
1MaZTeJV10VBKZZMRjBH2H,1EKlTSJ$L9JAy5UDUCbgx7,BOUNDS
1MaZTeJV10VBKZZMRjBH2H,2bppvmMXDBN8lU5js4Guw9,BOUNDS
1MaZTeJV10VBKZZMRjBH2H,06tOzssZ9B4QVX5FaMC$RL,BOUNDS
1MaZTeJV10VBKZZMRjBH3N,04n55fjcH7dhzxSRcFV9eu,BOUNDS
1MaZTeJV10VBKZZMRjBH3N,04n55fjcH7dhzxSRcFV9eu,BOUNDS
1MaZTeJV10VBKZZMRjBH2H,1EKlTSJ$L9JAy5UDUCbgx8,BOUNDS
1MaZTeJV10VBKZZMRjBH3N,0nnwS387j79QdcJSLMxN$5,BOUNDS
1MaZTeJV10VBKZZMRjBH3N,04n55fjcH7dhzxSRcFV9eu,BOUNDS
1MaZTeJV10VBKZZMRjBH3N,1EKlTSJ$L9JAy5UDUCbg6w,BOUNDS
1MaZTeJV10VBKZZMRjBH3N,18eJjezLr93eTsB1yzF61M,BOUNDS
1MaZTeJV10VBKZZMRjBH3N,1EKlTSJ$L9JAy5UDUCbg6x,BOUNDS
1MaZTeJV10VBKZZMRjBH3N,1bKDksX1DBeBEUOB8Ab1e3,BOUNDS
1MaZTeJV10VBKZZMRjBH3N,1bKDksX1DBeBEUOB8Ab1eD,BOUNDS
1MaZTeJV10VBKZZMRjBH3N,3CUxCJXNrFtfM$eGhHbEso,BOUNDS
1MaZTeJV10VBKZZMRjBH3N,3CUxCJXNrFtfM$eGhHbEso,BOUNDS
1MaZTeJV10VBKZZMRjBH3N,1TgbqwUwn9te3sgF6st6sX,BOUNDS
1MaZTeJV10VBKZZMRjBH3N,1guDAeN0H0zPlf9ZUQ7YE5,BOUNDS
1MaZTeJV10VBKZZMRjBH3N,1guDAeN0H0zPlf9ZUQ7YEi,BOUNDS
1MaZTeJV10VBKZZMRjBH3N,1guDAeN0H0zPlf9ZUQ7YE5,BOUNDS
1MaZTeJV10VBKZZMRjBH2H,18eJjezLr93eTsB1yzF67B,BOUNDS
1MaZTeJV10VBKZZMRjBH2H,00gFGeCuDDpBDi0kTgjcvW,BOUNDS
1MaZTeJV10VBKZZMRjBH2H,00gFGeCuDDpBDi0kTgjcvY,BOUNDS
1MaZTeJV10VBKZZMRjBH2H,18eJjezLr93eTsB1yzF67R,BOUNDS
1I10rsHIz5$B_ZHui$pZJF,0JbEz78eH66xiX7_3phdoU,BOUNDS
1I10rsHIz5$B_ZHui$pZJF,1R9cOIVzf4CuOKv7e$chB3,BOUNDS
1I10rsHIz5$B_ZHui$pZJF,1R9cOIVzf4CuOKv7e$chBs,BOUNDS
1I10rsHIz5$B_ZHui$pZJF,1R9cOIVzf4CuOKv7e$chBt,BOUNDS
1I10rsHIz5$B_ZHui$pZJF,0SSMA7xXn3qB0jVaBW7obI,BOUNDS
1I10rsHIz5$B_ZHui$pZJF,1R9cOIVzf4CuOKv7e$chKs,BOUNDS
1I10rsHIz5$B_ZHui$pZJF,1R9cOIVzf4CuOKv7e$chB2,BOUNDS
1I10rsHIz5$B_ZHui$pZJF,1R9cOIVzf4CuOKv7e$chB9,BOUNDS
1I10rsHIz5$B_ZHui$pZJF,1R9cOIVzf4CuOKv7e$chBA,BOUNDS
1I10rsHIz5$B_ZHui$pZJF,2z3rj012v9q96gCOMDHlDF,BOUNDS
1I10rsHIz5$B_ZHui$pZJF,2z3rj012v9q96gCOMDHlDF,BOUNDS
1I10rsHIz5$B_ZHui$pZJF,2z3rj012v9q96gCOMDHlDF,BOUNDS
1I10rsHIz5$B_ZHui$pZJF,1R9cOIVzf4CuOKv7e$chKr,BOUNDS
1MaZTeJV10VBKZZMRjBH2H,00gFGeCuDDpBDi0kTgjcup,BOUNDS
1MaZTeJV10VBKZZMRjBH2H,1EKlTSJ$L9JAy5UDUCbg4c,BOUNDS
1MaZTeJV10VBKZZMRjBH2H,00gFGeCuDDpBDi0kTgjcuq,BOUNDS
1MaZTeJV10VBKZZMRjBH2H,0LdvcneY51qvcThC5EYMo7,BOUNDS
1MaZTeJV10VBKZZMRjBH2H,00gFGeCuDDpBDi0kTgjcus,BOUNDS
1MaZTeJV10VBKZZMRjBH2H,18eJjezLr93eTsB1yzF633,BOUNDS
1MaZTeJV10VBKZZMRjBH2H,04n55fjcH7dhzxSRcFV9eu,BOUNDS
1MaZTeJV10VBKZZMRjBH2H,1EKlTSJ$L9JAy5UDUCbg4q,BOUNDS
1MaZTeJV10VBKZZMRjBH2H,1EKlTSJ$L9JAy5UDUCbg4f,BOUNDS
1MaZTeJV10VBKZZMRjBH2H,1EKlTSJ$L9JAy5UDUCbg4r,BOUNDS
1MaZTeJV10VBKZZMRjBH2H,01JMyLiAX6vOKsRWa6DbE7,BOUNDS
1MaZTeJV10VBKZZMRjBH2H,1EKlTSJ$L9JAy5UDUCbg4U,BOUNDS
1MaZTeJV10VBKZZMRjBH2H,18eJjezLr93eTsB1yzF63S,BOUNDS
1MaZTeJV10VBKZZMRjBH2H,04n55fjcH7dhzxSRcFV9eu,BOUNDS
1MaZTeJV10VBKZZMRjBH2H,2jzBBNhz9A2gVReR_XMj7L,BOUNDS
1MaZTeJV10VBKZZMRjBH2H,18eJjezLr93eTsB1yzF601,BOUNDS
1MaZTeJV10VBKZZMRjBH2H,04n55fjcH7dhzxSRcFV9eu,BOUNDS
1MaZTeJV10VBKZZMRjBH2H,2jzBBNhz9A2gVReR_XMj7D,BOUNDS
1MaZTeJV10VBKZZMRjBH2H,2jzBBNhz9A2gVReR_XMj7J,BOUNDS
1I10rsHIz5$B_ZHui$pZJF,1KphmnYeX1wPLhP_co5IkF,BOUNDS
1I10rsHIz5$B_ZHui$pZJF,1KphmnYeX1wPLhP_co5Ijc,BOUNDS
1I10rsHIz5$B_ZHui$pZJF,1KphmnYeX1wPLhP_co5IkB,BOUNDS
1I10rsHIz5$B_ZHui$pZJF,1KphmnYeX1wPLhP_co5IkC,BOUNDS
1I10rsHIz5$B_ZHui$pZJF,1KphmnYeX1wPLhP_co5Iks,BOUNDS
1I10rsHIz5$B_ZHui$pZJF,1KphmnYeX1wPLhP_co5Ik8,BOUNDS
1I10rsHIz5$B_ZHui$pZJF,1KphmnYeX1wPLhP_co5Iko,BOUNDS
1I10rsHIz5$B_ZHui$pZJF,1KphmnYeX1wPLhP_co5Ikt,BOUNDS
1I10rsHIz5$B_ZHui$pZJF,2z3rj012v9q96gCOMDHlDI,BOUNDS
1I10rsHIz5$B_ZHui$pZJF,2z3rj012v9q96gCOMDHlDF,BOUNDS
1I10rsHIz5$B_ZHui$pZJF,1KphmnYeX1wPLhP_co5Iju,BOUNDS
1I10rsHIz5$B_ZHui$pZJF,3UC5WPlR19_QhAecJj3azE,BOUNDS
1I10rsHIz5$B_ZHui$pZJF,1KphmnYeX1wPLhP_co5Ijb,BOUNDS
1I10rsHIz5$B_ZHui$pZJF,1KphmnYeX1wPLhP_co5Ijv,BOUNDS
1I10rsHIz5$B_ZHui$pZJF,1KphmnYeX1wPLhP_co5IjX,BOUNDS
1I10rsHIz5$B_ZHui$pZJF,1KphmnYeX1wPLhP_co5Ijg,BOUNDS
1I10rsHIz5$B_ZHui$pZJ2,1EKlTSJ$L9JAy5UDUCbgx7,BOUNDS
1I10rsHIz5$B_ZHui$pZJ2,3lPIjeMLjASRxjE6gw6XVo,BOUNDS
1I10rsHIz5$B_ZHui$pZJ2,06tOzssZ9B4QVX5FaMC$RL,BOUNDS
1I10rsHIz5$B_ZHui$pZJ2,2C7n8d7DjA3edRpqbk2bpL,BOUNDS
1I10rsHIz5$B_ZHui$pZJ2,2PuOp$wd11tRXeQ_6Bd_xe,BOUNDS
1I10rsHIz5$B_ZHui$pZJ2,2z3rj012v9q96gCOMDHlDI,BOUNDS
1I10rsHIz5$B_ZHui$pZJ2,2C7n8d7DjA3edRpqbk2bpL,BOUNDS
1I10rsHIz5$B_ZHui$pZJF,2z3rj012v9q96gCOMDHlDF,BOUNDS
1I10rsHIz5$B_ZHui$pZJF,0bcw6hwr1EsgLnukViOupW,BOUNDS
1I10rsHIz5$B_ZHui$pZJF,16WH2c66f1ZwI6kV4BBzel,BOUNDS
1I10rsHIz5$B_ZHui$pZJF,1rDM5HpvP4ThPwnd64mZcH,BOUNDS
1I10rsHIz5$B_ZHui$pZJ2,3lPIjeMLjASRxjE6gw6XVn,BOUNDS
1I10rsHIz5$B_ZHui$pZJ2,3lPIjeMLjASRxjE6gw6XVn,BOUNDS
1I10rsHIz5$B_ZHui$pZJ2,3lPIjeMLjASRxjE6gw6XVz,BOUNDS
1I10rsHIz5$B_ZHui$pZJ2,3lPIjeMLjASRxjE6gw6XVn,BOUNDS
1I10rsHIz5$B_ZHui$pZJ2,06tOzssZ9B4QVX5FaMC$RL,BOUNDS
3MO7oUTdv89xH6_DEUW_2g,0aX2uluGb2GQyEpkDXhTW4,BOUNDS
1I10rsHIz5$B_ZHui$pZJF,3Eu$goOtv6o8s1IWTf0Civ,BOUNDS
3MO7oUTdv89xH6_DEUW_2f,3Zuv4FmtL8ewTAegmGWcBd,BOUNDS
3MO7oUTdv89xH6_DEUW_2f,3Zuv4FmtL8ewTAegmGWcA6,BOUNDS
3MO7oUTdv89xH6_DEUW_2g,3Zuv4FmtL8ewTAegmGWcBa,BOUNDS
3MO7oUTdv89xH6_DEUW_2g,3Zuv4FmtL8ewTAegmGWcA6,BOUNDS
3MO7oUTdv89xH6_DEUW_2g,3Zuv4FmtL8ewTAegmGWcBb,BOUNDS
3MO7oUTdv89xH6_DEUW_2g,3Zuv4FmtL8ewTAegmGWcBd,BOUNDS
3MO7oUTdv89xH6_DEUW_2g,1SuLJzh5b6ARNbjye$EeVY,BOUNDS
1I10rsHIz5$B_ZHui$pZJF,1KphmnYeX1wPLhP_co5Ijy,BOUNDS
1I10rsHIz5$B_ZHui$pZJF,1KphmnYeX1wPLhP_co5Ijz,BOUNDS
1I10rsHIz5$B_ZHui$pZJF,1KphmnYeX1wPLhP_co5IjM,BOUNDS
3MO7oUTdv89xH6_DEUW_2f,3Zuv4FmtL8ewTAegmGWcBb,BOUNDS
3MO7oUTdv89xH6_DEUW_2f,3Zuv4FmtL8ewTAegmGWcBa,BOUNDS
3MO7oUTdv89xH6_DEUW_2f,0aX2uluGb2GQyEpkDXhTW4,BOUNDS
3MO7oUTdv89xH6_DEUW_2f,3HH_40A5rDWe0kwd_jn8_z,BOUNDS
1I10rsHIz5$B_ZHui$pZJF,3SlEueal9DSQhY_7NTi8iI,BOUNDS
1I10rsHIz5$B_ZHui$pZJF,2_I6awnorByf_4S_s3z81y,BOUNDS
1I10rsHIz5$B_ZHui$pZJF,0JbEz78eH66xiX7_3phdoU,BOUNDS
1I10rsHIz5$B_ZHui$pZJF,3SlEueal9DSQhY_7NTi8i$,BOUNDS
1I10rsHIz5$B_ZHui$pZJF,1KphmnYeX1wPLhP_co5IjQ,BOUNDS
1I10rsHIz5$B_ZHui$pZJF,1KphmnYeX1wPLhP_co5IjN,BOUNDS
1I10rsHIz5$B_ZHui$pZJF,2_I6awnorByf_4S_s3z8nd,BOUNDS
1I10rsHIz5$B_ZHui$pZJF,1KphmnYeX1wPLhP_co5IjR,BOUNDS
1I10rsHIz5$B_ZHui$pZJF,0Wm9OiXjPApAk3HmKSLtdZ,BOUNDS
1I10rsHIz5$B_ZHui$pZJF,32GYtfjCb4L8sUbhGE5GzZ,BOUNDS
1I10rsHIz5$B_ZHui$pZJF,1KphmnYeX1wPLhP_co5Ikp,BOUNDS
1I10rsHIz5$B_ZHui$pZJF,0Wm9OiXjPApAk3HmKSLto3,BOUNDS
1I10rsHIz5$B_ZHui$pZJF,32GYtfjCb4L8sUbhGE5GzZ,BOUNDS
1I10rsHIz5$B_ZHui$pZJF,0bcw6hwr1EsgLnukViOupW,BOUNDS
1I10rsHIz5$B_ZHui$pZJF,0bcw6hwr1EsgLnukViOupW,BOUNDS
1I10rsHIz5$B_ZHui$pZJF,0JbEz78eH66xiX7_3phdoU,BOUNDS
23g_xwgnbBFPpY7SDLzbqX,1KphmnYeX1wPLhP_co5Ijx,BOUNDS
23g_xwgnbBFPpY7SDLzbqX,1KphmnYeX1wPLhP_co5Ijw,BOUNDS
23g_xwgnbBFPpY7SDLzbqX,1KphmnYeX1wPLhP_co5Ijg,BOUNDS
23g_xwgnbBFPpY7SDLzbqX,1KphmnYeX1wPLhP_co5Ijb,BOUNDS
23g_xwgnbBFPpY7SDLzbqX,2yMGZYWe52bPtRRTVguexy,BOUNDS
23g_xwgnbBFPpY7SDLzbqX,2yMGZYWe52bPtRRTVguexy,BOUNDS
23g_xwgnbBFPpY7SDLzbqX,2yMGZYWe52bPtRRTVguebK,BOUNDS
23g_xwgnbBFPpY7SDLzbqX,2yMGZYWe52bPtRRTVguexy,BOUNDS
23g_xwgnbBFPpY7SDLzbqX,1KphmnYeX1wPLhP_co5IjL,BOUNDS
23g_xwgnbBFPpY7SDLzbqX,1KphmnYeX1wPLhP_co5IjK,BOUNDS
23g_xwgnbBFPpY7SDLzbqX,1KphmnYeX1wPLhP_co5IjH,BOUNDS
23g_xwgnbBFPpY7SDLzbqX,1KphmnYeX1wPLhP_co5IjG,BOUNDS
23g_xwgnbBFPpY7SDLzbqX,1KphmnYeX1wPLhP_co5Ija,BOUNDS
23g_xwgnbBFPpY7SDLzbqX,1KphmnYeX1wPLhP_co5Ijd,BOUNDS
23g_xwgnbBFPpY7SDLzbqX,1KphmnYeX1wPLhP_co5IjW,BOUNDS
23g_xwgnbBFPpY7SDLzbqX,1KphmnYeX1wPLhP_co5IjZ,BOUNDS
1cVCCHe_j7CBa4QCkpVfQa,3Zuv4FmtL8ewTAegmGWcBa,BOUNDS
1cVCCHe_j7CBa4QCkpVfQa,3Zuv4FmtL8ewTAegmGWcAV,BOUNDS
1cVCCHe_j7CBa4QCkpVfQa,1Tioc81YzCVBVYqgHH2lRU,BOUNDS
1cVCCHe_j7CBa4QCkpVfQa,3Zuv4FmtL8ewTAegmGWcBa,BOUNDS
23g_xwgnbBFPpY7SDLzbqX,1KphmnYeX1wPLhP_co5Ijy,BOUNDS
23g_xwgnbBFPpY7SDLzbqX,1KphmnYeX1wPLhP_co5Ijz,BOUNDS
23g_xwgnbBFPpY7SDLzbqX,1KphmnYeX1wPLhP_co5Ij_,BOUNDS
23g_xwgnbBFPpY7SDLzbqX,1KphmnYeX1wPLhP_co5Ij$,BOUNDS
1cVCCHe_j7CBa4QCkpVfQa,09bUgXLWDEo8jPFR_2Dsj0,BOUNDS
1cVCCHe_j7CBa4QCkpVfQa,04n55fjcH7dhzxSRcFV9eu,BOUNDS
1cVCCHe_j7CBa4QCkpVfQa,3hFGz1ca19_81uD2zqZyzH,BOUNDS
1cVCCHe_j7CBa4QCkpVfQa,1XsNKwd8n4rRcpiSOYwpzF,BOUNDS
1cVCCHe_j7CBa4QCkpVfQa,04n55fjcH7dhzxSRcFV9eu,BOUNDS
1cVCCHe_j7CBa4QCkpVfQa,2k9muJ4Z94Z9EHxN$Zq4ZB,BOUNDS
1cVCCHe_j7CBa4QCkpVfQa,04n55fjcH7dhzxSRcFV9eu,BOUNDS
1cVCCHe_j7CBa4QCkpVfQa,04n55fjcH7dhzxSRcFV9eu,BOUNDS
1cVCCHe_j7CBa4QCkpVfQa,1kokklh8z3xfTNXU5MoGmC,BOUNDS
1cVCCHe_j7CBa4QCkpVfQa,1kokklh8z3xfTNXU5MoGmF,BOUNDS
1cVCCHe_j7CBa4QCkpVfQa,1kokklh8z3xfTNXU5MoGmD,BOUNDS
1cVCCHe_j7CBa4QCkpVfQa,04n55fjcH7dhzxSRcFV9eu,BOUNDS
1cVCCHe_j7CBa4QCkpVfQa,2bppvmMXDBN8lU5js4GuwC,BOUNDS
1cVCCHe_j7CBa4QCkpVfQa,04n55fjcH7dhzxSRcFV9eu,BOUNDS
1cVCCHe_j7CBa4QCkpVfQa,3hFGz1ca19_81uD2zqZyzH,BOUNDS
1cVCCHe_j7CBa4QCkpVfQa,3hFGz1ca19_81uD2zqZyzH,BOUNDS
1cVCCHe_j7CBa4QCkpVfQd,3Zuv4FmtL8ewTAegmGWcAT,BOUNDS
1cVCCHe_j7CBa4QCkpVfQd,3Zuv4FmtL8ewTAegmGWcAQ,BOUNDS
1cVCCHe_j7CBa4QCkpVfQd,3Zuv4FmtL8ewTAegmGWcAQ,BOUNDS
1cVCCHe_j7CBa4QCkpVfQd,3Zuv4FmtL8ewTAegmGWcBd,BOUNDS
1cVCCHe_j7CBa4QCkpVfQd,1Tioc81YzCVBVYqgHH2lRU,BOUNDS
1cVCCHe_j7CBa4QCkpVfQd,2el2Ss8KnBoBAjHFJRzbMq,BOUNDS
1cVCCHe_j7CBa4QCkpVfQa,1kokklh8z3xfTNXU5MoGmB,BOUNDS
1cVCCHe_j7CBa4QCkpVfQa,1kokklh8z3xfTNXU5MoGmF,BOUNDS
1cVCCHe_j7CBa4QCkpVfQY,3Zuv4FmtL8ewTAegmGWcBb,BOUNDS
1cVCCHe_j7CBa4QCkpVfQY,3Zuv4FmtL8ewTAegmGWcBa,BOUNDS
1cVCCHe_j7CBa4QCkpVfQY,3Zuv4FmtL8ewTAegmGWcAu,BOUNDS
1cVCCHe_j7CBa4QCkpVfQY,3Zuv4FmtL8ewTAegmGWcBb,BOUNDS
1cVCCHe_j7CBa4QCkpVfQY,1Tioc81YzCVBVYqgHH2lRU,BOUNDS
1cVCCHe_j7CBa4QCkpVfQY,2k9muJ4Z94Z9EHxN$Zq4Z8,BOUNDS
1cVCCHe_j7CBa4QCkpVfQd,3Zuv4FmtL8ewTAegmGWcAS,BOUNDS
1cVCCHe_j7CBa4QCkpVfQY,2el2Ss8KnBoBAjHFJRzbMq,BOUNDS
1mKrlPBGX2UhspE3Qazn0g,3CUxCJXNrFtfM$eGhHbEsm,BOUNDS
1mKrlPBGX2UhspE3Qazn0g,3CUxCJXNrFtfM$eGhHbEsn,BOUNDS
1mKrlPBGX2UhspE3Qazn0g,3CUxCJXNrFtfM$eGhHbEt3,BOUNDS
1mKrlPBGX2UhspE3Qazn0g,3CUxCJXNrFtfM$eGhHbEt5,BOUNDS
1mKrlPBGX2UhspE3Qazn0g,2el2Ss8KnBoBAjHFJRzbNQ,BOUNDS
1cVCCHe_j7CBa4QCkpVfQY,3Zuv4FmtL8ewTAegmGWcBd,BOUNDS
1mKrlPBGX2UhspE3Qazn0g,3CUxCJXNrFtfM$eGhHbEtA,BOUNDS
1mKrlPBGX2UhspE3Qazn0g,3CUxCJXNrFtfM$eGhHbEso,BOUNDS
1mKrlPBGX2UhspE3Qazn0g,3CUxCJXNrFtfM$eGhHbEsx,BOUNDS
1mKrlPBGX2UhspE3Qazn0g,2mZcaJUPzFYPoM_CVS59lZ,BOUNDS
1mKrlPBGX2UhspE3Qazn0g,3CUxCJXNrFtfM$eGhHbEsu,BOUNDS
1mKrlPBGX2UhspE3Qazn0g,3CUxCJXNrFtfM$eGhHbEt2,BOUNDS
1mKrlPBGX2UhspE3Qazn0g,2mZcaJUPzFYPoM_CVS59lZ,BOUNDS
1mKrlPBGX2UhspE3Qazn0g,2mZcaJUPzFYPoM_CVS59lZ,BOUNDS
1mKrlPBGX2UhspE3Qazn0g,2mZcaJUPzFYPoM_CVS59lZ,BOUNDS
1mKrlPBGX2UhspE3Qazn0g,2mZcaJUPzFYPoM_CVS59lZ,BOUNDS
1mKrlPBGX2UhspE3Qazn0g,2k9muJ4Z94Z9EHxN$Zq5nE,BOUNDS
1mKrlPBGX2UhspE3Qazn0g,3CMDx_A410oenEM5GW4Ze6,BOUNDS
1mKrlPBGX2UhspE3Qazn0g,2mZcaJUPzFYPoM_CVS59lX,BOUNDS
1mKrlPBGX2UhspE3Qazn0g,2mZcaJUPzFYPoM_CVS59lW,BOUNDS
1mKrlPBGX2UhspE3Qazn0g,3Zuv4FmtL8ewTAegmGWcAS,BOUNDS
1mKrlPBGX2UhspE3Qazn0g,2k9muJ4Z94Z9EHxN$Zq4Z2,BOUNDS
1mKrlPBGX2UhspE3Qazn0g,2k9muJ4Z94Z9EHxN$Zq4ZD,BOUNDS
1mKrlPBGX2UhspE3Qazn0g,1Tioc81YzCVBVYqgHH2lRU,BOUNDS
1mKrlPBGX2UhspE3Qazn0g,3Zuv4FmtL8ewTAegmGWcBb,BOUNDS
1mKrlPBGX2UhspE3Qazn0g,3Zuv4FmtL8ewTAegmGWcAx,BOUNDS
1mKrlPBGX2UhspE3Qazn0g,3Zuv4FmtL8ewTAegmGWcAT,BOUNDS
1mKrlPBGX2UhspE3Qazn0g,3Zuv4FmtL8ewTAegmGWcAQ,BOUNDS
1I10rsHIz5$B_ZHui$pZJV,1Tioc81YzCVBVYqgHH2lRU,BOUNDS
1I10rsHIz5$B_ZHui$pZJO,04n55fjcH7dhzxSRcFV9eu,BOUNDS
1I10rsHIz5$B_ZHui$pZJV,3Zuv4FmtL8ewTAegmGWcBb,BOUNDS
1I10rsHIz5$B_ZHui$pZJV,3Zuv4FmtL8ewTAegmGWcBa,BOUNDS
1I10rsHIz5$B_ZHui$pZJO,04n55fjcH7dhzxSRcFV9eu,BOUNDS
1I10rsHIz5$B_ZHui$pZJO,04n55fjcH7dhzxSRcFV9eu,BOUNDS
1I10rsHIz5$B_ZHui$pZJO,04n55fjcH7dhzxSRcFV9eu,BOUNDS
1I10rsHIz5$B_ZHui$pZJO,04n55fjcH7dhzxSRcFV9eu,BOUNDS
1I10rsHIz5$B_ZHui$pZJI,3$HMG0vJbDxw6O2Wzb$FL5,BOUNDS
1I10rsHIz5$B_ZHui$pZJI,3$HMG0vJbDxw6O2Wzb$FKv,BOUNDS
1I10rsHIz5$B_ZHui$pZJI,3$HMG0vJbDxw6O2Wzb$FL9,BOUNDS
1I10rsHIz5$B_ZHui$pZJI,3$HMG0vJbDxw6O2Wzb$FL5,BOUNDS
1I10rsHIz5$B_ZHui$pZJI,3$HMG0vJbDxw6O2Wzb$FKz,BOUNDS
1I10rsHIz5$B_ZHui$pZJI,2nXdvZlq5AgxVReVXAryYR,BOUNDS
1I10rsHIz5$B_ZHui$pZJV,3Zuv4FmtL8ewTAegmGWcAv,BOUNDS
1I10rsHIz5$B_ZHui$pZJV,3Zuv4FmtL8ewTAegmGWcBd,BOUNDS
1I10rsHIz5$B_ZHui$pZJH,3$HMG0vJbDxw6O2Wzb$FL9,BOUNDS
1I10rsHIz5$B_ZHui$pZJH,2nXdvZlq5AgxVReVXAryXc,BOUNDS
1I10rsHIz5$B_ZHui$pZJH,3$HMG0vJbDxw6O2Wzb$FL1,BOUNDS
1I10rsHIz5$B_ZHui$pZJH,2nXdvZlq5AgxVReVXAryXc,BOUNDS
1I10rsHIz5$B_ZHui$pZJH,3$HMG0vJbDxw6O2Wzb$FKr,BOUNDS
1I10rsHIz5$B_ZHui$pZJH,3$HMG0vJbDxw6O2Wzb$FNS,BOUNDS
1I10rsHIz5$B_ZHui$pZJI,2nXdvZlq5AgxVReVXAryYR,BOUNDS
1I10rsHIz5$B_ZHui$pZJI,3$HMG0vJbDxw6O2Wzb$FLD,BOUNDS
1I10rsHIz5$B_ZHui$pZGq,1JGhw2zk51zAYaF_QLitr9,BOUNDS
1I10rsHIz5$B_ZHui$pZGq,1JGhw2zk51zAYaF_QLitr9,BOUNDS
1I10rsHIz5$B_ZHui$pZGq,17gyA8FDf8qgd0EnCneT$R,BOUNDS
1I10rsHIz5$B_ZHui$pZGq,1JGhw2zk51zAYaF_QLitr9,BOUNDS
1I10rsHIz5$B_ZHui$pZGq,03LEYIvL5779O95R2v9s7K,BOUNDS
1I10rsHIz5$B_ZHui$pZGq,03LEYIvL5779O95R2v9s7z,BOUNDS
1I10rsHIz5$B_ZHui$pZJH,3$HMG0vJbDxw6O2Wzb$FKn,BOUNDS
1I10rsHIz5$B_ZHui$pZJH,3$HMG0vJbDxw6O2Wzb$FKn,BOUNDS
1I10rsHIz5$B_ZHui$pZGq,23KOJOC8r34gdJLN2sXEKj,BOUNDS
1I10rsHIz5$B_ZHui$pZGq,23KOJOC8r34gdJLN2sXEKj,BOUNDS
1cVCCHe_j7CBa4QCkpVfQa,3CUxCJXNrFtfM$eGhHbEso,BOUNDS
1cVCCHe_j7CBa4QCkpVfQa,2el2Ss8KnBoBAjHFJRzbMq,BOUNDS
1I10rsHIz5$B_ZHui$pZGq,1JGhw2zk51zAYaF_QLitr9,BOUNDS
1I10rsHIz5$B_ZHui$pZGq,17gyA8FDf8qgd0EnCneTjh,BOUNDS
1I10rsHIz5$B_ZHui$pZGq,23KOJOC8r34gdJLN2sXEKj,BOUNDS
1I10rsHIz5$B_ZHui$pZGq,17gyA8FDf8qgd0EnCneTjh,BOUNDS
1cVCCHe_j7CBa4QCkpVfQa,2Ov2FJ$f94rOTYhqOs0a_Q,BOUNDS
1cVCCHe_j7CBa4QCkpVfQa,3CUxCJXNrFtfM$eGhHbEsx,BOUNDS
1cVCCHe_j7CBa4QCkpVfQa,2Ov2FJ$f94rOTYhqOs0a_Q,BOUNDS
1cVCCHe_j7CBa4QCkpVfQa,2Ov2FJ$f94rOTYhqOs0a_Q,BOUNDS
1cVCCHe_j7CBa4QCkpVfQa,3Zuv4FmtL8ewTAegmGWcAR,BOUNDS
1cVCCHe_j7CBa4QCkpVfQa,3Zuv4FmtL8ewTAegmGWcAO,BOUNDS
1cVCCHe_j7CBa4QCkpVfQa,3Zuv4FmtL8ewTAegmGWcBb,BOUNDS
1cVCCHe_j7CBa4QCkpVfQa,3Zuv4FmtL8ewTAegmGWcAu,BOUNDS
1cVCCHe_j7CBa4QCkpVfQa,2Ov2FJ$f94rOTYhqOs0a_P,BOUNDS
1cVCCHe_j7CBa4QCkpVfQa,2Ov2FJ$f94rOTYhqOs0a_O,BOUNDS
1cVCCHe_j7CBa4QCkpVfQa,2Ov2FJ$f94rOTYhqOs0a_Q,BOUNDS
1cVCCHe_j7CBa4QCkpVfQa,2Ov2FJ$f94rOTYhqOs0a_Q,BOUNDS
1cVCCHe_j7CBa4QCkpVfQa,1Tioc81YzCVBVYqgHH2lRU,BOUNDS
1cVCCHe_j7CBa4QCkpVfQa,2k9muJ4Z94Z9EHxN$Zq4Z9,BOUNDS
1cVCCHe_j7CBa4QCkpVfQa,3CMDx_A410oenEM5GW4ZcP,BOUNDS
1cVCCHe_j7CBa4QCkpVfQa,2k9muJ4Z94Z9EHxN$Zq5nE,BOUNDS
1cVCCHe_j7CBa4QCkpVfQa,3CUxCJXNrFtfM$eGhHbEsu,BOUNDS
1cVCCHe_j7CBa4QCkpVfQa,3CUxCJXNrFtfM$eGhHbEsm,BOUNDS
1cVCCHe_j7CBa4QCkpVfQa,3CUxCJXNrFtfM$eGhHbEsn,BOUNDS
1cVCCHe_j7CBa4QCkpVfQa,3CUxCJXNrFtfM$eGhHbEtA,BOUNDS
1cVCCHe_j7CBa4QCkpVfQa,3Zuv4FmtL8ewTAegmGWcAQ,BOUNDS
1cVCCHe_j7CBa4QCkpVfQa,3Zuv4FmtL8ewTAegmGWcAT,BOUNDS
1cVCCHe_j7CBa4QCkpVfQa,3Zuv4FmtL8ewTAegmGWcAS,BOUNDS
1cVCCHe_j7CBa4QCkpVfQa,2k9muJ4Z94Z9EHxN$Zq4ZE,BOUNDS
1mKrlPBGX2UhspE3Qazn0g,2bppvmMXDBN8lU5js4GuwC,BOUNDS
1mKrlPBGX2UhspE3Qazn0g,04n55fjcH7dhzxSRcFV9eu,BOUNDS
1mKrlPBGX2UhspE3Qazn0g,09bUgXLWDEo8jPFR_2Dsj0,BOUNDS
1mKrlPBGX2UhspE3Qazn0g,1XsNKwd8n4rRcpiSOYwpzF,BOUNDS
1mKrlPBGX2UhspE3Qazn0g,04n55fjcH7dhzxSRcFV9eu,BOUNDS
1mKrlPBGX2UhspE3Qazn0g,2AtGkhGiLE9wSVrFZfJTBL,BOUNDS
1mKrlPBGX2UhspE3Qazmuk,3Zuv4FmtL8ewTAegmGWcAx,BOUNDS
1mKrlPBGX2UhspE3Qazmuk,3Zuv4FmtL8ewTAegmGWcBd,BOUNDS
1mKrlPBGX2UhspE3Qazmuk,3Zuv4FmtL8ewTAegmGWcBb,BOUNDS
1mKrlPBGX2UhspE3Qazmuk,3Zuv4FmtL8ewTAegmGWcBb,BOUNDS
1mKrlPBGX2UhspE3Qazn0g,3Zuv4FmtL8ewTAegmGWcAO,BOUNDS
1mKrlPBGX2UhspE3Qazn0g,3Zuv4FmtL8ewTAegmGWcAR,BOUNDS
1mKrlPBGX2UhspE3Qazmuh,2el2Ss8KnBoBAjHFJRzbNQ,BOUNDS
1mKrlPBGX2UhspE3Qazmuh,1Tioc81YzCVBVYqgHH2lRU,BOUNDS
1mKrlPBGX2UhspE3Qazn0g,2k9muJ4Z94Z9EHxN$Zq4ZF,BOUNDS
1mKrlPBGX2UhspE3Qazn0g,1Tioc81YzCVBVYqgHH2lRU,BOUNDS
1mKrlPBGX2UhspE3Qazn0g,3Zuv4FmtL8ewTAegmGWcBa,BOUNDS
1mKrlPBGX2UhspE3Qazn0g,3Zuv4FmtL8ewTAegmGWcBa,BOUNDS
1mKrlPBGX2UhspE3Qazn0g,04n55fjcH7dhzxSRcFV9eu,BOUNDS
1mKrlPBGX2UhspE3Qazn0g,04n55fjcH7dhzxSRcFV9eu,BOUNDS
1mKrlPBGX2UhspE3Qazn0g,04n55fjcH7dhzxSRcFV9eu,BOUNDS
1mKrlPBGX2UhspE3Qazn0g,04n55fjcH7dhzxSRcFV9eu,BOUNDS
1Z6_GEfov6KgM9v9JiG9wD,1Z6_GEfov6KgM9v9JiG9vT,BOUNDS
1Z6_GEfov6KgM9v9JiG9wD,1Z6_GEfov6KgM9v9JiG9vQ,BOUNDS
1mKrlPBGX2UhspE3Qazn0g,2AtGkhGiLE9wSVrFZfJTBA,BOUNDS
1mKrlPBGX2UhspE3Qazn0g,2AtGkhGiLE9wSVrFZfJTBN,BOUNDS
1Z6_GEfov6KgM9v9JiG9wD,1Z6_GEfov6KgM9v9JiG9vO,BOUNDS
1Z6_GEfov6KgM9v9JiG9wD,1Z6_GEfov6KgM9v9JiG9vS,BOUNDS
1Z6_GEfov6KgM9v9JiG9wD,0jP_FPW891yRBz0fI8zcOQ,BOUNDS
1mKrlPBGX2UhspE3Qazmuk,1Tioc81YzCVBVYqgHH2lRU,BOUNDS
1mKrlPBGX2UhspE3Qazmuk,2el2Ss8KnBoBAjHFJRzbNQ,BOUNDS
1mKrlPBGX2UhspE3Qazmuk,3Zuv4FmtL8ewTAegmGWcBa,BOUNDS
1mKrlPBGX2UhspE3Qazmuk,2k9muJ4Z94Z9EHxN$Zq4ZC,BOUNDS
1mKrlPBGX2UhspE3Qazn0g,2AtGkhGiLE9wSVrFZfJTBN,BOUNDS
1mKrlPBGX2UhspE3Qazn0g,1My4hp3bz9s8rGwDqc_jrC,BOUNDS
1mKrlPBGX2UhspE3Qazn0g,1My4hp3bz9s8rGwDqc_jrD,BOUNDS
1mKrlPBGX2UhspE3Qazn0g,2AtGkhGiLE9wSVrFZfJTBB,BOUNDS
1mKrlPBGX2UhspE3Qazmuh,3Zuv4FmtL8ewTAegmGWcAT,BOUNDS
1Z6_GEfov6KgM9v9JiG9wD,2C7n8d7DjA3edRpqbk2bpL,BOUNDS
1Z6_GEfov6KgM9v9JiG9wD,3Eu$goOtv6o8s1IWTf0Civ,BOUNDS
1mKrlPBGX2UhspE3Qazmuh,3Zuv4FmtL8ewTAegmGWcAS,BOUNDS
1Z6_GEfov6KgM9v9JiG9wD,1Z6_GEfov6KgM9v9JiG9vR,BOUNDS
1mKrlPBGX2UhspE3Qazmuh,3Zuv4FmtL8ewTAegmGWcAQ,BOUNDS
1mKrlPBGX2UhspE3Qazmuh,3Zuv4FmtL8ewTAegmGWcAQ,BOUNDS
1mKrlPBGX2UhspE3Qazmuh,3Zuv4FmtL8ewTAegmGWcBd,BOUNDS
1Z6_GEfov6KgM9v9JiG9wD,3tJ6TASGrE_9QqTyX9Ju$Q,BOUNDS
0WLcJEMLz4Iwn2pSfIzqhN,2jzBBNhz9A2gVReR_XMj7v,BOUNDS
0WLcJEMLz4Iwn2pSfIzqhN,1EKlTSJ$L9JAy5UDUCbg5B,BOUNDS
0WLcJEMLz4Iwn2pSfIzqhN,1JGhw2zk51zAYaF_QLitr9,BOUNDS
0WLcJEMLz4Iwn2pSfIzqhN,3nu8rI2DL8vQJoBLNbLeX$,BOUNDS
0WLcJEMLz4Iwn2pSfIzqhN,2o_DNtSU5D_gKPdOIrACYP,BOUNDS
0WLcJEMLz4Iwn2pSfIzqh9,1TgbqwUwn9te3sgF6st6rO,BOUNDS
0WLcJEMLz4Iwn2pSfIzqhN,2o_DNtSU5D_gKPdOIrACYP,BOUNDS
0WLcJEMLz4Iwn2pSfIzqhN,18eJjezLr93eTsB1yzF61o,BOUNDS
0WLcJEMLz4Iwn2pSfIzqhN,2o_DNtSU5D_gKPdOIrACYP,BOUNDS
0WLcJEMLz4Iwn2pSfIzqhN,18eJjezLr93eTsB1yzF66F,BOUNDS
0WLcJEMLz4Iwn2pSfIzqhN,2o_DNtSU5D_gKPdOIrACyK,BOUNDS
0WLcJEMLz4Iwn2pSfIzqhN,2o_DNtSU5D_gKPdOIrACXC,BOUNDS
0WLcJEMLz4Iwn2pSfIzqhF,2o_DNtSU5D_gKPdOIrACXf,BOUNDS
0WLcJEMLz4Iwn2pSfIzqhF,2o_DNtSU5D_gKPdOIrACbc,BOUNDS
0WLcJEMLz4Iwn2pSfIzqhF,2jzBBNhz9A2gVReR_XMj7$,BOUNDS
0WLcJEMLz4Iwn2pSfIzqhF,2jzBBNhz9A2gVReR_XMj7$,BOUNDS
0WLcJEMLz4Iwn2pSfIzqhF,2jzBBNhz9A2gVReR_XMj7u,BOUNDS
0WLcJEMLz4Iwn2pSfIzqhF,2o_DNtSU5D_gKPdOIrACWX,BOUNDS
0WLcJEMLz4Iwn2pSfIzqhF,2o_DNtSU5D_gKPdOIrACb7,BOUNDS
0WLcJEMLz4Iwn2pSfIzqhF,2o_DNtSU5D_gKPdOIrACWX,BOUNDS
0WLcJEMLz4Iwn2pSfIzqhF,2jzBBNhz9A2gVReR_XMj7z,BOUNDS
0WLcJEMLz4Iwn2pSfIzqhF,1EKlTSJ$L9JAy5UDUCbg4U,BOUNDS
0WLcJEMLz4Iwn2pSfIzqhF,04n55fjcH7dhzxSRcFV9eu,BOUNDS
0WLcJEMLz4Iwn2pSfIzqhF,04n55fjcH7dhzxSRcFV9eu,BOUNDS
0WLcJEMLz4Iwn2pSfIzqhF,2jzBBNhz9A2gVReR_XMj41,BOUNDS
0WLcJEMLz4Iwn2pSfIzqhF,2jzBBNhz9A2gVReR_XMj41,BOUNDS
0WLcJEMLz4Iwn2pSfIzqhF,2jzBBNhz9A2gVReR_XMj41,BOUNDS
0WLcJEMLz4Iwn2pSfIzqhF,2jzBBNhz9A2gVReR_XMj7w,BOUNDS
0WLcJEMLz4Iwn2pSfIzqhF,35ZMaE2hL45QaxEnc01C1z,BOUNDS
0WLcJEMLz4Iwn2pSfIzqhF,04n55fjcH7dhzxSRcFV9eu,BOUNDS
0WLcJEMLz4Iwn2pSfIzqhF,2o_DNtSU5D_gKPdOIrACZC,BOUNDS
0WLcJEMLz4Iwn2pSfIzqhF,35ZMaE2hL45QaxEnc01C1z,BOUNDS
0WLcJEMLz4Iwn2pSfIzqhB,2o_DNtSU5D_gKPdOIrACbC,BOUNDS
0WLcJEMLz4Iwn2pSfIzqhF,1TgbqwUwn9te3sgF6st6rO,BOUNDS
0WLcJEMLz4Iwn2pSfIzqhB,2o_DNtSU5D_gKPdOIrACWX,BOUNDS
0WLcJEMLz4Iwn2pSfIzqhB,2o_DNtSU5D_gKPdOIrACbc,BOUNDS
0WLcJEMLz4Iwn2pSfIzqhF,06tOzssZ9B4QVX5FaMC$RL,BOUNDS
0WLcJEMLz4Iwn2pSfIzqhF,2jzBBNhz9A2gVReR_XMj7u,BOUNDS
0WLcJEMLz4Iwn2pSfIzqhF,2o_DNtSU5D_gKPdOIrACyK,BOUNDS
0WLcJEMLz4Iwn2pSfIzqhF,2jzBBNhz9A2gVReR_XMj7s,BOUNDS
0WLcJEMLz4Iwn2pSfIzqhF,2o_DNtSU5D_gKPdOIrACyK,BOUNDS
0WLcJEMLz4Iwn2pSfIzqhF,2o_DNtSU5D_gKPdOIrACXC,BOUNDS
0WLcJEMLz4Iwn2pSfIzqhF,2o_DNtSU5D_gKPdOIrACyK,BOUNDS
0WLcJEMLz4Iwn2pSfIzqhF,2o_DNtSU5D_gKPdOIrACY_,BOUNDS
3JEm$2YzTCaAGDu0dwmKIH,2el2Ss8KnBoBAjHFJRzbNX,BOUNDS
0WLcJEMLz4Iwn2pSfIzqhF,18eJjezLr93eTsB1yzF66n,BOUNDS
3JEm$2YzTCaAGDu0dwmKIH,1o_SkrXVvCfgLXhr47WeQC,BOUNDS
3JEm$2YzTCaAGDu0dwmKIH,2k9muJ4Z94Z9EHxN$Zq5nE,BOUNDS
3JEm$2YzTCaAGDu0dwmKIH,296NGk$XH3xQq3a2c0vu_a,BOUNDS
3JEm$2YzTCaAGDu0dwmKIH,296NGk$XH3xQq3a2c0vu_A,BOUNDS
3JEm$2YzTCaAGDu0dwmKIH,2W9eirAAv0Tg7eCheiIowx,BOUNDS
3JEm$2YzTCaAGDu0dwmKIH,296NGk$XH3xQq3a2c0vuv_,BOUNDS
3JEm$2YzTCaAGDu0dwmKII,2el2Ss8KnBoBAjHFJRzbNX,BOUNDS
3JEm$2YzTCaAGDu0dwmKII,1Tioc81YzCVBVYqgHH2lRU,BOUNDS
3JEm$2YzTCaAGDu0dwmKII,2k9muJ4Z94Z9EHxN$Zq4Zt,BOUNDS
3JEm$2YzTCaAGDu0dwmKII,3Zuv4FmtL8ewTAegmGWcAS,BOUNDS
3JEm$2YzTCaAGDu0dwmKII,1o_SkrXVvCfgLXhr47WeQC,BOUNDS
3JEm$2YzTCaAGDu0dwmKII,296NGk$XH3xQq3a2c0vuzN,BOUNDS
3JEm$2YzTCaAGDu0dwmKII,1o_SkrXVvCfgLXhr47WeQ0,BOUNDS
3JEm$2YzTCaAGDu0dwmKIK,2el2Ss8KnBoBAjHFJRzbNX,BOUNDS
0WLcJEMLz4Iwn2pSfIzqhF,1EKlTSJ$L9JAy5UDUCbg4q,BOUNDS
0WLcJEMLz4Iwn2pSfIzqhF,01JMyLiAX6vOKsRWa6DbUW,BOUNDS
0WLcJEMLz4Iwn2pSfIzqhF,1EKlTSJ$L9JAy5UDUCbg4r,BOUNDS
0WLcJEMLz4Iwn2pSfIzqhF,18eJjezLr93eTsB1yzF63S,BOUNDS
0WLcJEMLz4Iwn2pSfIzqhF,00gFGeCuDDpBDi0kTgjcuW,BOUNDS
0WLcJEMLz4Iwn2pSfIzqhF,00gFGeCuDDpBDi0kTgjcuU,BOUNDS
0WLcJEMLz4Iwn2pSfIzqhF,1EKlTSJ$L9JAy5UDUCbg4c,BOUNDS
0WLcJEMLz4Iwn2pSfIzqhF,00gFGeCuDDpBDi0kTgjcuT,BOUNDS
0WLcJEMLz4Iwn2pSfIzqhF,1EKlTSJ$L9JAy5UDUCbg4f,BOUNDS
0WLcJEMLz4Iwn2pSfIzqhF,18eJjezLr93eTsB1yzF633,BOUNDS
0WLcJEMLz4Iwn2pSfIzqhF,04n55fjcH7dhzxSRcFV9eu,BOUNDS
0WLcJEMLz4Iwn2pSfIzqhF,0LdvcneY51qvcThC5EYMoP,BOUNDS
3JEm$2YzTCaAGDu0dwmKIe,2drar6BATDyAVDBJI0t0SE,BOUNDS
3JEm$2YzTCaAGDu0dwmKIe,2k9muJ4Z94Z9EHxN$Zq4Zm,BOUNDS
3JEm$2YzTCaAGDu0dwmKIe,296NGk$XH3xQq3a2c0vuzA,BOUNDS
3JEm$2YzTCaAGDu0dwmKIe,1o_SkrXVvCfgLXhr47WeRY,BOUNDS
0WLcJEMLz4Iwn2pSfIzqhF,00gFGeCuDDpBDi0kTgjcuC,BOUNDS
0WLcJEMLz4Iwn2pSfIzqhF,00gFGeCuDDpBDi0kTgjcuA,BOUNDS
0WLcJEMLz4Iwn2pSfIzqhF,18eJjezLr93eTsB1yzF66b,BOUNDS
0WLcJEMLz4Iwn2pSfIzqhF,00gFGeCuDDpBDi0kTgjcu9,BOUNDS
3JEm$2YzTCaAGDu0dwmKIg,1o_SkrXVvCfgLXhr47WeRY,BOUNDS
3JEm$2YzTCaAGDu0dwmKIg,296NGk$XH3xQq3a2c0vuyM,BOUNDS
3JEm$2YzTCaAGDu0dwmKIg,2drar6BATDyAVDBJI0t0SE,BOUNDS
3JEm$2YzTCaAGDu0dwmKIg,1Tioc81YzCVBVYqgHH2lRU,BOUNDS
3JEm$2YzTCaAGDu0dwmKIe,3Zuv4FmtL8ewTAegmGWcBa,BOUNDS
3JEm$2YzTCaAGDu0dwmKIg,2el2Ss8KnBoBAjHFJRzbNX,BOUNDS
3JEm$2YzTCaAGDu0dwmKIg,04n55fjcH7dhzxSRcFV9eu,BOUNDS
3JEm$2YzTCaAGDu0dwmKIg,04n55fjcH7dhzxSRcFV9eu,BOUNDS
3JEm$2YzTCaAGDu0dwmKIK,3Zuv4FmtL8ewTAegmGWcBd,BOUNDS
3JEm$2YzTCaAGDu0dwmKIK,1Tioc81YzCVBVYqgHH2lRU,BOUNDS
3JEm$2YzTCaAGDu0dwmKIK,3Zuv4FmtL8ewTAegmGWcAQ,BOUNDS
3JEm$2YzTCaAGDu0dwmKIK,3Zuv4FmtL8ewTAegmGWcAQ,BOUNDS
3JEm$2YzTCaAGDu0dwmKIg,2k9muJ4Z94Z9EHxN$Zq4Zm,BOUNDS
3JEm$2YzTCaAGDu0dwmKIi,2el2Ss8KnBoBAjHFJRzbNX,BOUNDS
3JEm$2YzTCaAGDu0dwmKIi,04n55fjcH7dhzxSRcFV9eu,BOUNDS
3JEm$2YzTCaAGDu0dwmKIi,04n55fjcH7dhzxSRcFV9eu,BOUNDS
3JEm$2YzTCaAGDu0dwmKIM,3Zuv4FmtL8ewTAegmGWcBb,BOUNDS
3JEm$2YzTCaAGDu0dwmKIM,3Zuv4FmtL8ewTAegmGWcBb,BOUNDS
3JEm$2YzTCaAGDu0dwmKIM,2k9muJ4Z94Z9EHxN$Zq4Zn,BOUNDS
3JEm$2YzTCaAGDu0dwmKIM,3Zuv4FmtL8ewTAegmGWcBa,BOUNDS
3JEm$2YzTCaAGDu0dwmKIM,2el2Ss8KnBoBAjHFJRzbNX,BOUNDS
3JEm$2YzTCaAGDu0dwmKIM,1Tioc81YzCVBVYqgHH2lRU,BOUNDS
3JEm$2YzTCaAGDu0dwmKIK,3Zuv4FmtL8ewTAegmGWcAT,BOUNDS
3JEm$2YzTCaAGDu0dwmKIK,3Zuv4FmtL8ewTAegmGWcAS,BOUNDS
3PZrFlFxvBBfFfpg0veM_G,2jzBBNhz9A2gVReR_XMj7v,BOUNDS
3PZrFlFxvBBfFfpg0veM_G,2jzBBNhz9A2gVReR_XMj7v,BOUNDS
3PZrFlFxvBBfFfpg0veM_G,2jzBBNhz9A2gVReR_XMj7s,BOUNDS
3PZrFlFxvBBfFfpg0veM_G,2jzBBNhz9A2gVReR_XMj7q,BOUNDS
3JEm$2YzTCaAGDu0dwmKIe,2el2Ss8KnBoBAjHFJRzbNX,BOUNDS
3JEm$2YzTCaAGDu0dwmKIe,1Tioc81YzCVBVYqgHH2lRU,BOUNDS
3JEm$2YzTCaAGDu0dwmKIM,3Zuv4FmtL8ewTAegmGWcA_,BOUNDS
3JEm$2YzTCaAGDu0dwmKIM,3Zuv4FmtL8ewTAegmGWcBd,BOUNDS
3PZrFlFxvBBfFfpg0veM_G,1TgbqwUwn9te3sgF6st6rO,BOUNDS
3PZrFlFxvBBfFfpg0veM_G,1JGhw2zk51zAYaF_QLitr9,BOUNDS
3PZrFlFxvBBfFfpg0veM_I,0I89kxcfn5aPoCoZL7racS,BOUNDS
3PZrFlFxvBBfFfpg0veM_I,060B0Bfjv7MQEXwwmCVVew,BOUNDS
3PZrFlFxvBBfFfpg0veM_G,06tOzssZ9B4QVX5FaMC$RL,BOUNDS
3PZrFlFxvBBfFfpg0veM_G,3L2ob2RfPCQRbpIvDuvSRh,BOUNDS
3PZrFlFxvBBfFfpg0veM_G,06tOzssZ9B4QVX5FaMC$RL,BOUNDS
3PZrFlFxvBBfFfpg0veM_G,06tOzssZ9B4QVX5FaMC$RL,BOUNDS
3PZrFlFxvBBfFfpg0veM_K,06tOzssZ9B4QVX5FaMC$RL,BOUNDS
3PZrFlFxvBBfFfpg0veM_M,04n55fjcH7dhzxSRcFV9eu,BOUNDS
3PZrFlFxvBBfFfpg0veM_M,2jzBBNhz9A2gVReR_XMj7r,BOUNDS
3PZrFlFxvBBfFfpg0veM_M,2jzBBNhz9A2gVReR_XMj7x,BOUNDS
3PZrFlFxvBBfFfpg0veM_I,1sQaMmqjv8FA5M37GPCYR6,BOUNDS
3PZrFlFxvBBfFfpg0veM_I,0I89kxcfn5aPoCoZL7raWn,BOUNDS
3PZrFlFxvBBfFfpg0veM_I,0I89kxcfn5aPoCoZL7racS,BOUNDS
3PZrFlFxvBBfFfpg0veM_I,060B0Bfjv7MQEXwwmCVVew,BOUNDS
1YUhrFO6H7_v0S21UjDJHr,06tOzssZ9B4QVX5FaMC$RL,BOUNDS
1YUhrFO6H7_v0S21UjDJHr,2S8sqhWKT3WOiCtdCaE1YP,BOUNDS
3CarlHTG580e5_977Z9XXH,2S8sqhWKT3WOiCtdCaE1Y9,BOUNDS
1YUhrFO6H7_v0S21UjDJHr,1TgbqwUwn9te3sgF6st6rO,BOUNDS
1V8vTPfTzB1OHvpx9KPlXL,1EKlTSJ$L9JAy5UDUCbgwZ,BOUNDS
1V8vTPfTzB1OHvpx9KPlXL,06tOzssZ9B4QVX5FaMC$RL,BOUNDS
1V8vTPfTzB1OHvpx9KPlXL,2S8sqhWKT3WOiCtdCaE1YO,BOUNDS
1V8vTPfTzB1OHvpx9KPlXL,1EKlTSJ$L9JAy5UDUCbgwa,BOUNDS
1YUhrFO6H7_v0S21UjDJHr,2S8sqhWKT3WOiCtdCaE1YQ,BOUNDS
1YUhrFO6H7_v0S21UjDJHr,00gFGeCuDDpBDi0kTgjcvV,BOUNDS
1YUhrFO6H7_v0S21UjDJHr,2S8sqhWKT3WOiCtdCaE1YI,BOUNDS
1YUhrFO6H7_v0S21UjDJHr,2S8sqhWKT3WOiCtdCaE1YI,BOUNDS
1YUhrFO6H7_v0S21UjDJHr,2S8sqhWKT3WOiCtdCaE1YN,BOUNDS
1YUhrFO6H7_v0S21UjDJHr,2S8sqhWKT3WOiCtdCaE1YH,BOUNDS
1YUhrFO6H7_v0S21UjDJHr,2S8sqhWKT3WOiCtdCaE1YG,BOUNDS
1YUhrFO6H7_v0S21UjDJHr,2S8sqhWKT3WOiCtdCaE1YG,BOUNDS
1V8vTPfTzB1OHvpx9KPlXL,1EKlTSJ$L9JAy5UDUCbg7h,BOUNDS
1V8vTPfTzB1OHvpx9KPlXL,18eJjezLr93eTsB1yzF601,BOUNDS
1V8vTPfTzB1OHvpx9KPlXL,2jzBBNhz9A2gVReR_XMj7x,BOUNDS
1V8vTPfTzB1OHvpx9KPlXL,2jzBBNhz9A2gVReR_XMj7r,BOUNDS
1V8vTPfTzB1OHvpx9KPlXL,09bUgXLWDEo8jPFR_2Dsj0,BOUNDS
1V8vTPfTzB1OHvpx9KPlXL,09bUgXLWDEo8jPFR_2DsjH,BOUNDS
1V8vTPfTzB1OHvpx9KPlXL,04n55fjcH7dhzxSRcFV9eu,BOUNDS
1V8vTPfTzB1OHvpx9KPlXL,09bUgXLWDEo8jPFR_2Dsj0,BOUNDS
1V8vTPfTzB1OHvpx9KPlXL,18eJjezLr93eTsB1yzF67B,BOUNDS
1V8vTPfTzB1OHvpx9KPlXL,2jzBBNhz9A2gVReR_XMj41,BOUNDS
1V8vTPfTzB1OHvpx9KPlXL,2jzBBNhz9A2gVReR_XMj41,BOUNDS
1V8vTPfTzB1OHvpx9KPlXL,2jzBBNhz9A2gVReR_XMj41,BOUNDS
1V8vTPfTzB1OHvpx9KPlXL,2jzBBNhz9A2gVReR_XMj7w,BOUNDS
1V8vTPfTzB1OHvpx9KPlXL,2jzBBNhz9A2gVReR_XMj41,BOUNDS
1V8vTPfTzB1OHvpx9KPlXL,00gFGeCuDDpBDi0kTgjcvo,BOUNDS
1V8vTPfTzB1OHvpx9KPlXL,00gFGeCuDDpBDi0kTgjcvm,BOUNDS
1V8vTPfTzB1OHvpx9KPlXL,3$HMG0vJbDxw6O2Wzb$FLD,BOUNDS
1V8vTPfTzB1OHvpx9KPlXL,2H_RI8jSb9_fTdQufbyawv,BOUNDS
1V8vTPfTzB1OHvpx9KPlXL,3$HMG0vJbDxw6O2Wzb$FKz,BOUNDS
1V8vTPfTzB1OHvpx9KPlXL,2H_RI8jSb9_fTdQufbyawv,BOUNDS
1V8vTPfTzB1OHvpx9KPlXN,3CUxCJXNrFtfM$eGhHbEso,BOUNDS
1V8vTPfTzB1OHvpx9KPlXN,1bKDksX1DBeBEUOB8Ab1eD,BOUNDS
1V8vTPfTzB1OHvpx9KPlXN,04n55fjcH7dhzxSRcFV9eu,BOUNDS
1V8vTPfTzB1OHvpx9KPlXN,3CUxCJXNrFtfM$eGhHbEso,BOUNDS
1V8vTPfTzB1OHvpx9KPlXL,2OYQ9ZI8f6ogEt9Osk7raD,BOUNDS
1V8vTPfTzB1OHvpx9KPlXL,09bUgXLWDEo8jPFR_2DsjT,BOUNDS
1V8vTPfTzB1OHvpx9KPlXL,2OYQ9ZI8f6ogEt9Osk7raD,BOUNDS
1V8vTPfTzB1OHvpx9KPlXL,3$HMG0vJbDxw6O2Wzb$FKr,BOUNDS
1V8vTPfTzB1OHvpx9KPlXL,09bUgXLWDEo8jPFR_2DsjQ,BOUNDS
1V8vTPfTzB1OHvpx9KPlXL,3$HMG0vJbDxw6O2Wzb$FL1,BOUNDS
1V8vTPfTzB1OHvpx9KPlXL,09bUgXLWDEo8jPFR_2DsjR,BOUNDS
1V8vTPfTzB1OHvpx9KPlXL,09bUgXLWDEo8jPFR_2DsjU,BOUNDS
1V8vTPfTzB1OHvpx9KPlXN,1guDAeN0H0zPlf9ZUQ7YE5,BOUNDS
1V8vTPfTzB1OHvpx9KPlXN,1guDAeN0H0zPlf9ZUQ7YEl,BOUNDS
1V8vTPfTzB1OHvpx9KPlXN,1guDAeN0H0zPlf9ZUQ7YE5,BOUNDS
1V8vTPfTzB1OHvpx9KPlXN,1bKDksX1DBeBEUOB8Ab1e3,BOUNDS
1V8vTPfTzB1OHvpx9KPlXL,3a5krMuaH4FPRTncbK52UZ,BOUNDS
1V8vTPfTzB1OHvpx9KPlXL,3a5krMuaH4FPRTncbK52UZ,BOUNDS
1V8vTPfTzB1OHvpx9KPlXL,00gFGeCuDDpBDi0kTgjcv9,BOUNDS
1V8vTPfTzB1OHvpx9KPlXL,3a5krMuaH4FPRTncbK52UZ,BOUNDS
1V8vTPfTzB1OHvpx9KPlXN,1EKlTSJ$L9JAy5UDUCbg6w,BOUNDS
1V8vTPfTzB1OHvpx9KPlXN,18eJjezLr93eTsB1yzF61M,BOUNDS
1V8vTPfTzB1OHvpx9KPlXN,1EKlTSJ$L9JAy5UDUCbg6x,BOUNDS
1V8vTPfTzB1OHvpx9KPlXN,04n55fjcH7dhzxSRcFV9eu,BOUNDS
1V8vTPfTzB1OHvpx9KPlXL,00gFGeCuDDpBDi0kTgjcwy,BOUNDS
1V8vTPfTzB1OHvpx9KPlXL,00gFGeCuDDpBDi0kTgjcww,BOUNDS
1V8vTPfTzB1OHvpx9KPlXL,18eJjezLr93eTsB1yzF641,BOUNDS
1V8vTPfTzB1OHvpx9KPlXN,1TgbqwUwn9te3sgF6st6rO,BOUNDS
0WLcJEMLz4Iwn2pSfIzqhL,2o_DNtSU5D_gKPdOIrACYP,BOUNDS
0WLcJEMLz4Iwn2pSfIzqhL,00gFGeCuDDpBDi0kTgjcuq,BOUNDS
0WLcJEMLz4Iwn2pSfIzqhL,2o_DNtSU5D_gKPdOIrACY_,BOUNDS
0WLcJEMLz4Iwn2pSfIzqhL,2o_DNtSU5D_gKPdOIrACyK,BOUNDS
1V8vTPfTzB1OHvpx9KPlXL,0I89kxcfn5aPoCoZL7rai8,BOUNDS
1V8vTPfTzB1OHvpx9KPlXL,3a5krMuaH4FPRTncbK52UZ,BOUNDS
1V8vTPfTzB1OHvpx9KPlXL,0yHhiOk7b8IBVHQCqr$Qx3,BOUNDS
1V8vTPfTzB1OHvpx9KPlXL,0I89kxcfn5aPoCoZL7rai8,BOUNDS
1V8vTPfTzB1OHvpx9KPlXL,1EKlTSJ$L9JAy5UDUCbgx8,BOUNDS
1V8vTPfTzB1OHvpx9KPlXL,1EKlTSJ$L9JAy5UDUCbgx6,BOUNDS
1V8vTPfTzB1OHvpx9KPlXL,2S8sqhWKT3WOiCtdCaE1YI,BOUNDS
1V8vTPfTzB1OHvpx9KPlXL,2S8sqhWKT3WOiCtdCaE1YG,BOUNDS
1V8vTPfTzB1OHvpx9KPlXL,18eJjezLr93eTsB1yzF67n,BOUNDS
1V8vTPfTzB1OHvpx9KPlXL,00gFGeCuDDpBDi0kTgjcwv,BOUNDS
1V8vTPfTzB1OHvpx9KPlXL,00gFGeCuDDpBDi0kTgjcvC,BOUNDS
1V8vTPfTzB1OHvpx9KPlXL,00gFGeCuDDpBDi0kTgjcvA,BOUNDS
1V8vTPfTzB1OHvpx9KPlXN,3FT4oGIt5Aj8lQl$YI2Q7l,BOUNDS
1V8vTPfTzB1OHvpx9KPlXN,3FT4oGIt5Aj8lQl$YI2Q7i,BOUNDS
1V8vTPfTzB1OHvpx9KPlXN,1bKDksX1DBeBEUOB8Ab1eo,BOUNDS
1V8vTPfTzB1OHvpx9KPlXN,1bKDksX1DBeBEUOB8Ab1ep,BOUNDS
0WLcJEMLz4Iwn2pSfIzqhL,00gFGeCuDDpBDi0kTgjc$7,BOUNDS
0WLcJEMLz4Iwn2pSfIzqhL,2o_DNtSU5D_gKPdOIrACYP,BOUNDS
0WLcJEMLz4Iwn2pSfIzqhL,00gFGeCuDDpBDi0kTgjcup,BOUNDS
0WLcJEMLz4Iwn2pSfIzqhL,00gFGeCuDDpBDi0kTgjcus,BOUNDS
0WLcJEMLz4Iwn2pSfIzqhL,1TgbqwUwn9te3sgF6st6rO,BOUNDS
0WLcJEMLz4Iwn2pSfIzqhL,1JGhw2zk51zAYaF_QLitr9,BOUNDS
0WLcJEMLz4Iwn2pSfIzqhL,3nu8rI2DL8vQJoBLNbLekN,BOUNDS
0WLcJEMLz4Iwn2pSfIzqhL,00gFGeCuDDpBDi0kTgjc$9,BOUNDS
0WLcJEMLz4Iwn2pSfIzqhL,2o_DNtSU5D_gKPdOIrACZC,BOUNDS
0WLcJEMLz4Iwn2pSfIzqhL,2o_DNtSU5D_gKPdOIrACZC,BOUNDS
0WLcJEMLz4Iwn2pSfIzqhL,35ZMaE2hL45QaxEnc01C1_,BOUNDS
0WLcJEMLz4Iwn2pSfIzqhN,1TgbqwUwn9te3sgF6st6rO,BOUNDS
0WLcJEMLz4Iwn2pSfIzqh9,2jzBBNhz9A2gVReR_XMj7u,BOUNDS
0WLcJEMLz4Iwn2pSfIzqh9,1EKlTSJ$L9JAy5UDUCbg5$,BOUNDS
0WLcJEMLz4Iwn2pSfIzqh9,1EKlTSJ$L9JAy5UDUCbg5z,BOUNDS
0WLcJEMLz4Iwn2pSfIzqhB,1TgbqwUwn9te3sgF6st6rO,BOUNDS
1V8vTPfTzB1OHvpx9KPlXN,3FT4oGIt5Aj8lQl$YI2Q7j,BOUNDS
1V8vTPfTzB1OHvpx9KPlXN,3FT4oGIt5Aj8lQl$YI2Q7j,BOUNDS
1V8vTPfTzB1OHvpx9KPlXN,3FT4oGIt5Aj8lQl$YI2Q7g,BOUNDS
1V8vTPfTzB1OHvpx9KPlXN,3FT4oGIt5Aj8lQl$YI2Q7j,BOUNDS
1V8vTPfTzB1OHvpx9KPlXN,3BXEwjEIv1JPupppyWhAvw,BOUNDS
1V8vTPfTzB1OHvpx9KPlXN,3FT4oGIt5Aj8lQl$YI2Q7g,BOUNDS
1V8vTPfTzB1OHvpx9KPlXN,04n55fjcH7dhzxSRcFV9eu,BOUNDS
1V8vTPfTzB1OHvpx9KPlXN,04n55fjcH7dhzxSRcFV9eu,BOUNDS
1V8vTPfTzB1OHvpx9KPlXN,1TMmHiRcP0Zee6Er_nYG$I,BOUNDS
1V8vTPfTzB1OHvpx9KPlXN,18eJjezLr93eTsB1yzF7f4,BOUNDS
1V8vTPfTzB1OHvpx9KPlXN,1TMmHiRcP0Zee6Er_nYG$U,BOUNDS
1V8vTPfTzB1OHvpx9KPlXN,1TMmHiRcP0Zee6Er_nYG_4,BOUNDS
0WLcJEMLz4Iwn2pSfIzqhN,1EKlTSJ$L9JAy5UDUCbg5C,BOUNDS
0WLcJEMLz4Iwn2pSfIzqhN,1EKlTSJ$L9JAy5UDUCbg5A,BOUNDS
0WLcJEMLz4Iwn2pSfIzqhN,2jzBBNhz9A2gVReR_XMj7v,BOUNDS
0WLcJEMLz4Iwn2pSfIzqhN,2jzBBNhz9A2gVReR_XMj7t,BOUNDS
0WLcJEMLz4Iwn2pSfIzqhB,1EKlTSJ$L9JAy5UDUCbgwC,BOUNDS
0WLcJEMLz4Iwn2pSfIzqhB,06tOzssZ9B4QVX5FaMC$RL,BOUNDS
0WLcJEMLz4Iwn2pSfIzqhB,1EKlTSJ$L9JAy5UDUCbgwF,BOUNDS
0WLcJEMLz4Iwn2pSfIzqhB,1EKlTSJ$L9JAy5UDUCbgwn,BOUNDS
0WLcJEMLz4Iwn2pSfIzqhB,2jzBBNhz9A2gVReR_XMj7_,BOUNDS
0WLcJEMLz4Iwn2pSfIzqhB,06tOzssZ9B4QVX5FaMC$RL,BOUNDS
0WLcJEMLz4Iwn2pSfIzqhB,2o_DNtSU5D_gKPdOIrACXf,BOUNDS
0WLcJEMLz4Iwn2pSfIzqhB,2o_DNtSU5D_gKPdOIrACXf,BOUNDS
0WLcJEMLz4Iwn2pSfIzqh9,2o_DNtSU5D_gKPdOIrACbC,BOUNDS
0WLcJEMLz4Iwn2pSfIzqh9,06tOzssZ9B4QVX5FaMC$RL,BOUNDS
0WLcJEMLz4Iwn2pSfIzqh9,2o_DNtSU5D_gKPdOIrACb7,BOUNDS
0WLcJEMLz4Iwn2pSfIzqh9,2o_DNtSU5D_gKPdOIrACWX,BOUNDS
370NsjwGX2LeJoFLHeFobv,06tOzssZ9B4QVX5FaMC$RL,BOUNDS
370NsjwGX2LeJoFLHeFobv,3lPIjeMLjASRxjE6gw6XVz,BOUNDS
370NsjwGX2LeJoFLHeFobr,060B0Bfjv7MQEXwwmCVVgx,BOUNDS
370NsjwGX2LeJoFLHeFobr,3pCu8LCZv1IhQ$jfb$w0GI,BOUNDS
370NsjwGX2LeJoFLHeFobr,3lPIjeMLjASRxjE6gw6XUW,BOUNDS
370NsjwGX2LeJoFLHeFobr,3lPIjeMLjASRxjE6gw6XUX,BOUNDS
370NsjwGX2LeJoFLHeFobr,2S8sqhWKT3WOiCtdCaE1XM,BOUNDS
370NsjwGX2LeJoFLHeFobr,2S8sqhWKT3WOiCtdCaE1XJ,BOUNDS
370NsjwGX2LeJoFLHeFobr,2S8sqhWKT3WOiCtdCaE1XQ,BOUNDS
370NsjwGX2LeJoFLHeFobr,2S8sqhWKT3WOiCtdCaE1XQ,BOUNDS
370NsjwGX2LeJoFLHeFobr,2S8sqhWKT3WOiCtdCaE1XF,BOUNDS
370NsjwGX2LeJoFLHeFobr,2S8sqhWKT3WOiCtdCaE1XO,BOUNDS
370NsjwGX2LeJoFLHeFobr,2S8sqhWKT3WOiCtdCaE1XM,BOUNDS
370NsjwGX2LeJoFLHeFobr,3lPIjeMLjASRxjE6gw6XVI,BOUNDS
370NsjwGX2LeJoFLHeFobr,3lPIjeMLjASRxjE6gw6XVG,BOUNDS
370NsjwGX2LeJoFLHeFobt,3pCu8LCZv1IhQ$jfb$w0GI,BOUNDS
370NsjwGX2LeJoFLHeFobv,06tOzssZ9B4QVX5FaMC$RL,BOUNDS
370NsjwGX2LeJoFLHeFobv,3pCu8LCZv1IhQ$jfb$w0GI,BOUNDS
3pxnnElcDAbPn1EZEp6oCX,35ZMaE2hL45QaxEnc01C1z,BOUNDS
3pxnnElcDAbPn1EZEp6oCX,35ZMaE2hL45QaxEnc01C1z,BOUNDS
370NsjwGX2LeJoFLHeFobv,3lPIjeMLjASRxjE6gw6XVn,BOUNDS
370NsjwGX2LeJoFLHeFobv,3lPIjeMLjASRxjE6gw6XVn,BOUNDS
370NsjwGX2LeJoFLHeFobv,2S8sqhWKT3WOiCtdCaE1XP,BOUNDS
370NsjwGX2LeJoFLHeFobv,2S8sqhWKT3WOiCtdCaE1XQ,BOUNDS
370NsjwGX2LeJoFLHeFobv,2S8sqhWKT3WOiCtdCaE1XO,BOUNDS
370NsjwGX2LeJoFLHeFobv,2S8sqhWKT3WOiCtdCaE1XF,BOUNDS
370NsjwGX2LeJoFLHeFobv,3lPIjeMLjASRxjE6gw6XUZ,BOUNDS
370NsjwGX2LeJoFLHeFobv,3R4D_pRzb7zO6$RWcrzzK3,BOUNDS
370NsjwGX2LeJoFLHeFobr,2S8sqhWKT3WOiCtdCaE1XL,BOUNDS
370NsjwGX2LeJoFLHeFobr,2S8sqhWKT3WOiCtdCaE1XL,BOUNDS
370NsjwGX2LeJoFLHeFobr,2S8sqhWKT3WOiCtdCaE1Yj,BOUNDS
370NsjwGX2LeJoFLHeFobr,2S8sqhWKT3WOiCtdCaE1XR,BOUNDS
370NsjwGX2LeJoFLHeFobt,3R4D_pRzb7zO6$RWcrzzK3,BOUNDS
370NsjwGX2LeJoFLHeFobt,2S8sqhWKT3WOiCtdCaE1XF,BOUNDS
370NsjwGX2LeJoFLHeFobt,3R4D_pRzb7zO6$RWcrzzK4,BOUNDS
370NsjwGX2LeJoFLHeFobt,3R4D_pRzb7zO6$RWcrzzK3,BOUNDS
370NsjwGX2LeJoFLHeFobt,3lPIjeMLjASRxjE6gw6XKw,BOUNDS
370NsjwGX2LeJoFLHeFobt,3lPIjeMLjASRxjE6gw6XKx,BOUNDS
3CarlHTG580e5_977Z9XW8,0yHhiOk7b8IBVHQCqr$Qx3,BOUNDS
3CarlHTG580e5_977Z9XW8,3pCu8LCZv1IhQ$jfb$w0G$,BOUNDS
3CarlHTG580e5_977Z9XW8,2S8sqhWKT3WOiCtdCaE1XV,BOUNDS
3CarlHTG580e5_977Z9XW8,060B0Bfjv7MQEXwwmCVVgx,BOUNDS
3CarlHTG580e5_977Z9XW8,060B0Bfjv7MQEXwwmCVVgx,BOUNDS
3CarlHTG580e5_977Z9XW8,060B0Bfjv7MQEXwwmCVVgx,BOUNDS
3CarlHTG580e5_977Z9XW8,060B0Bfjv7MQEXwwmCVVgx,BOUNDS
3CarlHTG580e5_977Z9XW8,060B0Bfjv7MQEXwwmCVVgx,BOUNDS
3CarlHTG580e5_977Z9XW8,060B0Bfjv7MQEXwwmCVVew,BOUNDS
3CarlHTG580e5_977Z9XW8,2S8sqhWKT3WOiCtdCaE1Yb,BOUNDS
370NsjwGX2LeJoFLHeFobr,2S8sqhWKT3WOiCtdCaE1XM,BOUNDS
370NsjwGX2LeJoFLHeFobr,3lPIjeMLjASRxjE6gw6XVA,BOUNDS
370NsjwGX2LeJoFLHeFobr,3lPIjeMLjASRxjE6gw6XVB,BOUNDS
370NsjwGX2LeJoFLHeFobr,3lPIjeMLjASRxjE6gw6XUr,BOUNDS
370NsjwGX2LeJoFLHeFobt,2S8sqhWKT3WOiCtdCaE1Yh,BOUNDS
370NsjwGX2LeJoFLHeFobt,2S8sqhWKT3WOiCtdCaE1XC,BOUNDS
370NsjwGX2LeJoFLHeFobt,2S8sqhWKT3WOiCtdCaE1XE,BOUNDS
370NsjwGX2LeJoFLHeFobt,2S8sqhWKT3WOiCtdCaE1Y9,BOUNDS
370NsjwGX2LeJoFLHeFobt,2S8sqhWKT3WOiCtdCaE1YA,BOUNDS
370NsjwGX2LeJoFLHeFobt,2S8sqhWKT3WOiCtdCaE1YA,BOUNDS
370NsjwGX2LeJoFLHeFobt,060B0Bfjv7MQEXwwmCVVew,BOUNDS
370NsjwGX2LeJoFLHeFobt,060B0Bfjv7MQEXwwmCVVew,BOUNDS
370NsjwGX2LeJoFLHeFobt,2S8sqhWKT3WOiCtdCaE1Ye,BOUNDS
370NsjwGX2LeJoFLHeFobt,2S8sqhWKT3WOiCtdCaE1Ye,BOUNDS
370NsjwGX2LeJoFLHeFobt,2S8sqhWKT3WOiCtdCaE1XD,BOUNDS
370NsjwGX2LeJoFLHeFobt,2S8sqhWKT3WOiCtdCaE1Yg,BOUNDS
3CarlHTG580e5_977Z9XW8,2yMGZYWe52bPtRRTVguezz,BOUNDS
3CarlHTG580e5_977Z9XW8,2yMGZYWe52bPtRRTVguezz,BOUNDS
3CarlHTG580e5_977Z9XW8,0I89kxcfn5aPoCoZL7raiD,BOUNDS
3CarlHTG580e5_977Z9XW8,2yMGZYWe52bPtRRTVguezz,BOUNDS
3CarlHTG580e5_977Z9XW8,2yMGZYWe52bPtRRTVguezz,BOUNDS
3CarlHTG580e5_977Z9XW8,2yMGZYWe52bPtRRTVguezz,BOUNDS
3CarlHTG580e5_977Z9XW8,2yMGZYWe52bPtRRTVguezz,BOUNDS
3CarlHTG580e5_977Z9XW8,2yMGZYWe52bPtRRTVguezz,BOUNDS
3CarlHTG580e5_977Z9XWA,3pCu8LCZv1IhQ$jfb$w0G$,BOUNDS
3CarlHTG580e5_977Z9XWA,060B0Bfjv7MQEXwwmCVVew,BOUNDS
3CarlHTG580e5_977Z9XWA,2S8sqhWKT3WOiCtdCaE1YX,BOUNDS
3CarlHTG580e5_977Z9XWA,2S8sqhWKT3WOiCtdCaE1YX,BOUNDS
3CarlHTG580e5_977Z9XW8,0I89kxcfn5aPoCoZL7raiB,BOUNDS
3CarlHTG580e5_977Z9XW8,0I89kxcfn5aPoCoZL7raiA,BOUNDS
3CarlHTG580e5_977Z9XW8,0yHhiOk7b8IBVHQCqr$Qx3,BOUNDS
3CarlHTG580e5_977Z9XW8,0I89kxcfn5aPoCoZL7rai9,BOUNDS
3CarlHTG580e5_977Z9XW8,0I89kxcfn5aPoCoZL7raWh,BOUNDS
3CarlHTG580e5_977Z9XW8,060B0Bfjv7MQEXwwmCVVew,BOUNDS
3CarlHTG580e5_977Z9XW8,060B0Bfjv7MQEXwwmCVVew,BOUNDS
3CarlHTG580e5_977Z9XW8,2S8sqhWKT3WOiCtdCaE1YX,BOUNDS
3CarlHTG580e5_977Z9XW8,2S8sqhWKT3WOiCtdCaE1YW,BOUNDS
3CarlHTG580e5_977Z9XW8,2S8sqhWKT3WOiCtdCaE1Yd,BOUNDS
3CarlHTG580e5_977Z9XW8,2S8sqhWKT3WOiCtdCaE1Yc,BOUNDS
3CarlHTG580e5_977Z9XW8,2S8sqhWKT3WOiCtdCaE1Ya,BOUNDS
3CarlHTG580e5_977Z9XW8,0I89kxcfn5aPoCoZL7radP,BOUNDS
3CarlHTG580e5_977Z9XW8,2yMGZYWe52bPtRRTVguezz,BOUNDS
3CarlHTG580e5_977Z9XW8,2yMGZYWe52bPtRRTVguezz,BOUNDS
3CarlHTG580e5_977Z9XW8,2yMGZYWe52bPtRRTVguezz,BOUNDS
3CarlHTG580e5_977Z9XW8,0I89kxcfn5aPoCoZL7radP,BOUNDS
3CarlHTG580e5_977Z9XW8,0I89kxcfn5aPoCoZL7radP,BOUNDS
3CarlHTG580e5_977Z9XW8,0I89kxcfn5aPoCoZL7raWh,BOUNDS
3CarlHTG580e5_977Z9XW8,0I89kxcfn5aPoCoZL7raWh,BOUNDS
1zHkMZY8H87ghiTNgqSMTl,06tOzssZ9B4QVX5FaMC$RL,BOUNDS
1zHkMZY8H87ghiTNgqSMTl,0398DzNGjBYO1C$VUhMCZI,BOUNDS
1zHkMZY8H87ghiTNgqSMTl,1EKlTSJ$L9JAy5UDUCbgx8,BOUNDS
1zHkMZY8H87ghiTNgqSMTl,1EKlTSJ$L9JAy5UDUCbgx7,BOUNDS
1zHkMZY8H87ghiTNgqSMTl,00gFGeCuDDpBDi0kTgjcus,BOUNDS
1zHkMZY8H87ghiTNgqSMTl,00gFGeCuDDpBDi0kTgjcup,BOUNDS
1zHkMZY8H87ghiTNgqSMTl,18eJjezLr93eTsB1yzF66F,BOUNDS
1zHkMZY8H87ghiTNgqSMTl,00gFGeCuDDpBDi0kTgjcuq,BOUNDS
1zHkMZY8H87ghiTNgqSMTl,2jzBBNhz9A2gVReR_XMj7j,BOUNDS
1zHkMZY8H87ghiTNgqSMTl,2jzBBNhz9A2gVReR_XMj7j,BOUNDS
1zHkMZY8H87ghiTNgqSMTl,06tOzssZ9B4QVX5FaMC$RL,BOUNDS
1zHkMZY8H87ghiTNgqSMTl,1EKlTSJ$L9JAy5UDUCbgwZ,BOUNDS
1zHkMZY8H87ghiTNgqSMTl,0yHhiOk7b8IBVHQCqr$Qx3,BOUNDS
1zHkMZY8H87ghiTNgqSMTl,1EKlTSJ$L9JAy5UDUCbgx6,BOUNDS
1zHkMZY8H87ghiTNgqSMTl,0OwFWIO9n2oe5IiSbaNob1,BOUNDS
1zHkMZY8H87ghiTNgqSMTl,0OwFWIO9n2oe5IiSbaNob1,BOUNDS
3CarlHTG580e5_977Z9XXH,060B0Bfjv7MQEXwwmCVVew,BOUNDS
3CarlHTG580e5_977Z9XXH,3pCu8LCZv1IhQ$jfb$w0GI,BOUNDS
3CarlHTG580e5_977Z9XWA,060B0Bfjv7MQEXwwmCVVew,BOUNDS
3CarlHTG580e5_977Z9XWA,2S8sqhWKT3WOiCtdCaE1Ya,BOUNDS
3CarlHTG580e5_977Z9XWA,2S8sqhWKT3WOiCtdCaE1Yb,BOUNDS
3CarlHTG580e5_977Z9XWA,2S8sqhWKT3WOiCtdCaE1Yc,BOUNDS
3CarlHTG580e5_977Z9XWA,2S8sqhWKT3WOiCtdCaE1Yd,BOUNDS
3CarlHTG580e5_977Z9XWA,2S8sqhWKT3WOiCtdCaE1YW,BOUNDS
1zHkMZY8H87ghiTNgqSMTl,0OwFWIO9n2oe5IiSbaNobE,BOUNDS
1zHkMZY8H87ghiTNgqSMTl,0OwFWIO9n2oe5IiSbaNobE,BOUNDS
1zHkMZY8H87ghiTNgqSMTl,0OwFWIO9n2oe5IiSbaNobE,BOUNDS
1zHkMZY8H87ghiTNgqSMTl,0OwFWIO9n2oe5IiSbaNobE,BOUNDS
3CarlHTG580e5_977Z9XXH,2S8sqhWKT3WOiCtdCaE1YA,BOUNDS
3CarlHTG580e5_977Z9XXH,2S8sqhWKT3WOiCtdCaE1XE,BOUNDS
3CarlHTG580e5_977Z9XXH,2S8sqhWKT3WOiCtdCaE1XE,BOUNDS
3CarlHTG580e5_977Z9XXH,060B0Bfjv7MQEXwwmCVVew,BOUNDS
3PZrFlFxvBBfFfpg0veM_K,2jzBBNhz9A2gVReR_XMj7y,BOUNDS
3PZrFlFxvBBfFfpg0veM_K,06tOzssZ9B4QVX5FaMC$RL,BOUNDS
3PZrFlFxvBBfFfpg0veM_K,2jzBBNhz9A2gVReR_XMj7$,BOUNDS
3PZrFlFxvBBfFfpg0veM_K,2jzBBNhz9A2gVReR_XMj7y,BOUNDS
3PZrFlFxvBBfFfpg0veM_8,09bUgXLWDEo8jPFR_2Dsgm,BOUNDS
3PZrFlFxvBBfFfpg0veM_8,3$HMG0vJbDxw6O2Wzb$FL5,BOUNDS
3PZrFlFxvBBfFfpg0veM_8,09bUgXLWDEo8jPFR_2Dsgm,BOUNDS
3PZrFlFxvBBfFfpg0veM_8,3$HMG0vJbDxw6O2Wzb$FL9,BOUNDS
3PZrFlFxvBBfFfpg0veM_A,3$HMG0vJbDxw6O2Wzb$FKr,BOUNDS
3PZrFlFxvBBfFfpg0veM_A,2OYQ9ZI8f6ogEt9Osk7raD,BOUNDS
3PZrFlFxvBBfFfpg0veM_A,3$HMG0vJbDxw6O2Wzb$FL1,BOUNDS
3PZrFlFxvBBfFfpg0veM_A,2OYQ9ZI8f6ogEt9Osk7raD,BOUNDS
3PZrFlFxvBBfFfpg0veM_K,2jzBBNhz9A2gVReR_XMj7_,BOUNDS
3PZrFlFxvBBfFfpg0veM_K,2jzBBNhz9A2gVReR_XMj7$,BOUNDS
3PZrFlFxvBBfFfpg0veM_A,3$HMG0vJbDxw6O2Wzb$FKr,BOUNDS
3PZrFlFxvBBfFfpg0veM_A,3$HMG0vJbDxw6O2Wzb$FNS,BOUNDS
3PZrFlFxvBBfFfpg0veM_M,1TgbqwUwn9te3sgF6st6rO,BOUNDS
3PZrFlFxvBBfFfpg0veM_G,2jzBBNhz9A2gVReR_XMj7v,BOUNDS
3PZrFlFxvBBfFfpg0veM_G,2jzBBNhz9A2gVReR_XMj7v,BOUNDS
3PZrFlFxvBBfFfpg0veM_G,2jzBBNhz9A2gVReR_XMj7t,BOUNDS
3PZrFlFxvBBfFfpg0veM_A,2OYQ9ZI8f6ogEt9Osk7raD,BOUNDS
3PZrFlFxvBBfFfpg0veM_A,3$HMG0vJbDxw6O2Wzb$FL1,BOUNDS
3PZrFlFxvBBfFfpg0veM_A,2OYQ9ZI8f6ogEt9Osk7raD,BOUNDS
3PZrFlFxvBBfFfpg0veM_A,3$HMG0vJbDxw6O2Wzb$FL9,BOUNDS
3PZrFlFxvBBfFfpg0veM_M,2jzBBNhz9A2gVReR_XMj7r,BOUNDS
3PZrFlFxvBBfFfpg0veM_M,2jzBBNhz9A2gVReR_XMj7x,BOUNDS
3PZrFlFxvBBfFfpg0veM_M,2jzBBNhz9A2gVReR_XMj7w,BOUNDS
3PZrFlFxvBBfFfpg0veM_M,2jzBBNhz9A2gVReR_XMj7w,BOUNDS
3PZrFlFxvBBfFfpg0veM_M,2jzBBNhz9A2gVReR_XMj7z,BOUNDS
3PZrFlFxvBBfFfpg0veM_M,18eJjezLr93eTsB1yzF63h,BOUNDS
3PZrFlFxvBBfFfpg0veM_M,1EKlTSJ$L9JAy5UDUCbg41,BOUNDS
3PZrFlFxvBBfFfpg0veM_M,04n55fjcH7dhzxSRcFV9eu,BOUNDS
3PZrFlFxvBBfFfpg0veM_E,06tOzssZ9B4QVX5FaMC$RL,BOUNDS
3PZrFlFxvBBfFfpg0veM_E,060B0Bfjv7MQEXwwmCVVgx,BOUNDS
3PZrFlFxvBBfFfpg0veM_E,2S8sqhWKT3WOiCtdCaE1XL,BOUNDS
3PZrFlFxvBBfFfpg0veM_E,2S8sqhWKT3WOiCtdCaE1XK,BOUNDS
3PZrFlFxvBBfFfpg0veM_2,2S8sqhWKT3WOiCtdCaE1Yf,BOUNDS
3PZrFlFxvBBfFfpg0veM_2,2S8sqhWKT3WOiCtdCaE1XI,BOUNDS
3PZrFlFxvBBfFfpg0veM_2,2S8sqhWKT3WOiCtdCaE1Yf,BOUNDS
3PZrFlFxvBBfFfpg0veM_2,2S8sqhWKT3WOiCtdCaE1XD,BOUNDS
3PZrFlFxvBBfFfpg0veM_C,3lPIjeMLjASRxjE6gw6XVn,BOUNDS
3PZrFlFxvBBfFfpg0veM_C,3lPIjeMLjASRxjE6gw6XVn,BOUNDS
3PZrFlFxvBBfFfpg0veM_C,2S8sqhWKT3WOiCtdCaE1XQ,BOUNDS
3PZrFlFxvBBfFfpg0veM_C,2S8sqhWKT3WOiCtdCaE1XP,BOUNDS
3PZrFlFxvBBfFfpg0veM_8,2H_RI8jSb9_fTdQufbyawv,BOUNDS
3PZrFlFxvBBfFfpg0veM_8,3$HMG0vJbDxw6O2Wzb$FLD,BOUNDS
3PZrFlFxvBBfFfpg0veM_8,2H_RI8jSb9_fTdQufbyawv,BOUNDS
3PZrFlFxvBBfFfpg0veM_8,3$HMG0vJbDxw6O2Wzb$FLD,BOUNDS
3PZrFlFxvBBfFfpg0veM_8,2H_RI8jSb9_fTdQufbyawv,BOUNDS
3PZrFlFxvBBfFfpg0veM_8,3$HMG0vJbDxw6O2Wzb$FKz,BOUNDS
3PZrFlFxvBBfFfpg0veM_A,3$HMG0vJbDxw6O2Wzb$FKn,BOUNDS
3PZrFlFxvBBfFfpg0veM_A,3$HMG0vJbDxw6O2Wzb$FKn,BOUNDS
3PZrFlFxvBBfFfpg0veM_E,060B0Bfjv7MQEXwwmCVVgx,BOUNDS
3PZrFlFxvBBfFfpg0veM_C,3pCu8LCZv1IhQ$jfb$w0GI,BOUNDS
3PZrFlFxvBBfFfpg0veM_C,06tOzssZ9B4QVX5FaMC$RL,BOUNDS
3PZrFlFxvBBfFfpg0veM_C,2S8sqhWKT3WOiCtdCaE1XP,BOUNDS
3PZrFlFxvBBfFfpg0veM_8,3$HMG0vJbDxw6O2Wzb$FL5,BOUNDS
3PZrFlFxvBBfFfpg0veM_8,09bUgXLWDEo8jPFR_2Dsgm,BOUNDS
3PZrFlFxvBBfFfpg0veM_8,3$HMG0vJbDxw6O2Wzb$FL5,BOUNDS
3PZrFlFxvBBfFfpg0veM_8,09bUgXLWDEo8jPFR_2Dsgm,BOUNDS
3PZrFlFxvBBfFfpg0veM_8,3$HMG0vJbDxw6O2Wzb$FL5,BOUNDS
3PZrFlFxvBBfFfpg0veM_8,3$HMG0vJbDxw6O2Wzb$FKv,BOUNDS
3PZrFlFxvBBfFfpg0veM_8,2H_RI8jSb9_fTdQufbyawv,BOUNDS
3PZrFlFxvBBfFfpg0veM_8,3$HMG0vJbDxw6O2Wzb$FKz,BOUNDS
3PZrFlFxvBBfFfpg0veM_w,3pCu8LCZv1IhQ$jfb$w0GI,BOUNDS
3PZrFlFxvBBfFfpg0veM_w,2S8sqhWKT3WOiCtdCaE1XC,BOUNDS
3PZrFlFxvBBfFfpg0veM_w,2S8sqhWKT3WOiCtdCaE1Yl,BOUNDS
3PZrFlFxvBBfFfpg0veM_w,2S8sqhWKT3WOiCtdCaE1Yk,BOUNDS
3PZrFlFxvBBfFfpg0veM_0,2S8sqhWKT3WOiCtdCaE1XD,BOUNDS
3PZrFlFxvBBfFfpg0veM_0,2S8sqhWKT3WOiCtdCaE1Yg,BOUNDS
3PZrFlFxvBBfFfpg0veM_0,2S8sqhWKT3WOiCtdCaE1Yf,BOUNDS
3PZrFlFxvBBfFfpg0veM_0,2S8sqhWKT3WOiCtdCaE1XI,BOUNDS
3PZrFlFxvBBfFfpg0veM_0,3lPIjeMLjASRxjE6gw6XUd,BOUNDS
3PZrFlFxvBBfFfpg0veM_0,3pCu8LCZv1IhQ$jfb$w0GI,BOUNDS
3PZrFlFxvBBfFfpg0veM_0,2S8sqhWKT3WOiCtdCaE1XD,BOUNDS
3PZrFlFxvBBfFfpg0veM_0,2S8sqhWKT3WOiCtdCaE1XF,BOUNDS
3PZrFlFxvBBfFfpg0veM_6,2S8sqhWKT3WOiCtdCaE1XM,BOUNDS
3PZrFlFxvBBfFfpg0veM_6,2S8sqhWKT3WOiCtdCaE1XM,BOUNDS
3PZrFlFxvBBfFfpg0veM_6,2S8sqhWKT3WOiCtdCaE1Y7,BOUNDS
3PZrFlFxvBBfFfpg0veM_6,2S8sqhWKT3WOiCtdCaE1Y7,BOUNDS
3PZrFlFxvBBfFfpg0veM_0,2S8sqhWKT3WOiCtdCaE1XH,BOUNDS
3PZrFlFxvBBfFfpg0veM_0,2S8sqhWKT3WOiCtdCaE1Yf,BOUNDS
3PZrFlFxvBBfFfpg0veM_6,3pCu8LCZv1IhQ$jfb$w0GI,BOUNDS
3PZrFlFxvBBfFfpg0veM_6,060B0Bfjv7MQEXwwmCVVgx,BOUNDS
3PZrFlFxvBBfFfpg0veM_2,2S8sqhWKT3WOiCtdCaE1XH,BOUNDS
3PZrFlFxvBBfFfpg0veM_2,3lPIjeMLjASRxjE6gw6XUd,BOUNDS
3PZrFlFxvBBfFfpg0veM_2,3pCu8LCZv1IhQ$jfb$w0GI,BOUNDS
3PZrFlFxvBBfFfpg0veM_C,06tOzssZ9B4QVX5FaMC$RL,BOUNDS
3PZrFlFxvBBfFfpg0veM_C,2S8sqhWKT3WOiCtdCaE1XK,BOUNDS
3PZrFlFxvBBfFfpg0veM_C,2S8sqhWKT3WOiCtdCaE1Yj,BOUNDS
3PZrFlFxvBBfFfpg0veM_C,2S8sqhWKT3WOiCtdCaE1XL,BOUNDS
3PZrFlFxvBBfFfpg0veM_C,2S8sqhWKT3WOiCtdCaE1XR,BOUNDS
3PZrFlFxvBBfFfpg0veM_2,2S8sqhWKT3WOiCtdCaE1Y5,BOUNDS
3PZrFlFxvBBfFfpg0veM_2,2S8sqhWKT3WOiCtdCaE1Y7,BOUNDS
3PZrFlFxvBBfFfpg0veM_2,2S8sqhWKT3WOiCtdCaE1XG,BOUNDS
3PZrFlFxvBBfFfpg0veM_2,2S8sqhWKT3WOiCtdCaE1Ye,BOUNDS
370NsjwGX2LeJoFLHeFobv,3lPIjeMLjASRxjE6gw6XGP,BOUNDS
370NsjwGX2LeJoFLHeFobv,3lPIjeMLjASRxjE6gw6XGQ,BOUNDS
370NsjwGX2LeJoFLHeFobv,3R4D_pRzb7zO6$RWcrzzK3,BOUNDS
370NsjwGX2LeJoFLHeFobv,3R4D_pRzb7zO6$RWcrzzK3,BOUNDS
3PZrFlFxvBBfFfpg0veM_u,2S8sqhWKT3WOiCtdCaE1XC,BOUNDS
3PZrFlFxvBBfFfpg0veM_u,2S8sqhWKT3WOiCtdCaE1XC,BOUNDS
3PZrFlFxvBBfFfpg0veM_u,2S8sqhWKT3WOiCtdCaE1Yh,BOUNDS
3pxnnElcDAbPn1EZEp6oCX,1TgbqwUwn9te3sgF6st6rO,BOUNDS
3pxnnElcDAbPn1EZEp6oCX,04n55fjcH7dhzxSRcFV9eu,BOUNDS
3pxnnElcDAbPn1EZEp6oCX,1JGhw2zk51zAYaF_QLitr9,BOUNDS
3pxnnElcDAbPn1EZEp6oCX,35ZMaE2hL45QaxEnc01C1_,BOUNDS
3pxnnElcDAbPn1EZEp6oCX,35ZMaE2hL45QaxEnc01C1z,BOUNDS
3PZrFlFxvBBfFfpg0veM_w,2S8sqhWKT3WOiCtdCaE1Ye,BOUNDS
3PZrFlFxvBBfFfpg0veM_u,3pCu8LCZv1IhQ$jfb$w0GI,BOUNDS
3PZrFlFxvBBfFfpg0veM_u,2S8sqhWKT3WOiCtdCaE1XE,BOUNDS
3PZrFlFxvBBfFfpg0veM_u,2S8sqhWKT3WOiCtdCaE1XE,BOUNDS
3PZrFlFxvBBfFfpg0veM_u,2S8sqhWKT3WOiCtdCaE1XN,BOUNDS
3PZrFlFxvBBfFfpg0veM_u,2S8sqhWKT3WOiCtdCaE1XN,BOUNDS
3PZrFlFxvBBfFfpg0veM_u,2S8sqhWKT3WOiCtdCaE1Yk,BOUNDS
3PZrFlFxvBBfFfpg0veM_u,2S8sqhWKT3WOiCtdCaE1Yl,BOUNDS
3PZrFlFxvBBfFfpg0veM_4,2S8sqhWKT3WOiCtdCaE1XN,BOUNDS
3PZrFlFxvBBfFfpg0veM_4,2S8sqhWKT3WOiCtdCaE1Y4,BOUNDS
3PZrFlFxvBBfFfpg0veM_4,2S8sqhWKT3WOiCtdCaE1Y6,BOUNDS
3PZrFlFxvBBfFfpg0veM_4,2S8sqhWKT3WOiCtdCaE1XG,BOUNDS
3PZrFlFxvBBfFfpg0veM_4,060B0Bfjv7MQEXwwmCVVgx,BOUNDS
3PZrFlFxvBBfFfpg0veM_4,3pCu8LCZv1IhQ$jfb$w0GI,BOUNDS
3PZrFlFxvBBfFfpg0veM_6,2S8sqhWKT3WOiCtdCaE1XG,BOUNDS
3PZrFlFxvBBfFfpg0veM_6,2S8sqhWKT3WOiCtdCaE1Y5,BOUNDS
3PZrFlFxvBBfFfpg0veM_w,2S8sqhWKT3WOiCtdCaE1XG,BOUNDS
3PZrFlFxvBBfFfpg0veM_w,2S8sqhWKT3WOiCtdCaE1Y4,BOUNDS
3PZrFlFxvBBfFfpg0veM_w,2S8sqhWKT3WOiCtdCaE1Y6,BOUNDS
3PZrFlFxvBBfFfpg0veM_w,2S8sqhWKT3WOiCtdCaE1XN,BOUNDS
1nByHgrsr3XvwvIlxl22_l,3$HMG0vJbDxw6O2Wzb$FNS,BOUNDS
1nByHgrsr3XvwvIlxl22_l,3$HMG0vJbDxw6O2Wzb$FKr,BOUNDS
1nByHgrsr3XvwvIlxl22_l,2nXdvZlq5AgxVReVXAryYD,BOUNDS
1nByHgrsr3XvwvIlxl22_l,3$HMG0vJbDxw6O2Wzb$FKr,BOUNDS
1nByHgrsr3XvwvIlxl22_Z,1EKlTSJ$L9JAy5UDUCbg41,BOUNDS
1nByHgrsr3XvwvIlxl22_Z,18eJjezLr93eTsB1yzF63h,BOUNDS
1nByHgrsr3XvwvIlxl22_Z,2jzBBNhz9A2gVReR_XMj7L,BOUNDS
1nByHgrsr3XvwvIlxl22_Z,2jzBBNhz9A2gVReR_XMj7I,BOUNDS
22RkM5Nn56FPWZ31993WPJ,3C4heucafBiB2e7fJoxrir,BOUNDS
22RkM5Nn56FPWZ31993WPH,0I89kxcfn5aPoCoZL7ragx,BOUNDS
22RkM5Nn56FPWZ31993WPH,0I89kxcfn5aPoCoZL7ragz,BOUNDS
22RkM5Nn56FPWZ31993WPH,0I89kxcfn5aPoCoZL7ragy,BOUNDS
1nByHgrsr3XvwvIlxl22_j,06tOzssZ9B4QVX5FaMC$RL,BOUNDS
1nByHgrsr3XvwvIlxl22_j,2jzBBNhz9A2gVReR_XMj7K,BOUNDS
1nByHgrsr3XvwvIlxl22_j,2jzBBNhz9A2gVReR_XMj7N,BOUNDS
1nByHgrsr3XvwvIlxl22_j,2jzBBNhz9A2gVReR_XMj7M,BOUNDS
22RkM5Nn56FPWZ31993WPJ,0I89kxcfn5aPoCoZL7ragy,BOUNDS
22RkM5Nn56FPWZ31993WPJ,0I89kxcfn5aPoCoZL7rafs,BOUNDS
22RkM5Nn56FPWZ31993WPJ,0I89kxcfn5aPoCoZL7rag$,BOUNDS
22RkM5Nn56FPWZ31993WPJ,0I89kxcfn5aPoCoZL7raft,BOUNDS
22RkM5Nn56FPWZ31993WPJ,0I89kxcfn5aPoCoZL7ragm,BOUNDS
22RkM5Nn56FPWZ31993WPJ,0I89kxcfn5aPoCoZL7raft,BOUNDS
22RkM5Nn56FPWZ31993WPJ,3a_D5a$uT0BwpgX2hZIhVe,BOUNDS
22RkM5Nn56FPWZ31993WPJ,0I89kxcfn5aPoCoZL7rafs,BOUNDS
22RkM5Nn56FPWZ31993WPF,3a_D5a$uT0BwpgX2hZIhVe,BOUNDS
22RkM5Nn56FPWZ31993WPD,0I89kxcfn5aPoCoZL7ragn,BOUNDS
22RkM5Nn56FPWZ31993WPD,0I89kxcfn5aPoCoZL7ragp,BOUNDS
22RkM5Nn56FPWZ31993WPD,0I89kxcfn5aPoCoZL7raft,BOUNDS
22RkM5Nn56FPWZ31993WPD,0I89kxcfn5aPoCoZL7ragy,BOUNDS
22RkM5Nn56FPWZ31993WPD,0I89kxcfn5aPoCoZL7rag$,BOUNDS
22RkM5Nn56FPWZ31993WPD,3C4heucafBiB2e7fJoxrir,BOUNDS
22RkM5Nn56FPWZ31993WPD,0I89kxcfn5aPoCoZL7ragz,BOUNDS
1nByHgrsr3XvwvIlxl22zb,35ZMaE2hL45QaxEnc01C1z,BOUNDS
18i00h7Df6HP4EqpAHKKGH,083PT5UOT40wVA0dd_F2Xg,BOUNDS
18i00h7Df6HP4EqpAHKKGH,39Avj9D6z09QNB2uCrpm5n,BOUNDS
18i00h7Df6HP4EqpAHKKGH,1vKuNLpq5FtuO62GLuougT,BOUNDS
1nByHgrsr3XvwvIlxl22_f,09bUgXLWDEo8jPFR_2DsgQ,BOUNDS
1nByHgrsr3XvwvIlxl22_f,3$HMG0vJbDxw6O2Wzb$FL9,BOUNDS
1nByHgrsr3XvwvIlxl22_f,3$HMG0vJbDxw6O2Wzb$FLD,BOUNDS
1nByHgrsr3XvwvIlxl22_f,2nXdvZlq5AgxVReVXAryYf,BOUNDS
1nByHgrsr3XvwvIlxl22_d,2jzBBNhz9A2gVReR_XMj7W,BOUNDS
1nByHgrsr3XvwvIlxl22_d,2jzBBNhz9A2gVReR_XMj7q,BOUNDS
1nByHgrsr3XvwvIlxl22_d,06tOzssZ9B4QVX5FaMC$RL,BOUNDS
1nByHgrsr3XvwvIlxl22_d,06tOzssZ9B4QVX5FaMC$RL,BOUNDS
1nByHgrsr3XvwvIlxl22zb,1JGhw2zk51zAYaF_QLitr9,BOUNDS
1nByHgrsr3XvwvIlxl22zb,35ZMaE2hL45QaxEnc01C1_,BOUNDS
1nByHgrsr3XvwvIlxl22zb,35ZMaE2hL45QaxEnc01C1z,BOUNDS
1nByHgrsr3XvwvIlxl22zb,35ZMaE2hL45QaxEnc01C1z,BOUNDS
1nByHgrsr3XvwvIlxl22_Z,1TgbqwUwn9te3sgF6st6sX,BOUNDS
1nByHgrsr3XvwvIlxl22_Z,04n55fjcH7dhzxSRcFV9eu,BOUNDS
1nByHgrsr3XvwvIlxl22_d,2jzBBNhz9A2gVReR_XMj7H,BOUNDS
1nByHgrsr3XvwvIlxl22_d,2jzBBNhz9A2gVReR_XMj7H,BOUNDS
1nByHgrsr3XvwvIlxl22_d,1JGhw2zk51zAYaF_QLitr9,BOUNDS
1nByHgrsr3XvwvIlxl22_d,06tOzssZ9B4QVX5FaMC$RL,BOUNDS
22RkM5Nn56FPWZ31993WPB,0I89kxcfn5aPoCoZL7rag4,BOUNDS
1nByHgrsr3XvwvIlxl22_d,1TgbqwUwn9te3sgF6st6sX,BOUNDS
1nByHgrsr3XvwvIlxl22_Z,2jzBBNhz9A2gVReR_XMj7D,BOUNDS
1nByHgrsr3XvwvIlxl22_Z,2jzBBNhz9A2gVReR_XMj7J,BOUNDS
1nByHgrsr3XvwvIlxl22_Z,2jzBBNhz9A2gVReR_XMj7D,BOUNDS
1nByHgrsr3XvwvIlxl22_Z,2jzBBNhz9A2gVReR_XMj7J,BOUNDS
1nByHgrsr3XvwvIlxl22_d,2jzBBNhz9A2gVReR_XMj7H,BOUNDS
1nByHgrsr3XvwvIlxl22_d,2jzBBNhz9A2gVReR_XMj7F,BOUNDS
1nByHgrsr3XvwvIlxl22_d,2jzBBNhz9A2gVReR_XMj7C,BOUNDS
1nByHgrsr3XvwvIlxl22_d,2jzBBNhz9A2gVReR_XMj7E,BOUNDS
22RkM5Nn56FPWZ31993WPN,0I89kxcfn5aPoCoZL7rafq,BOUNDS
22RkM5Nn56FPWZ31993WPN,0I89kxcfn5aPoCoZL7ragn,BOUNDS
22RkM5Nn56FPWZ31993WPN,0I89kxcfn5aPoCoZL7ragp,BOUNDS
22RkM5Nn56FPWZ31993WPN,0I89kxcfn5aPoCoZL7ragm,BOUNDS
22RkM5Nn56FPWZ31993WPN,0I89kxcfn5aPoCoZL7raft,BOUNDS
22RkM5Nn56FPWZ31993WPN,3a_D5a$uT0BwpgX2hZIhVe,BOUNDS
22RkM5Nn56FPWZ31993WPN,0I89kxcfn5aPoCoZL7raff,BOUNDS
22RkM5Nn56FPWZ31993WPH,3C4heucafBiB2e7fJoxrir,BOUNDS
22RkM5Nn56FPWZ31993WPH,3a_D5a$uT0BwpgX2hZIhVe,BOUNDS
22RkM5Nn56FPWZ31993WPH,0I89kxcfn5aPoCoZL7rafs,BOUNDS
22RkM5Nn56FPWZ31993WPH,0I89kxcfn5aPoCoZL7ragy,BOUNDS
22RkM5Nn56FPWZ31993WPH,0I89kxcfn5aPoCoZL7rafs,BOUNDS
22RkM5Nn56FPWZ31993WPV,0I89kxcfn5aPoCoZL7rdLD,BOUNDS
22RkM5Nn56FPWZ31993WPV,0I89kxcfn5aPoCoZL7rdLB,BOUNDS
22RkM5Nn56FPWZ31993WPV,3a_D5a$uT0BwpgX2hZIhWU,BOUNDS
22RkM5Nn56FPWZ31993WPV,3a_D5a$uT0BwpgX2hZIhWU,BOUNDS
22RkM5Nn56FPWZ31993WPV,3C4heucafBiB2e7fJoxrir,BOUNDS
22RkM5Nn56FPWZ31993WPV,3a_D5a$uT0BwpgX2hZIhWU,BOUNDS
22RkM5Nn56FPWZ31993WPV,0I89kxcfn5aPoCoZL7rdLL,BOUNDS
22RkM5Nn56FPWZ31993WPV,0I89kxcfn5aPoCoZL7rdLL,BOUNDS
22RkM5Nn56FPWZ31993WPT,0rlkQmNpf2ahkBKJXRt9dm,BOUNDS
22RkM5Nn56FPWZ31993WPT,0rlkQmNpf2ahkBKJXRt9dn,BOUNDS
22RkM5Nn56FPWZ31993WPT,0rlkQmNpf2ahkBKJXRt9dp,BOUNDS
22RkM5Nn56FPWZ31993WPT,0rlkQmNpf2ahkBKJXRt9dq,BOUNDS
22RkM5Nn56FPWZ31993WOZ,0rlkQmNpf2ahkBKJXRt9dq,BOUNDS
22RkM5Nn56FPWZ31993WOZ,3lPIjeMLjASRxjE6gw6XTo,BOUNDS
22RkM5Nn56FPWZ31993WPT,3C4heucafBiB2e7fJoxriW,BOUNDS
22RkM5Nn56FPWZ31993WPT,0rlkQmNpf2ahkBKJXRt9dm,BOUNDS
22RkM5Nn56FPWZ31993WOZ,3lPIjeMLjASRxjE6gw6XU7,BOUNDS
22RkM5Nn56FPWZ31993WOZ,3lPIjeMLjASRxjE6gw6XUR,BOUNDS
22RkM5Nn56FPWZ31993WOZ,0rlkQmNpf2ahkBKJXRt9do,BOUNDS
22RkM5Nn56FPWZ31993WOZ,0rlkQmNpf2ahkBKJXRt9dn,BOUNDS
22RkM5Nn56FPWZ31993WPF,0I89kxcfn5aPoCoZL7ragx,BOUNDS
22RkM5Nn56FPWZ31993WPF,0I89kxcfn5aPoCoZL7ragw,BOUNDS
22RkM5Nn56FPWZ31993WPF,0I89kxcfn5aPoCoZL7ragv,BOUNDS
22RkM5Nn56FPWZ31993WP9,3C4heucafBiB2e7fJoxrir,BOUNDS
22RkM5Nn56FPWZ31993WP9,3a_D5a$uT0BwpgX2hZIhVe,BOUNDS
22RkM5Nn56FPWZ31993WP9,0I89kxcfn5aPoCoZL7rag6,BOUNDS
22RkM5Nn56FPWZ31993WP9,0I89kxcfn5aPoCoZL7rago,BOUNDS
22RkM5Nn56FPWZ31993WP9,0I89kxcfn5aPoCoZL7rag7,BOUNDS
22RkM5Nn56FPWZ31993WPB,3C4heucafBiB2e7fJoxrir,BOUNDS
22RkM5Nn56FPWZ31993WPB,3a_D5a$uT0BwpgX2hZIhVe,BOUNDS
22RkM5Nn56FPWZ31993WPB,0I89kxcfn5aPoCoZL7rag7,BOUNDS
22RkM5Nn56FPWZ31993WPB,0I89kxcfn5aPoCoZL7rago,BOUNDS
22RkM5Nn56FPWZ31993WPP,0I89kxcfn5aPoCoZL7rdLB,BOUNDS
22RkM5Nn56FPWZ31993WPP,0I89kxcfn5aPoCoZL7rdLD,BOUNDS
22RkM5Nn56FPWZ31993WPP,3a_D5a$uT0BwpgX2hZIhWU,BOUNDS
22RkM5Nn56FPWZ31993WPP,3C4heucafBiB2e7fJoxrir,BOUNDS
22RkM5Nn56FPWZ31993WPP,1R9cOIVzf4CuOKv7e$chKr,BOUNDS
22RkM5Nn56FPWZ31993WPP,1R9cOIVzf4CuOKv7e$chA2,BOUNDS
22RkM5Nn56FPWZ31993WPP,16WH2c66f1ZwI6kV4BBzel,BOUNDS
22RkM5Nn56FPWZ31993WPP,1R9cOIVzf4CuOKv7e$chKs,BOUNDS
22RkM5Nn56FPWZ31993WPP,1R9cOIVzf4CuOKv7e$chB$,BOUNDS
22RkM5Nn56FPWZ31993WPP,3a_D5a$uT0BwpgX2hZIhWU,BOUNDS
22RkM5Nn56FPWZ31993WPP,1R9cOIVzf4CuOKv7e$chA1,BOUNDS
22RkM5Nn56FPWZ31993WPP,1R9cOIVzf4CuOKv7e$chA0,BOUNDS
22RkM5Nn56FPWZ31993WPN,3C4heucafBiB2e7fJoxrir,BOUNDS
22RkM5Nn56FPWZ31993WPN,3a_D5a$uT0BwpgX2hZIhVe,BOUNDS
22RkM5Nn56FPWZ31993WPP,3a_D5a$uT0BwpgX2hZIhWU,BOUNDS
22RkM5Nn56FPWZ31993WPP,3a_D5a$uT0BwpgX2hZIhWU,BOUNDS
22RkM5Nn56FPWZ31993WPN,0I89kxcfn5aPoCoZL7rag_,BOUNDS
22RkM5Nn56FPWZ31993WPN,0jP_FPW891yRBz0fI8zcOQ,BOUNDS
22RkM5Nn56FPWZ31993WPN,0jP_FPW891yRBz0fI8zcOe,BOUNDS
22RkM5Nn56FPWZ31993WPN,3XE9gMBSDBQA7ktP$X03tG,BOUNDS
18i00h7Df6HP4EqpAHKKGH,1bKDksX1DBeBEUOB8Ab1g7,BOUNDS
18i00h7Df6HP4EqpAHKKGH,1bKDksX1DBeBEUOB8Ab1g1,BOUNDS
18i00h7Df6HP4EqpAHKKGH,1EKlTSJ$L9JAy5UDUCbgx_,BOUNDS
18i00h7Df6HP4EqpAHKKGH,1EKlTSJ$L9JAy5UDUCbgxW,BOUNDS
18i00h7Df6HP4EqpAHKKHj,3$HMG0vJbDxw6O2Wzb$FKn,BOUNDS
0_IAKJB4D3bwfBqlSlqkwB,2quz0R1Zz9hwVmBpHZqEZN,BOUNDS
0_IAKJB4D3bwfBqlSlqkwB,1GjMnnWan8tQAnfWCQDDGP,BOUNDS
0_IAKJB4D3bwfBqlSlqkwB,1GjMnnWan8tQAnfWCQDDMA,BOUNDS
0_IAKJB4D3bwfBqlSlqkwB,1GjMnnWan8tQAnfWCQDDNP,BOUNDS
0_IAKJB4D3bwfBqlSlqkwB,1GjMnnWan8tQAnfWCQDDNP,BOUNDS
0_IAKJB4D3bwfBqlSlqkwB,3kuvdV1wPC_OBeQY96p51g,BOUNDS
0_IAKJB4D3bwfBqlSlqkwB,1GjMnnWan8tQAnfWCQDDNP,BOUNDS
0_IAKJB4D3bwfBqlSlqkwB,1GjMnnWan8tQAnfWCQDDNb,BOUNDS
1MaZTeJV10VBKZZMRjBH2H,1TgbqwUwn9te3sgF6st6sX,BOUNDS
1MaZTeJV10VBKZZMRjBH2H,04n55fjcH7dhzxSRcFV9eu,BOUNDS
1MaZTeJV10VBKZZMRjBH2H,35ZMaE2hL45QaxEnc01C1z,BOUNDS
18i00h7Df6HP4EqpAHKKHl,3$HMG0vJbDxw6O2Wzb$FKz,BOUNDS
18i00h7Df6HP4EqpAHKKGH,18eJjezLr93eTsB1yzF7f4,BOUNDS
18i00h7Df6HP4EqpAHKKGH,1TMmHiRcP0Zee6Er_nYG$I,BOUNDS
18i00h7Df6HP4EqpAHKKGH,1TMmHiRcP0Zee6Er_nYG_4,BOUNDS
18i00h7Df6HP4EqpAHKKGH,3Pt1BIDYL7Ux2LlNxeh3nu,BOUNDS
18i00h7Df6HP4EqpAHKKGH,1EKlTSJ$L9JAy5UDUCbgx$,BOUNDS
18i00h7Df6HP4EqpAHKKGH,3Pt1BIDYL7Ux2LlNxeh3ya,BOUNDS
18i00h7Df6HP4EqpAHKKGH,3Pt1BIDYL7Ux2LlNxeh3nu,BOUNDS
18i00h7Df6HP4EqpAHKKGH,3Pt1BIDYL7Ux2LlNxeh3wg,BOUNDS
18i00h7Df6HP4EqpAHKKGH,1L4mPJL4L3IwajqcqdMNP3,BOUNDS
18i00h7Df6HP4EqpAHKKGH,1L4mPJL4L3IwajqcqdMNPS,BOUNDS
18i00h7Df6HP4EqpAHKKGH,3Pt1BIDYL7Ux2LlNxeh3_T,BOUNDS
18i00h7Df6HP4EqpAHKKGH,1bKDksX1DBeBEUOB8Ab1fQ,BOUNDS
18i00h7Df6HP4EqpAHKKGH,1bKDksX1DBeBEUOB8Ab1ea,BOUNDS
18i00h7Df6HP4EqpAHKKGH,39Avj9D6z09QNB2uCrpm5n,BOUNDS
18i00h7Df6HP4EqpAHKKGH,0CbDvuSgPEj9UJmwG8hQ6x,BOUNDS
18i00h7Df6HP4EqpAHKKHj,3$HMG0vJbDxw6O2Wzb$FL9,BOUNDS
18i00h7Df6HP4EqpAHKKHj,2nXdvZlq5AgxVReVXAryXc,BOUNDS
18i00h7Df6HP4EqpAHKKHj,3$HMG0vJbDxw6O2Wzb$FL1,BOUNDS
18i00h7Df6HP4EqpAHKKHj,2nXdvZlq5AgxVReVXAryXc,BOUNDS
1MaZTeJV10VBKZZMRjBH2H,1EKlTSJ$L9JAy5UDUCbg5$,BOUNDS
1MaZTeJV10VBKZZMRjBH2H,1EKlTSJ$L9JAy5UDUCbg5z,BOUNDS
1MaZTeJV10VBKZZMRjBH2H,06tOzssZ9B4QVX5FaMC$RL,BOUNDS
1MaZTeJV10VBKZZMRjBH2H,1EKlTSJ$L9JAy5UDUCbgwC,BOUNDS
1MaZTeJV10VBKZZMRjBH2H,1EKlTSJ$L9JAy5UDUCbgwn,BOUNDS
1MaZTeJV10VBKZZMRjBH2H,1EKlTSJ$L9JAy5UDUCbgwF,BOUNDS
1MaZTeJV10VBKZZMRjBH2H,06tOzssZ9B4QVX5FaMC$RL,BOUNDS
1MaZTeJV10VBKZZMRjBH2H,2jzBBNhz9A2gVReR_XMj7M,BOUNDS
1MaZTeJV10VBKZZMRjBH2H,2jzBBNhz9A2gVReR_XMj7N,BOUNDS
1MaZTeJV10VBKZZMRjBH2H,2jzBBNhz9A2gVReR_XMj7K,BOUNDS
1MaZTeJV10VBKZZMRjBH2H,06tOzssZ9B4QVX5FaMC$RL,BOUNDS
1MaZTeJV10VBKZZMRjBH2H,06tOzssZ9B4QVX5FaMC$RL,BOUNDS
1MaZTeJV10VBKZZMRjBH2H,0KwnPp9xH0twwJsxazd97n,BOUNDS
1MaZTeJV10VBKZZMRjBH2H,1JGhw2zk51zAYaF_QLitr9,BOUNDS
1MaZTeJV10VBKZZMRjBH2H,35ZMaE2hL45QaxEnc01C1_,BOUNDS
1MaZTeJV10VBKZZMRjBH2H,35ZMaE2hL45QaxEnc01C1z,BOUNDS
18i00h7Df6HP4EqpAHKKHl,3$HMG0vJbDxw6O2Wzb$FLD,BOUNDS
18i00h7Df6HP4EqpAHKKHl,2nXdvZlq5AgxVReVXAryYR,BOUNDS
18i00h7Df6HP4EqpAHKKHl,3$HMG0vJbDxw6O2Wzb$FL5,BOUNDS
18i00h7Df6HP4EqpAHKKHl,3$HMG0vJbDxw6O2Wzb$FL9,BOUNDS
18i00h7Df6HP4EqpAHKKHj,3$HMG0vJbDxw6O2Wzb$FNS,BOUNDS
18i00h7Df6HP4EqpAHKKHj,3$HMG0vJbDxw6O2Wzb$FKr,BOUNDS
18i00h7Df6HP4EqpAHKKHl,3$HMG0vJbDxw6O2Wzb$FLD,BOUNDS
18i00h7Df6HP4EqpAHKKHl,2nXdvZlq5AgxVReVXAryYR,BOUNDS
18i00h7Df6HP4EqpAHKKHj,2nXdvZlq5AgxVReVXAryXc,BOUNDS
18i00h7Df6HP4EqpAHKKHj,3$HMG0vJbDxw6O2Wzb$FL1,BOUNDS
18i00h7Df6HP4EqpAHKKHj,2nXdvZlq5AgxVReVXAryXc,BOUNDS
18i00h7Df6HP4EqpAHKKHj,3$HMG0vJbDxw6O2Wzb$FKr,BOUNDS
18i00h7Df6HP4EqpAHKKGH,0hfRkgj2T19geTrxeLJPYb,BOUNDS
18i00h7Df6HP4EqpAHKKGH,3$HMG0vJbDxw6O2Wzb$FL1,BOUNDS
18i00h7Df6HP4EqpAHKKGH,2nXdvZlq5AgxVReVXAryXc,BOUNDS
18i00h7Df6HP4EqpAHKKGH,3$HMG0vJbDxw6O2Wzb$FKr,BOUNDS
1nByHgrsr3XvwvIlxl22_l,3$HMG0vJbDxw6O2Wzb$FKn,BOUNDS
1nByHgrsr3XvwvIlxl22_l,3$HMG0vJbDxw6O2Wzb$FKn,BOUNDS
1nByHgrsr3XvwvIlxl22_l,2nXdvZlq5AgxVReVXAryYD,BOUNDS
1nByHgrsr3XvwvIlxl22_l,3$HMG0vJbDxw6O2Wzb$FL9,BOUNDS
18i00h7Df6HP4EqpAHKKGH,3Pt1BIDYL7Ux2LlNxeh3zR,BOUNDS
18i00h7Df6HP4EqpAHKKGH,3Pt1BIDYL7Ux2LlNxeh3w2,BOUNDS
18i00h7Df6HP4EqpAHKKGH,1L4mPJL4L3IwajqcqdMNO$,BOUNDS
18i00h7Df6HP4EqpAHKKGH,3Pt1BIDYL7Ux2LlNxeh3wy,BOUNDS
18i00h7Df6HP4EqpAHKKGH,3$HMG0vJbDxw6O2Wzb$FLD,BOUNDS
18i00h7Df6HP4EqpAHKKGH,2nXdvZlq5AgxVReVXAryYR,BOUNDS
18i00h7Df6HP4EqpAHKKGH,0hfRkgj2T19geTrxeLJPYc,BOUNDS
18i00h7Df6HP4EqpAHKKGH,0hfRkgj2T19geTrxeLJPYX,BOUNDS
1nByHgrsr3XvwvIlxl22_f,2nXdvZlq5AgxVReVXAryYf,BOUNDS
1nByHgrsr3XvwvIlxl22_f,3$HMG0vJbDxw6O2Wzb$FKz,BOUNDS
1nByHgrsr3XvwvIlxl22_f,2nXdvZlq5AgxVReVXAryYf,BOUNDS
1nByHgrsr3XvwvIlxl22_f,3$HMG0vJbDxw6O2Wzb$FKz,BOUNDS
1nByHgrsr3XvwvIlxl22zb,1TgbqwUwn9te3sgF6st6sX,BOUNDS
1nByHgrsr3XvwvIlxl22zb,04n55fjcH7dhzxSRcFV9eu,BOUNDS
1nByHgrsr3XvwvIlxl22_f,3$HMG0vJbDxw6O2Wzb$FLD,BOUNDS
1nByHgrsr3XvwvIlxl22_f,2nXdvZlq5AgxVReVXAryYf,BOUNDS
1nByHgrsr3XvwvIlxl22_l,3$HMG0vJbDxw6O2Wzb$FL1,BOUNDS
1nByHgrsr3XvwvIlxl22_l,2nXdvZlq5AgxVReVXAryYD,BOUNDS
1nByHgrsr3XvwvIlxl22_l,3$HMG0vJbDxw6O2Wzb$FL1,BOUNDS
1nByHgrsr3XvwvIlxl22_l,2nXdvZlq5AgxVReVXAryYD,BOUNDS
1nByHgrsr3XvwvIlxl22_f,3$HMG0vJbDxw6O2Wzb$FL5,BOUNDS
1nByHgrsr3XvwvIlxl22_f,09bUgXLWDEo8jPFR_2DsgQ,BOUNDS
1nByHgrsr3XvwvIlxl22_f,3$HMG0vJbDxw6O2Wzb$FL5,BOUNDS
1nByHgrsr3XvwvIlxl22_f,3$HMG0vJbDxw6O2Wzb$FKv,BOUNDS
18i00h7Df6HP4EqpAHKKGH,1bKDksX1DBeBEUOB8Ab1en,BOUNDS
18i00h7Df6HP4EqpAHKKGH,1bKDksX1DBeBEUOB8Ab1ep,BOUNDS
18i00h7Df6HP4EqpAHKKGH,1bKDksX1DBeBEUOB8Ab1eo,BOUNDS
18i00h7Df6HP4EqpAHKKGH,1TMmHiRcP0Zee6Er_nYG$U,BOUNDS
18i00h7Df6HP4EqpAHKKGH,0hfRkgj2T19geTrxeLJPYZ,BOUNDS
18i00h7Df6HP4EqpAHKKGH,04n55fjcH7dhzxSRcFV9eu,BOUNDS
18i00h7Df6HP4EqpAHKKGH,3BXEwjEIv1JPupppyWhAvx,BOUNDS
18i00h7Df6HP4EqpAHKKGH,3BXEwjEIv1JPupppyWhAvz,BOUNDS
18i00h7Df6HP4EqpAHKKHl,2nXdvZlq5AgxVReVXAryYR,BOUNDS
18i00h7Df6HP4EqpAHKKHl,3$HMG0vJbDxw6O2Wzb$FKz,BOUNDS
18i00h7Df6HP4EqpAHKKHl,2nXdvZlq5AgxVReVXAryYR,BOUNDS
18i00h7Df6HP4EqpAHKKHl,3$HMG0vJbDxw6O2Wzb$FKv,BOUNDS
18i00h7Df6HP4EqpAHKKGH,1bKDksX1DBeBEUOB8Ab1fR,BOUNDS
18i00h7Df6HP4EqpAHKKGH,39Avj9D6z09QNB2uCrpm5n,BOUNDS
18i00h7Df6HP4EqpAHKKGH,1vKuNLpq5FtuO62GLuougT,BOUNDS
18i00h7Df6HP4EqpAHKKGH,2rOqAXDs9DxeW$ABqLLvPn,BOUNDS
18i00h7Df6HP4EqpAHKKGH,04n55fjcH7dhzxSRcFV9eu,BOUNDS
18i00h7Df6HP4EqpAHKKGH,3BXEwjEIv1JPupppyWhAvw,BOUNDS
18i00h7Df6HP4EqpAHKKGH,18eJjezLr93eTsB1yzF61M,BOUNDS
18i00h7Df6HP4EqpAHKKGH,1EKlTSJ$L9JAy5UDUCbg6x,BOUNDS
18i00h7Df6HP4EqpAHKKGH,0hfRkgj2T19geTrxeLJPYW,BOUNDS
18i00h7Df6HP4EqpAHKKGH,0hfRkgj2T19geTrxeLJPYW,BOUNDS
18i00h7Df6HP4EqpAHKKGH,0hfRkgj2T19geTrxeLJPYa,BOUNDS
18i00h7Df6HP4EqpAHKKGH,2nXdvZlq5AgxVReVXAryXc,BOUNDS
18i00h7Df6HP4EqpAHKKGH,3$HMG0vJbDxw6O2Wzb$FKz,BOUNDS
18i00h7Df6HP4EqpAHKKGH,2nXdvZlq5AgxVReVXAryYR,BOUNDS
18i00h7Df6HP4EqpAHKKGH,0hfRkgj2T19geTrxeLJPYY,BOUNDS
18i00h7Df6HP4EqpAHKKGH,0hfRkgj2T19geTrxeLJPYd,BOUNDS
18i00h7Df6HP4EqpAHKKGH,04n55fjcH7dhzxSRcFV9eu,BOUNDS
18i00h7Df6HP4EqpAHKKGH,1EKlTSJ$L9JAy5UDUCbg6w,BOUNDS
18i00h7Df6HP4EqpAHKKGH,1bKDksX1DBeBEUOB8Ab1e3,BOUNDS
18i00h7Df6HP4EqpAHKKGH,1bKDksX1DBeBEUOB8Ab1eD,BOUNDS
23g_xwgnbBFPpY7SDLzbqe,1KphmnYeX1wPLhP_co5Iks,BOUNDS
23g_xwgnbBFPpY7SDLzbqe,1KphmnYeX1wPLhP_co5Ikn,BOUNDS
23g_xwgnbBFPpY7SDLzbqe,14W8lqiN98gvcl2g04dZhs,BOUNDS
23g_xwgnbBFPpY7SDLzbqe,3C4heucafBiB2e7fJoxrir,BOUNDS
23g_xwgnbBFPpY7SDLzbqk,2yMGZYWe52bPtRRTVguebK,BOUNDS
23g_xwgnbBFPpY7SDLzbqk,2yMGZYWe52bPtRRTVguexy,BOUNDS
23g_xwgnbBFPpY7SDLzbqk,2yMGZYWe52bPtRRTVguexZ,BOUNDS
23g_xwgnbBFPpY7SDLzbqk,3SlEueal9DSQhY_7NTi8i$,BOUNDS
23g_xwgnbBFPpY7SDLzbqX,0I89kxcfn5aPoCoZL7rago,BOUNDS
23g_xwgnbBFPpY7SDLzbqX,0I89kxcfn5aPoCoZL7rago,BOUNDS
23g_xwgnbBFPpY7SDLzbqX,0I89kxcfn5aPoCoZL7rago,BOUNDS
23g_xwgnbBFPpY7SDLzbqX,0I89kxcfn5aPoCoZL7rago,BOUNDS
23g_xwgnbBFPpY7SDLzbqe,1KphmnYeX1wPLhP_co5IkE,BOUNDS
23g_xwgnbBFPpY7SDLzbqe,1KphmnYeX1wPLhP_co5Ik9,BOUNDS
23g_xwgnbBFPpY7SDLzbqe,1KphmnYeX1wPLhP_co5IkA,BOUNDS
23g_xwgnbBFPpY7SDLzbqe,1KphmnYeX1wPLhP_co5Ik5,BOUNDS
23g_xwgnbBFPpY7SDLzbqg,1KphmnYeX1wPLhP_co5IkC,BOUNDS
23g_xwgnbBFPpY7SDLzbqg,1KphmnYeX1wPLhP_co5Ik9,BOUNDS
23g_xwgnbBFPpY7SDLzbqg,2yMGZYWe52bPtRRTVguexy,BOUNDS
23g_xwgnbBFPpY7SDLzbqg,2yMGZYWe52bPtRRTVguexX,BOUNDS
23g_xwgnbBFPpY7SDLzbqe,1KphmnYeX1wPLhP_co5IkC,BOUNDS
23g_xwgnbBFPpY7SDLzbqe,1KphmnYeX1wPLhP_co5IkF,BOUNDS
23g_xwgnbBFPpY7SDLzbqe,2yMGZYWe52bPtRRTVguexy,BOUNDS
23g_xwgnbBFPpY7SDLzbqe,2yMGZYWe52bPtRRTVguexY,BOUNDS
23g_xwgnbBFPpY7SDLzbqk,0RfdXiv0TCxxZWQPfpFnGb,BOUNDS
23g_xwgnbBFPpY7SDLzbqk,3SlEueal9DSQhY_7NTi8iI,BOUNDS
23g_xwgnbBFPpY7SDLzbqk,0RfdXiv0TCxxZWQPfpFnGO,BOUNDS
23g_xwgnbBFPpY7SDLzbqk,0RfdXiv0TCxxZWQPfpFnGQ,BOUNDS
23g_xwgnbBFPpY7SDLzbqg,1KphmnYeX1wPLhP_co5Ikn,BOUNDS
23g_xwgnbBFPpY7SDLzbqg,1KphmnYeX1wPLhP_co5Ikm,BOUNDS
23g_xwgnbBFPpY7SDLzbqg,1KphmnYeX1wPLhP_co5Ikt,BOUNDS
23g_xwgnbBFPpY7SDLzbqg,1KphmnYeX1wPLhP_co5Iks,BOUNDS
23g_xwgnbBFPpY7SDLzbqs,14W8lqiN98gvcl2g04dZge,BOUNDS
23g_xwgnbBFPpY7SDLzbqs,14W8lqiN98gvcl2g04dZhs,BOUNDS
23g_xwgnbBFPpY7SDLzbqs,3C4heucafBiB2e7fJoxrir,BOUNDS
23g_xwgnbBFPpY7SDLzbqq,2yMGZYWe52bPtRRTVguexX,BOUNDS
23g_xwgnbBFPpY7SDLzbqq,0Wm9OiXjPApAk3HmKSLtap,BOUNDS
23g_xwgnbBFPpY7SDLzbqq,14W8lqiN98gvcl2g04dZhs,BOUNDS
23g_xwgnbBFPpY7SDLzbqq,3C4heucafBiB2e7fJoxrir,BOUNDS
23g_xwgnbBFPpY7SDLzbqg,2yMGZYWe52bPtRRTVguexY,BOUNDS
23g_xwgnbBFPpY7SDLzbqg,14W8lqiN98gvcl2g04dZhs,BOUNDS
23g_xwgnbBFPpY7SDLzbqg,1KphmnYeX1wPLhP_co5Ikj,BOUNDS
23g_xwgnbBFPpY7SDLzbqe,2yMGZYWe52bPtRRTVguexZ,BOUNDS
23g_xwgnbBFPpY7SDLzbqg,3C4heucafBiB2e7fJoxrir,BOUNDS
23g_xwgnbBFPpY7SDLzbqq,2yMGZYWe52bPtRRTVguexy,BOUNDS
23g_xwgnbBFPpY7SDLzbqq,2yMGZYWe52bPtRRTVguexW,BOUNDS
23g_xwgnbBFPpY7SDLzbqq,1KphmnYeX1wPLhP_co5Ikt,BOUNDS
23g_xwgnbBFPpY7SDLzbqq,1KphmnYeX1wPLhP_co5Iks,BOUNDS
23g_xwgnbBFPpY7SDLzbqm,14W8lqiN98gvcl2g04dZge,BOUNDS
23g_xwgnbBFPpY7SDLzbqm,14W8lqiN98gvcl2g04dZgf,BOUNDS
23g_xwgnbBFPpY7SDLzbqm,13SAABVn95jBb7fx_YOhf9,BOUNDS
23g_xwgnbBFPpY7SDLzbqm,13SAABVn95jBb7fx_YOhdu,BOUNDS
23g_xwgnbBFPpY7SDLzbqs,200r6ccSz9Uwor4NoXbOil,BOUNDS
23g_xwgnbBFPpY7SDLzbqs,13SAABVn95jBb7fx_YOhhW,BOUNDS
23g_xwgnbBFPpY7SDLzbqs,200r6ccSz9Uwor4NoXbOik,BOUNDS
23g_xwgnbBFPpY7SDLzbqs,0Wm9OiXjPApAk3HmKSLtbT,BOUNDS
23g_xwgnbBFPpY7SDLzbqq,1KphmnYeX1wPLhP_co5Ikm,BOUNDS
23g_xwgnbBFPpY7SDLzbqq,1KphmnYeX1wPLhP_co5Ikn,BOUNDS
23g_xwgnbBFPpY7SDLzbqq,0Wm9OiXjPApAk3HmKSLtdR,BOUNDS
23g_xwgnbBFPpY7SDLzbqq,1KphmnYeX1wPLhP_co5Iki,BOUNDS
23g_xwgnbBFPpY7SDLzbqs,2yMGZYWe52bPtRRTVguexW,BOUNDS
23g_xwgnbBFPpY7SDLzbqs,2yMGZYWe52bPtRRTVguexy,BOUNDS
23g_xwgnbBFPpY7SDLzbqm,14W8lqiN98gvcl2g04dZhs,BOUNDS
23g_xwgnbBFPpY7SDLzbqm,3C4heucafBiB2e7fJoxrir,BOUNDS
1V8vTPfTzB1OHvpx9KPlXL,3FT4oGIt5Aj8lQl$YI2Q7j,BOUNDS
1V8vTPfTzB1OHvpx9KPlXL,3FT4oGIt5Aj8lQl$YI2Q7j,BOUNDS
1V8vTPfTzB1OHvpx9KPlXL,3FT4oGIt5Aj8lQl$YI2Q7i,BOUNDS
1V8vTPfTzB1OHvpx9KPlXL,3FT4oGIt5Aj8lQl$YI2Q7l,BOUNDS
1V8vTPfTzB1OHvpx9KPlXL,3FT4oGIt5Aj8lQl$YI2Q7l,BOUNDS
1V8vTPfTzB1OHvpx9KPlXL,1guDAeN0H0zPlf9ZUQ7YEe,BOUNDS
1V8vTPfTzB1OHvpx9KPlXL,1guDAeN0H0zPlf9ZUQ7YE5,BOUNDS
1V8vTPfTzB1OHvpx9KPlXL,1bKDksX1DBeBEUOB8Ab1fR,BOUNDS
1V8vTPfTzB1OHvpx9KPlXL,1bKDksX1DBeBEUOB8Ab1ea,BOUNDS
1V8vTPfTzB1OHvpx9KPlXL,1bKDksX1DBeBEUOB8Ab1fQ,BOUNDS
1V8vTPfTzB1OHvpx9KPlXL,1guDAeN0H0zPlf9ZUQ7YEf,BOUNDS
1V8vTPfTzB1OHvpx9KPlXL,1guDAeN0H0zPlf9ZUQ7YE5,BOUNDS
1YUhrFO6H7_v0S21UjDJHr,18eJjezLr93eTsB1yzF67R,BOUNDS
1V8vTPfTzB1OHvpx9KPlXL,1TgbqwUwn9te3sgF6st6rO,BOUNDS
1YUhrFO6H7_v0S21UjDJHr,00gFGeCuDDpBDi0kTgjcvY,BOUNDS
1YUhrFO6H7_v0S21UjDJHr,00gFGeCuDDpBDi0kTgjcvW,BOUNDS
23g_xwgnbBFPpY7SDLzbqX,0I89kxcfn5aPoCoZL7rdLB,BOUNDS
23g_xwgnbBFPpY7SDLzbqX,1R9cOIVzf4CuOKv7e$chB$,BOUNDS
23g_xwgnbBFPpY7SDLzbqX,0I89kxcfn5aPoCoZL7rdLB,BOUNDS
23g_xwgnbBFPpY7SDLzbqX,0I89kxcfn5aPoCoZL7rdLB,BOUNDS
23g_xwgnbBFPpY7SDLzbqX,0I89kxcfn5aPoCoZL7rdLL,BOUNDS
23g_xwgnbBFPpY7SDLzbqX,0I89kxcfn5aPoCoZL7rdLB,BOUNDS
23g_xwgnbBFPpY7SDLzbqX,3a_D5a$uT0BwpgX2hZIhWU,BOUNDS
23g_xwgnbBFPpY7SDLzbqX,0I89kxcfn5aPoCoZL7rdLL,BOUNDS
23g_xwgnbBFPpY7SDLzbqX,3a_D5a$uT0BwpgX2hZIhZe,BOUNDS
23g_xwgnbBFPpY7SDLzbqX,3a_D5a$uT0BwpgX2hZIhWU,BOUNDS
23g_xwgnbBFPpY7SDLzbqX,3a_D5a$uT0BwpgX2hZIhZe,BOUNDS
23g_xwgnbBFPpY7SDLzbqX,0398DzNGjBYO1C$VUhMCYa,BOUNDS
1V8vTPfTzB1OHvpx9KPlXL,09bUgXLWDEo8jPFR_2DsjV,BOUNDS
1V8vTPfTzB1OHvpx9KPlXL,09bUgXLWDEo8jPFR_2DsjO,BOUNDS
1V8vTPfTzB1OHvpx9KPlXL,3FT4oGIt5Aj8lQl$YI2Q7g,BOUNDS
1V8vTPfTzB1OHvpx9KPlXL,3FT4oGIt5Aj8lQl$YI2Q7g,BOUNDS
23g_xwgnbBFPpY7SDLzbqX,0398DzNGjBYO1C$VUhMCYT,BOUNDS
23g_xwgnbBFPpY7SDLzbqX,0398DzNGjBYO1C$VUhMCYV,BOUNDS
23g_xwgnbBFPpY7SDLzbqX,0398DzNGjBYO1C$VUhMCYU,BOUNDS
23g_xwgnbBFPpY7SDLzbqX,0398DzNGjBYO1C$VUhMCYV,BOUNDS
23g_xwgnbBFPpY7SDLzbqX,3a_D5a$uT0BwpgX2hZIhVe,BOUNDS
23g_xwgnbBFPpY7SDLzbqX,0398DzNGjBYO1C$VUhMCYQ,BOUNDS
23g_xwgnbBFPpY7SDLzbqX,0398DzNGjBYO1C$VUhMCYR,BOUNDS
23g_xwgnbBFPpY7SDLzbqX,0398DzNGjBYO1C$VUhMCYS,BOUNDS
23g_xwgnbBFPpY7SDLzbqX,0I89kxcfn5aPoCoZL7rag4,BOUNDS
23g_xwgnbBFPpY7SDLzbqX,0I89kxcfn5aPoCoZL7rag4,BOUNDS
23g_xwgnbBFPpY7SDLzbqX,0I89kxcfn5aPoCoZL7rag4,BOUNDS
23g_xwgnbBFPpY7SDLzbqX,3a_D5a$uT0BwpgX2hZIhVe,BOUNDS
23g_xwgnbBFPpY7SDLzbqX,1R9cOIVzf4CuOKv7e$chA2,BOUNDS
23g_xwgnbBFPpY7SDLzbqX,1R9cOIVzf4CuOKv7e$chA1,BOUNDS
23g_xwgnbBFPpY7SDLzbqX,1R9cOIVzf4CuOKv7e$chAM,BOUNDS
23g_xwgnbBFPpY7SDLzbqX,1R9cOIVzf4CuOKv7e$chAL,BOUNDS
23g_xwgnbBFPpY7SDLzbqX,0I89kxcfn5aPoCoZL7rag6,BOUNDS
23g_xwgnbBFPpY7SDLzbqX,0I89kxcfn5aPoCoZL7rag6,BOUNDS
23g_xwgnbBFPpY7SDLzbqX,0I89kxcfn5aPoCoZL7rdL9,BOUNDS
23g_xwgnbBFPpY7SDLzbqX,0I89kxcfn5aPoCoZL7rdL9,BOUNDS
23g_xwgnbBFPpY7SDLzbqX,0I89kxcfn5aPoCoZL7rdLM,BOUNDS
23g_xwgnbBFPpY7SDLzbqX,0I89kxcfn5aPoCoZL7rdLM,BOUNDS
23g_xwgnbBFPpY7SDLzbqX,0I89kxcfn5aPoCoZL7rdLN,BOUNDS
23g_xwgnbBFPpY7SDLzbqX,0I89kxcfn5aPoCoZL7rdLN,BOUNDS
23g_xwgnbBFPpY7SDLzbqk,14W8lqiN98gvcl2g04dZhs,BOUNDS
23g_xwgnbBFPpY7SDLzbqk,3C4heucafBiB2e7fJoxrir,BOUNDS
23g_xwgnbBFPpY7SDLzbqk,1KphmnYeX1wPLhP_co5IkF,BOUNDS
23g_xwgnbBFPpY7SDLzbqk,1KphmnYeX1wPLhP_co5IkE,BOUNDS
23g_xwgnbBFPpY7SDLzbqX,3a_D5a$uT0BwpgX2hZIhZe,BOUNDS
23g_xwgnbBFPpY7SDLzbqX,3a_D5a$uT0BwpgX2hZIhVe,BOUNDS
23g_xwgnbBFPpY7SDLzbqX,3a_D5a$uT0BwpgX2hZIhZe,BOUNDS
23g_xwgnbBFPpY7SDLzbqX,3a_D5a$uT0BwpgX2hZIhZe,BOUNDS
22RkM5Nn56FPWZ31993WOj,0398DzNGjBYO1C$VUhMCYQ,BOUNDS
22RkM5Nn56FPWZ31993WOj,0398DzNGjBYO1C$VUhMCYR,BOUNDS
22RkM5Nn56FPWZ31993WOj,0398DzNGjBYO1C$VUhMCYV,BOUNDS
22RkM5Nn56FPWZ31993WOj,0398DzNGjBYO1C$VUhMCYQ,BOUNDS
22RkM5Nn56FPWZ31993WOl,0398DzNGjBYO1C$VUhMCYh,BOUNDS
22RkM5Nn56FPWZ31993WOl,0398DzNGjBYO1C$VUhMCX$,BOUNDS
22RkM5Nn56FPWZ31993WOl,0398DzNGjBYO1C$VUhMCXz,BOUNDS
22RkM5Nn56FPWZ31993WOl,0398DzNGjBYO1C$VUhMCYi,BOUNDS
22RkM5Nn56FPWZ31993WOl,0398DzNGjBYO1C$VUhMCYL,BOUNDS
22RkM5Nn56FPWZ31993WOl,0398DzNGjBYO1C$VUhMCYK,BOUNDS
22RkM5Nn56FPWZ31993WOl,0398DzNGjBYO1C$VUhMCYt,BOUNDS
22RkM5Nn56FPWZ31993WOl,3C4heucafBiB2e7fJoxriW,BOUNDS
22RkM5Nn56FPWZ31993WOh,3C4heucafBiB2e7fJoxriW,BOUNDS
22RkM5Nn56FPWZ31993WOf,0398DzNGjBYO1C$VUhMCYi,BOUNDS
22RkM5Nn56FPWZ31993WOf,0398DzNGjBYO1C$VUhMCX$,BOUNDS
22RkM5Nn56FPWZ31993WOf,0398DzNGjBYO1C$VUhMCXz,BOUNDS
22RkM5Nn56FPWZ31993WOf,3a_D5a$uT0BwpgX2hZIhZe,BOUNDS
22RkM5Nn56FPWZ31993WOf,0398DzNGjBYO1C$VUhMCYh,BOUNDS
22RkM5Nn56FPWZ31993WOl,0398DzNGjBYO1C$VUhMCYJ,BOUNDS
22RkM5Nn56FPWZ31993WOf,3C4heucafBiB2e7fJoxriW,BOUNDS
22RkM5Nn56FPWZ31993WOh,0398DzNGjBYO1C$VUhMCYj,BOUNDS
22RkM5Nn56FPWZ31993WOh,3a_D5a$uT0BwpgX2hZIhZe,BOUNDS
22RkM5Nn56FPWZ31993WOh,0398DzNGjBYO1C$VUhMCXy,BOUNDS
22RkM5Nn56FPWZ31993WOh,0398DzNGjBYO1C$VUhMCYj,BOUNDS
22RkM5Nn56FPWZ31993WOh,0398DzNGjBYO1C$VUhMCX_,BOUNDS
22RkM5Nn56FPWZ31993WOh,0398DzNGjBYO1C$VUhMCXy,BOUNDS
22RkM5Nn56FPWZ31993WOb,3C4heucafBiB2e7fJoxriW,BOUNDS
22RkM5Nn56FPWZ31993WOh,0398DzNGjBYO1C$VUhMCYh,BOUNDS
22RkM5Nn56FPWZ31993WOb,0398DzNGjBYO1C$VUhMCYq,BOUNDS
22RkM5Nn56FPWZ31993WOb,3lPIjeMLjASRxjE6gw6XUd,BOUNDS
22RkM5Nn56FPWZ31993WOb,0398DzNGjBYO1C$VUhMCYH,BOUNDS
22RkM5Nn56FPWZ31993WOb,0398DzNGjBYO1C$VUhMCYs,BOUNDS
22RkM5Nn56FPWZ31993WOb,0398DzNGjBYO1C$VUhMCYI,BOUNDS
22RkM5Nn56FPWZ31993WOb,0398DzNGjBYO1C$VUhMCYg,BOUNDS
22RkM5Nn56FPWZ31993WOb,0398DzNGjBYO1C$VUhMCYs,BOUNDS
22RkM5Nn56FPWZ31993WOb,0398DzNGjBYO1C$VUhMCYf,BOUNDS
22RkM5Nn56FPWZ31993WOd,0398DzNGjBYO1C$VUhMCYr,BOUNDS
22RkM5Nn56FPWZ31993WOd,0398DzNGjBYO1C$VUhMCYr,BOUNDS
22RkM5Nn56FPWZ31993WOd,3C4heucafBiB2e7fJoxriW,BOUNDS
22RkM5Nn56FPWZ31993WOb,0398DzNGjBYO1C$VUhMCYI,BOUNDS
22RkM5Nn56FPWZ31993WOd,0398DzNGjBYO1C$VUhMCYt,BOUNDS
22RkM5Nn56FPWZ31993WOd,0398DzNGjBYO1C$VUhMCYL,BOUNDS
22RkM5Nn56FPWZ31993WOd,0398DzNGjBYO1C$VUhMCYK,BOUNDS
22RkM5Nn56FPWZ31993WOd,0398DzNGjBYO1C$VUhMCYi,BOUNDS
22RkM5Nn56FPWZ31993WOX,3a_D5a$uT0BwpgX2hZIhVe,BOUNDS
22RkM5Nn56FPWZ31993WOX,3C4heucafBiB2e7fJoxriW,BOUNDS
22RkM5Nn56FPWZ31993WOd,0398DzNGjBYO1C$VUhMCYG,BOUNDS
22RkM5Nn56FPWZ31993WOd,0398DzNGjBYO1C$VUhMCYt,BOUNDS
22RkM5Nn56FPWZ31993WOX,3a_D5a$uT0BwpgX2hZIhVe,BOUNDS
22RkM5Nn56FPWZ31993WOX,0398DzNGjBYO1C$VUhMCYV,BOUNDS
22RkM5Nn56FPWZ31993WOX,3a_D5a$uT0BwpgX2hZIhVe,BOUNDS
22RkM5Nn56FPWZ31993WOX,0398DzNGjBYO1C$VUhMCYV,BOUNDS
22RkM5Nn56FPWZ31993WOX,0398DzNGjBYO1C$VUhMCYi,BOUNDS
22RkM5Nn56FPWZ31993WOX,0398DzNGjBYO1C$VUhMCYi,BOUNDS
22RkM5Nn56FPWZ31993WOX,0398DzNGjBYO1C$VUhMCYr,BOUNDS
22RkM5Nn56FPWZ31993WOX,0398DzNGjBYO1C$VUhMCYi,BOUNDS
22RkM5Nn56FPWZ31993WOX,0398DzNGjBYO1C$VUhMCXo,BOUNDS
22RkM5Nn56FPWZ31993WOX,0398DzNGjBYO1C$VUhMCXn,BOUNDS
22RkM5Nn56FPWZ31993WOZ,3lPIjeMLjASRxjE6gw6XTz,BOUNDS
22RkM5Nn56FPWZ31993WOZ,3C4heucafBiB2e7fJoxriW,BOUNDS
22RkM5Nn56FPWZ31993WOZ,0rlkQmNpf2ahkBKJXRt9dq,BOUNDS
22RkM5Nn56FPWZ31993WOZ,3lPIjeMLjASRxjE6gw6XTm,BOUNDS
22RkM5Nn56FPWZ31993WOZ,0rlkQmNpf2ahkBKJXRt9dn,BOUNDS
22RkM5Nn56FPWZ31993WOZ,0rlkQmNpf2ahkBKJXRt9dp,BOUNDS
23g_xwgnbBFPpY7SDLzbqo,0SSMA7xXn3qB0jVaBW7obI,BOUNDS
23g_xwgnbBFPpY7SDLzbqo,3w0eRvhkL99Axa1$FQZg4D,BOUNDS
23g_xwgnbBFPpY7SDLzbqo,16WH2c66f1ZwI6kV4BBzel,BOUNDS
23g_xwgnbBFPpY7SDLzbqo,1rDM5HpvP4ThPwnd64mZcH,BOUNDS
23g_xwgnbBFPpY7SDLzbqs,2yMGZYWe52bPtRRTVguexd,BOUNDS
23g_xwgnbBFPpY7SDLzbqs,0Wm9OiXjPApAk3HmKSLtdZ,BOUNDS
23g_xwgnbBFPpY7SDLzbqs,0Wm9OiXjPApAk3HmKSLtdR,BOUNDS
23g_xwgnbBFPpY7SDLzbqs,0Wm9OiXjPApAk3HmKSLtap,BOUNDS
23g_xwgnbBFPpY7SDLzbqm,0Wm9OiXjPApAk3HmKSLtbT,BOUNDS
23g_xwgnbBFPpY7SDLzbqm,0Wm9OiXjPApAk3HmKSLtdZ,BOUNDS
23g_xwgnbBFPpY7SDLzbqm,13SAABVn95jBb7fx_YOhdv,BOUNDS
23g_xwgnbBFPpY7SDLzbqm,13SAABVn95jBb7fx_YOhhW,BOUNDS
23g_xwgnbBFPpY7SDLzbqo,2yMGZYWe52bPtRRTVguexc,BOUNDS
23g_xwgnbBFPpY7SDLzbqo,14W8lqiN98gvcl2g04dZhs,BOUNDS
23g_xwgnbBFPpY7SDLzbqo,2xEnMfmrf8iwbEdGol$sb6,BOUNDS
23g_xwgnbBFPpY7SDLzbqo,2yMGZYWe52bPtRRTVguexy,BOUNDS
23g_xwgnbBFPpY7SDLzbqo,0JbEz78eH66xiX7_3phdoU,BOUNDS
23g_xwgnbBFPpY7SDLzbqo,13SAABVn95jBb7fx_YOhhW,BOUNDS
23g_xwgnbBFPpY7SDLzbqo,0bcw6hwr1EsgLnukViOuJa,BOUNDS
23g_xwgnbBFPpY7SDLzbqo,0JbEz78eH66xiX7_3phdoU,BOUNDS
23g_xwgnbBFPpY7SDLzbqo,3C4heucafBiB2e7fJoxrir,BOUNDS
23g_xwgnbBFPpY7SDLzbqm,2yMGZYWe52bPtRRTVguexd,BOUNDS
23g_xwgnbBFPpY7SDLzbqm,2yMGZYWe52bPtRRTVguexy,BOUNDS
23g_xwgnbBFPpY7SDLzbqm,2yMGZYWe52bPtRRTVguexc,BOUNDS
22RkM5Nn56FPWZ31993WOt,0398DzNGjBYO1C$VUhMCYl,BOUNDS
22RkM5Nn56FPWZ31993WOt,06tOzssZ9B4QVX5FaMC$RL,BOUNDS
22RkM5Nn56FPWZ31993WOt,3a_D5a$uT0BwpgX2hZIhZe,BOUNDS
22RkM5Nn56FPWZ31993WOt,0398DzNGjBYO1C$VUhMCYk,BOUNDS
23g_xwgnbBFPpY7SDLzbqo,14W8lqiN98gvcl2g04dZge,BOUNDS
23g_xwgnbBFPpY7SDLzbqo,14W8lqiN98gvcl2g04dZgf,BOUNDS
23g_xwgnbBFPpY7SDLzbqo,13SAABVn95jBb7fx_YOhf9,BOUNDS
23g_xwgnbBFPpY7SDLzbqo,13SAABVn95jBb7fx_YOhdu,BOUNDS
22RkM5Nn56FPWZ31993WOn,0398DzNGjBYO1C$VUhMCYW,BOUNDS
22RkM5Nn56FPWZ31993WOn,0398DzNGjBYO1C$VUhMCYX,BOUNDS
22RkM5Nn56FPWZ31993WOn,0398DzNGjBYO1C$VUhMCYY,BOUNDS
22RkM5Nn56FPWZ31993WOn,3lPIjeMLjASRxjE6gw6XVn,BOUNDS
22RkM5Nn56FPWZ31993WOt,3a_D5a$uT0BwpgX2hZIhZe,BOUNDS
22RkM5Nn56FPWZ31993WOt,1EKlTSJ$L9JAy5UDUCbgx7,BOUNDS
23g_xwgnbBFPpY7SDLzbqo,3aDltZr4z2S9RWzBVYu_j8,BOUNDS
23g_xwgnbBFPpY7SDLzbqo,0JbEz78eH66xiX7_3phdoU,BOUNDS
22RkM5Nn56FPWZ31993WOp,0398DzNGjBYO1C$VUhMCYf,BOUNDS
22RkM5Nn56FPWZ31993WOp,0398DzNGjBYO1C$VUhMCYI,BOUNDS
22RkM5Nn56FPWZ31993WOp,0398DzNGjBYO1C$VUhMCYg,BOUNDS
22RkM5Nn56FPWZ31993WOp,3lPIjeMLjASRxjE6gw6XUd,BOUNDS
22RkM5Nn56FPWZ31993WOn,3lPIjeMLjASRxjE6gw6XVn,BOUNDS
22RkM5Nn56FPWZ31993WOn,0398DzNGjBYO1C$VUhMCYY,BOUNDS
22RkM5Nn56FPWZ31993WOn,06tOzssZ9B4QVX5FaMC$RL,BOUNDS
22RkM5Nn56FPWZ31993WOn,3C4heucafBiB2e7fJoxriW,BOUNDS
22RkM5Nn56FPWZ31993WOp,0398DzNGjBYO1C$VUhMCX_,BOUNDS
22RkM5Nn56FPWZ31993WOp,0398DzNGjBYO1C$VUhMCXy,BOUNDS
22RkM5Nn56FPWZ31993WOj,3a_D5a$uT0BwpgX2hZIhVe,BOUNDS
22RkM5Nn56FPWZ31993WOj,3C4heucafBiB2e7fJoxrir,BOUNDS
22RkM5Nn56FPWZ31993WOn,0398DzNGjBYO1C$VUhMCYl,BOUNDS
22RkM5Nn56FPWZ31993WOp,3C4heucafBiB2e7fJoxriW,BOUNDS
22RkM5Nn56FPWZ31993WOn,0398DzNGjBYO1C$VUhMCYk,BOUNDS
22RkM5Nn56FPWZ31993WOn,0398DzNGjBYO1C$VUhMCYM,BOUNDS
22RkM5Nn56FPWZ31993WOj,0398DzNGjBYO1C$VUhMCYT,BOUNDS
22RkM5Nn56FPWZ31993WOj,0398DzNGjBYO1C$VUhMCYS,BOUNDS
22RkM5Nn56FPWZ31993WOj,0398DzNGjBYO1C$VUhMCYV,BOUNDS
22RkM5Nn56FPWZ31993WOj,0398DzNGjBYO1C$VUhMCYU,BOUNDS
22RkM5Nn56FPWZ31993WOp,0398DzNGjBYO1C$VUhMCYs,BOUNDS
22RkM5Nn56FPWZ31993WOp,0398DzNGjBYO1C$VUhMCYI,BOUNDS
22RkM5Nn56FPWZ31993WOp,0398DzNGjBYO1C$VUhMCYh,BOUNDS
22RkM5Nn56FPWZ31993WOp,0398DzNGjBYO1C$VUhMCYJ,BOUNDS
1I10rsHIz5$B_ZHui$pZJ1,1EKlTSJ$L9JAy5UDUCbg7Q,BOUNDS
1I10rsHIz5$B_ZHui$pZJ1,1EKlTSJ$L9JAy5UDUCbg7F,BOUNDS
1I10rsHIz5$B_ZHui$pZJ1,04n55fjcH7dhzxSRcFV9eu,BOUNDS
1I10rsHIz5$B_ZHui$pZJ1,1EKlTSJ$L9JAy5UDUCbg7R,BOUNDS
1I10rsHIz5$B_ZHui$pZJ1,2nXdvZlq5AgxVReVXAryYR,BOUNDS
1I10rsHIz5$B_ZHui$pZJ1,3$HMG0vJbDxw6O2Wzb$FKz,BOUNDS
1I10rsHIz5$B_ZHui$pZJ1,3$HMG0vJbDxw6O2Wzb$FKv,BOUNDS
1I10rsHIz5$B_ZHui$pZJ1,3$HMG0vJbDxw6O2Wzb$FL5,BOUNDS
1I10rsHIz5$B_ZHui$pZJ1,2nXdvZlq5AgxVReVXAryXc,BOUNDS
1I10rsHIz5$B_ZHui$pZJ1,04n55fjcH7dhzxSRcFV9eu,BOUNDS
1I10rsHIz5$B_ZHui$pZJ1,1EKlTSJ$L9JAy5UDUCbg41,BOUNDS
1I10rsHIz5$B_ZHui$pZJ1,18eJjezLr93eTsB1yzF601,BOUNDS
1I10rsHIz5$B_ZHui$pZJ1,3$HMG0vJbDxw6O2Wzb$FKn,BOUNDS
1I10rsHIz5$B_ZHui$pZJ1,3$HMG0vJbDxw6O2Wzb$FNS,BOUNDS
1I10rsHIz5$B_ZHui$pZJ1,2nXdvZlq5AgxVReVXAryXc,BOUNDS
1I10rsHIz5$B_ZHui$pZJ1,3$HMG0vJbDxw6O2Wzb$FKr,BOUNDS
1I10rsHIz5$B_ZHui$pZJ1,3$HMG0vJbDxw6O2Wzb$FL1,BOUNDS
1I10rsHIz5$B_ZHui$pZJ1,3$HMG0vJbDxw6O2Wzb$FLD,BOUNDS
1I10rsHIz5$B_ZHui$pZJ1,2nXdvZlq5AgxVReVXAryYR,BOUNDS
1I10rsHIz5$B_ZHui$pZJ1,18eJjezLr93eTsB1yzF61o,BOUNDS
1I10rsHIz5$B_ZHui$pZJ1,06tOzssZ9B4QVX5FaMC$RL,BOUNDS
1I10rsHIz5$B_ZHui$pZJ1,1EKlTSJ$L9JAy5UDUCbg4f,BOUNDS
1I10rsHIz5$B_ZHui$pZJ1,1JGhw2zk51zAYaF_QLitr9,BOUNDS
1I10rsHIz5$B_ZHui$pZJ1,04n55fjcH7dhzxSRcFV9eu,BOUNDS
1I10rsHIz5$B_ZHui$pZJ1,18eJjezLr93eTsB1yzF633,BOUNDS
1I10rsHIz5$B_ZHui$pZJ1,35ZMaE2hL45QaxEnc01C1z,BOUNDS
1I10rsHIz5$B_ZHui$pZJ1,1oW0tejVXANRg3v_hRnAzZ,BOUNDS
1I10rsHIz5$B_ZHui$pZJ1,1EKlTSJ$L9JAy5UDUCbg5$,BOUNDS
1I10rsHIz5$B_ZHui$pZJ1,1EKlTSJ$L9JAy5UDUCbg5z,BOUNDS
1I10rsHIz5$B_ZHui$pZJ1,00gFGeCuDDpBDi0kTgjc$9,BOUNDS
1I10rsHIz5$B_ZHui$pZJ1,1EKlTSJ$L9JAy5UDUCbg5w,BOUNDS
1I10rsHIz5$B_ZHui$pZJ1,35ZMaE2hL45QaxEnc01C1_,BOUNDS
1I10rsHIz5$B_ZHui$pZJ1,00gFGeCuDDpBDi0kTgjc$7,BOUNDS
1I10rsHIz5$B_ZHui$pZJ1,17gyA8FDf8qgd0EnCneT$R,BOUNDS
1I10rsHIz5$B_ZHui$pZJ1,1JGhw2zk51zAYaF_QLitr9,BOUNDS
1I10rsHIz5$B_ZHui$pZJ1,1oW0tejVXANRg3v_hRnAzj,BOUNDS
1I10rsHIz5$B_ZHui$pZJ1,1EKlTSJ$L9JAy5UDUCbg4r,BOUNDS
1I10rsHIz5$B_ZHui$pZJ1,18eJjezLr93eTsB1yzF63S,BOUNDS
1I10rsHIz5$B_ZHui$pZJ1,1EKlTSJ$L9JAy5UDUCbg7C,BOUNDS
1I10rsHIz5$B_ZHui$pZJ1,18eJjezLr93eTsB1yzF60b,BOUNDS
1I10rsHIz5$B_ZHui$pZJ1,1EKlTSJ$L9JAy5UDUCbg7h,BOUNDS
1I10rsHIz5$B_ZHui$pZJ1,04n55fjcH7dhzxSRcFV9eu,BOUNDS
1I10rsHIz5$B_ZHui$pZJ1,1EKlTSJ$L9JAy5UDUCbg7e,BOUNDS
1I10rsHIz5$B_ZHui$pZJ1,35ZMaE2hL45QaxEnc01C1z,BOUNDS
1I10rsHIz5$B_ZHui$pZJ1,1EKlTSJ$L9JAy5UDUCbg4c,BOUNDS
1I10rsHIz5$B_ZHui$pZJ1,04n55fjcH7dhzxSRcFV9eu,BOUNDS
1I10rsHIz5$B_ZHui$pZJ1,1EKlTSJ$L9JAy5UDUCbg4U,BOUNDS
1I10rsHIz5$B_ZHui$pZJ1,18eJjezLr93eTsB1yzF63h,BOUNDS
1I10rsHIz5$B_ZHui$pZJ1,04n55fjcH7dhzxSRcFV9eu,BOUNDS
1I10rsHIz5$B_ZHui$pZJ1,04n55fjcH7dhzxSRcFV9eu,BOUNDS
1I10rsHIz5$B_ZHui$pZJ1,1EKlTSJ$L9JAy5UDUCbg4q,BOUNDS
1I10rsHIz5$B_ZHui$pZJ1,1EKlTSJ$L9JAy5UDUCbgwn,BOUNDS
1I10rsHIz5$B_ZHui$pZJ1,1EKlTSJ$L9JAy5UDUCbgwF,BOUNDS
1I10rsHIz5$B_ZHui$pZJ1,1EKlTSJ$L9JAy5UDUCbgwa,BOUNDS
1I10rsHIz5$B_ZHui$pZJ1,1EKlTSJ$L9JAy5UDUCbgwC,BOUNDS
1I10rsHIz5$B_ZHui$pZJ1,1EKlTSJ$L9JAy5UDUCbgx7,BOUNDS
1I10rsHIz5$B_ZHui$pZJ1,06tOzssZ9B4QVX5FaMC$RL,BOUNDS
1I10rsHIz5$B_ZHui$pZJ1,06tOzssZ9B4QVX5FaMC$RL,BOUNDS
1I10rsHIz5$B_ZHui$pZJ1,1EKlTSJ$L9JAy5UDUCbgx8,BOUNDS
1I10rsHIz5$B_ZHui$pZJ1,06tOzssZ9B4QVX5FaMC$RL,BOUNDS
1I10rsHIz5$B_ZHui$pZJ1,2jzBBNhz9A2gVReR_XMj7W,BOUNDS
1I10rsHIz5$B_ZHui$pZJ1,06tOzssZ9B4QVX5FaMC$RL,BOUNDS
1I10rsHIz5$B_ZHui$pZJ1,06tOzssZ9B4QVX5FaMC$RL,BOUNDS
1I10rsHIz5$B_ZHui$pZJ1,06tOzssZ9B4QVX5FaMC$RL,BOUNDS
1I10rsHIz5$B_ZHui$pZJ1,1EKlTSJ$L9JAy5UDUCbgwZ,BOUNDS
1I10rsHIz5$B_ZHui$pZJ1,2jzBBNhz9A2gVReR_XMj7C,BOUNDS
1I10rsHIz5$B_ZHui$pZJ1,06tOzssZ9B4QVX5FaMC$RL,BOUNDS
1I10rsHIz5$B_ZHui$pZJ1,00gFGeCuDDpBDi0kTgjcuT,BOUNDS
1I10rsHIz5$B_ZHui$pZJ1,00gFGeCuDDpBDi0kTgjcuW,BOUNDS
1I10rsHIz5$B_ZHui$pZJ1,00gFGeCuDDpBDi0kTgjcuU,BOUNDS
1I10rsHIz5$B_ZHui$pZJ1,1EKlTSJ$L9JAy5UDUCbg5A,BOUNDS
1I10rsHIz5$B_ZHui$pZJ1,18eJjezLr93eTsB1yzF66b,BOUNDS
1I10rsHIz5$B_ZHui$pZJ1,00gFGeCuDDpBDi0kTgjcuA,BOUNDS
1I10rsHIz5$B_ZHui$pZJ1,00gFGeCuDDpBDi0kTgjcuC,BOUNDS
1I10rsHIz5$B_ZHui$pZJ1,18eJjezLr93eTsB1yzF66F,BOUNDS
1I10rsHIz5$B_ZHui$pZJ1,1EKlTSJ$L9JAy5UDUCbg5B,BOUNDS
1I10rsHIz5$B_ZHui$pZJ1,1EKlTSJ$L9JAy5UDUCbg5C,BOUNDS
1I10rsHIz5$B_ZHui$pZJ1,1EKlTSJ$L9JAy5UDUCbg5A,BOUNDS
1I10rsHIz5$B_ZHui$pZJ1,1EKlTSJ$L9JAy5UDUCbgwY,BOUNDS
1I10rsHIz5$B_ZHui$pZJ1,00gFGeCuDDpBDi0kTgjcup,BOUNDS
1I10rsHIz5$B_ZHui$pZJ1,00gFGeCuDDpBDi0kTgjcus,BOUNDS
1I10rsHIz5$B_ZHui$pZJ1,00gFGeCuDDpBDi0kTgjcuq,BOUNDS
1I10rsHIz5$B_ZHui$pZJ1,1EKlTSJ$L9JAy5UDUCbgx6,BOUNDS
1I10rsHIz5$B_ZHui$pZJ4,04n55fjcH7dhzxSRcFV9eu,BOUNDS
1I10rsHIz5$B_ZHui$pZJ4,35ZMaE2hL45QaxEnc01C1z,BOUNDS
1I10rsHIz5$B_ZHui$pZJ4,35ZMaE2hL45QaxEnc01C1z,BOUNDS
1I10rsHIz5$B_ZHui$pZJ4,35ZMaE2hL45QaxEnc01C1_,BOUNDS
1I10rsHIz5$B_ZHui$pZJ4,35ZMaE2hL45QaxEnc01C1z,BOUNDS
1I10rsHIz5$B_ZHui$pZJO,3CUxCJXNrFtfM$eGhHbEnC,BOUNDS
1I10rsHIz5$B_ZHui$pZJO,3CUxCJXNrFtfM$eGhHbEnE,BOUNDS
1I10rsHIz5$B_ZHui$pZJO,3CUxCJXNrFtfM$eGhHbEnI,BOUNDS
1I10rsHIz5$B_ZHui$pZJ1,00gFGeCuDDpBDi0kTgjcu9,BOUNDS
1I10rsHIz5$B_ZHui$pZJ1,00gFGeCuDDpBDi0kTgjcvo,BOUNDS
1I10rsHIz5$B_ZHui$pZJ1,00gFGeCuDDpBDi0kTgjcvm,BOUNDS
1I10rsHIz5$B_ZHui$pZJ1,18eJjezLr93eTsB1yzF66n,BOUNDS
1I10rsHIz5$B_ZHui$pZJ1,00gFGeCuDDpBDi0kTgjcvl,BOUNDS
1I10rsHIz5$B_ZHui$pZJ4,1JGhw2zk51zAYaF_QLitr9,BOUNDS
1I10rsHIz5$B_ZHui$pZJ4,17gyA8FDf8qgd0EnCneTjh,BOUNDS
1I10rsHIz5$B_ZHui$pZJ1,18eJjezLr93eTsB1yzF67B,BOUNDS
1I10rsHIz5$B_ZHui$pZJO,2k9muJ4Z94Z9EHxN$Zq4ZA,BOUNDS
1I10rsHIz5$B_ZHui$pZJO,2k9muJ4Z94Z9EHxN$Zq5nE,BOUNDS
1I10rsHIz5$B_ZHui$pZJO,3Zuv4FmtL8ewTAegmGWcBd,BOUNDS
1I10rsHIz5$B_ZHui$pZJO,2k9muJ4Z94Z9EHxN$Zq4Zr,BOUNDS
1I10rsHIz5$B_ZHui$pZJO,3Zuv4FmtL8ewTAegmGWcBb,BOUNDS
1I10rsHIz5$B_ZHui$pZJO,2k9muJ4Z94Z9EHxN$Zq4Z3,BOUNDS
1I10rsHIz5$B_ZHui$pZJO,3Zuv4FmtL8ewTAegmGWcBa,BOUNDS
1I10rsHIz5$B_ZHui$pZJO,3Zuv4FmtL8ewTAegmGWcAv,BOUNDS
1I10rsHIz5$B_ZHui$pZJO,3CUxCJXNrFtfM$eGhHbEnM,BOUNDS
1I10rsHIz5$B_ZHui$pZJO,3CUxCJXNrFtfM$eGhHbEnD,BOUNDS
1I10rsHIz5$B_ZHui$pZJO,3CUxCJXNrFtfM$eGhHbEnG,BOUNDS
1I10rsHIz5$B_ZHui$pZJO,3CUxCJXNrFtfM$eGhHbEnJ,BOUNDS
1I10rsHIz5$B_ZHui$pZJO,2k9muJ4Z94Z9EHxN$Zq5nE,BOUNDS
1I10rsHIz5$B_ZHui$pZJO,3CUxCJXNrFtfM$eGhHbEnH,BOUNDS
1I10rsHIz5$B_ZHui$pZJO,1Tioc81YzCVBVYqgHH2lRU,BOUNDS
1I10rsHIz5$B_ZHui$pZJO,3CUxCJXNrFtfM$eGhHbEnN,BOUNDS
1I10rsHIz5$B_ZHui$pZJ2,2jzBBNhz9A2gVReR_XMj7W,BOUNDS
1I10rsHIz5$B_ZHui$pZJ2,3lPIjeMLjASRxjE6gw6XGn,BOUNDS
1I10rsHIz5$B_ZHui$pZJO,04n55fjcH7dhzxSRcFV9eu,BOUNDS
1I10rsHIz5$B_ZHui$pZJ2,06tOzssZ9B4QVX5FaMC$RL,BOUNDS
1I10rsHIz5$B_ZHui$pZJO,04n55fjcH7dhzxSRcFV9eu,BOUNDS
1I10rsHIz5$B_ZHui$pZJO,04n55fjcH7dhzxSRcFV9eu,BOUNDS
1I10rsHIz5$B_ZHui$pZJO,04n55fjcH7dhzxSRcFV9eu,BOUNDS
1I10rsHIz5$B_ZHui$pZJO,04n55fjcH7dhzxSRcFV9eu,BOUNDS
1I10rsHIz5$B_ZHui$pZJO,04n55fjcH7dhzxSRcFV9eu,BOUNDS
1I10rsHIz5$B_ZHui$pZJO,04n55fjcH7dhzxSRcFV9eu,BOUNDS
1I10rsHIz5$B_ZHui$pZJO,04n55fjcH7dhzxSRcFV9eu,BOUNDS
1I10rsHIz5$B_ZHui$pZJO,04n55fjcH7dhzxSRcFV9eu,BOUNDS
1I10rsHIz5$B_ZHui$pZJO,1Tioc81YzCVBVYqgHH2lRU,BOUNDS
1I10rsHIz5$B_ZHui$pZJO,2k9muJ4Z94Z9EHxN$Zq4Zq,BOUNDS
1I10rsHIz5$B_ZHui$pZJO,3Zuv4FmtL8ewTAegmGWcBa,BOUNDS
1I10rsHIz5$B_ZHui$pZJO,3Zuv4FmtL8ewTAegmGWcBa,BOUNDS
1I10rsHIz5$B_ZHui$pZJ2,3lPIjeMLjASRxjE6gw6XI9,BOUNDS
1I10rsHIz5$B_ZHui$pZJ2,3lPIjeMLjASRxjE6gw6XHr,BOUNDS
1I10rsHIz5$B_ZHui$pZJ2,3lPIjeMLjASRxjE6gw6XIB,BOUNDS
1I10rsHIz5$B_ZHui$pZJ2,3lPIjeMLjASRxjE6gw6XGQ,BOUNDS
1I10rsHIz5$B_ZHui$pZJ2,06tOzssZ9B4QVX5FaMC$RL,BOUNDS
1I10rsHIz5$B_ZHui$pZJ2,3lPIjeMLjASRxjE6gw6XG5,BOUNDS
1I10rsHIz5$B_ZHui$pZJ2,3lPIjeMLjASRxjE6gw6XGP,BOUNDS
1I10rsHIz5$B_ZHui$pZJ2,06tOzssZ9B4QVX5FaMC$RL,BOUNDS
1I10rsHIz5$B_ZHui$pZJ2,06tOzssZ9B4QVX5FaMC$RL,BOUNDS
1I10rsHIz5$B_ZHui$pZJ2,3lPIjeMLjASRxjE6gw6XGX,BOUNDS
1I10rsHIz5$B_ZHui$pZJ2,3lPIjeMLjASRxjE6gw6XGY,BOUNDS
1I10rsHIz5$B_ZHui$pZJ2,06tOzssZ9B4QVX5FaMC$RL,BOUNDS
1I10rsHIz5$B_ZHui$pZJ2,3lPIjeMLjASRxjE6gw6XGj,BOUNDS
1I10rsHIz5$B_ZHui$pZJ2,3lPIjeMLjASRxjE6gw6XGo,BOUNDS
1I10rsHIz5$B_ZHui$pZJ2,06tOzssZ9B4QVX5FaMC$RL,BOUNDS
1I10rsHIz5$B_ZHui$pZJ2,3lPIjeMLjASRxjE6gw6XGz,BOUNDS
1I10rsHIz5$B_ZHui$pZJ2,2jzBBNhz9A2gVReR_XMj7C,BOUNDS
1I10rsHIz5$B_ZHui$pZJ2,3lPIjeMLjASRxjE6gw6XK0,BOUNDS
1I10rsHIz5$B_ZHui$pZJ2,3lPIjeMLjASRxjE6gw6XK3,BOUNDS
1I10rsHIz5$B_ZHui$pZJ2,3lPIjeMLjASRxjE6gw6XK6,BOUNDS
1I10rsHIz5$B_ZHui$pZJ2,06tOzssZ9B4QVX5FaMC$RL,BOUNDS
1I10rsHIz5$B_ZHui$pZJ2,3lPIjeMLjASRxjE6gw6XHD,BOUNDS
1I10rsHIz5$B_ZHui$pZJ2,3lPIjeMLjASRxjE6gw6XH1,BOUNDS
1I10rsHIz5$B_ZHui$pZJ2,3lPIjeMLjASRxjE6gw6XH2,BOUNDS
1I10rsHIz5$B_ZHui$pZJ2,3lPIjeMLjASRxjE6gw6XHN,BOUNDS
1I10rsHIz5$B_ZHui$pZJ2,3lPIjeMLjASRxjE6gw6XHG,BOUNDS
1I10rsHIz5$B_ZHui$pZJ2,23KOJOC8r34gdJLN2sXEKj,BOUNDS
1I10rsHIz5$B_ZHui$pZJ2,06tOzssZ9B4QVX5FaMC$RL,BOUNDS
1I10rsHIz5$B_ZHui$pZJ2,3e8Mms5uzBV9xYl2IBs1v2,BOUNDS
1I10rsHIz5$B_ZHui$pZJ2,1JGhw2zk51zAYaF_QLitwW,BOUNDS
1I10rsHIz5$B_ZHui$pZJ2,23KOJOC8r34gdJLN2sXEKj,BOUNDS
1I10rsHIz5$B_ZHui$pZJ2,3lPIjeMLjASRxjE6gw6XHJ,BOUNDS
1I10rsHIz5$B_ZHui$pZJ2,3lPIjeMLjASRxjE6gw6XIK,BOUNDS
1I10rsHIz5$B_ZHui$pZJ2,3lPIjeMLjASRxjE6gw6XKb,BOUNDS
1I10rsHIz5$B_ZHui$pZJ2,3lPIjeMLjASRxjE6gw6XHc,BOUNDS
1I10rsHIz5$B_ZHui$pZJ2,3lPIjeMLjASRxjE6gw6XIL,BOUNDS
1I10rsHIz5$B_ZHui$pZJ2,3lPIjeMLjASRxjE6gw6XIA,BOUNDS
1I10rsHIz5$B_ZHui$pZJ2,3lPIjeMLjASRxjE6gw6XKI,BOUNDS
1I10rsHIz5$B_ZHui$pZJ2,3lPIjeMLjASRxjE6gw6XI9,BOUNDS
1I10rsHIz5$B_ZHui$pZJ2,3lPIjeMLjASRxjE6gw6XI9,BOUNDS
1I10rsHIz5$B_ZHui$pZJ2,3lPIjeMLjASRxjE6gw6XKx,BOUNDS
1I10rsHIz5$B_ZHui$pZJ2,3lPIjeMLjASRxjE6gw6XK2,BOUNDS
1I10rsHIz5$B_ZHui$pZJ2,3lPIjeMLjASRxjE6gw6XKv,BOUNDS
1I10rsHIz5$B_ZHui$pZJ2,3lPIjeMLjASRxjE6gw6XKw,BOUNDS
1I10rsHIz5$B_ZHui$pZJ2,3lPIjeMLjASRxjE6gw6XKG,BOUNDS
1I10rsHIz5$B_ZHui$pZJ2,3lPIjeMLjASRxjE6gw6XJo,BOUNDS
1I10rsHIz5$B_ZHui$pZJ2,3lPIjeMLjASRxjE6gw6XKM,BOUNDS
1I10rsHIz5$B_ZHui$pZJ2,3lPIjeMLjASRxjE6gw6XKJ,BOUNDS
1I10rsHIz5$B_ZHui$pZJ2,3lPIjeMLjASRxjE6gw6XIN,BOUNDS
1I10rsHIz5$B_ZHui$pZJ2,3lPIjeMLjASRxjE6gw6XIv,BOUNDS
1I10rsHIz5$B_ZHui$pZJ2,3lPIjeMLjASRxjE6gw6XIu,BOUNDS
1I10rsHIz5$B_ZHui$pZJ2,3lPIjeMLjASRxjE6gw6XIh,BOUNDS
1I10rsHIz5$B_ZHui$pZJ2,3lPIjeMLjASRxjE6gw6XIx,BOUNDS
1I10rsHIz5$B_ZHui$pZJ2,3lPIjeMLjASRxjE6gw6XJj,BOUNDS
1I10rsHIz5$B_ZHui$pZJ2,3lPIjeMLjASRxjE6gw6XJi,BOUNDS
1I10rsHIz5$B_ZHui$pZJ2,3lPIjeMLjASRxjE6gw6XI$,BOUNDS
1I10rsHIz5$B_ZHui$pZJ2,3lPIjeMLjASRxjE6gw6XJl,BOUNDS
1I10rsHIz5$B_ZHui$pZJ2,3lPIjeMLjASRxjE6gw6XJm,BOUNDS
1I10rsHIz5$B_ZHui$pZJ2,3lPIjeMLjASRxjE6gw6XJp,BOUNDS
1I10rsHIz5$B_ZHui$pZJ2,3lPIjeMLjASRxjE6gw6XJZ,BOUNDS
1I10rsHIz5$B_ZHui$pZJ2,3lPIjeMLjASRxjE6gw6XUW,BOUNDS
1I10rsHIz5$B_ZHui$pZJ2,3lPIjeMLjASRxjE6gw6XVB,BOUNDS
1I10rsHIz5$B_ZHui$pZJ2,3lPIjeMLjASRxjE6gw6XUr,BOUNDS
1I10rsHIz5$B_ZHui$pZJ2,3lPIjeMLjASRxjE6gw6XJs,BOUNDS
1I10rsHIz5$B_ZHui$pZJ2,3lPIjeMLjASRxjE6gw6XUd,BOUNDS
1I10rsHIz5$B_ZHui$pZJ2,3lPIjeMLjASRxjE6gw6XVA,BOUNDS
1I10rsHIz5$B_ZHui$pZJ2,3lPIjeMLjASRxjE6gw6XUd,BOUNDS
1I10rsHIz5$B_ZHui$pZJ2,3lPIjeMLjASRxjE6gw6XUd,BOUNDS
1I10rsHIz5$B_ZHui$pZJ2,3lPIjeMLjASRxjE6gw6XVI,BOUNDS
1I10rsHIz5$B_ZHui$pZJ2,3lPIjeMLjASRxjE6gw6XHa,BOUNDS
1I10rsHIz5$B_ZHui$pZJ2,3lPIjeMLjASRxjE6gw6XUd,BOUNDS
1I10rsHIz5$B_ZHui$pZJ2,3lPIjeMLjASRxjE6gw6XHw,BOUNDS
1I10rsHIz5$B_ZHui$pZJ2,3lPIjeMLjASRxjE6gw6XUX,BOUNDS
1I10rsHIz5$B_ZHui$pZJ2,3lPIjeMLjASRxjE6gw6XVG,BOUNDS
1I10rsHIz5$B_ZHui$pZJ2,3lPIjeMLjASRxjE6gw6XHd,BOUNDS
1I10rsHIz5$B_ZHui$pZJ2,3lPIjeMLjASRxjE6gw6XUZ,BOUNDS
1I10rsHIz5$B_ZHui$pZJ2,3lPIjeMLjASRxjE6gw6XTi,BOUNDS
1I10rsHIz5$B_ZHui$pZJ2,3lPIjeMLjASRxjE6gw6XTm,BOUNDS
1I10rsHIz5$B_ZHui$pZJ2,3lPIjeMLjASRxjE6gw6XVJ,BOUNDS
1I10rsHIz5$B_ZHui$pZJ2,3lPIjeMLjASRxjE6gw6XTY,BOUNDS
1I10rsHIz5$B_ZHui$pZJ2,3lPIjeMLjASRxjE6gw6XTO,BOUNDS
1I10rsHIz5$B_ZHui$pZJ2,3lPIjeMLjASRxjE6gw6XTz,BOUNDS
1I10rsHIz5$B_ZHui$pZJ2,3lPIjeMLjASRxjE6gw6XTW,BOUNDS
1I10rsHIz5$B_ZHui$pZJ2,3lPIjeMLjASRxjE6gw6XTQ,BOUNDS
1I10rsHIz5$B_ZHui$pZJ2,3lPIjeMLjASRxjE6gw6XUR,BOUNDS
1I10rsHIz5$B_ZHui$pZJ2,3lPIjeMLjASRxjE6gw6XTj,BOUNDS
1I10rsHIz5$B_ZHui$pZJ2,3lPIjeMLjASRxjE6gw6XUd,BOUNDS
1I10rsHIz5$B_ZHui$pZJ2,3lPIjeMLjASRxjE6gw6XU7,BOUNDS
1I10rsHIz5$B_ZHui$pZJ2,3lPIjeMLjASRxjE6gw6XTo,BOUNDS
1I10rsHIz5$B_ZHui$pZJ2,3lPIjeMLjASRxjE6gw6XUd,BOUNDS
1I10rsHIz5$B_ZHui$pZJ2,3lPIjeMLjASRxjE6gw6XU7,BOUNDS
1I10rsHIz5$B_ZHui$pZJ2,3lPIjeMLjASRxjE6gw6XTy,BOUNDS
1I10rsHIz5$B_ZHui$pZJ1,3UC5WPlR19_QhAecJj3azE,BOUNDS
1I10rsHIz5$B_ZHui$pZJ2,3lPIjeMLjASRxjE6gw6XUR,BOUNDS
1I10rsHIz5$B_ZHui$pZJ1,35BZjy3mH7Ou63rag5Xgnc,BOUNDS
1I10rsHIz5$B_ZHui$pZJ1,35BZjy3mH7Ou63rag5Xg_R,BOUNDS
1I10rsHIz5$B_ZHui$pZJ1,3Pt1BIDYL7Ux2LlNxeh3nu,BOUNDS
1I10rsHIz5$B_ZHui$pZJ1,3Pt1BIDYL7Ux2LlNxeh3_T,BOUNDS
1I10rsHIz5$B_ZHui$pZJ1,00gFGeCuDDpBDi0kTgjcvA,BOUNDS
1I10rsHIz5$B_ZHui$pZJ1,18eJjezLr93eTsB1yzF67n,BOUNDS
1I10rsHIz5$B_ZHui$pZJ1,00gFGeCuDDpBDi0kTgjcv9,BOUNDS
1I10rsHIz5$B_ZHui$pZJ2,3lPIjeMLjASRxjE6gw6XTR,BOUNDS
1I10rsHIz5$B_ZHui$pZJ2,3lPIjeMLjASRxjE6gw6XTU,BOUNDS
1I10rsHIz5$B_ZHui$pZJ2,3XbG0EpaD3QPZhUZSkL4e1,BOUNDS
1I10rsHIz5$B_ZHui$pZJ2,3XbG0EpaD3QPZhUZSkL4e2,BOUNDS
1I10rsHIz5$B_ZHui$pZJ2,3XbG0EpaD3QPZhUZSkL4e0,BOUNDS
1I10rsHIz5$B_ZHui$pZJ2,3XbG0EpaD3QPZhUZSkL4l7,BOUNDS
1I10rsHIz5$B_ZHui$pZJ1,083PT5UOT40wVA0dd_F2Y2,BOUNDS
1I10rsHIz5$B_ZHui$pZJ1,2z3rj012v9q96gCOMDHlDF,BOUNDS
1I10rsHIz5$B_ZHui$pZJ1,0hfRkgj2T19geTrxeLJPYW,BOUNDS
1I10rsHIz5$B_ZHui$pZJ1,3Pt1BIDYL7Ux2LlNxeh3zR,BOUNDS
1I10rsHIz5$B_ZHui$pZJ1,0hfRkgj2T19geTrxeLJPYX,BOUNDS
1I10rsHIz5$B_ZHui$pZJ1,00gFGeCuDDpBDi0kTgjcvW,BOUNDS
1I10rsHIz5$B_ZHui$pZJ1,3Pt1BIDYL7Ux2LlNxeh3_T,BOUNDS
1I10rsHIz5$B_ZHui$pZJ1,3Pt1BIDYL7Ux2LlNxeh3_T,BOUNDS
1I10rsHIz5$B_ZHui$pZJ1,0hfRkgj2T19geTrxeLJPYZ,BOUNDS
1I10rsHIz5$B_ZHui$pZJ1,04n55fjcH7dhzxSRcFV9eu,BOUNDS
1I10rsHIz5$B_ZHui$pZJ1,0hfRkgj2T19geTrxeLJPbw,BOUNDS
1I10rsHIz5$B_ZHui$pZJ1,0hfRkgj2T19geTrxeLJPYY,BOUNDS
1I10rsHIz5$B_ZHui$pZJ1,0hfRkgj2T19geTrxeLJPbv,BOUNDS
3MO7oUTdv89xH6_DEUW_xM,2bdLzwcs16ZOKbHXYumYK5,BOUNDS
3MO7oUTdv89xH6_DEUW_ZA,2VpaJzyN91fetNFm7li6UK,BOUNDS
3MO7oUTdv89xH6_DEUW_ZA,2VpaJzyN91fetNFm7li61j,BOUNDS
1I10rsHIz5$B_ZHui$pZJ1,3Pt1BIDYL7Ux2LlNxeh3zR,BOUNDS
1I10rsHIz5$B_ZHui$pZJ1,3Pt1BIDYL7Ux2LlNxeh3zR,BOUNDS
1I10rsHIz5$B_ZHui$pZJ1,18eJjezLr93eTsB1yzF67R,BOUNDS
1I10rsHIz5$B_ZHui$pZJ1,00gFGeCuDDpBDi0kTgjcvV,BOUNDS
1I10rsHIz5$B_ZHui$pZJ1,3Pt1BIDYL7Ux2LlNxeh3_T,BOUNDS
3MO7oUTdv89xH6_DEUW_2g,3HH_40A5rDWe0kwd_jn8_z,BOUNDS
3MO7oUTdv89xH6_DEUW_2g,0Nbki0kB1EfurK16q8oS2a,BOUNDS
3MO7oUTdv89xH6_DEUW_ZA,2VpaJzyN91fetNFm7li63k,BOUNDS
3MO7oUTdv89xH6_DEUW_xM,0aX2uluGb2GQyEpkDXhTnG,BOUNDS
3MO7oUTdv89xH6_DEUW_ZA,1fPy6$cnj7VQ4WTD05NMnx,BOUNDS
3MO7oUTdv89xH6_DEUW_ZA,1N$lwi1vHAEOl7xXjLJ7Zk,BOUNDS
3MO7oUTdv89xH6_DEUW_xM,2VpaJzyN91fetNFm7li6UK,BOUNDS
3MO7oUTdv89xH6_DEUW_ZA,1N$lwi1vHAEOl7xXjLJ7YB,BOUNDS
1MaZTeJV10VBKZZMRjBH3f,3BBTcuoz10GhJAt6rTDW20,BOUNDS
1MaZTeJV10VBKZZMRjBH3f,00gFGeCuDDpBDi0kTgjcvC,BOUNDS
3MO7oUTdv89xH6_DEUW_xM,0aX2uluGb2GQyEpkDXhTst,BOUNDS
1MaZTeJV10VBKZZMRjBH3f,3BBTcuoz10GhJAt6rTDW20,BOUNDS
3MO7oUTdv89xH6_DEUW_xM,17CL1ZhSb0O9UlE41iXqUp,BOUNDS
3MO7oUTdv89xH6_DEUW_xM,17CL1ZhSb0O9UlE41iXqQK,BOUNDS
3MO7oUTdv89xH6_DEUW_2g,0aX2uluGb2GQyEpkDXhTYn,BOUNDS
3MO7oUTdv89xH6_DEUW_xM,2VpaJzyN91fetNFm7li61j,BOUNDS
1MaZTeJV10VBKZZMRjBH3f,18eJjezLr93eTsB1yzF641,BOUNDS
1MaZTeJV10VBKZZMRjBH3f,3BBTcuoz10GhJAt6rTDW33,BOUNDS
3MO7oUTdv89xH6_DEUW_ZA,2FCCUEgWv73RpcXvGfGgSx,BOUNDS
1MaZTeJV10VBKZZMRjBH3f,00gFGeCuDDpBDi0kTgjcww,BOUNDS
1MaZTeJV10VBKZZMRjBH3f,3BBTcuoz10GhJAt6rTDW33,BOUNDS
1MaZTeJV10VBKZZMRjBH3f,00gFGeCuDDpBDi0kTgjcv9,BOUNDS
1MaZTeJV10VBKZZMRjBH3f,3BBTcuoz10GhJAt6rTDW20,BOUNDS
1MaZTeJV10VBKZZMRjBH3f,2bppvmMXDBN8lU5js4GuwD,BOUNDS
1I10rsHIz5$B_ZHui$pZJF,3tJ6TASGrE_9QqTyX9Ju$Q,BOUNDS
1MaZTeJV10VBKZZMRjBH3f,00gFGeCuDDpBDi0kTgjcwv,BOUNDS
1I10rsHIz5$B_ZHui$pZJF,1Z6_GEfov6KgM9v9JiG9vO,BOUNDS
1I10rsHIz5$B_ZHui$pZJF,0d7iw08zjAMBKPTOWLW_B6,BOUNDS
1MaZTeJV10VBKZZMRjBH3f,18eJjezLr93eTsB1yzF67n,BOUNDS
3MO7oUTdv89xH6_DEUW_ZA,083PT5UOT40wVA0dd_F2WW,BOUNDS
1MaZTeJV10VBKZZMRjBH3f,00gFGeCuDDpBDi0kTgjcwy,BOUNDS
1MaZTeJV10VBKZZMRjBH3f,00gFGeCuDDpBDi0kTgjcvA,BOUNDS
1I10rsHIz5$B_ZHui$pZJF,1Z6_GEfov6KgM9v9JiG9vQ,BOUNDS
1I10rsHIz5$B_ZHui$pZJF,0Wm9OiXjPApAk3HmKSLtrV,BOUNDS
1I10rsHIz5$B_ZHui$pZJF,0Wm9OiXjPApAk3HmKSLtdR,BOUNDS
1I10rsHIz5$B_ZHui$pZJF,14W8lqiN98gvcl2g04dZgf,BOUNDS
1I10rsHIz5$B_ZHui$pZJF,1Z6_GEfov6KgM9v9JiG9vS,BOUNDS
1I10rsHIz5$B_ZHui$pZJF,1Z6_GEfov6KgM9v9JiG9vT,BOUNDS
1I10rsHIz5$B_ZHui$pZJF,1Z6_GEfov6KgM9v9JiG9vR,BOUNDS
1I10rsHIz5$B_ZHui$pZJF,2C7n8d7DjA3edRpqbk2bpL,BOUNDS
1I10rsHIz5$B_ZHui$pZJF,0d7iw08zjAMBKPTOWLW_BO,BOUNDS
3MO7oUTdv89xH6_DEUW_2g,0aX2uluGb2GQyEpkDXhTW4,BOUNDS
3MO7oUTdv89xH6_DEUW_2g,3Zuv4FmtL8ewTAegmGWcBa,BOUNDS
3MO7oUTdv89xH6_DEUW_2g,3Zuv4FmtL8ewTAegmGWcBa,BOUNDS
1I10rsHIz5$B_ZHui$pZJF,14W8lqiN98gvcl2g04dZge,BOUNDS
1I10rsHIz5$B_ZHui$pZJF,14W8lqiN98gvcl2g04dZhs,BOUNDS
1I10rsHIz5$B_ZHui$pZJF,3SlEueal9DSQhY_7NTiFF1,BOUNDS
1I10rsHIz5$B_ZHui$pZJF,0d7iw08zjAMBKPTOWLW_BP,BOUNDS
2PnVHXKvL2r9pIN9ox8zIN,1ZSClU8aj9DA2cLrK85veG,BOUNDS
2PnVHXKvL2r9pIN9ox8zIN,1AFUTRrKzD3RPSgcH0z8IF,BOUNDS
2PnVHXKvL2r9pIN9ox8zIN,3eZyeBrqf0oQVb4wrlNtAX,BOUNDS
2PnVHXKvL2r9pIN9ox8zIL,2_FCaLmfj6yAPasaU47QdD,BOUNDS
2PnVHXKvL2r9pIN9ox8zIN,3eZyeBrqf0oQVb4wrlNtAW,BOUNDS
2PnVHXKvL2r9pIN9ox8zIN,3dlwn49Tr1_8rQvMbSI6nC,BOUNDS
2PnVHXKvL2r9pIN9ox8zIL,1AFUTRrKzD3RPSgcH0z8I1,BOUNDS
2PnVHXKvL2r9pIN9ox8zIL,1AFUTRrKzD3RPSgcH0z8IT,BOUNDS
2PnVHXKvL2r9pIN9ox8zIL,1ZSClU8aj9DA2cLrK85veG,BOUNDS
2PnVHXKvL2r9pIN9ox8zIL,1AFUTRrKzD3RPSgcH0z8IE,BOUNDS
0ISkdWpH1C_hmy7_QyZuUR,1AFUTRrKzD3RPSgcH0z8I7,BOUNDS
0ISkdWpH1C_hmy7_QyZuUR,1AFUTRrKzD3RPSgcH0z8I4,BOUNDS
0ISkdWpH1C_hmy7_QyZuUR,1AFUTRrKzD3RPSgcH0z8IP,BOUNDS
0ISkdWpH1C_hmy7_QyZuUR,1AFUTRrKzD3RPSgcH0z8I6,BOUNDS
0ISkdWpH1C_hmy7_QyZuUR,1AFUTRrKzD3RPSgcH0z8IU,BOUNDS
0ISkdWpH1C_hmy7_QyZuUR,1AFUTRrKzD3RPSgcH0z8IV,BOUNDS
0ISkdWpH1C_hmy7_QyZuUR,1AFUTRrKzD3RPSgcH0z8IH,BOUNDS
0ISkdWpH1C_hmy7_QyZuUR,1AFUTRrKzD3RPSgcH0z8IL,BOUNDS
0ISkdWpH1C_hmy7_QyZuUR,1AFUTRrKzD3RPSgcH0z8IK,BOUNDS
0ISkdWpH1C_hmy7_QyZuUR,1AFUTRrKzD3RPSgcH0z8IN,BOUNDS
0ISkdWpH1C_hmy7_QyZuUR,1AFUTRrKzD3RPSgcH0z8IM,BOUNDS
0ISkdWpH1C_hmy7_QyZuUR,2NBGAABPH6R8K2RVVy7BP2,BOUNDS
0ISkdWpH1C_hmy7_QyZuUR,2NBGAABPH6R8K2RVVy7BP2,BOUNDS
0ISkdWpH1C_hmy7_QyZuUR,1SwBe39s14c8mfWcUQsKjK,BOUNDS
0ISkdWpH1C_hmy7_QyZuUR,1SwBe39s14c8mfWcUQsKjK,BOUNDS
0ISkdWpH1C_hmy7_QyZuUR,0_30tDay5DSuL2ld9$1UVp,BOUNDS
0ISkdWpH1C_hmy7_QyZuTQ,0_30tDay5DSuL2ld9$1UGB,BOUNDS
0ISkdWpH1C_hmy7_QyZuTQ,1SwBe39s14c8mfWcUQsKjK,BOUNDS
0ISkdWpH1C_hmy7_QyZuTQ,060B0Bfjv7MQEXwwmCVVew,BOUNDS
0ISkdWpH1C_hmy7_QyZuTQ,060B0Bfjv7MQEXwwmCVVew,BOUNDS
0ISkdWpH1C_hmy7_QyZuTK,060B0Bfjv7MQEXwwmCVVew,BOUNDS
0ISkdWpH1C_hmy7_QyZuTK,2_FCaLmfj6yAPasaU47QdD,BOUNDS
2PnVHXKvL2r9pIN9ox8zIL,3eZyeBrqf0oQVb4wrlNtBU,BOUNDS
2PnVHXKvL2r9pIN9ox8zIL,3dlwn49Tr1_8rQvMbSI6nC,BOUNDS
2PnVHXKvL2r9pIN9ox8zJh,1AFUTRrKzD3RPSgcH0z8IS,BOUNDS
2PnVHXKvL2r9pIN9ox8zJh,1AFUTRrKzD3RPSgcH0z8I0,BOUNDS
2PnVHXKvL2r9pIN9ox8zIL,3eZyeBrqf0oQVb4wrlNtAX,BOUNDS
2PnVHXKvL2r9pIN9ox8zIL,1AFUTRrKzD3RPSgcH0z8II,BOUNDS
2PnVHXKvL2r9pIN9ox8zJh,3dlwn49Tr1_8rQvMbSI6nC,BOUNDS
2PnVHXKvL2r9pIN9ox8zJh,2NBGAABPH6R8K2RVVy7BP2,BOUNDS
2PnVHXKvL2r9pIN9ox8zJh,2_FCaLmfj6yAPasaU47QdD,BOUNDS
2PnVHXKvL2r9pIN9ox8zJh,1ZSClU8aj9DA2cLrK85veG,BOUNDS
0ISkdWpH1C_hmy7_QyZuTQ,0_30tDay5DSuL2ld9$1UVp,BOUNDS
0ISkdWpH1C_hmy7_QyZuTQ,1SwBe39s14c8mfWcUQsKjK,BOUNDS
2PnVHXKvL2r9pIN9ox8zJh,1AFUTRrKzD3RPSgcH0z8II,BOUNDS
2PnVHXKvL2r9pIN9ox8zJh,3eZyeBrqf0oQVb4wrlNtBU,BOUNDS
2PnVHXKvL2r9pIN9ox8zIN,2_FCaLmfj6yAPasaU47QdD,BOUNDS
2PnVHXKvL2r9pIN9ox8zIH,3eZyeBrqf0oQVb4wrlNtAW,BOUNDS
0ISkdWpH1C_hmy7_QyZuTQ,2_FCaLmfj6yAPasaU47QdD,BOUNDS
0ISkdWpH1C_hmy7_QyZuTQ,060B0Bfjv7MQEXwwmCVVew,BOUNDS
2PnVHXKvL2r9pIN9ox8zIN,1AFUTRrKzD3RPSgcH0z8IJ,BOUNDS
2PnVHXKvL2r9pIN9ox8zIN,1AFUTRrKzD3RPSgcH0z8IT,BOUNDS
2PnVHXKvL2r9pIN9ox8zIH,3dlwn49Tr1_8rQvMbSI6nC,BOUNDS
2PnVHXKvL2r9pIN9ox8zIH,3eZyeBrqf0oQVb4wrlNtAZ,BOUNDS
33dI9ZPJP8qBbx5SBMjaEd,2MXzqWFrL2KezWe0RS6EHb,BOUNDS
33dI9ZPJP8qBbx5SBMjaEX,3RyenZGC9CbOyK8eeC0DU5,BOUNDS
33dI9ZPJP8qBbx5SBMjaEd,3RyenZGC9CbOyK8eeC0DU5,BOUNDS
33dI9ZPJP8qBbx5SBMjaEd,0_30tDay5DSuL2ld9$1UPD,BOUNDS
0ISkdWpH1C_hmy7_QyZuUR,0_30tDay5DSuL2ld9$1UUG,BOUNDS
0ISkdWpH1C_hmy7_QyZuUR,0_30tDay5DSuL2ld9$1UUz,BOUNDS
33dI9ZPJP8qBbx5SBMjaEd,0_30tDay5DSuL2ld9$1UOr,BOUNDS
33dI9ZPJP8qBbx5SBMjaEd,0_30tDay5DSuL2ld9$1UOb,BOUNDS
0ISkdWpH1C_hmy7_QyZuUR,1aBQBPAYj7tvUemG9ugCLi,BOUNDS
0ISkdWpH1C_hmy7_QyZuUR,1aBQBPAYj7tvUemG9ugCJz,BOUNDS
0ISkdWpH1C_hmy7_QyZuUR,1lL0StQID0pxFPXE_t32xm,BOUNDS
0ISkdWpH1C_hmy7_QyZuUR,1sQaMmqjv8FA5M37GPCYKG,BOUNDS
0ISkdWpH1C_hmy7_QyZuUR,060B0Bfjv7MQEXwwmCVVew,BOUNDS
0ISkdWpH1C_hmy7_QyZuUR,0_30tDay5DSuL2ld9$1UVp,BOUNDS
0hmLIpG491Xflu8RZ3kNfK,2_FCaLmfj6yAPasaU47QdD,BOUNDS
0ISkdWpH1C_hmy7_QyZuUR,1aBQBPAYj7tvUemG9ugCMU,BOUNDS
0hmLIpG491Xflu8RZ3kNfI,060B0Bfjv7MQEXwwmCVVew,BOUNDS
0hmLIpG491Xflu8RZ3kNfI,1sQaMmqjv8FA5M37GPCYR6,BOUNDS
0hmLIpG491Xflu8RZ3kNfI,0_30tDay5DSuL2ld9$1UP6,BOUNDS
0hmLIpG491Xflu8RZ3kNfI,0_30tDay5DSuL2ld9$1UP2,BOUNDS
33dI9ZPJP8qBbx5SBMjaEX,0_30tDay5DSuL2ld9$1UOX,BOUNDS
33dI9ZPJP8qBbx5SBMjaEX,3lPIjeMLjASRxjE6gw6XU7,BOUNDS
0hmLIpG491Xflu8RZ3kNfI,1sQaMmqjv8FA5M37GPCYR6,BOUNDS
0hmLIpG491Xflu8RZ3kNfI,0I89kxcfn5aPoCoZL7raWn,BOUNDS
33dI9ZPJP8qBbx5SBMjaEZ,3RyenZGC9CbOyK8eeC0DU5,BOUNDS
33dI9ZPJP8qBbx5SBMjaEX,0_30tDay5DSuL2ld9$1UOb,BOUNDS
33dI9ZPJP8qBbx5SBMjaEX,3lPIjeMLjASRxjE6gw6XUR,BOUNDS
33dI9ZPJP8qBbx5SBMjaEX,0_30tDay5DSuL2ld9$1UOr,BOUNDS
33dI9ZPJP8qBbx5SBMjaEd,0_30tDay5DSuL2ld9$1UPD,BOUNDS
33dI9ZPJP8qBbx5SBMjaEd,0_30tDay5DSuL2ld9$1UPD,BOUNDS
33dI9ZPJP8qBbx5SBMjaEX,2MXzqWFrL2KezWe0RS6EHb,BOUNDS
33dI9ZPJP8qBbx5SBMjaEX,3lPIjeMLjASRxjE6gw6XTm,BOUNDS
0hmLIpG491Xflu8RZ3kNfK,1sQaMmqjv8FA5M37GPCYKY,BOUNDS
0hmLIpG491Xflu8RZ3kNfK,0_30tDay5DSuL2ld9$1UUX,BOUNDS
0hmLIpG491Xflu8RZ3kNfK,0_30tDay5DSuL2ld9$1UUz,BOUNDS
0hmLIpG491Xflu8RZ3kNfK,0_30tDay5DSuL2ld9$1UUr,BOUNDS
0hmLIpG491Xflu8RZ3kNfK,060B0Bfjv7MQEXwwmCVVew,BOUNDS
0hmLIpG491Xflu8RZ3kNfK,060B0Bfjv7MQEXwwmCVVew,BOUNDS
0ISkdWpH1C_hmy7_QyZuUR,1AFUTRrKzD3RPSgcH0z8I5,BOUNDS
0ISkdWpH1C_hmy7_QyZuUR,1AFUTRrKzD3RPSgcH0z8I2,BOUNDS
0ISkdWpH1C_hmy7_QyZuUR,1AFUTRrKzD3RPSgcH0z8I3,BOUNDS
0ISkdWpH1C_hmy7_QyZuUR,1ZSClU8aj9DA2cLrK85veG,BOUNDS
0ISkdWpH1C_hmy7_QyZuUR,2_FCaLmfj6yAPasaU47QdD,BOUNDS
0ISkdWpH1C_hmy7_QyZuTK,060B0Bfjv7MQEXwwmCVVew,BOUNDS
0ISkdWpH1C_hmy7_QyZuTK,060B0Bfjv7MQEXwwmCVVew,BOUNDS
0ISkdWpH1C_hmy7_QyZuTK,0_30tDay5DSuL2ld9$1UG3,BOUNDS
0ISkdWpH1C_hmy7_QyZuTK,1SwBe39s14c8mfWcUQsKjK,BOUNDS
0ISkdWpH1C_hmy7_QyZuTK,0_30tDay5DSuL2ld9$1UGB,BOUNDS
0ISkdWpH1C_hmy7_QyZuUR,0_30tDay5DSuL2ld9$1UVD,BOUNDS
0ISkdWpH1C_hmy7_QyZuUR,0_30tDay5DSuL2ld9$1UUn,BOUNDS
0ISkdWpH1C_hmy7_QyZuUR,0_30tDay5DSuL2ld9$1UUn,BOUNDS
0ISkdWpH1C_hmy7_QyZuUR,0_30tDay5DSuL2ld9$1UUv,BOUNDS
0ISkdWpH1C_hmy7_QyZuUR,0_30tDay5DSuL2ld9$1UUz,BOUNDS
0ISkdWpH1C_hmy7_QyZuUR,0_30tDay5DSuL2ld9$1UUz,BOUNDS
0hmLIpG491Xflu8RZ3kNfI,060B0Bfjv7MQEXwwmCVVew,BOUNDS
0hmLIpG491Xflu8RZ3kNfI,2_FCaLmfj6yAPasaU47QdD,BOUNDS
0hmLIpG491Xflu8RZ3kNfI,1ovPBKVxH90QYbaUaasEpe,BOUNDS
0hmLIpG491Xflu8RZ3kNfI,1lL0StQID0pxFPXE_t32xm,BOUNDS
0hmLIpG491Xflu8RZ3kNfI,0_30tDay5DSuL2ld9$1UUG,BOUNDS
0hmLIpG491Xflu8RZ3kNfI,0jP_FPW891yRBz0fI8zcPA,BOUNDS
0hmLIpG491Xflu8RZ3kNfI,0_30tDay5DSuL2ld9$1UTl,BOUNDS
0hmLIpG491Xflu8RZ3kNfI,1sQaMmqjv8FA5M37GPCYKG,BOUNDS
0hmLIpG491Xflu8RZ3kNfK,0_30tDay5DSuL2ld9$1UUX,BOUNDS
0hmLIpG491Xflu8RZ3kNfK,060B0Bfjv7MQEXwwmCVVew,BOUNDS
33dI9ZPJP8qBbx5SBMjaEZ,3lPIjeMLjASRxjE6gw6XTz,BOUNDS
33dI9ZPJP8qBbx5SBMjaEZ,0_30tDay5DSuL2ld9$1UOX,BOUNDS
33dI9ZPJP8qBbx5SBMjaCv,06tOzssZ9B4QVX5FaMC$RL,BOUNDS
33dI9ZPJP8qBbx5SBMjaCv,06tOzssZ9B4QVX5FaMC$RL,BOUNDS
33dI9ZPJP8qBbx5SBMjaCv,3lPIjeMLjASRxjE6gw6XGX,BOUNDS
33dI9ZPJP8qBbx5SBMjaCv,3lPIjeMLjASRxjE6gw6XGY,BOUNDS
33dI9ZPJP8qBbx5SBMjaCv,06tOzssZ9B4QVX5FaMC$RL,BOUNDS
33dI9ZPJP8qBbx5SBMjaCv,3lPIjeMLjASRxjE6gw6XGj,BOUNDS
33dI9ZPJP8qBbx5SBMjaEj,0_30tDay5DSuL2ld9$1UOz,BOUNDS
33dI9ZPJP8qBbx5SBMjaCv,3RyenZGC9CbOyK8eeC0DU5,BOUNDS
33dI9ZPJP8qBbx5SBMjaEZ,2MXzqWFrL2KezWe0RS6EHb,BOUNDS
33dI9ZPJP8qBbx5SBMjaEZ,3lPIjeMLjASRxjE6gw6XTo,BOUNDS
33dI9ZPJP8qBbx5SBMjaEZ,0_30tDay5DSuL2ld9$1UOr,BOUNDS
33dI9ZPJP8qBbx5SBMjaEZ,0_30tDay5DSuL2ld9$1UOz,BOUNDS
33dI9ZPJP8qBbx5SBMjaEZ,0_30tDay5DSuL2ld9$1UOX,BOUNDS
33dI9ZPJP8qBbx5SBMjaEj,3RyenZGC9CbOyK8eeC0DU5,BOUNDS
33dI9ZPJP8qBbx5SBMjaCv,0_30tDay5DSuL2ld9$1UOv,BOUNDS
33dI9ZPJP8qBbx5SBMjaCv,06tOzssZ9B4QVX5FaMC$RL,BOUNDS
33dI9ZPJP8qBbx5SBMjaCv,3lPIjeMLjASRxjE6gw6XK6,BOUNDS
33dI9ZPJP8qBbx5SBMjaCv,3lPIjeMLjASRxjE6gw6XK3,BOUNDS
33dI9ZPJP8qBbx5SBMjaCv,3lPIjeMLjASRxjE6gw6XK0,BOUNDS
33dI9ZPJP8qBbx5SBMjaCv,3lPIjeMLjASRxjE6gw6XK2,BOUNDS
33dI9ZPJP8qBbx5SBMjaCv,2MXzqWFrL2KezWe0RS6EHb,BOUNDS
33dI9ZPJP8qBbx5SBMjaCv,2MXzqWFrL2KezWe0RS6EHb,BOUNDS
33dI9ZPJP8qBbx5SBMjaCv,06tOzssZ9B4QVX5FaMC$RL,BOUNDS
33dI9ZPJP8qBbx5SBMjaCv,3lPIjeMLjASRxjE6gw6XGo,BOUNDS
33dI9ZPJP8qBbx5SBMjaCv,2MXzqWFrL2KezWe0RS6EHb,BOUNDS
33dI9ZPJP8qBbx5SBMjaCv,2MXzqWFrL2KezWe0RS6EHb,BOUNDS
33dI9ZPJP8qBbx5SBMjaCv,2MXzqWFrL2KezWe0RS6EHb,BOUNDS
33dI9ZPJP8qBbx5SBMjaCv,2MXzqWFrL2KezWe0RS6EHb,BOUNDS
33dI9ZPJP8qBbx5SBMjaCv,2MXzqWFrL2KezWe0RS6EHb,BOUNDS
33dI9ZPJP8qBbx5SBMjaCv,0_30tDay5DSuL2ld9$1UOv,BOUNDS
33dI9ZPJP8qBbx5SBMjaCv,060B0Bfjv7MQEXwwmCVVew,BOUNDS
33dI9ZPJP8qBbx5SBMjaCv,060B0Bfjv7MQEXwwmCVVew,BOUNDS
0hmLIpG491Xflu8RZ3kNfG,0_30tDay5DSuL2ld9$1UUr,BOUNDS
0hmLIpG491Xflu8RZ3kNfG,060B0Bfjv7MQEXwwmCVVew,BOUNDS
33dI9ZPJP8qBbx5SBMjaCv,060B0Bfjv7MQEXwwmCVVew,BOUNDS
33dI9ZPJP8qBbx5SBMjaCv,3lPIjeMLjASRxjE6gw6XJi,BOUNDS
33dI9ZPJP8qBbx5SBMjaCv,3lPIjeMLjASRxjE6gw6XIu,BOUNDS
33dI9ZPJP8qBbx5SBMjaCv,3lPIjeMLjASRxjE6gw6XIv,BOUNDS
0hmLIpG491Xflu8RZ3kNfG,0_30tDay5DSuL2ld9$1UVD,BOUNDS
0hmLIpG491Xflu8RZ3kNfG,0_30tDay5DSuL2ld9$1UUv,BOUNDS
0hmLIpG491Xflu8RZ3kNfI,060B0Bfjv7MQEXwwmCVVew,BOUNDS
0hmLIpG491Xflu8RZ3kNfI,1sQaMmqjv8FA5M37GPCYKq,BOUNDS
0hmLIpG491Xflu8RZ3kNfI,060B0Bfjv7MQEXwwmCVVew,BOUNDS
0hmLIpG491Xflu8RZ3kNfI,0I89kxcfn5aPoCoZL7raWn,BOUNDS
0hmLIpG491Xflu8RZ3kNfG,060B0Bfjv7MQEXwwmCVVew,BOUNDS
0hmLIpG491Xflu8RZ3kNfG,060B0Bfjv7MQEXwwmCVVew,BOUNDS
33dI9ZPJP8qBbx5SBMjaEj,2MXzqWFrL2KezWe0RS6EHb,BOUNDS
33dI9ZPJP8qBbx5SBMjaEj,0_30tDay5DSuL2ld9$1UOv,BOUNDS
33dI9ZPJP8qBbx5SBMjaCv,0I89kxcfn5aPoCoZL7raWn,BOUNDS
33dI9ZPJP8qBbx5SBMjaCv,060B0Bfjv7MQEXwwmCVVew,BOUNDS
33dI9ZPJP8qBbx5SBMjaCv,3lPIjeMLjASRxjE6gw6XIN,BOUNDS
33dI9ZPJP8qBbx5SBMjaCv,060B0Bfjv7MQEXwwmCVVew,BOUNDS
33dI9ZPJP8qBbx5SBMjaEj,0_30tDay5DSuL2ld9$1UOv,BOUNDS
33dI9ZPJP8qBbx5SBMjaEj,0_30tDay5DSuL2ld9$1UOr,BOUNDS
33dI9ZPJP8qBbx5SBMjaCv,060B0Bfjv7MQEXwwmCVVew,BOUNDS
33dI9ZPJP8qBbx5SBMjaCv,1sQaMmqjv8FA5M37GPCYR6,BOUNDS
33dI9ZPJP8qBbx5SBMjaCv,3lPIjeMLjASRxjE6gw6XJl,BOUNDS
33dI9ZPJP8qBbx5SBMjaCv,3lPIjeMLjASRxjE6gw6XJj,BOUNDS
33dI9ZPJP8qBbx5SBMjaCv,060B0Bfjv7MQEXwwmCVVew,BOUNDS
33dI9ZPJP8qBbx5SBMjaCv,3lPIjeMLjASRxjE6gw6XIx,BOUNDS
33dI9ZPJP8qBbx5SBMjaCv,3lPIjeMLjASRxjE6gw6XIL,BOUNDS
33dI9ZPJP8qBbx5SBMjaCv,3lPIjeMLjASRxjE6gw6XIK,BOUNDS
1Lzahvp1L8YfbOlsKbb4TR,06tOzssZ9B4QVX5FaMC$RL,BOUNDS
1Lzahvp1L8YfbOlsKbb4TR,06tOzssZ9B4QVX5FaMC$RL,BOUNDS
1Lzahvp1L8YfbOlsKbb4TR,1sQaMmqjv8FA5M37GPCYQJ,BOUNDS
1Lzahvp1L8YfbOlsKbb4TR,1sQaMmqjv8FA5M37GPCYQJ,BOUNDS
1Lzahvp1L8YfbOlsKbb4TR,3L2ob2RfPCQRbpIvDuvSQ3,BOUNDS
1Lzahvp1L8YfbOlsKbb4TR,1sQaMmqjv8FA5M37GPCYQJ,BOUNDS
1Lzahvp1L8YfbOlsKbb4TT,0X1wHV4nrA8uiSsPPxtUn9,BOUNDS
1Lzahvp1L8YfbOlsKbb4TT,0X1wHV4nrA8uiSsPPxtUmc,BOUNDS
33dI9ZPJP8qBbx5SBMjaCv,3lPIjeMLjASRxjE6gw6XTU,BOUNDS
33dI9ZPJP8qBbx5SBMjaCv,3XbG0EpaD3QPZhUZSkL4e1,BOUNDS
1Lzahvp1L8YfbOlsKbb4TR,1JGhw2zk51zAYaF_QLitr9,BOUNDS
1Lzahvp1L8YfbOlsKbb4TR,06tOzssZ9B4QVX5FaMC$RL,BOUNDS
33dI9ZPJP8qBbx5SBMjaCv,3XbG0EpaD3QPZhUZSkL4l7,BOUNDS
1Lzahvp1L8YfbOlsKbb4TR,1TgbqwUwn9te3sgF6st6oE,BOUNDS
1Lzahvp1L8YfbOlsKbb4TR,1sQaMmqjv8FA5M37GPCYQF,BOUNDS
1Lzahvp1L8YfbOlsKbb4TR,3L2ob2RfPCQRbpIvDuvSRh,BOUNDS
33dI9ZPJP8qBbx5SBMjaCv,06tOzssZ9B4QVX5FaMC$RL,BOUNDS
33dI9ZPJP8qBbx5SBMjaCv,06tOzssZ9B4QVX5FaMC$RL,BOUNDS
33dI9ZPJP8qBbx5SBMjaCv,06tOzssZ9B4QVX5FaMC$RL,BOUNDS
33dI9ZPJP8qBbx5SBMjaCv,06tOzssZ9B4QVX5FaMC$RL,BOUNDS
33dI9ZPJP8qBbx5SBMjaCv,3lPIjeMLjASRxjE6gw6XH2,BOUNDS
33dI9ZPJP8qBbx5SBMjaCv,3L2ob2RfPCQRbpIvDuvSRh,BOUNDS
33dI9ZPJP8qBbx5SBMjaCv,3lPIjeMLjASRxjE6gw6XHD,BOUNDS
33dI9ZPJP8qBbx5SBMjaCv,3lPIjeMLjASRxjE6gw6XH1,BOUNDS
1Lzahvp1L8YfbOlsKbb4TT,06tOzssZ9B4QVX5FaMC$RL,BOUNDS
1Lzahvp1L8YfbOlsKbb4TT,0X1wHV4nrA8uiSsPPxtUmc,BOUNDS
1Lzahvp1L8YfbOlsKbb4TV,04n55fjcH7dhzxSRcFV9eu,BOUNDS
1Lzahvp1L8YfbOlsKbb4TV,3dtNv9xLz1D8ToBkRp8cNk,BOUNDS
1Lzahvp1L8YfbOlsKbb4TT,0X1wHV4nrA8uiSsPPxtUn5,BOUNDS
1Lzahvp1L8YfbOlsKbb4TV,1TgbqwUwn9te3sgF6st6oE,BOUNDS
33dI9ZPJP8qBbx5SBMjaCv,3lPIjeMLjASRxjE6gw6XGz,BOUNDS
33dI9ZPJP8qBbx5SBMjaCv,3lPIjeMLjASRxjE6gw6XGn,BOUNDS
33dI9ZPJP8qBbx5SBMjaCv,3lPIjeMLjASRxjE6gw6XI9,BOUNDS
33dI9ZPJP8qBbx5SBMjaCv,3lPIjeMLjASRxjE6gw6XI9,BOUNDS
33dI9ZPJP8qBbx5SBMjaCv,3lPIjeMLjASRxjE6gw6XI9,BOUNDS
33dI9ZPJP8qBbx5SBMjaCv,3e8Mms5uzBV9xYl2IBs1l2,BOUNDS
33dI9ZPJP8qBbx5SBMjaCv,3lPIjeMLjASRxjE6gw6XJo,BOUNDS
33dI9ZPJP8qBbx5SBMjaCv,3lPIjeMLjASRxjE6gw6XIA,BOUNDS
33dI9ZPJP8qBbx5SBMjaCv,3lPIjeMLjASRxjE6gw6XIB,BOUNDS
33dI9ZPJP8qBbx5SBMjaCv,3lPIjeMLjASRxjE6gw6XHr,BOUNDS
33dI9ZPJP8qBbx5SBMjaCv,23KOJOC8r34gdJLN2sXEKj,BOUNDS
33dI9ZPJP8qBbx5SBMjaCv,3lPIjeMLjASRxjE6gw6XHG,BOUNDS
33dI9ZPJP8qBbx5SBMjaCv,06tOzssZ9B4QVX5FaMC$RL,BOUNDS
33dI9ZPJP8qBbx5SBMjaCv,06tOzssZ9B4QVX5FaMC$RL,BOUNDS
33dI9ZPJP8qBbx5SBMjaCv,1JGhw2zk51zAYaF_QLitwW,BOUNDS
33dI9ZPJP8qBbx5SBMjaCv,23KOJOC8r34gdJLN2sXEKj,BOUNDS
33dI9ZPJP8qBbx5SBMjaCv,3lPIjeMLjASRxjE6gw6XHN,BOUNDS
33dI9ZPJP8qBbx5SBMjaCv,3lPIjeMLjASRxjE6gw6XHJ,BOUNDS
33dI9ZPJP8qBbx5SBMjaCv,3lPIjeMLjASRxjE6gw6XKG,BOUNDS
33dI9ZPJP8qBbx5SBMjaCv,3lPIjeMLjASRxjE6gw6XKI,BOUNDS
33dI9ZPJP8qBbx5SBMjaCv,060B0Bfjv7MQEXwwmCVVew,BOUNDS
33dI9ZPJP8qBbx5SBMjaCv,3lPIjeMLjASRxjE6gw6XKJ,BOUNDS
33dI9ZPJP8qBbx5SBMjaCv,2MXzqWFrL2KezWe0RS6EHb,BOUNDS
33dI9ZPJP8qBbx5SBMjaCv,2MXzqWFrL2KezWe0RS6EHb,BOUNDS
33dI9ZPJP8qBbx5SBMjaCv,060B0Bfjv7MQEXwwmCVVew,BOUNDS
33dI9ZPJP8qBbx5SBMjaCv,060B0Bfjv7MQEXwwmCVVew,BOUNDS
33dI9ZPJP8qBbx5SBMjaCv,3lPIjeMLjASRxjE6gw6XJs,BOUNDS
33dI9ZPJP8qBbx5SBMjaCv,3lPIjeMLjASRxjE6gw6XHc,BOUNDS
33dI9ZPJP8qBbx5SBMjaCv,3lPIjeMLjASRxjE6gw6XJm,BOUNDS
33dI9ZPJP8qBbx5SBMjaCv,3lPIjeMLjASRxjE6gw6XJp,BOUNDS
33dI9ZPJP8qBbx5SBMjaCv,0_30tDay5DSuL2ld9$1UPD,BOUNDS
33dI9ZPJP8qBbx5SBMjaCv,060B0Bfjv7MQEXwwmCVVew,BOUNDS
33dI9ZPJP8qBbx5SBMjaCv,3lPIjeMLjASRxjE6gw6XHa,BOUNDS
33dI9ZPJP8qBbx5SBMjaCv,3lPIjeMLjASRxjE6gw6XHd,BOUNDS
2PnVHXKvL2r9pIN9ox8zV4,1bKDksX1DBeBEUOB8Ab1en,BOUNDS
2PnVHXKvL2r9pIN9ox8zV4,1guDAeN0H0zPlf9ZUQ7YEI,BOUNDS
33dI9ZPJP8qBbx5SBMjaCv,3XbG0EpaD3QPZhUZSkL4e0,BOUNDS
33dI9ZPJP8qBbx5SBMjaCv,3XbG0EpaD3QPZhUZSkL4e2,BOUNDS
33dI9ZPJP8qBbx5SBMjaCv,3lPIjeMLjASRxjE6gw6XTQ,BOUNDS
33dI9ZPJP8qBbx5SBMjaCv,3lPIjeMLjASRxjE6gw6XTW,BOUNDS
33dI9ZPJP8qBbx5SBMjaCv,3lPIjeMLjASRxjE6gw6XTR,BOUNDS
33dI9ZPJP8qBbx5SBMjaCv,3lPIjeMLjASRxjE6gw6XTO,BOUNDS
33dI9ZPJP8qBbx5SBMjaCv,3lPIjeMLjASRxjE6gw6XTi,BOUNDS
33dI9ZPJP8qBbx5SBMjaCv,3lPIjeMLjASRxjE6gw6XHw,BOUNDS
33dI9ZPJP8qBbx5SBMjaCv,3lPIjeMLjASRxjE6gw6XTj,BOUNDS
33dI9ZPJP8qBbx5SBMjaCv,3lPIjeMLjASRxjE6gw6XTY,BOUNDS
2PnVHXKvL2r9pIN9ox8zVT,0X1wHV4nrA8uiSsPPxtUnz,BOUNDS
2PnVHXKvL2r9pIN9ox8zVT,1EKlTSJ$L9JAy5UDUCbgx$,BOUNDS
2PnVHXKvL2r9pIN9ox8zVT,2ftpqDuKX9xu7UIOmFlx_U,BOUNDS
2PnVHXKvL2r9pIN9ox8zVT,0X1wHV4nrA8uiSsPPxtUnz,BOUNDS
2PnVHXKvL2r9pIN9ox8zVH,0yHhiOk7b8IBVHQCqr$Qx3,BOUNDS
2PnVHXKvL2r9pIN9ox8zVH,0yHhiOk7b8IBVHQCqr$Qx3,BOUNDS
2PnVHXKvL2r9pIN9ox8zVH,18Bzx0d_b3kRek$scrptaV,BOUNDS
2PnVHXKvL2r9pIN9ox8zVH,0yHhiOk7b8IBVHQCqr$Qx3,BOUNDS
2PnVHXKvL2r9pIN9ox8zVH,10xymLOUbEJQViGYNPNlUF,BOUNDS
2PnVHXKvL2r9pIN9ox8zVH,10xymLOUbEJQViGYNPNlUA,BOUNDS
2PnVHXKvL2r9pIN9ox8zVH,0yHhiOk7b8IBVHQCqr$Qx3,BOUNDS
2PnVHXKvL2r9pIN9ox8zVH,10xymLOUbEJQViGYNPNlUD,BOUNDS
2PnVHXKvL2r9pIN9ox8zVP,0yHhiOk7b8IBVHQCqr$Qx3,BOUNDS
2PnVHXKvL2r9pIN9ox8zVP,1bKDksX1DBeBEUOB8Ab1g1,BOUNDS
2PnVHXKvL2r9pIN9ox8zVP,1EKlTSJ$L9JAy5UDUCbgxW,BOUNDS
2PnVHXKvL2r9pIN9ox8zVP,1EKlTSJ$L9JAy5UDUCbgx_,BOUNDS
2PnVHXKvL2r9pIN9ox8zVP,0X1wHV4nrA8uiSsPPxtUnz,BOUNDS
2PnVHXKvL2r9pIN9ox8zVP,0X1wHV4nrA8uiSsPPxtUnz,BOUNDS
2PnVHXKvL2r9pIN9ox8zVP,2ftpqDuKX9xu7UIOmFlx_U,BOUNDS
2PnVHXKvL2r9pIN9ox8zVP,21RHv05Qn9cvpryKmUwA3F,BOUNDS
2PnVHXKvL2r9pIN9ox8zVT,0yHhiOk7b8IBVHQCqr$Qx3,BOUNDS
2PnVHXKvL2r9pIN9ox8zVT,0yHhiOk7b8IBVHQCqr$Qx3,BOUNDS
2PnVHXKvL2r9pIN9ox8zVT,35BZjy3mH7Ou63rag5Xg_O,BOUNDS
2PnVHXKvL2r9pIN9ox8zVT,35BZjy3mH7Ou63rag5Xgnc,BOUNDS
2PnVHXKvL2r9pIN9ox8zVT,35BZjy3mH7Ou63rag5Xg_R,BOUNDS
2PnVHXKvL2r9pIN9ox8zVT,0yHhiOk7b8IBVHQCqr$Qx3,BOUNDS
2PnVHXKvL2r9pIN9ox8zVT,1TgbqwUwn9te3sgF6st6oE,BOUNDS
2PnVHXKvL2r9pIN9ox8zVP,1bKDksX1DBeBEUOB8Ab1g7,BOUNDS
2PnVHXKvL2r9pIN9ox8zVP,1bKDksX1DBeBEUOB8Ab1ea,BOUNDS
2PnVHXKvL2r9pIN9ox8zVP,1bKDksX1DBeBEUOB8Ab1fR,BOUNDS
2PnVHXKvL2r9pIN9ox8zVP,1guDAeN0H0zPlf9ZUQ7YEJ,BOUNDS
2PnVHXKvL2r9pIN9ox8zVP,1bKDksX1DBeBEUOB8Ab1fQ,BOUNDS
2PnVHXKvL2r9pIN9ox8zVP,1TgbqwUwn9te3sgF6st6oE,BOUNDS
2PnVHXKvL2r9pIN9ox8zV4,0uDhWBIAn3pvGLLeqdXpYD,BOUNDS
2PnVHXKvL2r9pIN9ox8zVP,1guDAeN0H0zPlf9ZUQ7YE5,BOUNDS
2PnVHXKvL2r9pIN9ox8zVP,1guDAeN0H0zPlf9ZUQ7YE5,BOUNDS
2PnVHXKvL2r9pIN9ox8zVP,1TMmHiRcP0Zee6Er_nYG$I,BOUNDS
2PnVHXKvL2r9pIN9ox8zVP,0uDhWBIAn3pvGLLeqdXpzE,BOUNDS
2PnVHXKvL2r9pIN9ox8zVP,21RHv05Qn9cvpryKmUwA64,BOUNDS
2PnVHXKvL2r9pIN9ox8zVP,21RHv05Qn9cvpryKmUwA64,BOUNDS
2PnVHXKvL2r9pIN9ox8zVP,1guDAeN0H0zPlf9ZUQ7YEI,BOUNDS
2PnVHXKvL2r9pIN9ox8zVP,1guDAeN0H0zPlf9ZUQ7YE5,BOUNDS
2PnVHXKvL2r9pIN9ox8zVP,0uDhWBIAn3pvGLLeqdXpYD,BOUNDS
2PnVHXKvL2r9pIN9ox8zVP,0uDhWBIAn3pvGLLeqdXpYD,BOUNDS
2PnVHXKvL2r9pIN9ox8zV4,2$0jj0F0j4ZOVJ_4E1Gq1C,BOUNDS
2PnVHXKvL2r9pIN9ox8zV4,18eJjezLr93eTsB1yzF61M,BOUNDS
2PnVHXKvL2r9pIN9ox8zV4,1EKlTSJ$L9JAy5UDUCbg6w,BOUNDS
2PnVHXKvL2r9pIN9ox8zV4,3dtNv9xLz1D8ToBkRp8cNj,BOUNDS
2PnVHXKvL2r9pIN9ox8zV4,0uDhWBIAn3pvGLLeqdXpzE,BOUNDS
2PnVHXKvL2r9pIN9ox8zV4,0uDhWBIAn3pvGLLeqdXpzE,BOUNDS
2PnVHXKvL2r9pIN9ox8zV4,2$0jj0F0j4ZOVJ_4E1Gq1C,BOUNDS
2PnVHXKvL2r9pIN9ox8zV4,2$0jj0F0j4ZOVJ_4E1GqB$,BOUNDS
2PnVHXKvL2r9pIN9ox8zV4,1guDAeN0H0zPlf9ZUQ7YE5,BOUNDS
2PnVHXKvL2r9pIN9ox8zV4,1guDAeN0H0zPlf9ZUQ7YEH,BOUNDS
2PnVHXKvL2r9pIN9ox8zV4,1bKDksX1DBeBEUOB8Ab1ep,BOUNDS
2PnVHXKvL2r9pIN9ox8zV4,1bKDksX1DBeBEUOB8Ab1eo,BOUNDS
2PnVHXKvL2r9pIN9ox8zV4,1bKDksX1DBeBEUOB8Ab1eD,BOUNDS
2PnVHXKvL2r9pIN9ox8zV4,04n55fjcH7dhzxSRcFV9eu,BOUNDS
2PnVHXKvL2r9pIN9ox8zV4,1guDAeN0H0zPlf9ZUQ7YE5,BOUNDS
2PnVHXKvL2r9pIN9ox8zV4,1bKDksX1DBeBEUOB8Ab1e3,BOUNDS
2PnVHXKvL2r9pIN9ox8zV4,1guDAeN0H0zPlf9ZUQ7YE5,BOUNDS
2PnVHXKvL2r9pIN9ox8zV4,1TgbqwUwn9te3sgF6st6oE,BOUNDS
2PnVHXKvL2r9pIN9ox8zIT,1ZSClU8aj9DA2cLrK85veG,BOUNDS
2PnVHXKvL2r9pIN9ox8zIT,2_FCaLmfj6yAPasaU47QdD,BOUNDS
2PnVHXKvL2r9pIN9ox8zIT,1AFUTRrKzD3RPSgcH0z8IO,BOUNDS
2PnVHXKvL2r9pIN9ox8zIT,1AFUTRrKzD3RPSgcH0z8IB,BOUNDS
2PnVHXKvL2r9pIN9ox8zIV,1AFUTRrKzD3RPSgcH0z8Tf,BOUNDS
2PnVHXKvL2r9pIN9ox8zIV,1AFUTRrKzD3RPSgcH0z8I8,BOUNDS
2PnVHXKvL2r9pIN9ox8zIV,0WOfgLyIX46QnJ1IlFxUPO,BOUNDS
2PnVHXKvL2r9pIN9ox8zIV,0lTjux1TnF3gO4c9BNmdqL,BOUNDS
2PnVHXKvL2r9pIN9ox8zIR,10xymLOUbEJQViGYNPNlUM,BOUNDS
2PnVHXKvL2r9pIN9ox8zIR,10xymLOUbEJQViGYNPNlUN,BOUNDS
2PnVHXKvL2r9pIN9ox8zIR,10xymLOUbEJQViGYNPNlU6,BOUNDS
2PnVHXKvL2r9pIN9ox8zIR,10xymLOUbEJQViGYNPNlUB,BOUNDS
2PnVHXKvL2r9pIN9ox8zIT,1AFUTRrKzD3RPSgcH0z8Tf,BOUNDS
2PnVHXKvL2r9pIN9ox8zIT,1AFUTRrKzD3RPSgcH0z8IR,BOUNDS
2PnVHXKvL2r9pIN9ox8zIT,3dlwn49Tr1_8rQvMbSI6nC,BOUNDS
2PnVHXKvL2r9pIN9ox8zIT,3eZyeBrqf0oQVb4wrlNtAb,BOUNDS
2PnVHXKvL2r9pIN9ox8zIR,3dlwn49Tr1_8rQvMbSI6nC,BOUNDS
2PnVHXKvL2r9pIN9ox8zIR,3dlwn49Tr1_8rQvMbSI6nC,BOUNDS
2PnVHXKvL2r9pIN9ox8zIR,3dlwn49Tr1_8rQvMbSI6nC,BOUNDS
2PnVHXKvL2r9pIN9ox8zIR,3dlwn49Tr1_8rQvMbSI6nC,BOUNDS
2PnVHXKvL2r9pIN9ox8zIR,0X1wHV4nrA8uiSsPPxtUhA,BOUNDS
2PnVHXKvL2r9pIN9ox8zIR,0X1wHV4nrA8uiSsPPxtUhD,BOUNDS
2PnVHXKvL2r9pIN9ox8zIR,10xymLOUbEJQViGYNPNlUL,BOUNDS
2PnVHXKvL2r9pIN9ox8zIR,10xymLOUbEJQViGYNPNlUK,BOUNDS
2PnVHXKvL2r9pIN9ox8zT4,10xymLOUbEJQViGYNPNlUI,BOUNDS
2PnVHXKvL2r9pIN9ox8zT4,10xymLOUbEJQViGYNPNlUJ,BOUNDS
2PnVHXKvL2r9pIN9ox8zT4,10xymLOUbEJQViGYNPNlUC,BOUNDS
2PnVHXKvL2r9pIN9ox8zT4,10xymLOUbEJQViGYNPNlUD,BOUNDS
2PnVHXKvL2r9pIN9ox8zIV,10xymLOUbEJQViGYNPNlUK,BOUNDS
2PnVHXKvL2r9pIN9ox8zIV,0s8ykGtmvFURUfp3D26b4M,BOUNDS
2PnVHXKvL2r9pIN9ox8zIV,2_FCaLmfj6yAPasaU47QdD,BOUNDS
2PnVHXKvL2r9pIN9ox8zIR,3dlwn49Tr1_8rQvMbSI6nC,BOUNDS
2PnVHXKvL2r9pIN9ox8zT4,18Bzx0d_b3kRek$scrptci,BOUNDS
2PnVHXKvL2r9pIN9ox8zT4,18Bzx0d_b3kRek$scrptci,BOUNDS
2PnVHXKvL2r9pIN9ox8zT4,0X1wHV4nrA8uiSsPPxtUh0,BOUNDS
2PnVHXKvL2r9pIN9ox8zT4,18Bzx0d_b3kRek$scrptci,BOUNDS
2PnVHXKvL2r9pIN9ox8zT4,10xymLOUbEJQViGYNPNlUH,BOUNDS
2PnVHXKvL2r9pIN9ox8zT4,10xymLOUbEJQViGYNPNlUG,BOUNDS
2PnVHXKvL2r9pIN9ox8zT4,18Bzx0d_b3kRek$scrptci,BOUNDS
2PnVHXKvL2r9pIN9ox8zT4,10xymLOUbEJQViGYNPNlUN,BOUNDS
2PnVHXKvL2r9pIN9ox8zVN,0yHhiOk7b8IBVHQCqr$Qx3,BOUNDS
2PnVHXKvL2r9pIN9ox8zVN,0yHhiOk7b8IBVHQCqr$Qx3,BOUNDS
2PnVHXKvL2r9pIN9ox8zVN,18Bzx0d_b3kRek$scrptaV,BOUNDS
2PnVHXKvL2r9pIN9ox8zVN,0yHhiOk7b8IBVHQCqr$Qx3,BOUNDS
2PnVHXKvL2r9pIN9ox8zT4,0X1wHV4nrA8uiSsPPxtUhD,BOUNDS
2PnVHXKvL2r9pIN9ox8zT4,1KeHJE8JXA9OamOp_Vx4a$,BOUNDS
2PnVHXKvL2r9pIN9ox8zIR,0s8ykGtmvFURUfp3D26b4M,BOUNDS
2PnVHXKvL2r9pIN9ox8zIR,2_FCaLmfj6yAPasaU47QdD,BOUNDS
2PnVHXKvL2r9pIN9ox8zT4,10xymLOUbEJQViGYNPNlUE,BOUNDS
2PnVHXKvL2r9pIN9ox8zT4,10xymLOUbEJQViGYNPNlU9,BOUNDS
2PnVHXKvL2r9pIN9ox8zT4,10xymLOUbEJQViGYNPNlU8,BOUNDS
2PnVHXKvL2r9pIN9ox8zT4,10xymLOUbEJQViGYNPNlU5,BOUNDS
2PnVHXKvL2r9pIN9ox8zVN,18Bzx0d_b3kRek$scrptci,BOUNDS
2PnVHXKvL2r9pIN9ox8zVN,0X1wHV4nrA8uiSsPPxtUhu,BOUNDS
2PnVHXKvL2r9pIN9ox8zVN,2_FCaLmfj6yAPasaU47QdD,BOUNDS
2PnVHXKvL2r9pIN9ox8zVH,18Bzx0d_b3kRek$scrptci,BOUNDS
2PnVHXKvL2r9pIN9ox8zVH,2_FCaLmfj6yAPasaU47QdD,BOUNDS
2PnVHXKvL2r9pIN9ox8zVH,0s8ykGtmvFURUfp3D26b4M,BOUNDS
2PnVHXKvL2r9pIN9ox8zVT,2ftpqDuKX9xu7UIOmFlx_U,BOUNDS
2PnVHXKvL2r9pIN9ox8zVT,0X1wHV4nrA8uiSsPPxtUhy,BOUNDS
2PnVHXKvL2r9pIN9ox8zT4,10xymLOUbEJQViGYNPNlU4,BOUNDS
2PnVHXKvL2r9pIN9ox8zT4,10xymLOUbEJQViGYNPNlU7,BOUNDS
2PnVHXKvL2r9pIN9ox8zT4,0s8ykGtmvFURUfp3D26b4M,BOUNDS
2PnVHXKvL2r9pIN9ox8zT4,2_FCaLmfj6yAPasaU47QdD,BOUNDS
0smCEVIGnCPgXNgUODHiuc,1Rj6co6mzEyQGnEjMR51G_,BOUNDS
0smCEVIGnCPgXNgUODHiuc,0lTjux1TnF3gO4c9BNmdqL,BOUNDS
0smCEVIGnCPgXNgUODHiuc,0C9A9EI_X9XPTyUttRuLf3,BOUNDS
0smCEVIGnCPgXNgUODHiuc,1ZSClU8aj9DA2cLrK85veG,BOUNDS
0smCEVIGnCPgXNgUODHiue,1Rj6co6mzEyQGnEjMR5117,BOUNDS
0smCEVIGnCPgXNgUODHiue,1Rj6co6mzEyQGnEjMR51G_,BOUNDS
0smCEVIGnCPgXNgUODHiue,1VYYANqh5Ds9UvQ1tMkfD7,BOUNDS
0smCEVIGnCPgXNgUODHiue,1ZSClU8aj9DA2cLrK85veG,BOUNDS
2I361NKRD2t89zXC_2uDM2,3lPIjeMLjASRxjE6gw6XIx,BOUNDS
2I361NKRD2t89zXC_2uDM2,3lPIjeMLjASRxjE6gw6XIv,BOUNDS
2I361NKRD2t89zXC_2uDM2,3lPIjeMLjASRxjE6gw6XIu,BOUNDS
2I361NKRD2t89zXC_2uDM2,060B0Bfjv7MQEXwwmCVVew,BOUNDS
0smCEVIGnCPgXNgUODHiuc,07pQnIypnCceWiTzvo9Uft,BOUNDS
0smCEVIGnCPgXNgUODHiuc,0C9A9EI_X9XPTyUttRuLf5,BOUNDS
0smCEVIGnCPgXNgUODHiuc,1VYYANqh5Ds9UvQ1tMkfD7,BOUNDS
0smCEVIGnCPgXNgUODHiuc,0s8ykGtmvFURUfp3D26b4M,BOUNDS
2I361NKRD2t89zXC_2uDM2,3lPIjeMLjASRxjE6gw6XIN,BOUNDS
2I361NKRD2t89zXC_2uDM2,060B0Bfjv7MQEXwwmCVVew,BOUNDS
2I361NKRD2t89zXC_2uDM2,3lPIjeMLjASRxjE6gw6XIK,BOUNDS
2I361NKRD2t89zXC_2uDM2,3lPIjeMLjASRxjE6gw6XIL,BOUNDS
2I361NKRD2t89zXC_2uDM2,3lPIjeMLjASRxjE6gw6XJl,BOUNDS
2I361NKRD2t89zXC_2uDM2,060B0Bfjv7MQEXwwmCVVew,BOUNDS
2I361NKRD2t89zXC_2uDM2,3lPIjeMLjASRxjE6gw6XJi,BOUNDS
2I361NKRD2t89zXC_2uDM2,3lPIjeMLjASRxjE6gw6XJj,BOUNDS
2I361NKRD2t89zXC_2uDM2,3lPIjeMLjASRxjE6gw6XK3,BOUNDS
2I361NKRD2t89zXC_2uDM2,3lPIjeMLjASRxjE6gw6XK6,BOUNDS
2I361NKRD2t89zXC_2uDM2,3lPIjeMLjASRxjE6gw6XK2,BOUNDS
2I361NKRD2t89zXC_2uDM2,1ij8remSr2nftPAFs2o7nb,BOUNDS
2I361NKRD2t89zXC_2uDM2,0I89kxcfn5aPoCoZL7raWn,BOUNDS
2I361NKRD2t89zXC_2uDM2,060B0Bfjv7MQEXwwmCVVew,BOUNDS
2I361NKRD2t89zXC_2uDM2,060B0Bfjv7MQEXwwmCVVew,BOUNDS
2I361NKRD2t89zXC_2uDM2,060B0Bfjv7MQEXwwmCVVew,BOUNDS
0smCEVIGnCPgXNgUODHiuk,0C9A9EI_X9XPTyUttRuLf0,BOUNDS
0smCEVIGnCPgXNgUODHiuk,0C9A9EI_X9XPTyUttRuLf5,BOUNDS
0smCEVIGnCPgXNgUODHiuk,1_WIDbMXf5_P7QWlk1nZrH,BOUNDS
0smCEVIGnCPgXNgUODHiuk,1_WIDbMXf5_P7QWlk1nZrk,BOUNDS
0smCEVIGnCPgXNgUODHiuK,0C9A9EI_X9XPTyUttRuLiT,BOUNDS
0smCEVIGnCPgXNgUODHiuG,1VYYANqh5Ds9UvQ1tMkfD7,BOUNDS
0smCEVIGnCPgXNgUODHiuK,0C9A9EI_X9XPTyUttRuLf6,BOUNDS
0smCEVIGnCPgXNgUODHiuK,0C9A9EI_X9XPTyUttRuLf5,BOUNDS
0smCEVIGnCPgXNgUODHiui,0C9A9EI_X9XPTyUttRuLf1,BOUNDS
0smCEVIGnCPgXNgUODHiui,1_WIDbMXf5_P7QWlk1nZrQ,BOUNDS
0smCEVIGnCPgXNgUODHiui,0C9A9EI_X9XPTyUttRuLf0,BOUNDS
0smCEVIGnCPgXNgUODHiui,0C9A9EI_X9XPTyUttRuLf5,BOUNDS
0smCEVIGnCPgXNgUODHiuk,1VYYANqh5Ds9UvQ1tMkfD7,BOUNDS
0smCEVIGnCPgXNgUODHiuk,1ZSClU8aj9DA2cLrK85veG,BOUNDS
0smCEVIGnCPgXNgUODHiuG,0C9A9EI_X9XPTyUttRuLf5,BOUNDS
0smCEVIGnCPgXNgUODHiuG,0C9A9EI_X9XPTyUttRuLf6,BOUNDS
0smCEVIGnCPgXNgUODHiug,0C9A9EI_X9XPTyUttRuLf2,BOUNDS
0smCEVIGnCPgXNgUODHiug,0C9A9EI_X9XPTyUttRuLf5,BOUNDS
0smCEVIGnCPgXNgUODHiug,0C9A9EI_X9XPTyUttRuLf5,BOUNDS
0smCEVIGnCPgXNgUODHiug,0C9A9EI_X9XPTyUttRuLf1,BOUNDS
0smCEVIGnCPgXNgUODHiuk,0C9A9EI_X9XPTyUttRuLf7,BOUNDS
0smCEVIGnCPgXNgUODHiui,1VYYANqh5Ds9UvQ1tMkfD7,BOUNDS
0smCEVIGnCPgXNgUODHiui,1ZSClU8aj9DA2cLrK85veG,BOUNDS
0smCEVIGnCPgXNgUODHiui,1_WIDbMXf5_P7QWlk1nZse,BOUNDS
0smCEVIGnCPgXNgUODHiue,0C9A9EI_X9XPTyUttRuLf3,BOUNDS
0smCEVIGnCPgXNgUODHiue,2RzE07DK18ZBDqq1q2qm_M,BOUNDS
0smCEVIGnCPgXNgUODHiue,0C9A9EI_X9XPTyUttRuLf2,BOUNDS
0smCEVIGnCPgXNgUODHiue,0C9A9EI_X9XPTyUttRuLf5,BOUNDS
0smCEVIGnCPgXNgUODHiug,1VYYANqh5Ds9UvQ1tMkfD7,BOUNDS
0smCEVIGnCPgXNgUODHiug,1ZSClU8aj9DA2cLrK85veG,BOUNDS
0smCEVIGnCPgXNgUODHiug,1Rj6co6mzEyQGnEjMR5117,BOUNDS
0smCEVIGnCPgXNgUODHiug,1_WIDbMXf5_P7QWlk1nZse,BOUNDS
1CEC6J6Q58qRvSZCCHRnUV,0I89kxcfn5aPoCoZL7raX3,BOUNDS
1CEC6J6Q58qRvSZCCHRnUV,0I89kxcfn5aPoCoZL7raX2,BOUNDS
1CEC6J6Q58qRvSZCCHRnHZ,1aBQBPAYj7tvUemG9ugCHE,BOUNDS
1CEC6J6Q58qRvSZCCHRnUV,060B0Bfjv7MQEXwwmCVVew,BOUNDS
1CEC6J6Q58qRvSZCCHRnUV,060B0Bfjv7MQEXwwmCVVew,BOUNDS
1CEC6J6Q58qRvSZCCHRnUP,1VYYANqh5Ds9UvQ1tMkfD7,BOUNDS
1CEC6J6Q58qRvSZCCHRnUV,0I89kxcfn5aPoCoZL7raX1,BOUNDS
1CEC6J6Q58qRvSZCCHRnUV,060B0Bfjv7MQEXwwmCVVew,BOUNDS
1CEC6J6Q58qRvSZCCHRnUP,0I89kxcfn5aPoCoZL7raW_,BOUNDS
1CEC6J6Q58qRvSZCCHRnUP,0I89kxcfn5aPoCoZL7raX4,BOUNDS
1CEC6J6Q58qRvSZCCHRnUP,060B0Bfjv7MQEXwwmCVVew,BOUNDS
1CEC6J6Q58qRvSZCCHRnUP,0I89kxcfn5aPoCoZL7raX4,BOUNDS
2FO4B4LLz1S8ougO7Uoe2x,0I89kxcfn5aPoCoZL7raeh,BOUNDS
2FO4B4LLz1S8ougO7Uoe2x,1VYYANqh5Ds9UvQ1tMkfD7,BOUNDS
2FO4B4LLz1S8ougO7Uoe2x,0I89kxcfn5aPoCoZL7raeZ,BOUNDS
2FO4B4LLz1S8ougO7Uoe2x,0I89kxcfn5aPoCoZL7raeX,BOUNDS
2FO4B4LLz1S8ougO7Uoe2v,0yHhiOk7b8IBVHQCqr$Qx3,BOUNDS
2FO4B4LLz1S8ougO7Uoe2v,0yHhiOk7b8IBVHQCqr$Qx3,BOUNDS
2FO4B4LLz1S8ougO7Uoe2v,0I89kxcfn5aPoCoZL7raeZ,BOUNDS
2FO4B4LLz1S8ougO7Uoe2v,0I89kxcfn5aPoCoZL7raeX,BOUNDS
0smCEVIGnCPgXNgUODHiuK,1ZSClU8aj9DA2cLrK85veG,BOUNDS
0smCEVIGnCPgXNgUODHiuK,1_WIDbMXf5_P7QWlk1nZrb,BOUNDS
0smCEVIGnCPgXNgUODHiuK,1_WIDbMXf5_P7QWlk1nZrY,BOUNDS
0smCEVIGnCPgXNgUODHiuK,1_WIDbMXf5_P7QWlk1nZrv,BOUNDS
2FO4B4LLz1S8ougO7Uoe2x,0yHhiOk7b8IBVHQCqr$Qx3,BOUNDS
2FO4B4LLz1S8ougO7Uoe2x,0yHhiOk7b8IBVHQCqr$Qx3,BOUNDS
2FO4B4LLz1S8ougO7Uoe2x,0yHhiOk7b8IBVHQCqr$Qx3,BOUNDS
0smCEVIGnCPgXNgUODHiuK,1VYYANqh5Ds9UvQ1tMkfD7,BOUNDS
0smCEVIGnCPgXNgUODHiuG,1_WIDbMXf5_P7QWlk1nZrk,BOUNDS
0smCEVIGnCPgXNgUODHiuG,1ZSClU8aj9DA2cLrK85veG,BOUNDS
0smCEVIGnCPgXNgUODHiuG,0C9A9EI_X9XPTyUttRuLf7,BOUNDS
0smCEVIGnCPgXNgUODHiuG,1_WIDbMXf5_P7QWlk1nZrb,BOUNDS
0smCEVIGnCPgXNgUODHiyK,0C9A9EI_X9XPTyUttRuLf5,BOUNDS
0smCEVIGnCPgXNgUODHiyK,0C9A9EI_X9XPTyUttRuLf5,BOUNDS
0smCEVIGnCPgXNgUODHiyK,0C9A9EI_X9XPTyUttRuLf5,BOUNDS
0smCEVIGnCPgXNgUODHiyK,0C9A9EI_X9XPTyUttRuLf5,BOUNDS
1CEC6J6Q58qRvSZCCHRnHZ,1_WIDbMXf5_P7QWlk1nZrv,BOUNDS
1CEC6J6Q58qRvSZCCHRnHZ,1_WIDbMXf5_P7QWlk1nZrs,BOUNDS
1CEC6J6Q58qRvSZCCHRnHZ,1VYYANqh5Ds9UvQ1tMkfD7,BOUNDS
1CEC6J6Q58qRvSZCCHRnHZ,1ZSClU8aj9DA2cLrK85veG,BOUNDS
1CEC6J6Q58qRvSZCCHRnHZ,1_WIDbMXf5_P7QWlk1nZo1,BOUNDS
1CEC6J6Q58qRvSZCCHRnHZ,1_WIDbMXf5_P7QWlk1nZoU,BOUNDS
1CEC6J6Q58qRvSZCCHRnHZ,1_WIDbMXf5_P7QWlk1nZoD,BOUNDS
1CEC6J6Q58qRvSZCCHRnHZ,1_WIDbMXf5_P7QWlk1nZoA,BOUNDS
1CEC6J6Q58qRvSZCCHRnHZ,0C9A9EI_X9XPTyUttRuLiT,BOUNDS
1CEC6J6Q58qRvSZCCHRnHZ,1_WIDbMXf5_P7QWlk1nZoL,BOUNDS
1CEC6J6Q58qRvSZCCHRnHZ,0I89kxcfn5aPoCoZL7raXw,BOUNDS
1CEC6J6Q58qRvSZCCHRnHZ,0C9A9EI_X9XPTyUttRuLiT,BOUNDS
1CEC6J6Q58qRvSZCCHRnHZ,0I89kxcfn5aPoCoZL7raXw,BOUNDS
1CEC6J6Q58qRvSZCCHRnHZ,0I89kxcfn5aPoCoZL7raXE,BOUNDS
1CEC6J6Q58qRvSZCCHRnHZ,0I89kxcfn5aPoCoZL7raXE,BOUNDS
1CEC6J6Q58qRvSZCCHRnHZ,060B0Bfjv7MQEXwwmCVVew,BOUNDS
1CEC6J6Q58qRvSZCCHRnHZ,0I89kxcfn5aPoCoZL7raX1,BOUNDS
1CEC6J6Q58qRvSZCCHRnHZ,0I89kxcfn5aPoCoZL7raX0,BOUNDS
1CEC6J6Q58qRvSZCCHRnHZ,0I89kxcfn5aPoCoZL7raX0,BOUNDS
1CEC6J6Q58qRvSZCCHRnHZ,0I89kxcfn5aPoCoZL7raX2,BOUNDS
1CEC6J6Q58qRvSZCCHRnHZ,0I89kxcfn5aPoCoZL7raX5,BOUNDS
1CEC6J6Q58qRvSZCCHRnHZ,0I89kxcfn5aPoCoZL7raX5,BOUNDS
1CEC6J6Q58qRvSZCCHRnHZ,0I89kxcfn5aPoCoZL7raX5,BOUNDS
1CEC6J6Q58qRvSZCCHRnHZ,0I89kxcfn5aPoCoZL7raX6,BOUNDS
1CEC6J6Q58qRvSZCCHRnHZ,1lL0StQID0pxFPXE_t32xm,BOUNDS
1CEC6J6Q58qRvSZCCHRnHZ,0I89kxcfn5aPoCoZL7raWy,BOUNDS
1CEC6J6Q58qRvSZCCHRnHZ,1aBQBPAYj7tvUemG9ugCGf,BOUNDS
1CEC6J6Q58qRvSZCCHRnHZ,2HkrgwIe5B7uY6ZTSMkZu4,BOUNDS
10V2aT_BP8a8swtG80wUGM,3lPIjeMLjASRxjE6gw6XIN,BOUNDS
10V2aT_BP8a8swtG80wUGM,060B0Bfjv7MQEXwwmCVVew,BOUNDS
10V2aT_BP8a8swtG80wUGM,3lPIjeMLjASRxjE6gw6XIK,BOUNDS
10V2aT_BP8a8swtG80wUGM,3lPIjeMLjASRxjE6gw6XIL,BOUNDS
2I361NKRD2t89zXC_2uDL7,1ij8remSr2nftPAFs2o7nc,BOUNDS
2I361NKRD2t89zXC_2uDL7,1ij8remSr2nftPAFs2o7nc,BOUNDS
2I361NKRD2t89zXC_2uDL7,1ij8remSr2nftPAFs2o7nd,BOUNDS
2I361NKRD2t89zXC_2uDL7,1ij8remSr2nftPAFs2o7nX,BOUNDS
2I361NKRD2t89zXC_2uDL7,1ij8remSr2nftPAFs2o7nb,BOUNDS
2I361NKRD2t89zXC_2uDL7,1ij8remSr2nftPAFs2o7nb,BOUNDS
2I361NKRD2t89zXC_2uDL7,1ij8remSr2nftPAFs2o7nc,BOUNDS
2I361NKRD2t89zXC_2uDL7,1ij8remSr2nftPAFs2o7nb,BOUNDS
2I361NKRD2t89zXC_2uDL7,3lPIjeMLjASRxjE6gw6XUR,BOUNDS
2I361NKRD2t89zXC_2uDL7,3lPIjeMLjASRxjE6gw6XTy,BOUNDS
2I361NKRD2t89zXC_2uDL7,1ij8remSr2nftPAFs2o7nb,BOUNDS
2I361NKRD2t89zXC_2uDL7,1ij8remSr2nftPAFs2o7na,BOUNDS
10V2aT_BP8a8swtG80wUGI,3lPIjeMLjASRxjE6gw6XUR,BOUNDS
10V2aT_BP8a8swtG80wUGI,3R4D_pRzb7zO6$RWcrzzK3,BOUNDS
10V2aT_BP8a8swtG80wUGI,3R4D_pRzb7zO6$RWcrzzK3,BOUNDS
10V2aT_BP8a8swtG80wUGI,3lPIjeMLjASRxjE6gw6XU7,BOUNDS
10V2aT_BP8a8swtG80wUGM,060B0Bfjv7MQEXwwmCVVew,BOUNDS
10V2aT_BP8a8swtG80wUGM,1sQaMmqjv8FA5M37GPCYR6,BOUNDS
10V2aT_BP8a8swtG80wUGM,0I89kxcfn5aPoCoZL7raWn,BOUNDS
10V2aT_BP8a8swtG80wUGM,0I89kxcfn5aPoCoZL7racS,BOUNDS
10V2aT_BP8a8swtG80wUGM,060B0Bfjv7MQEXwwmCVVew,BOUNDS
10V2aT_BP8a8swtG80wUGM,060B0Bfjv7MQEXwwmCVVew,BOUNDS
10V2aT_BP8a8swtG80wUGM,3lPIjeMLjASRxjE6gw6XIx,BOUNDS
10V2aT_BP8a8swtG80wUGM,3lPIjeMLjASRxjE6gw6XIv,BOUNDS
10V2aT_BP8a8swtG80wUGG,3R4D_pRzb7zO6$RWcrzzK3,BOUNDS
10V2aT_BP8a8swtG80wUGG,3R4D_pRzb7zO6$RWcrzzKF,BOUNDS
10V2aT_BP8a8swtG80wUGG,3R4D_pRzb7zO6$RWcrzzKE,BOUNDS
10V2aT_BP8a8swtG80wUGM,3pCu8LCZv1IhQ$jfb$w0GI,BOUNDS
2I361NKRD2t89zXC_2uDL7,3lPIjeMLjASRxjE6gw6XU7,BOUNDS
2I361NKRD2t89zXC_2uDL7,1VYYANqh5Ds9UvQ1tMkfIt,BOUNDS
2I361NKRD2t89zXC_2uDL7,1ij8remSr2nftPAFs2o7nd,BOUNDS
2I361NKRD2t89zXC_2uDL7,1ij8remSr2nftPAFs2o7na,BOUNDS
1CEC6J6Q58qRvSZCCHRnUL,0I89kxcfn5aPoCoZL7raXv,BOUNDS
1CEC6J6Q58qRvSZCCHRnUN,1VYYANqh5Ds9UvQ1tMkfD7,BOUNDS
1CEC6J6Q58qRvSZCCHRnUL,0I89kxcfn5aPoCoZL7raW$,BOUNDS
1CEC6J6Q58qRvSZCCHRnUL,0I89kxcfn5aPoCoZL7raXx,BOUNDS
1CEC6J6Q58qRvSZCCHRnUN,1ovPBKVxH90QYbaUaasEpe,BOUNDS
1CEC6J6Q58qRvSZCCHRnUN,0I89kxcfn5aPoCoZL7raX6,BOUNDS
1CEC6J6Q58qRvSZCCHRnUN,060B0Bfjv7MQEXwwmCVVew,BOUNDS
1CEC6J6Q58qRvSZCCHRnUN,1lL0StQID0pxFPXE_t32xm,BOUNDS
1CEC6J6Q58qRvSZCCHRnUN,0I89kxcfn5aPoCoZL7raXx,BOUNDS
1CEC6J6Q58qRvSZCCHRnUN,0I89kxcfn5aPoCoZL7raXu,BOUNDS
1CEC6J6Q58qRvSZCCHRnUN,0I89kxcfn5aPoCoZL7raWy,BOUNDS
1CEC6J6Q58qRvSZCCHRnUN,0I89kxcfn5aPoCoZL7raXv,BOUNDS
2I361NKRD2t89zXC_2uDL7,3lPIjeMLjASRxjE6gw6XTz,BOUNDS
2I361NKRD2t89zXC_2uDL7,3lPIjeMLjASRxjE6gw6XTo,BOUNDS
2I361NKRD2t89zXC_2uDM2,1VYYANqh5Ds9UvQ1tMkfIt,BOUNDS
2I361NKRD2t89zXC_2uDL7,3lPIjeMLjASRxjE6gw6XTm,BOUNDS
1CEC6J6Q58qRvSZCCHRnUN,0I89kxcfn5aPoCoZL7raWn,BOUNDS
1CEC6J6Q58qRvSZCCHRnUN,060B0Bfjv7MQEXwwmCVVew,BOUNDS
1CEC6J6Q58qRvSZCCHRnUH,1VYYANqh5Ds9UvQ1tMkfD7,BOUNDS
1CEC6J6Q58qRvSZCCHRnUH,060B0Bfjv7MQEXwwmCVVew,BOUNDS
1CEC6J6Q58qRvSZCCHRnUH,0I89kxcfn5aPoCoZL7raXE,BOUNDS
1CEC6J6Q58qRvSZCCHRnUH,0I89kxcfn5aPoCoZL7raXw,BOUNDS
1CEC6J6Q58qRvSZCCHRnUH,0I89kxcfn5aPoCoZL7raXw,BOUNDS
1CEC6J6Q58qRvSZCCHRnUH,0I89kxcfn5aPoCoZL7raXC,BOUNDS
1CEC6J6Q58qRvSZCCHRnUH,060B0Bfjv7MQEXwwmCVVew,BOUNDS
1CEC6J6Q58qRvSZCCHRnUH,060B0Bfjv7MQEXwwmCVVew,BOUNDS
1CEC6J6Q58qRvSZCCHRnUH,060B0Bfjv7MQEXwwmCVVew,BOUNDS
1CEC6J6Q58qRvSZCCHRnUH,060B0Bfjv7MQEXwwmCVVew,BOUNDS
2I361NKRD2t89zXC_2uDM2,3lPIjeMLjASRxjE6gw6XHG,BOUNDS
2I361NKRD2t89zXC_2uDM2,3lPIjeMLjASRxjE6gw6XHN,BOUNDS
2I361NKRD2t89zXC_2uDM2,06tOzssZ9B4QVX5FaMC$RL,BOUNDS
2I361NKRD2t89zXC_2uDM2,23KOJOC8r34gdJLN2sXEKj,BOUNDS
1CEC6J6Q58qRvSZCCHRnUL,0I89kxcfn5aPoCoZL7raX5,BOUNDS
1CEC6J6Q58qRvSZCCHRnUL,1VYYANqh5Ds9UvQ1tMkfD7,BOUNDS
1CEC6J6Q58qRvSZCCHRnUL,0I89kxcfn5aPoCoZL7raX7,BOUNDS
1CEC6J6Q58qRvSZCCHRnUL,0I89kxcfn5aPoCoZL7raX4,BOUNDS
2I361NKRD2t89zXC_2uDM2,3lPIjeMLjASRxjE6gw6XI9,BOUNDS
2I361NKRD2t89zXC_2uDM2,3lPIjeMLjASRxjE6gw6XHr,BOUNDS
2I361NKRD2t89zXC_2uDM2,3lPIjeMLjASRxjE6gw6XI9,BOUNDS
2I361NKRD2t89zXC_2uDM2,3lPIjeMLjASRxjE6gw6XI9,BOUNDS
2I361NKRD2t89zXC_2uDM2,3lPIjeMLjASRxjE6gw6XHD,BOUNDS
2I361NKRD2t89zXC_2uDM2,06tOzssZ9B4QVX5FaMC$RL,BOUNDS
2I361NKRD2t89zXC_2uDM2,3lPIjeMLjASRxjE6gw6XH2,BOUNDS
2I361NKRD2t89zXC_2uDM2,3lPIjeMLjASRxjE6gw6XH1,BOUNDS
1CEC6J6Q58qRvSZCCHRnUP,0I89kxcfn5aPoCoZL7raX5,BOUNDS
1CEC6J6Q58qRvSZCCHRnUP,0I89kxcfn5aPoCoZL7raX3,BOUNDS
1CEC6J6Q58qRvSZCCHRnUP,060B0Bfjv7MQEXwwmCVVew,BOUNDS
1CEC6J6Q58qRvSZCCHRnUP,060B0Bfjv7MQEXwwmCVVew,BOUNDS
1CEC6J6Q58qRvSZCCHRnUN,060B0Bfjv7MQEXwwmCVVew,BOUNDS
1CEC6J6Q58qRvSZCCHRnUN,0I89kxcfn5aPoCoZL7raW$,BOUNDS
1CEC6J6Q58qRvSZCCHRnUN,060B0Bfjv7MQEXwwmCVVew,BOUNDS
1CEC6J6Q58qRvSZCCHRnUN,0I89kxcfn5aPoCoZL7raWn,BOUNDS
1CEC6J6Q58qRvSZCCHRnUR,0I89kxcfn5aPoCoZL7raX7,BOUNDS
1CEC6J6Q58qRvSZCCHRnUR,0I89kxcfn5aPoCoZL7raW$,BOUNDS
1CEC6J6Q58qRvSZCCHRnUR,0I89kxcfn5aPoCoZL7raX4,BOUNDS
1CEC6J6Q58qRvSZCCHRnUR,0I89kxcfn5aPoCoZL7raW_,BOUNDS
1CEC6J6Q58qRvSZCCHRnUR,1VYYANqh5Ds9UvQ1tMkfD7,BOUNDS
1CEC6J6Q58qRvSZCCHRnUR,060B0Bfjv7MQEXwwmCVVew,BOUNDS
1CEC6J6Q58qRvSZCCHRnUR,0I89kxcfn5aPoCoZL7raXu,BOUNDS
1CEC6J6Q58qRvSZCCHRnUR,0I89kxcfn5aPoCoZL7raW$,BOUNDS
2I361NKRD2t89zXC_2uDM2,060B0Bfjv7MQEXwwmCVVew,BOUNDS
2I361NKRD2t89zXC_2uDM2,1ij8remSr2nftPAFs2o7nb,BOUNDS
2I361NKRD2t89zXC_2uDM2,3lPIjeMLjASRxjE6gw6XKG,BOUNDS
2I361NKRD2t89zXC_2uDM2,3lPIjeMLjASRxjE6gw6XKJ,BOUNDS
2I361NKRD2t89zXC_2uDM2,06tOzssZ9B4QVX5FaMC$RL,BOUNDS
2I361NKRD2t89zXC_2uDM2,3lPIjeMLjASRxjE6gw6XGj,BOUNDS
2I361NKRD2t89zXC_2uDM2,3lPIjeMLjASRxjE6gw6XGo,BOUNDS
2I361NKRD2t89zXC_2uDM2,06tOzssZ9B4QVX5FaMC$RL,BOUNDS
2I361NKRD2t89zXC_2uDM2,3lPIjeMLjASRxjE6gw6XTi,BOUNDS
2I361NKRD2t89zXC_2uDM2,3lPIjeMLjASRxjE6gw6XTY,BOUNDS
2I361NKRD2t89zXC_2uDM2,1ij8remSr2nftPAFs2o7nc,BOUNDS
2I361NKRD2t89zXC_2uDM2,3lPIjeMLjASRxjE6gw6XTW,BOUNDS
2I361NKRD2t89zXC_2uDM2,060B0Bfjv7MQEXwwmCVVew,BOUNDS
2I361NKRD2t89zXC_2uDM2,3lPIjeMLjASRxjE6gw6XKI,BOUNDS
2I361NKRD2t89zXC_2uDM2,060B0Bfjv7MQEXwwmCVVew,BOUNDS
2I361NKRD2t89zXC_2uDM2,060B0Bfjv7MQEXwwmCVVew,BOUNDS
2I361NKRD2t89zXC_2uDM2,06tOzssZ9B4QVX5FaMC$RL,BOUNDS
2I361NKRD2t89zXC_2uDM2,06tOzssZ9B4QVX5FaMC$RL,BOUNDS
2I361NKRD2t89zXC_2uDM2,3lPIjeMLjASRxjE6gw6XGY,BOUNDS
2I361NKRD2t89zXC_2uDM2,3lPIjeMLjASRxjE6gw6XGX,BOUNDS
2I361NKRD2t89zXC_2uDM2,23KOJOC8r34gdJLN2sXEKj,BOUNDS
2I361NKRD2t89zXC_2uDM2,3lPIjeMLjASRxjE6gw6XHJ,BOUNDS
2I361NKRD2t89zXC_2uDM2,3e8Mms5uzBV9xYl2IBs1lK,BOUNDS
2I361NKRD2t89zXC_2uDM2,1JGhw2zk51zAYaF_QLitwW,BOUNDS
2I361NKRD2t89zXC_2uDM2,3lPIjeMLjASRxjE6gw6XGn,BOUNDS
2I361NKRD2t89zXC_2uDM2,3lPIjeMLjASRxjE6gw6XGz,BOUNDS
2I361NKRD2t89zXC_2uDM2,06tOzssZ9B4QVX5FaMC$RL,BOUNDS
2I361NKRD2t89zXC_2uDM2,06tOzssZ9B4QVX5FaMC$RL,BOUNDS
2I361NKRD2t89zXC_2uDM2,1ij8remSr2nftPAFs2o7nc,BOUNDS
2I361NKRD2t89zXC_2uDM2,1ij8remSr2nftPAFs2o7nd,BOUNDS
2I361NKRD2t89zXC_2uDM2,1ij8remSr2nftPAFs2o7nX,BOUNDS
2I361NKRD2t89zXC_2uDM2,06tOzssZ9B4QVX5FaMC$RL,BOUNDS
20HMQI6NzFSgRAoTxPunLH,0C9A9EI_X9XPTyUttRuLLo,BOUNDS
20HMQI6NzFSgRAoTxPunLH,0C9A9EI_X9XPTyUttRuLLg,BOUNDS
20HMQI6NzFSgRAoTxPunLH,00gFGeCuDDpBDi0kTgjcvV,BOUNDS
20HMQI6NzFSgRAoTxPunLH,00gFGeCuDDpBDi0kTgjcvY,BOUNDS
20HMQI6NzFSgRAoTxPunNz,1guDAeN0H0zPlf9ZUQ7YE5,BOUNDS
20HMQI6NzFSgRAoTxPunNz,1guDAeN0H0zPlf9ZUQ7YEV,BOUNDS
20HMQI6NzFSgRAoTxPunNz,1bKDksX1DBeBEUOB8Ab1en,BOUNDS
20HMQI6NzFSgRAoTxPunNz,0FOj8ytPH4yhrZKUXPE0wS,BOUNDS
20HMQI6NzFSgRAoTxPunLH,0C9A9EI_X9XPTyUttRuLLf,BOUNDS
20HMQI6NzFSgRAoTxPunLH,06tOzssZ9B4QVX5FaMC$RL,BOUNDS
20HMQI6NzFSgRAoTxPunLH,0C9A9EI_X9XPTyUttRuLLm,BOUNDS
20HMQI6NzFSgRAoTxPunLH,0C9A9EI_X9XPTyUttRuLLm,BOUNDS
20HMQI6NzFSgRAoTxPunLH,00gFGeCuDDpBDi0kTgjcvW,BOUNDS
20HMQI6NzFSgRAoTxPunLH,18eJjezLr93eTsB1yzF67R,BOUNDS
20HMQI6NzFSgRAoTxPunNz,1TgbqwUwn9te3sgF6st6mq,BOUNDS
20HMQI6NzFSgRAoTxPunNz,1guDAeN0H0zPlf9ZUQ7YE5,BOUNDS
2I361NKRD2t89zXC_2uDMK,060B0Bfjv7MQEXwwmCVVgx,BOUNDS
2I361NKRD2t89zXC_2uDMK,1VYYANqh5Ds9UvQ1tMkfIt,BOUNDS
2I361NKRD2t89zXC_2uDMM,0C9A9EI_X9XPTyUttRuLKw,BOUNDS
2I361NKRD2t89zXC_2uDMM,0C9A9EI_X9XPTyUttRuLK5,BOUNDS
2I361NKRD2t89zXC_2uDM8,0C9A9EI_X9XPTyUttRuLKw,BOUNDS
2I361NKRD2t89zXC_2uDM8,0C9A9EI_X9XPTyUttRuLKY,BOUNDS
2I361NKRD2t89zXC_2uDM8,0C9A9EI_X9XPTyUttRuLN7,BOUNDS
2I361NKRD2t89zXC_2uDM8,0C9A9EI_X9XPTyUttRuLKZ,BOUNDS
20HMQI6NzFSgRAoTxPunNz,1bKDksX1DBeBEUOB8Ab1fQ,BOUNDS
20HMQI6NzFSgRAoTxPunNz,1guDAeN0H0zPlf9ZUQ7YEO,BOUNDS
20HMQI6NzFSgRAoTxPunNz,1bKDksX1DBeBEUOB8Ab1fR,BOUNDS
20HMQI6NzFSgRAoTxPunNz,1bKDksX1DBeBEUOB8Ab1ea,BOUNDS
2I361NKRD2t89zXC_2uDMM,0C9A9EI_X9XPTyUttRuLK7,BOUNDS
2I361NKRD2t89zXC_2uDMM,0C9A9EI_X9XPTyUttRuLK7,BOUNDS
2I361NKRD2t89zXC_2uDMM,0C9A9EI_X9XPTyUttRuLKu,BOUNDS
2I361NKRD2t89zXC_2uDMM,0C9A9EI_X9XPTyUttRuLKu,BOUNDS
2I361NKRD2t89zXC_2uDMI,0C9A9EI_X9XPTyUttRuLKj,BOUNDS
2I361NKRD2t89zXC_2uDMI,0C9A9EI_X9XPTyUttRuLN6,BOUNDS
2I361NKRD2t89zXC_2uDMG,3lPIjeMLjASRxjE6gw6XUd,BOUNDS
2I361NKRD2t89zXC_2uDMG,1VYYANqh5Ds9UvQ1tMkfIt,BOUNDS
2I361NKRD2t89zXC_2uDMK,0C9A9EI_X9XPTyUttRuLK6,BOUNDS
2I361NKRD2t89zXC_2uDMK,0C9A9EI_X9XPTyUttRuLKw,BOUNDS
2I361NKRD2t89zXC_2uDMK,0C9A9EI_X9XPTyUttRuLKv,BOUNDS
2I361NKRD2t89zXC_2uDMK,0C9A9EI_X9XPTyUttRuLK4,BOUNDS
2I361NKRD2t89zXC_2uDM8,0C9A9EI_X9XPTyUttRuLK7,BOUNDS
2I361NKRD2t89zXC_2uDM8,0C9A9EI_X9XPTyUttRuLK5,BOUNDS
2I361NKRD2t89zXC_2uDMM,1VYYANqh5Ds9UvQ1tMkfIt,BOUNDS
2I361NKRD2t89zXC_2uDMM,060B0Bfjv7MQEXwwmCVVgx,BOUNDS
2I361NKRD2t89zXC_2uDMI,0C9A9EI_X9XPTyUttRuLKX,BOUNDS
2I361NKRD2t89zXC_2uDMI,0C9A9EI_X9XPTyUttRuLKv,BOUNDS
2I361NKRD2t89zXC_2uDMI,0C9A9EI_X9XPTyUttRuLN6,BOUNDS
2I361NKRD2t89zXC_2uDMI,0C9A9EI_X9XPTyUttRuLKW,BOUNDS
2I361NKRD2t89zXC_2uDM2,3XbG0EpaD3QPZhUZSkL4e2,BOUNDS
2I361NKRD2t89zXC_2uDM2,3XbG0EpaD3QPZhUZSkL4e1,BOUNDS
2I361NKRD2t89zXC_2uDM2,3lPIjeMLjASRxjE6gw6XTU,BOUNDS
2I361NKRD2t89zXC_2uDM2,3lPIjeMLjASRxjE6gw6XTR,BOUNDS
2I361NKRD2t89zXC_2uDM2,3lPIjeMLjASRxjE6gw6XJm,BOUNDS
2I361NKRD2t89zXC_2uDM2,3lPIjeMLjASRxjE6gw6XJo,BOUNDS
2I361NKRD2t89zXC_2uDM2,3lPIjeMLjASRxjE6gw6XIA,BOUNDS
2I361NKRD2t89zXC_2uDM2,3lPIjeMLjASRxjE6gw6XIB,BOUNDS
2I361NKRD2t89zXC_2uDMI,1VYYANqh5Ds9UvQ1tMkfIt,BOUNDS
2I361NKRD2t89zXC_2uDMI,0C9A9EI_X9XPTyUttRuLN0,BOUNDS
2I361NKRD2t89zXC_2uDMI,0C9A9EI_X9XPTyUttRuLN0,BOUNDS
2I361NKRD2t89zXC_2uDMI,0C9A9EI_X9XPTyUttRuLKv,BOUNDS
2I361NKRD2t89zXC_2uDM2,3lPIjeMLjASRxjE6gw6XTO,BOUNDS
2I361NKRD2t89zXC_2uDM2,3lPIjeMLjASRxjE6gw6XTQ,BOUNDS
2I361NKRD2t89zXC_2uDM2,3lPIjeMLjASRxjE6gw6XHw,BOUNDS
2I361NKRD2t89zXC_2uDM2,3lPIjeMLjASRxjE6gw6XHd,BOUNDS
2I361NKRD2t89zXC_2uDM2,3XbG0EpaD3QPZhUZSkL4l7,BOUNDS
2I361NKRD2t89zXC_2uDM2,3XbG0EpaD3QPZhUZSkL4e0,BOUNDS
2I361NKRD2t89zXC_2uDMA,0C9A9EI_X9XPTyUttRuLN6,BOUNDS
2I361NKRD2t89zXC_2uDMA,1VYYANqh5Ds9UvQ1tMkfIt,BOUNDS
2I361NKRD2t89zXC_2uDM8,0C9A9EI_X9XPTyUttRuLKx,BOUNDS
2I361NKRD2t89zXC_2uDM8,3lPIjeMLjASRxjE6gw6XUd,BOUNDS
2I361NKRD2t89zXC_2uDM8,0C9A9EI_X9XPTyUttRuLN4,BOUNDS
2I361NKRD2t89zXC_2uDM8,0C9A9EI_X9XPTyUttRuLKZ,BOUNDS
2I361NKRD2t89zXC_2uDMA,0C9A9EI_X9XPTyUttRuLKw,BOUNDS
2I361NKRD2t89zXC_2uDMA,0C9A9EI_X9XPTyUttRuLK4,BOUNDS
2I361NKRD2t89zXC_2uDM8,1VYYANqh5Ds9UvQ1tMkfIt,BOUNDS
2I361NKRD2t89zXC_2uDMA,0C9A9EI_X9XPTyUttRuLKY,BOUNDS
2I361NKRD2t89zXC_2uDM2,3lPIjeMLjASRxjE6gw6XJp,BOUNDS
2I361NKRD2t89zXC_2uDM2,3lPIjeMLjASRxjE6gw6XJs,BOUNDS
2I361NKRD2t89zXC_2uDM2,3lPIjeMLjASRxjE6gw6XHc,BOUNDS
2I361NKRD2t89zXC_2uDM2,3lPIjeMLjASRxjE6gw6XHa,BOUNDS
2Ee0Thqwr1RAAfUCPiTi21,1ij8remSr2nftPAFs2o7na,BOUNDS
2Ee0Thqwr1RAAfUCPiTi21,1ij8remSr2nftPAFs2o7na,BOUNDS
2Ee0Thqwr1RAAfUCPiTi21,0C9A9EI_X9XPTyUttRuLN1,BOUNDS
2Ee0Thqwr1RAAfUCPiTi21,0C9A9EI_X9XPTyUttRuLKi,BOUNDS
2Ee0Thqwr1RAAfUCPiTi1$,1VYYANqh5Ds9UvQ1tMkfD7,BOUNDS
2Ee0Thqwr1RAAfUCPiTi21,3lPIjeMLjASRxjE6gw6XKw,BOUNDS
2Ee0Thqwr1RAAfUCPiTi21,3lPIjeMLjASRxjE6gw6XKx,BOUNDS
2Ee0Thqwr1RAAfUCPiTi21,1ij8remSr2nftPAFs2o7nb,BOUNDS
2Ee0Thqwr1RAAfUCPiTi1$,060B0Bfjv7MQEXwwmCVVgx,BOUNDS
2Ee0Thqwr1RAAfUCPiTi1$,0C9A9EI_X9XPTyUttRuLKn,BOUNDS
2Ee0Thqwr1RAAfUCPiTi1$,060B0Bfjv7MQEXwwmCVVgx,BOUNDS
2Ee0Thqwr1RAAfUCPiTi1$,0yHhiOk7b8IBVHQCqr$Qx3,BOUNDS
2I361NKRD2t89zXC_2uDMA,0C9A9EI_X9XPTyUttRuLKX,BOUNDS
2I361NKRD2t89zXC_2uDMA,0C9A9EI_X9XPTyUttRuLKW,BOUNDS
2I361NKRD2t89zXC_2uDMA,0C9A9EI_X9XPTyUttRuLKv,BOUNDS
2I361NKRD2t89zXC_2uDMA,0C9A9EI_X9XPTyUttRuLK6,BOUNDS
2Ee0Thqwr1RAAfUCPiTi1$,0C9A9EI_X9XPTyUttRuLKk,BOUNDS
2Ee0Thqwr1RAAfUCPiTi1$,0C9A9EI_X9XPTyUttRuLKl,BOUNDS
2Ee0Thqwr1RAAfUCPiTi1$,0C9A9EI_X9XPTyUttRuLKf,BOUNDS
2Ee0Thqwr1RAAfUCPiTi1$,0C9A9EI_X9XPTyUttRuLKe,BOUNDS
2Ee0Thqwr1RAAfUCPiTi1$,0C9A9EI_X9XPTyUttRuLKh,BOUNDS
2Ee0Thqwr1RAAfUCPiTi1$,0C9A9EI_X9XPTyUttRuLKg,BOUNDS
2Ee0Thqwr1RAAfUCPiTi1$,060B0Bfjv7MQEXwwmCVVew,BOUNDS
2Ee0Thqwr1RAAfUCPiTi1$,060B0Bfjv7MQEXwwmCVVew,BOUNDS
2Ee0Thqwr1RAAfUCPiTi1$,0I89kxcfn5aPoCoZL7raXC,BOUNDS
2Ee0Thqwr1RAAfUCPiTi1$,0I89kxcfn5aPoCoZL7raXC,BOUNDS
2Ee0Thqwr1RAAfUCPiTi1$,0I89kxcfn5aPoCoZL7raXw,BOUNDS
2Ee0Thqwr1RAAfUCPiTi1$,0I89kxcfn5aPoCoZL7raXC,BOUNDS
2Ee0Thqwr1RAAfUCPiTi21,0C9A9EI_X9XPTyUttRuLKj,BOUNDS
2Ee0Thqwr1RAAfUCPiTi21,0C9A9EI_X9XPTyUttRuLKY,BOUNDS
2Ee0Thqwr1RAAfUCPiTi21,0C9A9EI_X9XPTyUttRuLKY,BOUNDS
2Ee0Thqwr1RAAfUCPiTi21,0C9A9EI_X9XPTyUttRuLN7,BOUNDS
2I361NKRD2t89zXC_2uDMG,0C9A9EI_X9XPTyUttRuLKx,BOUNDS
2I361NKRD2t89zXC_2uDMG,0C9A9EI_X9XPTyUttRuLKZ,BOUNDS
2I361NKRD2t89zXC_2uDMG,0C9A9EI_X9XPTyUttRuLN4,BOUNDS
2I361NKRD2t89zXC_2uDMG,0C9A9EI_X9XPTyUttRuLN7,BOUNDS
2Ee0Thqwr1RAAfUCPiTi23,3lPIjeMLjASRxjE6gw6XGQ,BOUNDS
2Ee0Thqwr1RAAfUCPiTi23,06tOzssZ9B4QVX5FaMC$RL,BOUNDS
2Ee0Thqwr1RAAfUCPiTi23,1VYYANqh5Ds9UvQ1tMkfIt,BOUNDS
2I361NKRD2t89zXC_2uDMG,0C9A9EI_X9XPTyUttRuLKZ,BOUNDS
2Ee0Thqwr1RAAfUCPiTi23,3lPIjeMLjASRxjE6gw6XUZ,BOUNDS
2Ee0Thqwr1RAAfUCPiTi23,1ij8remSr2nftPAFs2o7na,BOUNDS
2Ee0Thqwr1RAAfUCPiTi23,1ij8remSr2nftPAFs2o7na,BOUNDS
2Ee0Thqwr1RAAfUCPiTi23,3lPIjeMLjASRxjE6gw6XGP,BOUNDS
2Ee0Thqwr1RAAfUCPiTi1$,060B0Bfjv7MQEXwwmCVVgx,BOUNDS
2Ee0Thqwr1RAAfUCPiTi1$,060B0Bfjv7MQEXwwmCVVgx,BOUNDS
2Ee0Thqwr1RAAfUCPiTi1$,060B0Bfjv7MQEXwwmCVVgx,BOUNDS
2Ee0Thqwr1RAAfUCPiTi1$,060B0Bfjv7MQEXwwmCVVew,BOUNDS
0smCEVIGnCPgXNgUODHiyK,0I89kxcfn5aPoCoZL7rael,BOUNDS
0smCEVIGnCPgXNgUODHiyK,0C9A9EI_X9XPTyUttRuLf5,BOUNDS
0smCEVIGnCPgXNgUODHiyK,0I89kxcfn5aPoCoZL7raej,BOUNDS
0smCEVIGnCPgXNgUODHiyK,0X1wHV4nrA8uiSsPPxtUh4,BOUNDS
0smCEVIGnCPgXNgUODHiyK,0I89kxcfn5aPoCoZL7raeX,BOUNDS
0smCEVIGnCPgXNgUODHiyK,0I89kxcfn5aPoCoZL7raeX,BOUNDS
0smCEVIGnCPgXNgUODHiyK,0I89kxcfn5aPoCoZL7raeX,BOUNDS
0smCEVIGnCPgXNgUODHiyK,0I89kxcfn5aPoCoZL7raeX,BOUNDS
0smCEVIGnCPgXNgUODHiyK,07pQnIypnCceWiTzvo9UcX,BOUNDS
0smCEVIGnCPgXNgUODHiyK,07pQnIypnCceWiTzvo9Ucl,BOUNDS
0smCEVIGnCPgXNgUODHiyK,07pQnIypnCceWiTzvo9Uce,BOUNDS
0smCEVIGnCPgXNgUODHiyK,07pQnIypnCceWiTzvo9Ucs,BOUNDS
0smCEVIGnCPgXNgUODHiyK,07pQnIypnCceWiTzvo9Uct,BOUNDS
0smCEVIGnCPgXNgUODHiyK,07pQnIypnCceWiTzvo9Uc_,BOUNDS
0smCEVIGnCPgXNgUODHiyK,07pQnIypnCceWiTzvo9Uc$,BOUNDS
0smCEVIGnCPgXNgUODHiyK,07pQnIypnCceWiTzvo9UeY,BOUNDS
0smCEVIGnCPgXNgUODHiyK,0s8ykGtmvFURUfp3D26b4M,BOUNDS
0smCEVIGnCPgXNgUODHiyK,07pQnIypnCceWiTzvo9Uft,BOUNDS
0smCEVIGnCPgXNgUODHiuc,0bcw6hwr1EsgLnukViOu1j,BOUNDS
0smCEVIGnCPgXNgUODHiyK,1VYYANqh5Ds9UvQ1tMkfD7,BOUNDS
2Ee0Thqwr1RAAfUCPiTi1z,3lPIjeMLjASRxjE6gw6XVI,BOUNDS
2Ee0Thqwr1RAAfUCPiTi1z,0C9A9EI_X9XPTyUttRuLKu,BOUNDS
2Ee0Thqwr1RAAfUCPiTi1z,0C9A9EI_X9XPTyUttRuLKu,BOUNDS
2Ee0Thqwr1RAAfUCPiTi1z,3lPIjeMLjASRxjE6gw6XVA,BOUNDS
2Ee0Thqwr1RAAfUCPiTi1x,0C9A9EI_X9XPTyUttRuLK_,BOUNDS
2Ee0Thqwr1RAAfUCPiTi1x,06tOzssZ9B4QVX5FaMC$RL,BOUNDS
2Ee0Thqwr1RAAfUCPiTi1x,060B0Bfjv7MQEXwwmCVVgx,BOUNDS
2Ee0Thqwr1RAAfUCPiTi1z,3lPIjeMLjASRxjE6gw6XVG,BOUNDS
2Ee0Thqwr1RAAfUCPiTi1v,06tOzssZ9B4QVX5FaMC$RL,BOUNDS
2Ee0Thqwr1RAAfUCPiTi1v,1VYYANqh5Ds9UvQ1tMkfIt,BOUNDS
2Ee0Thqwr1RAAfUCPiTi1x,060B0Bfjv7MQEXwwmCVVgx,BOUNDS
2Ee0Thqwr1RAAfUCPiTi1x,0C9A9EI_X9XPTyUttRuLK$,BOUNDS
2Ee0Thqwr1RAAfUCPiTi1v,0C9A9EI_X9XPTyUttRuLKp,BOUNDS
2Ee0Thqwr1RAAfUCPiTi1v,3lPIjeMLjASRxjE6gw6XVn,BOUNDS
2Ee0Thqwr1RAAfUCPiTi1v,3lPIjeMLjASRxjE6gw6XVn,BOUNDS
2Ee0Thqwr1RAAfUCPiTi1v,0C9A9EI_X9XPTyUttRuLKp,BOUNDS
2Ee0Thqwr1RAAfUCPiTi1v,0C9A9EI_X9XPTyUttRuLKz,BOUNDS
2Ee0Thqwr1RAAfUCPiTi1v,0C9A9EI_X9XPTyUttRuLKy,BOUNDS
2Ee0Thqwr1RAAfUCPiTi1v,0C9A9EI_X9XPTyUttRuLKd,BOUNDS
2Ee0Thqwr1RAAfUCPiTi1v,0C9A9EI_X9XPTyUttRuLK$,BOUNDS
2Ee0Thqwr1RAAfUCPiTi1v,06tOzssZ9B4QVX5FaMC$RL,BOUNDS
2Ee0Thqwr1RAAfUCPiTi1v,0C9A9EI_X9XPTyUttRuLK_,BOUNDS
1UUpD83t592OKGffEwK02F,060B0Bfjv7MQEXwwmCVVew,BOUNDS
1UUpD83t592OKGffEwK02F,1VYYANqh5Ds9UvQ1tMkfD7,BOUNDS
1UUpD83t592OKGffEwK02F,0C9A9EI_X9XPTyUttRuLKh,BOUNDS
1UUpD83t592OKGffEwK02F,0C9A9EI_X9XPTyUttRuLKh,BOUNDS
1UUpD83t592OKGffEwK02F,0C9A9EI_X9XPTyUttRuLKf,BOUNDS
1UUpD83t592OKGffEwK02F,0C9A9EI_X9XPTyUttRuLKg,BOUNDS
1UUpD83t592OKGffEwK02F,0C9A9EI_X9XPTyUttRuLKe,BOUNDS
1UUpD83t592OKGffEwK02F,0C9A9EI_X9XPTyUttRuLKl,BOUNDS
1UUpD83t592OKGffEwK02F,0C9A9EI_X9XPTyUttRuLKk,BOUNDS
1UUpD83t592OKGffEwK02F,060B0Bfjv7MQEXwwmCVVew,BOUNDS
2Ee0Thqwr1RAAfUCPiTi1$,0C9A9EI_X9XPTyUttRuLf5,BOUNDS
2Ee0Thqwr1RAAfUCPiTi1$,0C9A9EI_X9XPTyUttRuLf5,BOUNDS
2Ee0Thqwr1RAAfUCPiTi1$,0C9A9EI_X9XPTyUttRuLf5,BOUNDS
2Ee0Thqwr1RAAfUCPiTi1$,0C9A9EI_X9XPTyUttRuLf5,BOUNDS
2Ee0Thqwr1RAAfUCPiTi1$,0C9A9EI_X9XPTyUttRuLf5,BOUNDS
2Ee0Thqwr1RAAfUCPiTi1$,0C9A9EI_X9XPTyUttRuLf5,BOUNDS
2Ee0Thqwr1RAAfUCPiTi1$,0C9A9EI_X9XPTyUttRuLf5,BOUNDS
2Ee0Thqwr1RAAfUCPiTi1$,0C9A9EI_X9XPTyUttRuLf5,BOUNDS
2Ee0Thqwr1RAAfUCPiTi1$,0X1wHV4nrA8uiSsPPxtUh4,BOUNDS
2Ee0Thqwr1RAAfUCPiTi1$,0I89kxcfn5aPoCoZL7rael,BOUNDS
2Ee0Thqwr1RAAfUCPiTi1$,0C9A9EI_X9XPTyUttRuLf5,BOUNDS
2Ee0Thqwr1RAAfUCPiTi1$,0C9A9EI_X9XPTyUttRuLf5,BOUNDS
2Ee0Thqwr1RAAfUCPiTi1z,060B0Bfjv7MQEXwwmCVVgx,BOUNDS
2Ee0Thqwr1RAAfUCPiTi1z,1VYYANqh5Ds9UvQ1tMkfIt,BOUNDS
2Ee0Thqwr1RAAfUCPiTi1z,0C9A9EI_X9XPTyUttRuLK$,BOUNDS
2Ee0Thqwr1RAAfUCPiTi1z,0C9A9EI_X9XPTyUttRuLK$,BOUNDS
2Ee0Thqwr1RAAfUCPiTi1$,0I89kxcfn5aPoCoZL7raej,BOUNDS
2Ee0Thqwr1RAAfUCPiTi1$,0I89kxcfn5aPoCoZL7raeh,BOUNDS
2Ee0Thqwr1RAAfUCPiTi1$,0I89kxcfn5aPoCoZL7raeh,BOUNDS
2Ee0Thqwr1RAAfUCPiTi1$,0yHhiOk7b8IBVHQCqr$Qx3,BOUNDS
2Ee0Thqwr1RAAfUCPiTi1z,0C9A9EI_X9XPTyUttRuLN1,BOUNDS
2Ee0Thqwr1RAAfUCPiTi1z,0C9A9EI_X9XPTyUttRuLKo,BOUNDS
2Ee0Thqwr1RAAfUCPiTi1z,3lPIjeMLjASRxjE6gw6XUW,BOUNDS
2Ee0Thqwr1RAAfUCPiTi1z,3lPIjeMLjASRxjE6gw6XUX,BOUNDS
2Ee0Thqwr1RAAfUCPiTi1z,0C9A9EI_X9XPTyUttRuLKz,BOUNDS
2Ee0Thqwr1RAAfUCPiTi1z,0C9A9EI_X9XPTyUttRuLKd,BOUNDS
2Ee0Thqwr1RAAfUCPiTi1z,0C9A9EI_X9XPTyUttRuLKy,BOUNDS
2Ee0Thqwr1RAAfUCPiTi1z,0C9A9EI_X9XPTyUttRuLKy,BOUNDS
20HMQI6NzFSgRAoTxPunNz,2H_RI8jSb9_fTdQufbyawF,BOUNDS
20HMQI6NzFSgRAoTxPunNz,3$HMG0vJbDxw6O2Wzb$FKz,BOUNDS
20HMQI6NzFSgRAoTxPunNz,09bUgXLWDEo8jPFR_2DsjK,BOUNDS
20HMQI6NzFSgRAoTxPunNz,09bUgXLWDEo8jPFR_2Dsjh,BOUNDS
2Ee0Thqwr1RAAfUCPiTi1z,0C9A9EI_X9XPTyUttRuLN5,BOUNDS
2Ee0Thqwr1RAAfUCPiTi1z,0C9A9EI_X9XPTyUttRuLKu,BOUNDS
2Ee0Thqwr1RAAfUCPiTi1z,3lPIjeMLjASRxjE6gw6XUr,BOUNDS
2Ee0Thqwr1RAAfUCPiTi1z,3lPIjeMLjASRxjE6gw6XVB,BOUNDS
20HMQI6NzFSgRAoTxPunNz,3$HMG0vJbDxw6O2Wzb$FKr,BOUNDS
20HMQI6NzFSgRAoTxPunNz,2H_RI8jSb9_fTdQufbyavc,BOUNDS
20HMQI6NzFSgRAoTxPunNz,3$HMG0vJbDxw6O2Wzb$FL1,BOUNDS
20HMQI6NzFSgRAoTxPunNz,09bUgXLWDEo8jPFR_2DsjM,BOUNDS
20HMQI6NzFSgRAoTxPunNz,0FOj8ytPH4yhrZKUXPE0wQ,BOUNDS
20HMQI6NzFSgRAoTxPunNz,0FOj8ytPH4yhrZKUXPE0wV,BOUNDS
20HMQI6NzFSgRAoTxPunNz,0FOj8ytPH4yhrZKUXPE0wR,BOUNDS
20HMQI6NzFSgRAoTxPunNz,0FOj8ytPH4yhrZKUXPE0wT,BOUNDS
20HMQI6NzFSgRAoTxPunNz,1EKlTSJ$L9JAy5UDUCbg7C,BOUNDS
20HMQI6NzFSgRAoTxPunNz,09bUgXLWDEo8jPFR_2Dsji,BOUNDS
20HMQI6NzFSgRAoTxPunNz,3E9g1pNln6BxCZLu6RE62K,BOUNDS
20HMQI6NzFSgRAoTxPunNz,04n55fjcH7dhzxSRcFV9eu,BOUNDS
20HMQI6NzFSgRAoTxPunNz,3$HMG0vJbDxw6O2Wzb$FLD,BOUNDS
20HMQI6NzFSgRAoTxPunNz,2H_RI8jSb9_fTdQufbyawF,BOUNDS
20HMQI6NzFSgRAoTxPunNz,09bUgXLWDEo8jPFR_2DsjN,BOUNDS
20HMQI6NzFSgRAoTxPunNz,09bUgXLWDEo8jPFR_2Dsjg,BOUNDS
20HMQI6NzFSgRAoTxPunNz,2jzBBNhz9A2gVReR_XMj4J,BOUNDS
20HMQI6NzFSgRAoTxPunNz,2jzBBNhz9A2gVReR_XMj4C,BOUNDS
20HMQI6NzFSgRAoTxPunNz,00gFGeCuDDpBDi0kTgjcvm,BOUNDS
20HMQI6NzFSgRAoTxPunNz,00gFGeCuDDpBDi0kTgjcvo,BOUNDS
20HMQI6NzFSgRAoTxPunNz,09bUgXLWDEo8jPFR_2Dsjf,BOUNDS
20HMQI6NzFSgRAoTxPunNz,2H_RI8jSb9_fTdQufbyavc,BOUNDS
20HMQI6NzFSgRAoTxPunNz,09bUgXLWDEo8jPFR_2Dsji,BOUNDS
20HMQI6NzFSgRAoTxPunNz,09bUgXLWDEo8jPFR_2Dsjj,BOUNDS
20HMQI6NzFSgRAoTxPunLH,1TgbqwUwn9te3sgF6st6mq,BOUNDS
1UUpD83t592OKGffEwK036,0C9A9EI_X9XPTyUttRuLLv,BOUNDS
1UUpD83t592OKGffEwK036,0C9A9EI_X9XPTyUttRuLLw,BOUNDS
1UUpD83t592OKGffEwK036,0C9A9EI_X9XPTyUttRuLN0,BOUNDS
20HMQI6NzFSgRAoTxPunNz,1EKlTSJ$L9JAy5UDUCbg7h,BOUNDS
20HMQI6NzFSgRAoTxPunNz,18eJjezLr93eTsB1yzF601,BOUNDS
20HMQI6NzFSgRAoTxPunNz,2jzBBNhz9A2gVReR_XMj4D,BOUNDS
20HMQI6NzFSgRAoTxPunNz,2jzBBNhz9A2gVReR_XMj47,BOUNDS
20HMQI6NzFSgRAoTxPunLH,0C9A9EI_X9XPTyUttRuLLo,BOUNDS
20HMQI6NzFSgRAoTxPunLH,0C9A9EI_X9XPTyUttRuLLn,BOUNDS
20HMQI6NzFSgRAoTxPunLH,0C9A9EI_X9XPTyUttRuLLt,BOUNDS
20HMQI6NzFSgRAoTxPunLH,0C9A9EI_X9XPTyUttRuLLm,BOUNDS
1UUpD83t592OKGffEwK036,0C9A9EI_X9XPTyUttRuLN0,BOUNDS
1UUpD83t592OKGffEwK036,060B0Bfjv7MQEXwwmCVVew,BOUNDS
1UUpD83t592OKGffEwK036,060B0Bfjv7MQEXwwmCVVew,BOUNDS
1UUpD83t592OKGffEwK036,1VYYANqh5Ds9UvQ1tMkfIt,BOUNDS
1zHkMZY8H87ghiTNgqSMTX,060B0Bfjv7MQEXwwmCVVew,BOUNDS
1zHkMZY8H87ghiTNgqSMTX,3lPIjeMLjASRxjE6gw6XIx,BOUNDS
1zHkMZY8H87ghiTNgqSMTX,3lPIjeMLjASRxjE6gw6XIv,BOUNDS
1zHkMZY8H87ghiTNgqSMTX,3lPIjeMLjASRxjE6gw6XIu,BOUNDS
1zHkMZY8H87ghiTNgqSMTX,1sQaMmqjv8FA5M37GPCYR6,BOUNDS
1zHkMZY8H87ghiTNgqSMTX,0I89kxcfn5aPoCoZL7racS,BOUNDS
1zHkMZY8H87ghiTNgqSMTX,0I89kxcfn5aPoCoZL7rabx,BOUNDS
1zHkMZY8H87ghiTNgqSMTX,060B0Bfjv7MQEXwwmCVVew,BOUNDS
1zHkMZY8H87ghiTNgqSMTX,3lPIjeMLjASRxjE6gw6XIN,BOUNDS
1zHkMZY8H87ghiTNgqSMTX,3lPIjeMLjASRxjE6gw6XIL,BOUNDS
1zHkMZY8H87ghiTNgqSMTX,3lPIjeMLjASRxjE6gw6XIK,BOUNDS
1zHkMZY8H87ghiTNgqSMTX,060B0Bfjv7MQEXwwmCVVew,BOUNDS
1zHkMZY8H87ghiTNgqSMTX,3lPIjeMLjASRxjE6gw6XGY,BOUNDS
1zHkMZY8H87ghiTNgqSMTX,06tOzssZ9B4QVX5FaMC$RL,BOUNDS
1zHkMZY8H87ghiTNgqSMTX,06tOzssZ9B4QVX5FaMC$RL,BOUNDS
1zHkMZY8H87ghiTNgqSMTX,06tOzssZ9B4QVX5FaMC$RL,BOUNDS
1zHkMZY8H87ghiTNgqSMTX,3lPIjeMLjASRxjE6gw6XG5,BOUNDS
1zHkMZY8H87ghiTNgqSMTX,06tOzssZ9B4QVX5FaMC$RL,BOUNDS
1zHkMZY8H87ghiTNgqSMTX,3lPIjeMLjASRxjE6gw6XGQ,BOUNDS
1zHkMZY8H87ghiTNgqSMTX,3lPIjeMLjASRxjE6gw6XGP,BOUNDS
1zHkMZY8H87ghiTNgqSMTX,06tOzssZ9B4QVX5FaMC$RL,BOUNDS
1zHkMZY8H87ghiTNgqSMTX,06tOzssZ9B4QVX5FaMC$RL,BOUNDS
1zHkMZY8H87ghiTNgqSMTX,3lPIjeMLjASRxjE6gw6XVn,BOUNDS
1zHkMZY8H87ghiTNgqSMTX,3lPIjeMLjASRxjE6gw6XVz,BOUNDS
1zHkMZY8H87ghiTNgqSMTX,0398DzNGjBYO1C$VUhMCaI,BOUNDS
1zHkMZY8H87ghiTNgqSMTX,3lPIjeMLjASRxjE6gw6XVn,BOUNDS
1zHkMZY8H87ghiTNgqSMTX,0398DzNGjBYO1C$VUhMCaJ,BOUNDS
1zHkMZY8H87ghiTNgqSMTX,0398DzNGjBYO1C$VUhMCaH,BOUNDS
1zHkMZY8H87ghiTNgqSMTX,3lPIjeMLjASRxjE6gw6XHD,BOUNDS
1zHkMZY8H87ghiTNgqSMTX,3lPIjeMLjASRxjE6gw6XH1,BOUNDS
1zHkMZY8H87ghiTNgqSMTX,3lPIjeMLjASRxjE6gw6XH2,BOUNDS
1zHkMZY8H87ghiTNgqSMTX,2jzBBNhz9A2gVReR_XMj7W,BOUNDS
1zHkMZY8H87ghiTNgqSMTX,06tOzssZ9B4QVX5FaMC$RL,BOUNDS
1zHkMZY8H87ghiTNgqSMTX,06tOzssZ9B4QVX5FaMC$RL,BOUNDS
1zHkMZY8H87ghiTNgqSMTX,3L2ob2RfPCQRbpIvDuvSRh,BOUNDS
1zHkMZY8H87ghiTNgqSMTX,2jzBBNhz9A2gVReR_XMj7q,BOUNDS
1zHkMZY8H87ghiTNgqSMTX,3lPIjeMLjASRxjE6gw6XGo,BOUNDS
1zHkMZY8H87ghiTNgqSMTX,3lPIjeMLjASRxjE6gw6XGn,BOUNDS
1zHkMZY8H87ghiTNgqSMTX,3lPIjeMLjASRxjE6gw6XGz,BOUNDS
1zHkMZY8H87ghiTNgqSMTX,06tOzssZ9B4QVX5FaMC$RL,BOUNDS
1zHkMZY8H87ghiTNgqSMTX,3lPIjeMLjASRxjE6gw6XGX,BOUNDS
1zHkMZY8H87ghiTNgqSMTX,3lPIjeMLjASRxjE6gw6XGj,BOUNDS
1zHkMZY8H87ghiTNgqSMTX,06tOzssZ9B4QVX5FaMC$RL,BOUNDS
1zHkMZY8H87ghiTNgqSMTX,06tOzssZ9B4QVX5FaMC$RL,BOUNDS
1zHkMZY8H87ghiTNgqSMTX,0398DzNGjBYO1C$VUhMCaT,BOUNDS
1zHkMZY8H87ghiTNgqSMTX,0398DzNGjBYO1C$VUhMCaT,BOUNDS
1zHkMZY8H87ghiTNgqSMTX,3lPIjeMLjASRxjE6gw6XVB,BOUNDS
1zHkMZY8H87ghiTNgqSMTX,3lPIjeMLjASRxjE6gw6XVA,BOUNDS
1zHkMZY8H87ghiTNgqSMTX,3lPIjeMLjASRxjE6gw6XK0,BOUNDS
1zHkMZY8H87ghiTNgqSMTX,3lPIjeMLjASRxjE6gw6XK2,BOUNDS
1zHkMZY8H87ghiTNgqSMTX,3lPIjeMLjASRxjE6gw6XVG,BOUNDS
1zHkMZY8H87ghiTNgqSMTX,3lPIjeMLjASRxjE6gw6XVI,BOUNDS
1zHkMZY8H87ghiTNgqSMTX,08q_zjAafBeRqJw_1EtbpY,BOUNDS
1zHkMZY8H87ghiTNgqSMTX,08q_zjAafBeRqJw_1EtbpY,BOUNDS
1zHkMZY8H87ghiTNgqSMTX,08q_zjAafBeRqJw_1EtbpY,BOUNDS
1zHkMZY8H87ghiTNgqSMTX,08q_zjAafBeRqJw_1EtbpY,BOUNDS
1zHkMZY8H87ghiTNgqSMTX,08q_zjAafBeRqJw_1EtbpW,BOUNDS
1zHkMZY8H87ghiTNgqSMTX,08q_zjAafBeRqJw_1EtbpY,BOUNDS
1zHkMZY8H87ghiTNgqSMTX,08q_zjAafBeRqJw_1EtbpY,BOUNDS
1zHkMZY8H87ghiTNgqSMTX,08q_zjAafBeRqJw_1EtbpY,BOUNDS
1zHkMZY8H87ghiTNgqSMTX,08q_zjAafBeRqJw_1EtbpX,BOUNDS
1zHkMZY8H87ghiTNgqSMTX,08q_zjAafBeRqJw_1EtbpX,BOUNDS
1zHkMZY8H87ghiTNgqSMTX,08q_zjAafBeRqJw_1EtbpW,BOUNDS
1zHkMZY8H87ghiTNgqSMTX,08q_zjAafBeRqJw_1EtbpX,BOUNDS
1wJlgGJFX7nhT8fMxeBIiw,2PjQadwH5Flf4Iu_RyhQCY,BOUNDS
1wJlgGJFX7nhT8fMxeBIiw,2bppvmMXDBN8lU5js4GuwC,BOUNDS
1wJlgGJFX7nhT8fMxeBIiw,1o_SkrXVvCfgLXhr47WeRv,BOUNDS
1wJlgGJFX7nhT8fMxeBIiw,1o_SkrXVvCfgLXhr47WeRn,BOUNDS
1zHkMZY8H87ghiTNgqSMTX,0398DzNGjBYO1C$VUhMCaG,BOUNDS
1zHkMZY8H87ghiTNgqSMTX,0398DzNGjBYO1C$VUhMCaH,BOUNDS
1zHkMZY8H87ghiTNgqSMTX,0398DzNGjBYO1C$VUhMCaH,BOUNDS
1zHkMZY8H87ghiTNgqSMTX,0398DzNGjBYO1C$VUhMCaJ,BOUNDS
3JEm$2YzTCaAGDu0dwmKIk,1o_SkrXVvCfgLXhr47WeRz,BOUNDS
3JEm$2YzTCaAGDu0dwmKIk,1My4hp3bz9s8rGwDqc_jrD,BOUNDS
3JEm$2YzTCaAGDu0dwmKIk,1o_SkrXVvCfgLXhr47WeRn,BOUNDS
3JEm$2YzTCaAGDu0dwmKIk,3CUxCJXNrFtfM$eGhHbEsw,BOUNDS
1wJlgGJFX7nhT8fMxeBIiw,1My4hp3bz9s8rGwDqc_jrC,BOUNDS
1wJlgGJFX7nhT8fMxeBIiw,1o_SkrXVvCfgLXhr47WeRn,BOUNDS
1wJlgGJFX7nhT8fMxeBIiw,1My4hp3bz9s8rGwDqc_jrD,BOUNDS
1zHkMZY8H87ghiTNgqSMTX,3C4heucafBiB2e7fJoxrgk,BOUNDS
3JEm$2YzTCaAGDu0dwmKIi,1o_SkrXVvCfgLXhr47WeRn,BOUNDS
3JEm$2YzTCaAGDu0dwmKIi,1My4hp3bz9s8rGwDqc_jrC,BOUNDS
3JEm$2YzTCaAGDu0dwmKIi,1o_SkrXVvCfgLXhr47WeRz,BOUNDS
3JEm$2YzTCaAGDu0dwmKIi,1o_SkrXVvCfgLXhr47WeRz,BOUNDS
1wJlgGJFX7nhT8fMxeBIiw,2el2Ss8KnBoBAjHFJRzbNX,BOUNDS
1wJlgGJFX7nhT8fMxeBIiw,3CUxCJXNrFtfM$eGhHbEso,BOUNDS
3JEm$2YzTCaAGDu0dwmKIk,04n55fjcH7dhzxSRcFV9eu,BOUNDS
3JEm$2YzTCaAGDu0dwmKIk,04n55fjcH7dhzxSRcFV9eu,BOUNDS
1wJlgGJFX7nhT8fMxeBIiw,296NGk$XH3xQq3a2c0vu_A,BOUNDS
1wJlgGJFX7nhT8fMxeBIiw,2W9eirAAv0Tg7eCheiIowx,BOUNDS
1wJlgGJFX7nhT8fMxeBIiw,2W9eirAAv0Tg7eCheiIowx,BOUNDS
1wJlgGJFX7nhT8fMxeBIiw,2W9eirAAv0Tg7eCheiIowx,BOUNDS
3JEm$2YzTCaAGDu0dwmKIk,3CUxCJXNrFtfM$eGhHbEso,BOUNDS
3JEm$2YzTCaAGDu0dwmKIk,3CUxCJXNrFtfM$eGhHbEsz,BOUNDS
3JEm$2YzTCaAGDu0dwmKIi,1o_SkrXVvCfgLXhr47WeRv,BOUNDS
3JEm$2YzTCaAGDu0dwmKIk,2el2Ss8KnBoBAjHFJRzbNX,BOUNDS
1wJlgGJFX7nhT8fMxeBIiw,3CUxCJXNrFtfM$eGhHbEt4,BOUNDS
1wJlgGJFX7nhT8fMxeBIiw,3CUxCJXNrFtfM$eGhHbEt5,BOUNDS
1wJlgGJFX7nhT8fMxeBIiw,3CUxCJXNrFtfM$eGhHbEt3,BOUNDS
1wJlgGJFX7nhT8fMxeBIiw,3CUxCJXNrFtfM$eGhHbEsu,BOUNDS
1wJlgGJFX7nhT8fMxeBIiw,296NGk$XH3xQq3a2c0vu_a,BOUNDS
1wJlgGJFX7nhT8fMxeBIiw,1o_SkrXVvCfgLXhr47WeQC,BOUNDS
1wJlgGJFX7nhT8fMxeBIiw,296NGk$XH3xQq3a2c0vuzl,BOUNDS
1wJlgGJFX7nhT8fMxeBIiw,1o_SkrXVvCfgLXhr47WeQC,BOUNDS
1zHkMZY8H87ghiTNgqSMTX,060B0Bfjv7MQEXwwmCVVew,BOUNDS
1zHkMZY8H87ghiTNgqSMTX,3lPIjeMLjASRxjE6gw6XIA,BOUNDS
1zHkMZY8H87ghiTNgqSMTX,3lPIjeMLjASRxjE6gw6XIB,BOUNDS
1zHkMZY8H87ghiTNgqSMTX,3lPIjeMLjASRxjE6gw6XHr,BOUNDS
1wJlgGJFX7nhT8fMxeBIiw,3CUxCJXNrFtfM$eGhHbEt2,BOUNDS
1wJlgGJFX7nhT8fMxeBIiw,3CUxCJXNrFtfM$eGhHbEsx,BOUNDS
1wJlgGJFX7nhT8fMxeBIiw,2W9eirAAv0Tg7eCheiIowx,BOUNDS
1wJlgGJFX7nhT8fMxeBIiw,2W9eirAAv0Tg7eCheiIowx,BOUNDS
1zHkMZY8H87ghiTNgqSMTX,23KOJOC8r34gdJLN2sXEKj,BOUNDS
1zHkMZY8H87ghiTNgqSMTX,1JGhw2zk51zAYaF_QLitwW,BOUNDS
1zHkMZY8H87ghiTNgqSMTX,3lPIjeMLjASRxjE6gw6XHN,BOUNDS
1zHkMZY8H87ghiTNgqSMTX,3lPIjeMLjASRxjE6gw6XHJ,BOUNDS
1zHkMZY8H87ghiTNgqSMTX,3lPIjeMLjASRxjE6gw6XI9,BOUNDS
1zHkMZY8H87ghiTNgqSMTX,3lPIjeMLjASRxjE6gw6XI9,BOUNDS
1zHkMZY8H87ghiTNgqSMTX,3e8Mms5uzBV9xYl2IBs1iH,BOUNDS
1zHkMZY8H87ghiTNgqSMTX,3lPIjeMLjASRxjE6gw6XI9,BOUNDS
1zHkMZY8H87ghiTNgqSMTX,3lPIjeMLjASRxjE6gw6XJj,BOUNDS
1zHkMZY8H87ghiTNgqSMTX,3lPIjeMLjASRxjE6gw6XJl,BOUNDS
1zHkMZY8H87ghiTNgqSMTX,060B0Bfjv7MQEXwwmCVVew,BOUNDS
1zHkMZY8H87ghiTNgqSMTX,060B0Bfjv7MQEXwwmCVVew,BOUNDS
1zHkMZY8H87ghiTNgqSMTX,23KOJOC8r34gdJLN2sXEKj,BOUNDS
1zHkMZY8H87ghiTNgqSMTX,3lPIjeMLjASRxjE6gw6XHG,BOUNDS
1zHkMZY8H87ghiTNgqSMTX,06tOzssZ9B4QVX5FaMC$RL,BOUNDS
1zHkMZY8H87ghiTNgqSMTX,06tOzssZ9B4QVX5FaMC$RL,BOUNDS
1zHkMZY8H87ghiTNgqSMTl,3nplCZLCnAU8TTzzZYI8DN,BOUNDS
1zHkMZY8H87ghiTNgqSMTl,3nplCZLCnAU8TTzzZYI8DN,BOUNDS
1zHkMZY8H87ghiTNgqSMTl,3nplCZLCnAU8TTzzZYI8Fj,BOUNDS
1zHkMZY8H87ghiTNgqSMTl,2jzBBNhz9A2gVReR_XMj7d,BOUNDS
1zHkMZY8H87ghiTNgqSMTX,3lPIjeMLjASRxjE6gw6XTU,BOUNDS
1zHkMZY8H87ghiTNgqSMTX,3lPIjeMLjASRxjE6gw6XTR,BOUNDS
1zHkMZY8H87ghiTNgqSMTX,3lPIjeMLjASRxjE6gw6XTO,BOUNDS
1zHkMZY8H87ghiTNgqSMTX,3lPIjeMLjASRxjE6gw6XTQ,BOUNDS
1zHkMZY8H87ghiTNgqSMTl,04n55fjcH7dhzxSRcFV9eu,BOUNDS
1zHkMZY8H87ghiTNgqSMTl,1EKlTSJ$L9JAy5UDUCbg6w,BOUNDS
1zHkMZY8H87ghiTNgqSMTl,18eJjezLr93eTsB1yzF61M,BOUNDS
1zHkMZY8H87ghiTNgqSMTl,1EKlTSJ$L9JAy5UDUCbg6x,BOUNDS
1zHkMZY8H87ghiTNgqSMTl,2jzBBNhz9A2gVReR_XMj7c,BOUNDS
1zHkMZY8H87ghiTNgqSMTl,2jzBBNhz9A2gVReR_XMj7f,BOUNDS
1zHkMZY8H87ghiTNgqSMTl,1EKlTSJ$L9JAy5UDUCbg4U,BOUNDS
1zHkMZY8H87ghiTNgqSMTl,04n55fjcH7dhzxSRcFV9eu,BOUNDS
1zHkMZY8H87ghiTNgqSMTX,3XbG0EpaD3QPZhUZSkL4e0,BOUNDS
1zHkMZY8H87ghiTNgqSMTX,3XbG0EpaD3QPZhUZSkL4l7,BOUNDS
1zHkMZY8H87ghiTNgqSMTX,3XbG0EpaD3QPZhUZSkL4e1,BOUNDS
1zHkMZY8H87ghiTNgqSMTX,3XbG0EpaD3QPZhUZSkL4e2,BOUNDS
1zHkMZY8H87ghiTNgqSMTc,3lPIjeMLjASRxjE6gw6XTo,BOUNDS
1zHkMZY8H87ghiTNgqSMTc,08q_zjAafBeRqJw_1EtbpY,BOUNDS
1zHkMZY8H87ghiTNgqSMTc,08q_zjAafBeRqJw_1EtbpW,BOUNDS
1zHkMZY8H87ghiTNgqSMTc,08q_zjAafBeRqJw_1EtbpX,BOUNDS
1zHkMZY8H87ghiTNgqSMTX,3lPIjeMLjASRxjE6gw6XTj,BOUNDS
1zHkMZY8H87ghiTNgqSMTX,3lPIjeMLjASRxjE6gw6XTW,BOUNDS
1zHkMZY8H87ghiTNgqSMTX,3lPIjeMLjASRxjE6gw6XTi,BOUNDS
1zHkMZY8H87ghiTNgqSMTX,3lPIjeMLjASRxjE6gw6XTY,BOUNDS
1zHkMZY8H87ghiTNgqSMTc,3lPIjeMLjASRxjE6gw6XTm,BOUNDS
1zHkMZY8H87ghiTNgqSMTc,08q_zjAafBeRqJw_1EtbpY,BOUNDS
1zHkMZY8H87ghiTNgqSMTc,3C4heucafBiB2e7fJoxrgk,BOUNDS
1zHkMZY8H87ghiTNgqSMTc,3lPIjeMLjASRxjE6gw6XTz,BOUNDS
1zHkMZY8H87ghiTNgqSMTj,3C4heucafBiB2e7fJoxrgk,BOUNDS
1zHkMZY8H87ghiTNgqSMTj,08q_zjAafBeRqJw_1Etbp_,BOUNDS
1zHkMZY8H87ghiTNgqSMTj,08q_zjAafBeRqJw_1Etbp_,BOUNDS
1zHkMZY8H87ghiTNgqSMTj,08q_zjAafBeRqJw_1EtbpX,BOUNDS
2Ee0Thqwr1RAAfUCPiTi23,0C9A9EI_X9XPTyUttRuLKp,BOUNDS
2Ee0Thqwr1RAAfUCPiTi23,0C9A9EI_X9XPTyUttRuLKy,BOUNDS
2Ee0Thqwr1RAAfUCPiTi23,0C9A9EI_X9XPTyUttRuLKo,BOUNDS
2Ee0Thqwr1RAAfUCPiTi23,0C9A9EI_X9XPTyUttRuLN1,BOUNDS
1zHkMZY8H87ghiTNgqSMTc,08q_zjAafBeRqJw_1EtbpZ,BOUNDS
1zHkMZY8H87ghiTNgqSMTc,08q_zjAafBeRqJw_1EtbpX,BOUNDS
1zHkMZY8H87ghiTNgqSMTc,3lPIjeMLjASRxjE6gw6XUR,BOUNDS
1zHkMZY8H87ghiTNgqSMTc,3lPIjeMLjASRxjE6gw6XU7,BOUNDS
1zHkMZY8H87ghiTNgqSMTj,08q_zjAafBeRqJw_1EtbpZ,BOUNDS
1zHkMZY8H87ghiTNgqSMTj,08q_zjAafBeRqJw_1EtbpY,BOUNDS
1zHkMZY8H87ghiTNgqSMTl,1TgbqwUwn9te3sgF6st6qI,BOUNDS
1zHkMZY8H87ghiTNgqSMTl,1guDAeN0H0zPlf9ZUQ7YE5,BOUNDS
2Ee0Thqwr1RAAfUCPiTi21,0C9A9EI_X9XPTyUttRuLN0,BOUNDS
2Ee0Thqwr1RAAfUCPiTi21,0C9A9EI_X9XPTyUttRuLN6,BOUNDS
2Ee0Thqwr1RAAfUCPiTi21,0C9A9EI_X9XPTyUttRuLLw,BOUNDS
2Ee0Thqwr1RAAfUCPiTi21,0C9A9EI_X9XPTyUttRuLLv,BOUNDS
2I361NKRD2t89zXC_2uDMG,0C9A9EI_X9XPTyUttRuLKi,BOUNDS
2I361NKRD2t89zXC_2uDMG,0C9A9EI_X9XPTyUttRuLN7,BOUNDS
2I361NKRD2t89zXC_2uDMG,0C9A9EI_X9XPTyUttRuLN1,BOUNDS
2I361NKRD2t89zXC_2uDMG,0C9A9EI_X9XPTyUttRuLN1,BOUNDS
2Ee0Thqwr1RAAfUCPiTi23,3lPIjeMLjASRxjE6gw6XVz,BOUNDS
2Ee0Thqwr1RAAfUCPiTi23,06tOzssZ9B4QVX5FaMC$RL,BOUNDS
2Ee0Thqwr1RAAfUCPiTi23,3lPIjeMLjASRxjE6gw6XVn,BOUNDS
2Ee0Thqwr1RAAfUCPiTi23,3lPIjeMLjASRxjE6gw6XVn,BOUNDS
2Ee0Thqwr1RAAfUCPiTi21,060B0Bfjv7MQEXwwmCVVew,BOUNDS
2Ee0Thqwr1RAAfUCPiTi21,0C9A9EI_X9XPTyUttRuLLw,BOUNDS
2Ee0Thqwr1RAAfUCPiTi21,1VYYANqh5Ds9UvQ1tMkfIt,BOUNDS
2Ee0Thqwr1RAAfUCPiTi21,060B0Bfjv7MQEXwwmCVVew,BOUNDS
1zHkMZY8H87ghiTNgqSMTX,060B0Bfjv7MQEXwwmCVVew,BOUNDS
1zHkMZY8H87ghiTNgqSMTX,060B0Bfjv7MQEXwwmCVVew,BOUNDS
1zHkMZY8H87ghiTNgqSMTX,060B0Bfjv7MQEXwwmCVVew,BOUNDS
1zHkMZY8H87ghiTNgqSMTX,3lPIjeMLjASRxjE6gw6XJi,BOUNDS
1zHkMZY8H87ghiTNgqSMTX,3lPIjeMLjASRxjE6gw6XHc,BOUNDS
1zHkMZY8H87ghiTNgqSMTX,3lPIjeMLjASRxjE6gw6XHa,BOUNDS
1zHkMZY8H87ghiTNgqSMTX,3lPIjeMLjASRxjE6gw6XHd,BOUNDS
1zHkMZY8H87ghiTNgqSMTX,3lPIjeMLjASRxjE6gw6XHw,BOUNDS
1zHkMZY8H87ghiTNgqSMTX,3lPIjeMLjASRxjE6gw6XJo,BOUNDS
1zHkMZY8H87ghiTNgqSMTX,3lPIjeMLjASRxjE6gw6XJm,BOUNDS
1zHkMZY8H87ghiTNgqSMTX,3lPIjeMLjASRxjE6gw6XJp,BOUNDS
1zHkMZY8H87ghiTNgqSMTX,3lPIjeMLjASRxjE6gw6XJs,BOUNDS
1zHkMZY8H87ghiTNgqSMTX,08q_zjAafBeRqJw_1EtbpX,BOUNDS
1zHkMZY8H87ghiTNgqSMTX,08q_zjAafBeRqJw_1Etbp_,BOUNDS
1zHkMZY8H87ghiTNgqSMTX,3lPIjeMLjASRxjE6gw6XK3,BOUNDS
1zHkMZY8H87ghiTNgqSMTX,3lPIjeMLjASRxjE6gw6XK6,BOUNDS
1zHkMZY8H87ghiTNgqSMTX,0398DzNGjBYO1C$VUhMCa3,BOUNDS
1zHkMZY8H87ghiTNgqSMTX,0398DzNGjBYO1C$VUhMCa0,BOUNDS
1zHkMZY8H87ghiTNgqSMTX,0398DzNGjBYO1C$VUhMCad,BOUNDS
1zHkMZY8H87ghiTNgqSMTX,0398DzNGjBYO1C$VUhMCab,BOUNDS
1zHkMZY8H87ghiTNgqSMTX,0398DzNGjBYO1C$VUhMCZX,BOUNDS
1zHkMZY8H87ghiTNgqSMTX,0398DzNGjBYO1C$VUhMCZY,BOUNDS
1zHkMZY8H87ghiTNgqSMTX,060B0Bfjv7MQEXwwmCVVew,BOUNDS
1zHkMZY8H87ghiTNgqSMTX,060B0Bfjv7MQEXwwmCVVew,BOUNDS
1zHkMZY8H87ghiTNgqSMTX,3lPIjeMLjASRxjE6gw6XKx,BOUNDS
1zHkMZY8H87ghiTNgqSMTX,3lPIjeMLjASRxjE6gw6XKw,BOUNDS
1zHkMZY8H87ghiTNgqSMTX,060B0Bfjv7MQEXwwmCVVew,BOUNDS
1zHkMZY8H87ghiTNgqSMTX,3lPIjeMLjASRxjE6gw6XKb,BOUNDS
1zHkMZY8H87ghiTNgqSMTX,3lPIjeMLjASRxjE6gw6XKJ,BOUNDS
1zHkMZY8H87ghiTNgqSMTX,060B0Bfjv7MQEXwwmCVVew,BOUNDS
1zHkMZY8H87ghiTNgqSMTX,3lPIjeMLjASRxjE6gw6XKI,BOUNDS
1zHkMZY8H87ghiTNgqSMTX,3lPIjeMLjASRxjE6gw6XKG,BOUNDS
1zHkMZY8H87ghiTNgqSMTl,1bKDksX1DBeBEUOB8Ab1ep,BOUNDS
1zHkMZY8H87ghiTNgqSMTl,1bKDksX1DBeBEUOB8Ab1en,BOUNDS
1zHkMZY8H87ghiTNgqSMTl,1guDAeN0H0zPlf9ZUQ7YEL,BOUNDS
1zHkMZY8H87ghiTNgqSMTl,1guDAeN0H0zPlf9ZUQ7YE5,BOUNDS
1zHkMZY8H87ghiTNgqSMTX,3lPIjeMLjASRxjE6gw6XUW,BOUNDS
1zHkMZY8H87ghiTNgqSMTX,0398DzNGjBYO1C$VUhMCaO,BOUNDS
1zHkMZY8H87ghiTNgqSMTX,0398DzNGjBYO1C$VUhMCaT,BOUNDS
1zHkMZY8H87ghiTNgqSMTX,3lPIjeMLjASRxjE6gw6XUr,BOUNDS
1zHkMZY8H87ghiTNgqSMTX,3lPIjeMLjASRxjE6gw6XUZ,BOUNDS
1zHkMZY8H87ghiTNgqSMTX,0398DzNGjBYO1C$VUhMCaa,BOUNDS
1zHkMZY8H87ghiTNgqSMTX,0398DzNGjBYO1C$VUhMCaa,BOUNDS
1zHkMZY8H87ghiTNgqSMTX,3lPIjeMLjASRxjE6gw6XUX,BOUNDS
1zHkMZY8H87ghiTNgqSMTX,0398DzNGjBYO1C$VUhMCa3,BOUNDS
1zHkMZY8H87ghiTNgqSMTX,0398DzNGjBYO1C$VUhMCac,BOUNDS
1zHkMZY8H87ghiTNgqSMTX,0398DzNGjBYO1C$VUhMCa1,BOUNDS
1zHkMZY8H87ghiTNgqSMTX,0398DzNGjBYO1C$VUhMCaa,BOUNDS
1zHkMZY8H87ghiTNgqSMTl,0OwFWIO9n2oe5IiSbaNoaE,BOUNDS
1zHkMZY8H87ghiTNgqSMTl,0OwFWIO9n2oe5IiSbaNoaE,BOUNDS
1zHkMZY8H87ghiTNgqSMTl,04n55fjcH7dhzxSRcFV9eu,BOUNDS
1zHkMZY8H87ghiTNgqSMTl,04n55fjcH7dhzxSRcFV9eu,BOUNDS
1zHkMZY8H87ghiTNgqSMTl,1guDAeN0H0zPlf9ZUQ7YEK,BOUNDS
1zHkMZY8H87ghiTNgqSMTl,1guDAeN0H0zPlf9ZUQ7YE5,BOUNDS
1zHkMZY8H87ghiTNgqSMTl,1bKDksX1DBeBEUOB8Ab1eo,BOUNDS
1zHkMZY8H87ghiTNgqSMTl,1guDAeN0H0zPlf9ZUQ7YE5,BOUNDS
1zHkMZY8H87ghiTNgqSMTl,3CUxCJXNrFtfM$eGhHbEso,BOUNDS
1zHkMZY8H87ghiTNgqSMTl,3CUxCJXNrFtfM$eGhHbEso,BOUNDS
1zHkMZY8H87ghiTNgqSMTl,1bKDksX1DBeBEUOB8Ab1e3,BOUNDS
1zHkMZY8H87ghiTNgqSMTl,1bKDksX1DBeBEUOB8Ab1eD,BOUNDS
1zHkMZY8H87ghiTNgqSMTl,1bKDksX1DBeBEUOB8Ab1ea,BOUNDS
1zHkMZY8H87ghiTNgqSMTl,1bKDksX1DBeBEUOB8Ab1fR,BOUNDS
1zHkMZY8H87ghiTNgqSMTl,1guDAeN0H0zPlf9ZUQ7YEM,BOUNDS
1zHkMZY8H87ghiTNgqSMTl,1bKDksX1DBeBEUOB8Ab1fQ,BOUNDS
1zHkMZY8H87ghiTNgqSMTl,18eJjezLr93eTsB1yzF7f4,BOUNDS
1zHkMZY8H87ghiTNgqSMTl,1TMmHiRcP0Zee6Er_nYG$I,BOUNDS
1zHkMZY8H87ghiTNgqSMTl,1TMmHiRcP0Zee6Er_nYG_4,BOUNDS
1zHkMZY8H87ghiTNgqSMTl,1TMmHiRcP0Zee6Er_nYG$U,BOUNDS
1zHkMZY8H87ghiTNgqSMTl,18eJjezLr93eTsB1yzF641,BOUNDS
1zHkMZY8H87ghiTNgqSMTl,00gFGeCuDDpBDi0kTgjcww,BOUNDS
1zHkMZY8H87ghiTNgqSMTl,00gFGeCuDDpBDi0kTgjcwy,BOUNDS
1zHkMZY8H87ghiTNgqSMTl,00gFGeCuDDpBDi0kTgjcwv,BOUNDS
1zHkMZY8H87ghiTNgqSMTl,18eJjezLr93eTsB1yzF67n,BOUNDS
1zHkMZY8H87ghiTNgqSMTl,00gFGeCuDDpBDi0kTgjcvA,BOUNDS
1zHkMZY8H87ghiTNgqSMTl,00gFGeCuDDpBDi0kTgjcvC,BOUNDS
1zHkMZY8H87ghiTNgqSMTl,00gFGeCuDDpBDi0kTgjcv9,BOUNDS
1zHkMZY8H87ghiTNgqSMTl,00gFGeCuDDpBDi0kTgjcvW,BOUNDS
1zHkMZY8H87ghiTNgqSMTl,18eJjezLr93eTsB1yzF67R,BOUNDS
1zHkMZY8H87ghiTNgqSMTl,00gFGeCuDDpBDi0kTgjcvV,BOUNDS
1zHkMZY8H87ghiTNgqSMTl,00gFGeCuDDpBDi0kTgjcvY,BOUNDS
1zHkMZY8H87ghiTNgqSMTn,10xymLOUbEJQViGYNPNlSA,BOUNDS
1zHkMZY8H87ghiTNgqSMTn,10xymLOUbEJQViGYNPNlS5,BOUNDS
1zHkMZY8H87ghiTNgqSMTn,10xymLOUbEJQViGYNPNlSF,BOUNDS
1zHkMZY8H87ghiTNgqSMTn,10xymLOUbEJQViGYNPNlSE,BOUNDS
1zHkMZY8H87ghiTNgqSMTn,10xymLOUbEJQViGYNPNlSa,BOUNDS
1zHkMZY8H87ghiTNgqSMTn,1_WIDbMXf5_P7QWlk1nZLi,BOUNDS
1zHkMZY8H87ghiTNgqSMTn,10xymLOUbEJQViGYNPNlS0,BOUNDS
1zHkMZY8H87ghiTNgqSMTn,10xymLOUbEJQViGYNPNlS3,BOUNDS
1zHkMZY8H87ghiTNgqSMTn,10xymLOUbEJQViGYNPNl2G,BOUNDS
1zHkMZY8H87ghiTNgqSMTn,1_WIDbMXf5_P7QWlk1nZCR,BOUNDS
1zHkMZY8H87ghiTNgqSMTn,10xymLOUbEJQViGYNPNl2T,BOUNDS
1zHkMZY8H87ghiTNgqSMTn,1_WIDbMXf5_P7QWlk1nZKZ,BOUNDS
1zHkMZY8H87ghiTNgqSMTn,1_WIDbMXf5_P7QWlk1nZFB,BOUNDS
1zHkMZY8H87ghiTNgqSMTn,10xymLOUbEJQViGYNPNl3r,BOUNDS
1zHkMZY8H87ghiTNgqSMTn,3C4heucafBiB2e7fJoxrg3,BOUNDS
1zHkMZY8H87ghiTNgqSMTn,0s8ykGtmvFURUfp3D26b4M,BOUNDS
1zHkMZY8H87ghiTNgqSMTn,2yMGZYWe52bPtRRTVgueun,BOUNDS
1zHkMZY8H87ghiTNgqSMTn,2yMGZYWe52bPtRRTVgueun,BOUNDS
1zHkMZY8H87ghiTNgqSMTn,2yMGZYWe52bPtRRTVgueun,BOUNDS
1zHkMZY8H87ghiTNgqSMTn,2yMGZYWe52bPtRRTVgueun,BOUNDS
1zHkMZY8H87ghiTNgqSMTn,2yMGZYWe52bPtRRTVgueun,BOUNDS
1zHkMZY8H87ghiTNgqSMTn,2yMGZYWe52bPtRRTVgueun,BOUNDS
1zHkMZY8H87ghiTNgqSMTn,2yMGZYWe52bPtRRTVgueun,BOUNDS
1zHkMZY8H87ghiTNgqSMTn,2yMGZYWe52bPtRRTVgueun,BOUNDS
1zHkMZY8H87ghiTNgqSMTn,0I89kxcfn5aPoCoZL7rdHh,BOUNDS
1zHkMZY8H87ghiTNgqSMTn,0I89kxcfn5aPoCoZL7rdHe,BOUNDS
1zHkMZY8H87ghiTNgqSMTn,2yMGZYWe52bPtRRTVgueun,BOUNDS
1zHkMZY8H87ghiTNgqSMTn,0I89kxcfn5aPoCoZL7rdHh,BOUNDS
1zHkMZY8H87ghiTNgqSMTn,1_WIDbMXf5_P7QWlk1nZ9e,BOUNDS
1zHkMZY8H87ghiTNgqSMTn,2XY1wUiaX8QxNhd4kZxhz0,BOUNDS
1zHkMZY8H87ghiTNgqSMTn,1_WIDbMXf5_P7QWlk1nZNf,BOUNDS
1zHkMZY8H87ghiTNgqSMTn,2XY1wUiaX8QxNhd4kZxhz4,BOUNDS
1zHkMZY8H87ghiTNgqSMTl,00gFGeCuDDpBDi0kTgjcvo,BOUNDS
1zHkMZY8H87ghiTNgqSMTl,00gFGeCuDDpBDi0kTgjcvl,BOUNDS
1zHkMZY8H87ghiTNgqSMTl,18eJjezLr93eTsB1yzF67B,BOUNDS
1zHkMZY8H87ghiTNgqSMTl,00gFGeCuDDpBDi0kTgjcvm,BOUNDS
1zHkMZY8H87ghiTNgqSMTl,00gFGeCuDDpBDi0kTgjcuC,BOUNDS
1zHkMZY8H87ghiTNgqSMTl,00gFGeCuDDpBDi0kTgjcu9,BOUNDS
1zHkMZY8H87ghiTNgqSMTl,18eJjezLr93eTsB1yzF66n,BOUNDS
1zHkMZY8H87ghiTNgqSMTl,00gFGeCuDDpBDi0kTgjcuA,BOUNDS
1zHkMZY8H87ghiTNgqSMTl,00gFGeCuDDpBDi0kTgjcuW,BOUNDS
1zHkMZY8H87ghiTNgqSMTl,00gFGeCuDDpBDi0kTgjcuT,BOUNDS
1zHkMZY8H87ghiTNgqSMTl,18eJjezLr93eTsB1yzF66b,BOUNDS
1zHkMZY8H87ghiTNgqSMTl,00gFGeCuDDpBDi0kTgjcuU,BOUNDS
1zHkMZY8H87ghiTNgqSMTn,2yMGZYWe52bPtRRTVgueun,BOUNDS
1zHkMZY8H87ghiTNgqSMTn,2yMGZYWe52bPtRRTVgueun,BOUNDS
1zHkMZY8H87ghiTNgqSMTn,2yMGZYWe52bPtRRTVgueun,BOUNDS
1zHkMZY8H87ghiTNgqSMTn,2yMGZYWe52bPtRRTVgueun,BOUNDS
1zHkMZY8H87ghiTNgqSMTl,1JGhw2zk51zAYaF_QLitr9,BOUNDS
1zHkMZY8H87ghiTNgqSMTl,18eJjezLr93eTsB1yzF61o,BOUNDS
1zHkMZY8H87ghiTNgqSMTl,00gFGeCuDDpBDi0kTgjc$7,BOUNDS
1zHkMZY8H87ghiTNgqSMTl,00gFGeCuDDpBDi0kTgjc$9,BOUNDS
1zHkMZY8H87ghiTNgqSMTl,1EKlTSJ$L9JAy5UDUCbg5z,BOUNDS
1zHkMZY8H87ghiTNgqSMTl,1EKlTSJ$L9JAy5UDUCbg5$,BOUNDS
1zHkMZY8H87ghiTNgqSMTl,1EKlTSJ$L9JAy5UDUCbg5w,BOUNDS
1zHkMZY8H87ghiTNgqSMTl,06tOzssZ9B4QVX5FaMC$RL,BOUNDS
1zHkMZY8H87ghiTNgqSMTl,04n55fjcH7dhzxSRcFV9eu,BOUNDS
1zHkMZY8H87ghiTNgqSMTl,35ZMaE2hL45QaxEnc01C1z,BOUNDS
1zHkMZY8H87ghiTNgqSMTl,18eJjezLr93eTsB1yzF633,BOUNDS
1zHkMZY8H87ghiTNgqSMTl,1EKlTSJ$L9JAy5UDUCbg4c,BOUNDS
1zHkMZY8H87ghiTNgqSMTl,1EKlTSJ$L9JAy5UDUCbg5C,BOUNDS
1zHkMZY8H87ghiTNgqSMTl,1EKlTSJ$L9JAy5UDUCbg5B,BOUNDS
1zHkMZY8H87ghiTNgqSMTl,2jzBBNhz9A2gVReR_XMj7b,BOUNDS
1zHkMZY8H87ghiTNgqSMTl,0KwnPp9xH0twwJsxazd97Y,BOUNDS
1zHkMZY8H87ghiTNgqSMTl,1EKlTSJ$L9JAy5UDUCbgwC,BOUNDS
1zHkMZY8H87ghiTNgqSMTl,06tOzssZ9B4QVX5FaMC$RL,BOUNDS
1zHkMZY8H87ghiTNgqSMTl,1EKlTSJ$L9JAy5UDUCbgwF,BOUNDS
1zHkMZY8H87ghiTNgqSMTl,1EKlTSJ$L9JAy5UDUCbgwn,BOUNDS
1zHkMZY8H87ghiTNgqSMTl,0398DzNGjBYO1C$VUhMCZJ,BOUNDS
1zHkMZY8H87ghiTNgqSMTl,1EKlTSJ$L9JAy5UDUCbgwa,BOUNDS
1zHkMZY8H87ghiTNgqSMTl,06tOzssZ9B4QVX5FaMC$RL,BOUNDS
1zHkMZY8H87ghiTNgqSMTl,0398DzNGjBYO1C$VUhMCZH,BOUNDS
1zHkMZY8H87ghiTNgqSMTl,2jzBBNhz9A2gVReR_XMj7Z,BOUNDS
1zHkMZY8H87ghiTNgqSMTl,2jzBBNhz9A2gVReR_XMj7Y,BOUNDS
1zHkMZY8H87ghiTNgqSMTl,1EKlTSJ$L9JAy5UDUCbg5A,BOUNDS
1zHkMZY8H87ghiTNgqSMTl,2jzBBNhz9A2gVReR_XMj7b,BOUNDS
1zHkMZY8H87ghiTNgqSMTl,2jzBBNhz9A2gVReR_XMj7g,BOUNDS
1zHkMZY8H87ghiTNgqSMTl,06tOzssZ9B4QVX5FaMC$RL,BOUNDS
1zHkMZY8H87ghiTNgqSMTl,2jzBBNhz9A2gVReR_XMj7h,BOUNDS
1zHkMZY8H87ghiTNgqSMTl,2jzBBNhz9A2gVReR_XMj7h,BOUNDS
1zHkMZY8H87ghiTNgqSMTn,0yHhiOk7b8IBVHQCqr$Qx3,BOUNDS
1zHkMZY8H87ghiTNgqSMTn,0yHhiOk7b8IBVHQCqr$Qx3,BOUNDS
1zHkMZY8H87ghiTNgqSMTn,0I89kxcfn5aPoCoZL7rdHt,BOUNDS
1zHkMZY8H87ghiTNgqSMTn,0I89kxcfn5aPoCoZL7rdHt,BOUNDS
1zHkMZY8H87ghiTNgqSMTn,060B0Bfjv7MQEXwwmCVVgx,BOUNDS
1zHkMZY8H87ghiTNgqSMTn,060B0Bfjv7MQEXwwmCVVgx,BOUNDS
1zHkMZY8H87ghiTNgqSMTn,0398DzNGjBYO1C$VUhMCaK,BOUNDS
1zHkMZY8H87ghiTNgqSMTn,060B0Bfjv7MQEXwwmCVVgx,BOUNDS
1zHkMZY8H87ghiTNgqSMTn,10xymLOUbEJQViGYNPNlSK,BOUNDS
1zHkMZY8H87ghiTNgqSMTn,10xymLOUbEJQViGYNPNlSL,BOUNDS
1zHkMZY8H87ghiTNgqSMTn,10xymLOUbEJQViGYNPNlSJ,BOUNDS
1zHkMZY8H87ghiTNgqSMTn,10xymLOUbEJQViGYNPNlSG,BOUNDS
1zHkMZY8H87ghiTNgqSMTn,0I89kxcfn5aPoCoZL7rdHj,BOUNDS
1zHkMZY8H87ghiTNgqSMTn,0I89kxcfn5aPoCoZL7rdHj,BOUNDS
1zHkMZY8H87ghiTNgqSMTn,0I89kxcfn5aPoCoZL7rdHj,BOUNDS
1zHkMZY8H87ghiTNgqSMTn,0I89kxcfn5aPoCoZL7rdHj,BOUNDS
1zHkMZY8H87ghiTNgqSMTl,01JMyLiAX6vOKsRWa6DbEL,BOUNDS
1zHkMZY8H87ghiTNgqSMTl,04n55fjcH7dhzxSRcFV9eu,BOUNDS
1zHkMZY8H87ghiTNgqSMTl,18eJjezLr93eTsB1yzF63S,BOUNDS
1zHkMZY8H87ghiTNgqSMTl,1EKlTSJ$L9JAy5UDUCbg4q,BOUNDS
1zHkMZY8H87ghiTNgqSMTl,35ZMaE2hL45QaxEnc01C1_,BOUNDS
1zHkMZY8H87ghiTNgqSMTl,35ZMaE2hL45QaxEnc01C1z,BOUNDS
1zHkMZY8H87ghiTNgqSMTl,0KwnPp9xH0twwJsxazd97Z,BOUNDS
1zHkMZY8H87ghiTNgqSMTl,1JGhw2zk51zAYaF_QLitr9,BOUNDS
1zHkMZY8H87ghiTNgqSMTn,060B0Bfjv7MQEXwwmCVVew,BOUNDS
1zHkMZY8H87ghiTNgqSMTn,0398DzNGjBYO1C$VUhMCaE,BOUNDS
1zHkMZY8H87ghiTNgqSMTn,060B0Bfjv7MQEXwwmCVVgx,BOUNDS
1zHkMZY8H87ghiTNgqSMTn,060B0Bfjv7MQEXwwmCVVgx,BOUNDS
1zHkMZY8H87ghiTNgqSMTl,04n55fjcH7dhzxSRcFV9eu,BOUNDS
1zHkMZY8H87ghiTNgqSMTl,1EKlTSJ$L9JAy5UDUCbg4r,BOUNDS
1zHkMZY8H87ghiTNgqSMTl,1EKlTSJ$L9JAy5UDUCbg4f,BOUNDS
1zHkMZY8H87ghiTNgqSMTl,0LdvcneY51qvcThC5EYMo8,BOUNDS
1zHkMZY8H87ghiTNgqSMTt,1_WIDbMXf5_P7QWlk1nZB6,BOUNDS
1zHkMZY8H87ghiTNgqSMTt,1_WIDbMXf5_P7QWlk1nZAz,BOUNDS
1zHkMZY8H87ghiTNgqSMTt,1ZSClU8aj9DA2cLrK85veG,BOUNDS
1zHkMZY8H87ghiTNgqSMTt,3C4heucafBiB2e7fJoxrg3,BOUNDS
1zHkMZY8H87ghiTNgqSMTp,10xymLOUbEJQViGYNPNlSL,BOUNDS
1zHkMZY8H87ghiTNgqSMTp,2yMGZYWe52bPtRRTVgueun,BOUNDS
1zHkMZY8H87ghiTNgqSMTp,0s8ykGtmvFURUfp3D26b4M,BOUNDS
1zHkMZY8H87ghiTNgqSMTp,10xymLOUbEJQViGYNPNlSK,BOUNDS
1zHkMZY8H87ghiTNgqSMTr,2XY1wUiaX8QxNhd4kZxh_y,BOUNDS
1zHkMZY8H87ghiTNgqSMTr,1_WIDbMXf5_P7QWlk1nZAQ,BOUNDS
1zHkMZY8H87ghiTNgqSMTr,2XY1wUiaX8QxNhd4kZxeBw,BOUNDS
1zHkMZY8H87ghiTNgqSMTr,1ZSClU8aj9DA2cLrK85veG,BOUNDS
1zHkMZY8H87ghiTNgqSMTt,2yMGZYWe52bPtRRTVgueun,BOUNDS
1zHkMZY8H87ghiTNgqSMTt,2yMGZYWe52bPtRRTVgueuq,BOUNDS
1zHkMZY8H87ghiTNgqSMTt,2XY1wUiaX8QxNhd4kZxhzO,BOUNDS
1zHkMZY8H87ghiTNgqSMTt,2XY1wUiaX8QxNhd4kZxh$K,BOUNDS
1zHkMZY8H87ghiTNgqSMTx,3C4heucafBiB2e7fJoxrg3,BOUNDS
1zHkMZY8H87ghiTNgqSMTv,2yMGZYWe52bPtRRTVgueus,BOUNDS
1zHkMZY8H87ghiTNgqSMTx,1_WIDbMXf5_P7QWlk1nZBp,BOUNDS
1zHkMZY8H87ghiTNgqSMTx,1ZSClU8aj9DA2cLrK85veG,BOUNDS
1zHkMZY8H87ghiTNgqSMTr,2yMGZYWe52bPtRRTVgueun,BOUNDS
1zHkMZY8H87ghiTNgqSMTr,2yMGZYWe52bPtRRTVgueuq,BOUNDS
1zHkMZY8H87ghiTNgqSMTr,2XY1wUiaX8QxNhd4kZxh$K,BOUNDS
1zHkMZY8H87ghiTNgqSMTr,2yMGZYWe52bPtRRTVgueux,BOUNDS
1zHkMZY8H87ghiTNgqSMTv,3C4heucafBiB2e7fJoxrg3,BOUNDS
1zHkMZY8H87ghiTNgqSMTt,2yMGZYWe52bPtRRTVgueur,BOUNDS
1zHkMZY8H87ghiTNgqSMTv,1_WIDbMXf5_P7QWlk1nZBj,BOUNDS
1zHkMZY8H87ghiTNgqSMTv,1ZSClU8aj9DA2cLrK85veG,BOUNDS
1zHkMZY8H87ghiTNgqSMTx,2XY1wUiaX8QxNhd4kZxhzK,BOUNDS
1zHkMZY8H87ghiTNgqSMTx,2XY1wUiaX8QxNhd4kZxh$t,BOUNDS
1zHkMZY8H87ghiTNgqSMTx,2yMGZYWe52bPtRRTVgueun,BOUNDS
1zHkMZY8H87ghiTNgqSMTx,2yMGZYWe52bPtRRTVgueus,BOUNDS
1wJlgGJFX7nhT8fMxeBIiw,3Zuv4FmtL8ewTAegmGWcAR,BOUNDS
1wJlgGJFX7nhT8fMxeBIiw,3Zuv4FmtL8ewTAegmGWcA_,BOUNDS
1wJlgGJFX7nhT8fMxeBIiw,3Zuv4FmtL8ewTAegmGWcBa,BOUNDS
1wJlgGJFX7nhT8fMxeBIiw,3Zuv4FmtL8ewTAegmGWcAO,BOUNDS
1zHkMZY8H87ghiTNgqSMTX,060B0Bfjv7MQEXwwmCVVgx,BOUNDS
1zHkMZY8H87ghiTNgqSMTX,0398DzNGjBYO1C$VUhMCaU,BOUNDS
1zHkMZY8H87ghiTNgqSMTX,0398DzNGjBYO1C$VUhMCaU,BOUNDS
1zHkMZY8H87ghiTNgqSMTX,0398DzNGjBYO1C$VUhMCa6,BOUNDS
1wJlgGJFX7nhT8fMxeBIiw,2PjQadwH5Flf4Iu_RyhQCb,BOUNDS
1wJlgGJFX7nhT8fMxeBIiw,09bUgXLWDEo8jPFR_2Dsj0,BOUNDS
1wJlgGJFX7nhT8fMxeBIiw,2PjQadwH5Flf4Iu_RyhQCW,BOUNDS
1wJlgGJFX7nhT8fMxeBIiw,2PjQadwH5Flf4Iu_RyhQCZ,BOUNDS
1wJlgGJFX7nhT8fMxeBIiw,3Zuv4FmtL8ewTAegmGWcAT,BOUNDS
1wJlgGJFX7nhT8fMxeBIiw,296NGk$XH3xQq3a2c0vuzN,BOUNDS
1wJlgGJFX7nhT8fMxeBIiw,3Zuv4FmtL8ewTAegmGWcBb,BOUNDS
1wJlgGJFX7nhT8fMxeBIiw,3Zuv4FmtL8ewTAegmGWcAQ,BOUNDS
1zHkMZY8H87ghiTNgqSMTp,1ZSClU8aj9DA2cLrK85veG,BOUNDS
1zHkMZY8H87ghiTNgqSMTp,2yMGZYWe52bPtRRTVgueux,BOUNDS
1zHkMZY8H87ghiTNgqSMTp,2XY1wUiaX8QxNhd4kZxeBw,BOUNDS
1zHkMZY8H87ghiTNgqSMTp,1_WIDbMXf5_P7QWlk1nZCm,BOUNDS
1wJlgGJFX7nhT8fMxeBIiw,1o_SkrXVvCfgLXhr47WeRY,BOUNDS
1wJlgGJFX7nhT8fMxeBIiw,296NGk$XH3xQq3a2c0vuzA,BOUNDS
1wJlgGJFX7nhT8fMxeBIiw,1o_SkrXVvCfgLXhr47WeRY,BOUNDS
1wJlgGJFX7nhT8fMxeBIiw,296NGk$XH3xQq3a2c0vuyM,BOUNDS
1zHkMZY8H87ghiTNgqSMTn,0I89kxcfn5aPoCoZL7rdHf,BOUNDS
1zHkMZY8H87ghiTNgqSMTn,0I89kxcfn5aPoCoZL7rdHe,BOUNDS
1zHkMZY8H87ghiTNgqSMTp,3C4heucafBiB2e7fJoxrg3,BOUNDS
1zHkMZY8H87ghiTNgqSMTn,0I89kxcfn5aPoCoZL7rdHf,BOUNDS
1zHkMZY8H87ghiTNgqSMTp,0bcw6hwr1EsgLnukViOuJ4,BOUNDS
1zHkMZY8H87ghiTNgqSMTp,0lTjux1TnF3gO4c9BNmdqL,BOUNDS
1zHkMZY8H87ghiTNgqSMTr,3C4heucafBiB2e7fJoxrg3,BOUNDS
1zHkMZY8H87ghiTNgqSMTp,2uPBm0fPb5mAvVHD998Zs6,BOUNDS
1zHkMZY8H87ghiTNgqSMTn,0398DzNGjBYO1C$VUhMCaC,BOUNDS
1zHkMZY8H87ghiTNgqSMTn,0398DzNGjBYO1C$VUhMCaB,BOUNDS
1zHkMZY8H87ghiTNgqSMTn,0398DzNGjBYO1C$VUhMCaF,BOUNDS
1zHkMZY8H87ghiTNgqSMTn,0398DzNGjBYO1C$VUhMCaD,BOUNDS
1zHkMZY8H87ghiTNgqSMTn,1_WIDbMXf5_P7QWlk1nZMr,BOUNDS
1zHkMZY8H87ghiTNgqSMTn,1ZSClU8aj9DA2cLrK85veG,BOUNDS
1zHkMZY8H87ghiTNgqSMTn,0d7iw08zjAMBKPTOWLW_BE,BOUNDS
1zHkMZY8H87ghiTNgqSMTn,0d7iw08zjAMBKPTOWLW_BF,BOUNDS
1zHkMZY8H87ghiTNgqSMTn,0d7iw08zjAMBKPTOWLW_BC,BOUNDS
1zHkMZY8H87ghiTNgqSMTn,1lL0StQID0pxFPXE_t32xm,BOUNDS
1zHkMZY8H87ghiTNgqSMTn,0I89kxcfn5aPoCoZL7rab6,BOUNDS
1zHkMZY8H87ghiTNgqSMTn,0I89kxcfn5aPoCoZL7rac0,BOUNDS
1zHkMZY8H87ghiTNgqSMTn,0I89kxcfn5aPoCoZL7racF,BOUNDS
1zHkMZY8H87ghiTNgqSMTn,0I89kxcfn5aPoCoZL7racF,BOUNDS
1zHkMZY8H87ghiTNgqSMTn,0I89kxcfn5aPoCoZL7racF,BOUNDS
1zHkMZY8H87ghiTNgqSMTn,0I89kxcfn5aPoCoZL7racC,BOUNDS
1zHkMZY8H87ghiTNgqSMTn,0I89kxcfn5aPoCoZL7racA,BOUNDS
1zHkMZY8H87ghiTNgqSMTn,0I89kxcfn5aPoCoZL7racA,BOUNDS
1zHkMZY8H87ghiTNgqSMTn,060B0Bfjv7MQEXwwmCVVew,BOUNDS
1zHkMZY8H87ghiTNgqSMTn,0I89kxcfn5aPoCoZL7racB,BOUNDS
1zHkMZY8H87ghiTNgqSMTn,2yMGZYWe52bPtRRTVguexf,BOUNDS
1zHkMZY8H87ghiTNgqSMTn,2XY1wUiaX8QxNhd4kZxhz8,BOUNDS
1zHkMZY8H87ghiTNgqSMTn,2yMGZYWe52bPtRRTVgueun,BOUNDS
1zHkMZY8H87ghiTNgqSMTn,2yMGZYWe52bPtRRTVguexf,BOUNDS
1zHkMZY8H87ghiTNgqSMTn,2XY1wUiaX8QxNhd4kZxhym,BOUNDS
1zHkMZY8H87ghiTNgqSMTn,2XY1wUiaX8QxNhd4kZxhyH,BOUNDS
1zHkMZY8H87ghiTNgqSMTn,2XY1wUiaX8QxNhd4kZxhzC,BOUNDS
1zHkMZY8H87ghiTNgqSMTn,2XY1wUiaX8QxNhd4kZxhzS,BOUNDS
1zHkMZY8H87ghiTNgqSMTn,1_WIDbMXf5_P7QWlk1nZMT,BOUNDS
1zHkMZY8H87ghiTNgqSMTn,1_WIDbMXf5_P7QWlk1nZ9t,BOUNDS
1zHkMZY8H87ghiTNgqSMTn,1_WIDbMXf5_P7QWlk1nZN2,BOUNDS
1zHkMZY8H87ghiTNgqSMTn,1_WIDbMXf5_P7QWlk1nZMI,BOUNDS
1zHkMZY8H87ghiTNgqSMTv,2yMGZYWe52bPtRRTVgueur,BOUNDS
1zHkMZY8H87ghiTNgqSMTv,2yMGZYWe52bPtRRTVgueun,BOUNDS
1zHkMZY8H87ghiTNgqSMTv,2XY1wUiaX8QxNhd4kZxh$5,BOUNDS
1zHkMZY8H87ghiTNgqSMTv,2XY1wUiaX8QxNhd4kZxhzO,BOUNDS
1zHkMZY8H87ghiTNgqSMT$,1ZSClU8aj9DA2cLrK85veG,BOUNDS
1zHkMZY8H87ghiTNgqSMT$,3C4heucafBiB2e7fJoxrg3,BOUNDS
1zHkMZY8H87ghiTNgqSMTz,2yMGZYWe52bPtRRTVgueum,BOUNDS
1zHkMZY8H87ghiTNgqSMTz,2yMGZYWe52bPtRRTVgueun,BOUNDS
1zHkMZY8H87ghiTNgqSMT$,2yMGZYWe52bPtRRTVgueum,BOUNDS
1zHkMZY8H87ghiTNgqSMT$,2XY1wUiaX8QxNhd4kZxhzG,BOUNDS
1zHkMZY8H87ghiTNgqSMT$,2XY1wUiaX8QxNhd4kZxh$a,BOUNDS
1zHkMZY8H87ghiTNgqSMT$,1_WIDbMXf5_P7QWlk1nZ93,BOUNDS
1zHkMZY8H87ghiTNgqSMTz,1_WIDbMXf5_P7QWlk1nZ8i,BOUNDS
1zHkMZY8H87ghiTNgqSMTz,1ZSClU8aj9DA2cLrK85veG,BOUNDS
1zHkMZY8H87ghiTNgqSMTz,3C4heucafBiB2e7fJoxrg3,BOUNDS
1zHkMZY8H87ghiTNgqSMTx,2yMGZYWe52bPtRRTVgueut,BOUNDS
1zHkMZY8H87ghiTNgqSMTz,2XY1wUiaX8QxNhd4kZxhzG,BOUNDS
1zHkMZY8H87ghiTNgqSMTz,2yMGZYWe52bPtRRTVgueut,BOUNDS
1zHkMZY8H87ghiTNgqSMTz,1_WIDbMXf5_P7QWlk1nZ9E,BOUNDS
1zHkMZY8H87ghiTNgqSMTz,2XY1wUiaX8QxNhd4kZxh$t,BOUNDS
1zHkMZY8H87ghiTNgqSMTn,0I89kxcfn5aPoCoZL7rac4,BOUNDS
1zHkMZY8H87ghiTNgqSMTn,0I89kxcfn5aPoCoZL7rac4,BOUNDS
1zHkMZY8H87ghiTNgqSMTn,0I89kxcfn5aPoCoZL7rac8,BOUNDS
1zHkMZY8H87ghiTNgqSMTn,0I89kxcfn5aPoCoZL7rac8,BOUNDS
1zHkMZY8H87ghiTNgqSMTn,0I89kxcfn5aPoCoZL7racM,BOUNDS
1zHkMZY8H87ghiTNgqSMTn,0I89kxcfn5aPoCoZL7racM,BOUNDS
1zHkMZY8H87ghiTNgqSMTn,0I89kxcfn5aPoCoZL7rac4,BOUNDS
1zHkMZY8H87ghiTNgqSMTn,0I89kxcfn5aPoCoZL7rac4,BOUNDS
1zHkMZY8H87ghiTNgqSMTn,060B0Bfjv7MQEXwwmCVVew,BOUNDS
1zHkMZY8H87ghiTNgqSMTn,0398DzNGjBYO1C$VUhMCaA,BOUNDS
1zHkMZY8H87ghiTNgqSMTn,0I89kxcfn5aPoCoZL7racM,BOUNDS
1zHkMZY8H87ghiTNgqSMTn,060B0Bfjv7MQEXwwmCVVew,BOUNDS
2FO4B4LLz1S8ougO7Uoe2d,0I89kxcfn5aPoCoZL7raeg,BOUNDS
2FO4B4LLz1S8ougO7Uoe2v,1VYYANqh5Ds9UvQ1tMkfD7,BOUNDS
2FO4B4LLz1S8ougO7Uoe2d,0FOj8ytPH4yhrZKUXPE0qc,BOUNDS
2FO4B4LLz1S8ougO7Uoe2d,0FOj8ytPH4yhrZKUXPE0qb,BOUNDS
3AUumYUinBd97pv_Bis1$j,00gFGeCuDDpBDi0kTgjcvA,BOUNDS
3AUumYUinBd97pv_Bis1$j,00gFGeCuDDpBDi0kTgjcvC,BOUNDS
3AUumYUinBd97pv_Bis1$j,00gFGeCuDDpBDi0kTgjcwv,BOUNDS
3AUumYUinBd97pv_Bis1$j,18eJjezLr93eTsB1yzF67n,BOUNDS
2FO4B4LLz1S8ougO7Uoe2d,0yHhiOk7b8IBVHQCqr$Qx3,BOUNDS
2FO4B4LLz1S8ougO7Uoe2d,35BZjy3mH7Ou63rag5Xg_R,BOUNDS
2FO4B4LLz1S8ougO7Uoe2Z,1bKDksX1DBeBEUOB8Ab1g7,BOUNDS
2FO4B4LLz1S8ougO7Uoe2d,1TgbqwUwn9te3sgF6st6mq,BOUNDS
2FO4B4LLz1S8ougO7Uoe2v,2fQZ_uq3PFIQ5Iqp8gc1cr,BOUNDS
2FO4B4LLz1S8ougO7Uoe2v,0yHhiOk7b8IBVHQCqr$Qx3,BOUNDS
2FO4B4LLz1S8ougO7Uoe2v,0s8ykGtmvFURUfp3D26b4M,BOUNDS
2FO4B4LLz1S8ougO7Uoe2v,07pQnIypnCceWiTzvo9UcX,BOUNDS
3AUumYUinBd97pv_Bis1$N,1KeHJE8JXA9OamOp_Vx4as,BOUNDS
3AUumYUinBd97pv_Bis1$N,2ftpqDuKX9xu7UIOmFlx_U,BOUNDS
3AUumYUinBd97pv_Bis1$N,2ftpqDuKX9xu7UIOmFlx_U,BOUNDS
3AUumYUinBd97pv_Bis1$N,21RHv05Qn9cvpryKmUwA3F,BOUNDS
3AUumYUinBd97pv_Bis1$N,21RHv05Qn9cvpryKmUwA64,BOUNDS
3AUumYUinBd97pv_Bis1$N,21RHv05Qn9cvpryKmUwA3F,BOUNDS
3AUumYUinBd97pv_Bis1$N,1TMmHiRcP0Zee6Er_nYG$U,BOUNDS
3AUumYUinBd97pv_Bis1$N,21RHv05Qn9cvpryKmUwA64,BOUNDS
3AUumYUinBd97pv_Bis1$j,00gFGeCuDDpBDi0kTgjcwy,BOUNDS
3AUumYUinBd97pv_Bis1$j,00gFGeCuDDpBDi0kTgjcww,BOUNDS
3AUumYUinBd97pv_Bis1$j,18eJjezLr93eTsB1yzF641,BOUNDS
3AUumYUinBd97pv_Bis1$N,1TgbqwUwn9te3sgF6st6oE,BOUNDS
3AUumYUinBd97pv_Bis1$N,04n55fjcH7dhzxSRcFV9eu,BOUNDS
3AUumYUinBd97pv_Bis1$N,3dtNv9xLz1D8ToBkRp8cNb,BOUNDS
3AUumYUinBd97pv_Bis1$N,3BXEwjEIv1JPupppyWhAvw,BOUNDS
3AUumYUinBd97pv_Bis1$N,1KeHJE8JXA9OamOp_Vx4as,BOUNDS
2FO4B4LLz1S8ougO7Uoe2k,0FOj8ytPH4yhrZKUXPE0wQ,BOUNDS
2FO4B4LLz1S8ougO7Uoe2k,0FOj8ytPH4yhrZKUXPE0wR,BOUNDS
2FO4B4LLz1S8ougO7Uoe2k,0FOj8ytPH4yhrZKUXPE0wQ,BOUNDS
2FO4B4LLz1S8ougO7Uoe2k,0FOj8ytPH4yhrZKUXPE0wQ,BOUNDS
2FO4B4LLz1S8ougO7Uoe2Z,1TgbqwUwn9te3sgF6st6mq,BOUNDS
2FO4B4LLz1S8ougO7Uoe2k,18eJjezLr93eTsB1yzF7f4,BOUNDS
2FO4B4LLz1S8ougO7Uoe2Z,1guDAeN0H0zPlf9ZUQ7YE5,BOUNDS
2FO4B4LLz1S8ougO7Uoe2Z,1guDAeN0H0zPlf9ZUQ7YE5,BOUNDS
2FO4B4LLz1S8ougO7Uoe2k,18eJjezLr93eTsB1yzF61M,BOUNDS
2FO4B4LLz1S8ougO7Uoe2k,1EKlTSJ$L9JAy5UDUCbg6x,BOUNDS
2FO4B4LLz1S8ougO7Uoe2k,3E9g1pNln6BxCZLu6RE63z,BOUNDS
2FO4B4LLz1S8ougO7Uoe2k,1EKlTSJ$L9JAy5UDUCbg6w,BOUNDS
2FO4B4LLz1S8ougO7Uoe2k,0FOj8ytPH4yhrZKUXPE0wS,BOUNDS
2FO4B4LLz1S8ougO7Uoe2k,0FOj8ytPH4yhrZKUXPE0wS,BOUNDS
2FO4B4LLz1S8ougO7Uoe2k,0FOj8ytPH4yhrZKUXPE0wV,BOUNDS
2FO4B4LLz1S8ougO7Uoe2k,0FOj8ytPH4yhrZKUXPE0wT,BOUNDS
2FO4B4LLz1S8ougO7Uoe2Z,1guDAeN0H0zPlf9ZUQ7YEO,BOUNDS
2FO4B4LLz1S8ougO7Uoe2Z,0FOj8ytPH4yhrZKUXPE0qb,BOUNDS
2FO4B4LLz1S8ougO7Uoe2Z,0FOj8ytPH4yhrZKUXPE0qc,BOUNDS
2FO4B4LLz1S8ougO7Uoe2Z,0FOj8ytPH4yhrZKUXPE0qc,BOUNDS
2FO4B4LLz1S8ougO7Uoe2d,35BZjy3mH7Ou63rag5Xg_O,BOUNDS
2FO4B4LLz1S8ougO7Uoe2d,35BZjy3mH7Ou63rag5Xgnc,BOUNDS
2FO4B4LLz1S8ougO7Uoe2d,0FOj8ytPH4yhrZKUXPE0qc,BOUNDS
2FO4B4LLz1S8ougO7Uoe2d,0yHhiOk7b8IBVHQCqr$Qx3,BOUNDS
2FO4B4LLz1S8ougO7Uoe2k,0FOj8ytPH4yhrZKUXPE0wU,BOUNDS
2FO4B4LLz1S8ougO7Uoe2k,1TMmHiRcP0Zee6Er_nYG$U,BOUNDS
2FO4B4LLz1S8ougO7Uoe2k,1TMmHiRcP0Zee6Er_nYG_4,BOUNDS
2FO4B4LLz1S8ougO7Uoe2k,1TMmHiRcP0Zee6Er_nYG$I,BOUNDS
2FO4B4LLz1S8ougO7Uoe2Z,1EKlTSJ$L9JAy5UDUCbgxW,BOUNDS
2FO4B4LLz1S8ougO7Uoe2Z,1EKlTSJ$L9JAy5UDUCbgx_,BOUNDS
2FO4B4LLz1S8ougO7Uoe2Z,0yHhiOk7b8IBVHQCqr$Qx3,BOUNDS
2FO4B4LLz1S8ougO7Uoe2Z,1bKDksX1DBeBEUOB8Ab1g1,BOUNDS
3AUumYUinBd97pv_Bis1$j,2ftpqDuKX9xu7UIOmFlx_U,BOUNDS
3AUumYUinBd97pv_Bis1$j,2ftpqDuKX9xu7UIOmFlx_U,BOUNDS
3AUumYUinBd97pv_Bis1$j,32AaFqY2L1X97ulWG9CiM1,BOUNDS
3AUumYUinBd97pv_Bis1$j,32AaFqY2L1X97ulWG9CiI_,BOUNDS
3z7Ak3TxPADudLbTYVxT7S,0_30tDay5DSuL2ld9$1UUb,BOUNDS
3z7Ak3TxPADudLbTYVxT7S,1sQaMmqjv8FA5M37GPCYKq,BOUNDS
3z7Ak3TxPADudLbTYVxT7S,0_30tDay5DSuL2ld9$1UP2,BOUNDS
3z7Ak3TxPADudLbTYVxT7S,1sQaMmqjv8FA5M37GPCYKq,BOUNDS
3z7Ak3TxPADudLbTYVxT7S,2_FCaLmfj6yAPasaU47QdD,BOUNDS
3z7Ak3TxPADudLbTYVxT7S,060B0Bfjv7MQEXwwmCVVew,BOUNDS
3z7Ak3TxPADudLbTYVxT77,0iPiDy_2b9IAwhmoNFHJKN,BOUNDS
3z7Ak3TxPADudLbTYVxT77,29IjMBpw507frXl36PwtPZ,BOUNDS
3z7Ak3TxPADudLbTYVxT77,0_30tDay5DSuL2ld9$1UOL,BOUNDS
3z7Ak3TxPADudLbTYVxT77,0iPiDy_2b9IAwhmoNFHIhI,BOUNDS
3z7Ak3TxPADudLbTYVxT77,060B0Bfjv7MQEXwwmCVVew,BOUNDS
3z7Ak3TxPADudLbTYVxT77,0_30tDay5DSuL2ld9$1UOL,BOUNDS
3AUumYUinBd97pv_Bis1$j,32AaFqY2L1X97ulWG9CiMP,BOUNDS
3AUumYUinBd97pv_Bis1$j,32AaFqY2L1X97ulWG9CiKc,BOUNDS
3AUumYUinBd97pv_Bis1$j,32AaFqY2L1X97ulWG9CiKc,BOUNDS
3AUumYUinBd97pv_Bis1$j,04n55fjcH7dhzxSRcFV9eu,BOUNDS
3AUumYUinBd97pv_Bis1wT,3dlwn49Tr1_8rQvMbSI6nC,BOUNDS
3AUumYUinBd97pv_Bis1wT,3dlwn49Tr1_8rQvMbSI6nC,BOUNDS
3AUumYUinBd97pv_Bis1wT,3dlwn49Tr1_8rQvMbSI6nC,BOUNDS
3AUumYUinBd97pv_Bis1wT,3dlwn49Tr1_8rQvMbSI6nC,BOUNDS
3AUumYUinBd97pv_Bis1wT,0X1wHV4nrA8uiSsPPxtUhu,BOUNDS
3AUumYUinBd97pv_Bis1wT,0X1wHV4nrA8uiSsPPxtUhA,BOUNDS
3AUumYUinBd97pv_Bis1wT,0yHhiOk7b8IBVHQCqr$Qx3,BOUNDS
3AUumYUinBd97pv_Bis1wT,0X1wHV4nrA8uiSsPPxtUhu,BOUNDS
3AUumYUinBd97pv_Bis1$j,0yHhiOk7b8IBVHQCqr$Qx3,BOUNDS
3AUumYUinBd97pv_Bis1$j,1TgbqwUwn9te3sgF6st6oE,BOUNDS
3AUumYUinBd97pv_Bis1$j,0X1wHV4nrA8uiSsPPxtUhy,BOUNDS
3AUumYUinBd97pv_Bis1$j,0X1wHV4nrA8uiSsPPxtUhy,BOUNDS
3z7Ak3TxPADudLbTYVxT71,2OYQ9ZI8f6ogEt9Osk7rMv,BOUNDS
3z7Ak3TxPADudLbTYVxT71,3$HMG0vJbDxw6O2Wzb$FL1,BOUNDS
3z7Ak3TxPADudLbTYVxT71,2OYQ9ZI8f6ogEt9Osk7rMv,BOUNDS
3z7Ak3TxPADudLbTYVxT71,3$HMG0vJbDxw6O2Wzb$FL1,BOUNDS
3z7Ak3TxPADudLbTYVxT71,3$HMG0vJbDxw6O2Wzb$FKr,BOUNDS
3z7Ak3TxPADudLbTYVxT71,2OYQ9ZI8f6ogEt9Osk7rMv,BOUNDS
3z7Ak3TxPADudLbTYVxT71,3$HMG0vJbDxw6O2Wzb$FKr,BOUNDS
3z7Ak3TxPADudLbTYVxT71,2OYQ9ZI8f6ogEt9Osk7rMv,BOUNDS
3AUumYUinBd97pv_Bis1$N,1EKlTSJ$L9JAy5UDUCbg6x,BOUNDS
3z7Ak3TxPADudLbTYVxT71,3$HMG0vJbDxw6O2Wzb$FNS,BOUNDS
3AUumYUinBd97pv_Bis1$N,2$0jj0F0j4ZOVJ_4E1GqB$,BOUNDS
3AUumYUinBd97pv_Bis1$N,2$0jj0F0j4ZOVJ_4E1Gq1C,BOUNDS
3AUumYUinBd97pv_Bis1$N,2$0jj0F0j4ZOVJ_4E1GqB$,BOUNDS
3AUumYUinBd97pv_Bis1$N,2$0jj0F0j4ZOVJ_4E1GqB$,BOUNDS
3AUumYUinBd97pv_Bis1$N,0uDhWBIAn3pvGLLeqdXpzE,BOUNDS
3AUumYUinBd97pv_Bis1$N,0uDhWBIAn3pvGLLeqdXpzE,BOUNDS
3z7Ak3TxPADudLbTYVxT73,3$HMG0vJbDxw6O2Wzb$FLD,BOUNDS
3z7Ak3TxPADudLbTYVxT73,2OYQ9ZI8f6ogEt9Osk7rM6,BOUNDS
3z7Ak3TxPADudLbTYVxT77,3RyenZGC9CbOyK8eeC0DU5,BOUNDS
3z7Ak3TxPADudLbTYVxT73,2OYQ9ZI8f6ogEt9Osk7rM6,BOUNDS
3z7Ak3TxPADudLbTYVxT73,3$HMG0vJbDxw6O2Wzb$FL5,BOUNDS
3z7Ak3TxPADudLbTYVxT73,3$HMG0vJbDxw6O2Wzb$FL5,BOUNDS
3z7Ak3TxPADudLbTYVxT73,3$HMG0vJbDxw6O2Wzb$FL9,BOUNDS
3z7Ak3TxPADudLbTYVxT73,3$HMG0vJbDxw6O2Wzb$FLD,BOUNDS
3z7Ak3TxPADudLbTYVxT73,2OYQ9ZI8f6ogEt9Osk7rM6,BOUNDS
3z7Ak3TxPADudLbTYVxT73,3$HMG0vJbDxw6O2Wzb$FKz,BOUNDS
3z7Ak3TxPADudLbTYVxT73,2OYQ9ZI8f6ogEt9Osk7rM6,BOUNDS
3z7Ak3TxPADudLbTYVxT73,3$HMG0vJbDxw6O2Wzb$FKv,BOUNDS
3z7Ak3TxPADudLbTYVxT71,3$HMG0vJbDxw6O2Wzb$FL9,BOUNDS
3z7Ak3TxPADudLbTYVxT71,3$HMG0vJbDxw6O2Wzb$FKn,BOUNDS
3z7Ak3TxPADudLbTYVxT71,3$HMG0vJbDxw6O2Wzb$FKn,BOUNDS
3z7Ak3TxPADudLbTYVxT73,3$HMG0vJbDxw6O2Wzb$FKz,BOUNDS
3AUumYUinBd97pv_Bis1$j,2S8sqhWKT3WOiCtdCaE1YM,BOUNDS
3AUumYUinBd97pv_Bis1$j,2uad3SNr9Abgez5Hopz968,BOUNDS
3AUumYUinBd97pv_Bis1$j,2uad3SNr9Abgez5Hopz97v,BOUNDS
3AUumYUinBd97pv_Bis1$j,2uad3SNr9Abgez5Hopz97_,BOUNDS
3AUumYUinBd97pv_Bis1$j,2uad3SNr9Abgez5Hopz96X,BOUNDS
3AUumYUinBd97pv_Bis1$j,2uad3SNr9Abgez5Hopz97a,BOUNDS
3AUumYUinBd97pv_Bis1$j,2S8sqhWKT3WOiCtdCaE1Y8,BOUNDS
3AUumYUinBd97pv_Bis1$j,2S8sqhWKT3WOiCtdCaE1YF,BOUNDS
3AUumYUinBd97pv_Bis1$j,2uad3SNr9Abgez5Hopz965,BOUNDS
3AUumYUinBd97pv_Bis1$j,2uad3SNr9Abgez5Hopz96x,BOUNDS
3AUumYUinBd97pv_Bis1$j,1EKlTSJ$L9JAy5UDUCbgwa,BOUNDS
3AUumYUinBd97pv_Bis1$j,2uad3SNr9Abgez5Hopz97N,BOUNDS
3AUumYUinBd97pv_Bis1wV,0_30tDay5DSuL2ld9$1Udn,BOUNDS
3AUumYUinBd97pv_Bis1wV,2GgWZrkcr8gRh3WGdRTFNN,BOUNDS
3AUumYUinBd97pv_Bis1wV,0_30tDay5DSuL2ld9$1UOH,BOUNDS
3AUumYUinBd97pv_Bis1wV,2GgWZrkcr8gRh3WGdRTFNf,BOUNDS
3AUumYUinBd97pv_Bis1wV,3lPIjeMLjASRxjE6gw6XUZ,BOUNDS
3AUumYUinBd97pv_Bis1wV,0_30tDay5DSuL2ld9$1UOr,BOUNDS
3AUumYUinBd97pv_Bis1wV,0_30tDay5DSuL2ld9$1UOr,BOUNDS
3AUumYUinBd97pv_Bis1wV,0_30tDay5DSuL2ld9$1UPD,BOUNDS
3AUumYUinBd97pv_Bis1wV,29IjMBpw507frXl36PwtPt,BOUNDS
3AUumYUinBd97pv_Bis1wV,29IjMBpw507frXl36PwtPZ,BOUNDS
3AUumYUinBd97pv_Bis1wV,0iPiDy_2b9IAwhmoNFHIhI,BOUNDS
3AUumYUinBd97pv_Bis1wV,0iPiDy_2b9IAwhmoNFHJKN,BOUNDS
3AUumYUinBd97pv_Bis1wV,0_30tDay5DSuL2ld9$1UOL,BOUNDS
3AUumYUinBd97pv_Bis1wV,0_30tDay5DSuL2ld9$1Udr,BOUNDS
3AUumYUinBd97pv_Bis1wV,2GgWZrkcr8gRh3WGdRTFM0,BOUNDS
3AUumYUinBd97pv_Bis1wV,2GgWZrkcr8gRh3WGdRTFNN,BOUNDS
3AUumYUinBd97pv_Bis1wT,060B0Bfjv7MQEXwwmCVVgx,BOUNDS
3AUumYUinBd97pv_Bis1wT,060B0Bfjv7MQEXwwmCVVgx,BOUNDS
3AUumYUinBd97pv_Bis1wT,2JH4bkKkX2AeigVl5N9K8v,BOUNDS
3AUumYUinBd97pv_Bis1wT,060B0Bfjv7MQEXwwmCVVew,BOUNDS
3AUumYUinBd97pv_Bis1$j,2OYQ9ZI8f6ogEt9Osk7rMv,BOUNDS
3AUumYUinBd97pv_Bis1$j,32AaFqY2L1X97ulWG9CiJJ,BOUNDS
3AUumYUinBd97pv_Bis1$j,2OYQ9ZI8f6ogEt9Osk7rMv,BOUNDS
3AUumYUinBd97pv_Bis1$j,3$HMG0vJbDxw6O2Wzb$FKr,BOUNDS
3AUumYUinBd97pv_Bis1$j,32AaFqY2L1X97ulWG9CiIs,BOUNDS
3AUumYUinBd97pv_Bis1$j,3$HMG0vJbDxw6O2Wzb$FL1,BOUNDS
3AUumYUinBd97pv_Bis1$j,32AaFqY2L1X97ulWG9CiIw,BOUNDS
3AUumYUinBd97pv_Bis1$j,32AaFqY2L1X97ulWG9CiMT,BOUNDS
3AUumYUinBd97pv_Bis1$j,3$HMG0vJbDxw6O2Wzb$FLD,BOUNDS
3AUumYUinBd97pv_Bis1$j,2OYQ9ZI8f6ogEt9Osk7rM6,BOUNDS
3AUumYUinBd97pv_Bis1$j,3$HMG0vJbDxw6O2Wzb$FKz,BOUNDS
3AUumYUinBd97pv_Bis1$j,2OYQ9ZI8f6ogEt9Osk7rM6,BOUNDS
3AUumYUinBd97pv_Bis1$j,0X1wHV4nrA8uiSsPPxtUn1,BOUNDS
3AUumYUinBd97pv_Bis1$j,0X1wHV4nrA8uiSsPPxtUn1,BOUNDS
3AUumYUinBd97pv_Bis1$j,1EKlTSJ$L9JAy5UDUCbgwZ,BOUNDS
3AUumYUinBd97pv_Bis1$j,06tOzssZ9B4QVX5FaMC$RL,BOUNDS
3AUumYUinBd97pv_Bis1$j,00gFGeCuDDpBDi0kTgjcvo,BOUNDS
3AUumYUinBd97pv_Bis1$j,00gFGeCuDDpBDi0kTgjcvm,BOUNDS
3AUumYUinBd97pv_Bis1$j,18eJjezLr93eTsB1yzF67B,BOUNDS
3AUumYUinBd97pv_Bis1$j,0X1wHV4nrA8uiSsPPxtUn1,BOUNDS
3AUumYUinBd97pv_Bis1$j,3CD6atCC54zwk8sRAXCKbL,BOUNDS
3AUumYUinBd97pv_Bis1$j,0X1wHV4nrA8uiSsPPxtUmk,BOUNDS
3AUumYUinBd97pv_Bis1$j,0X1wHV4nrA8uiSsPPxtUn1,BOUNDS
3AUumYUinBd97pv_Bis1$j,0X1wHV4nrA8uiSsPPxtUn1,BOUNDS
3AUumYUinBd97pv_Bis1$j,3dtNv9xLz1D8ToBkRp8cdJ,BOUNDS
3AUumYUinBd97pv_Bis1$j,1EKlTSJ$L9JAy5UDUCbg7h,BOUNDS
3AUumYUinBd97pv_Bis1$j,18eJjezLr93eTsB1yzF601,BOUNDS
3AUumYUinBd97pv_Bis1$j,0X1wHV4nrA8uiSsPPxtUmo,BOUNDS
3AUumYUinBd97pv_Bis1$j,1EKlTSJ$L9JAy5UDUCbgx8,BOUNDS
3AUumYUinBd97pv_Bis1$j,2uad3SNr9Abgez5Hopz96C,BOUNDS
3AUumYUinBd97pv_Bis1$j,00gFGeCuDDpBDi0kTgjcv9,BOUNDS
3AUumYUinBd97pv_Bis1$j,1EKlTSJ$L9JAy5UDUCbgx6,BOUNDS
3AUumYUinBd97pv_Bis1wT,29IjMBpw507frXl36PwtRY,BOUNDS
3AUumYUinBd97pv_Bis1wT,060B0Bfjv7MQEXwwmCVVew,BOUNDS
3AUumYUinBd97pv_Bis1wT,29IjMBpw507frXl36PwtSa,BOUNDS
3AUumYUinBd97pv_Bis1wT,29IjMBpw507frXl36PwtSa,BOUNDS
3AUumYUinBd97pv_Bis1wT,3dlwn49Tr1_8rQvMbSI6nC,BOUNDS
3AUumYUinBd97pv_Bis1wT,3dlwn49Tr1_8rQvMbSI6nC,BOUNDS
3AUumYUinBd97pv_Bis1wT,3dlwn49Tr1_8rQvMbSI6nC,BOUNDS
3AUumYUinBd97pv_Bis1wT,3dlwn49Tr1_8rQvMbSI6nC,BOUNDS
2PnVHXKvL2r9pIN9ox8zIJ,2_FCaLmfj6yAPasaU47QdD,BOUNDS
2PnVHXKvL2r9pIN9ox8zIT,3eZyeBrqf0oQVb4wrlNtAY,BOUNDS
2PnVHXKvL2r9pIN9ox8zIJ,1AFUTRrKzD3RPSgcH0z8IA,BOUNDS
2PnVHXKvL2r9pIN9ox8zIJ,1ZSClU8aj9DA2cLrK85veG,BOUNDS
3AUumYUinBd97pv_Bis1wT,0_30tDay5DSuL2ld9$1UG3,BOUNDS
3AUumYUinBd97pv_Bis1wT,1SwBe39s14c8mfWcUQsKjK,BOUNDS
3AUumYUinBd97pv_Bis1wT,0_30tDay5DSuL2ld9$1UG3,BOUNDS
3AUumYUinBd97pv_Bis1wT,0_30tDay5DSuL2ld9$1UG3,BOUNDS
2PnVHXKvL2r9pIN9ox8zIJ,3dlwn49Tr1_8rQvMbSI6nC,BOUNDS
2PnVHXKvL2r9pIN9ox8zIJ,3dlwn49Tr1_8rQvMbSI6nC,BOUNDS
2PnVHXKvL2r9pIN9ox8zIJ,3eZyeBrqf0oQVb4wrlNtAZ,BOUNDS
2PnVHXKvL2r9pIN9ox8zIH,2_FCaLmfj6yAPasaU47QdD,BOUNDS
2PnVHXKvL2r9pIN9ox8zIJ,1AFUTRrKzD3RPSgcH0z8ID,BOUNDS
2PnVHXKvL2r9pIN9ox8zIJ,1AFUTRrKzD3RPSgcH0z8IR,BOUNDS
2PnVHXKvL2r9pIN9ox8zIJ,1AFUTRrKzD3RPSgcH0z8IG,BOUNDS
2PnVHXKvL2r9pIN9ox8zIJ,3eZyeBrqf0oQVb4wrlNtAY,BOUNDS
2PnVHXKvL2r9pIN9ox8zIV,3dlwn49Tr1_8rQvMbSI6nC,BOUNDS
2PnVHXKvL2r9pIN9ox8zIV,10xymLOUbEJQViGYNPNlUL,BOUNDS
2PnVHXKvL2r9pIN9ox8zIV,1ZSClU8aj9DA2cLrK85veG,BOUNDS
2PnVHXKvL2r9pIN9ox8zIV,3eZyeBrqf0oQVb4wrlNtAb,BOUNDS
2PnVHXKvL2r9pIN9ox8zIH,1ZSClU8aj9DA2cLrK85veG,BOUNDS
2PnVHXKvL2r9pIN9ox8zIH,1AFUTRrKzD3RPSgcH0z8IC,BOUNDS
2PnVHXKvL2r9pIN9ox8zIH,1AFUTRrKzD3RPSgcH0z8IQ,BOUNDS
2PnVHXKvL2r9pIN9ox8zIH,1AFUTRrKzD3RPSgcH0z8IG,BOUNDS
3AUumYUinBd97pv_Bis1wT,2_FCaLmfj6yAPasaU47QdD,BOUNDS
3AUumYUinBd97pv_Bis1wT,0yHhiOk7b8IBVHQCqr$Qx3,BOUNDS
3AUumYUinBd97pv_Bis1wV,3lPIjeMLjASRxjE6gw6XKx,BOUNDS
3AUumYUinBd97pv_Bis1wV,3lPIjeMLjASRxjE6gw6XKw,BOUNDS
3AUumYUinBd97pv_Bis1wT,2JH4bkKkX2AeigVl5N9K8X,BOUNDS
3AUumYUinBd97pv_Bis1wT,2JH4bkKkX2AeigVl5N9K8j,BOUNDS
3AUumYUinBd97pv_Bis1wT,2GgWZrkcr8gRh3WGdRTF9J,BOUNDS
3AUumYUinBd97pv_Bis1wT,2JH4bkKkX2AeigVl5N9K8b,BOUNDS
3AUumYUinBd97pv_Bis1wT,29IjMBpw507frXl36PwtTS,BOUNDS
3AUumYUinBd97pv_Bis1wT,29IjMBpw507frXl36PwtTS,BOUNDS
3AUumYUinBd97pv_Bis1wT,29IjMBpw507frXl36PwtT$,BOUNDS
3AUumYUinBd97pv_Bis1wT,29IjMBpw507frXl36PwtTS,BOUNDS
3AUumYUinBd97pv_Bis1wT,060B0Bfjv7MQEXwwmCVVgx,BOUNDS
3AUumYUinBd97pv_Bis1wT,060B0Bfjv7MQEXwwmCVVgx,BOUNDS
3AUumYUinBd97pv_Bis1wT,060B0Bfjv7MQEXwwmCVVgx,BOUNDS
3AUumYUinBd97pv_Bis1wT,0_30tDay5DSuL2ld9$1UX8,BOUNDS
3AUumYUinBd97pv_Bis1wT,2JH4bkKkX2AeigVl5N9K8f,BOUNDS
3AUumYUinBd97pv_Bis1wT,29IjMBpw507frXl36PwtVy,BOUNDS
3AUumYUinBd97pv_Bis1wT,29IjMBpw507frXl36PwtVy,BOUNDS
3AUumYUinBd97pv_Bis1wT,29IjMBpw507frXl36PwtVy,BOUNDS
3AUumYUinBd97pv_Bis1wT,29IjMBpw507frXl36PwtT$,BOUNDS
3AUumYUinBd97pv_Bis1wT,29IjMBpw507frXl36PwtT$,BOUNDS
3AUumYUinBd97pv_Bis1wT,29IjMBpw507frXl36PwtT$,BOUNDS
3AUumYUinBd97pv_Bis1wT,29IjMBpw507frXl36PwtSa,BOUNDS
3AUumYUinBd97pv_Bis1wT,1SwBe39s14c8mfWcUQsKjK,BOUNDS
3AUumYUinBd97pv_Bis1wT,1SwBe39s14c8mfWcUQsKjK,BOUNDS
3AUumYUinBd97pv_Bis1wT,3dlwn49Tr1_8rQvMbSI6nC,BOUNDS
3AUumYUinBd97pv_Bis1wT,3dlwn49Tr1_8rQvMbSI6nC,BOUNDS
3AUumYUinBd97pv_Bis1wT,29IjMBpw507frXl36PwtUx,BOUNDS
3AUumYUinBd97pv_Bis1wT,29IjMBpw507frXl36PwtUx,BOUNDS
3AUumYUinBd97pv_Bis1wT,29IjMBpw507frXl36PwtUx,BOUNDS
3AUumYUinBd97pv_Bis1wT,29IjMBpw507frXl36PwtTS,BOUNDS
3AUumYUinBd97pv_Bis1tU,3lPIjeMLjASRxjE6gw6XVI,BOUNDS
3AUumYUinBd97pv_Bis1tU,0_30tDay5DSuL2ld9$1UZO,BOUNDS
3AUumYUinBd97pv_Bis1tS,1TgbqwUwn9te3sgF6st6oE,BOUNDS
3AUumYUinBd97pv_Bis1tU,3lPIjeMLjASRxjE6gw6XVG,BOUNDS
2VVtEPwZL6jPge0Fy0QYDy,29IjMBpw507frXl36PwtVy,BOUNDS
2VVtEPwZL6jPge0Fy0QYDy,29IjMBpw507frXl36PwtVy,BOUNDS
2VVtEPwZL6jPge0Fy0QYDy,2JH4bkKkX2AeigVl5N9K8f,BOUNDS
2VVtEPwZL6jPge0Fy0QYDy,2JH4bkKkX2AeigVl5N9K8j,BOUNDS
3AUumYUinBd97pv_Bis1tU,3lPIjeMLjASRxjE6gw6XUW,BOUNDS
3AUumYUinBd97pv_Bis1tU,3lPIjeMLjASRxjE6gw6XUX,BOUNDS
3AUumYUinBd97pv_Bis1tU,0_30tDay5DSuL2ld9$1UZO,BOUNDS
3AUumYUinBd97pv_Bis1tU,0_30tDay5DSuL2ld9$1Udv,BOUNDS
3AUumYUinBd97pv_Bis1tU,3lPIjeMLjASRxjE6gw6XVB,BOUNDS
3AUumYUinBd97pv_Bis1tU,3lPIjeMLjASRxjE6gw6XUr,BOUNDS
3AUumYUinBd97pv_Bis1tU,0_30tDay5DSuL2ld9$1UZO,BOUNDS
3AUumYUinBd97pv_Bis1tU,3lPIjeMLjASRxjE6gw6XVA,BOUNDS
3AUumYUinBd97pv_Bis1wP,3lPIjeMLjASRxjE6gw6XGP,BOUNDS
3AUumYUinBd97pv_Bis1wP,3lPIjeMLjASRxjE6gw6XGQ,BOUNDS
3AUumYUinBd97pv_Bis1wP,06tOzssZ9B4QVX5FaMC$RL,BOUNDS
3AUumYUinBd97pv_Bis1wP,3RyenZGC9CbOyK8eeC0DU5,BOUNDS
3AUumYUinBd97pv_Bis1tU,0_30tDay5DSuL2ld9$1UYL,BOUNDS
3AUumYUinBd97pv_Bis1tU,0_30tDay5DSuL2ld9$1UYL,BOUNDS
3AUumYUinBd97pv_Bis1tU,0_30tDay5DSuL2ld9$1UYT,BOUNDS
3AUumYUinBd97pv_Bis1tU,0_30tDay5DSuL2ld9$1UOH,BOUNDS
3AUumYUinBd97pv_Bis1us,2GgWZrkcr8gRh3WGdRTFKd,BOUNDS
3AUumYUinBd97pv_Bis1us,0_30tDay5DSuL2ld9$1Uab,BOUNDS
3AUumYUinBd97pv_Bis1us,0_30tDay5DSuL2ld9$1Uab,BOUNDS
3AUumYUinBd97pv_Bis1us,0_30tDay5DSuL2ld9$1UOL,BOUNDS
3AUumYUinBd97pv_Bis1wP,3lPIjeMLjASRxjE6gw6XUZ,BOUNDS
3AUumYUinBd97pv_Bis1wP,0_30tDay5DSuL2ld9$1UOr,BOUNDS
3AUumYUinBd97pv_Bis1wP,0_30tDay5DSuL2ld9$1UOr,BOUNDS
3AUumYUinBd97pv_Bis1wP,0_30tDay5DSuL2ld9$1UOr,BOUNDS
3AUumYUinBd97pv_Bis1wV,060B0Bfjv7MQEXwwmCVVew,BOUNDS
3AUumYUinBd97pv_Bis1wV,3RyenZGC9CbOyK8eeC0DU5,BOUNDS
3AUumYUinBd97pv_Bis1wV,29IjMBpw507frXl36PwtPZ,BOUNDS
3AUumYUinBd97pv_Bis1wV,060B0Bfjv7MQEXwwmCVVew,BOUNDS
3AUumYUinBd97pv_Bis1us,2GgWZrkcr8gRh3WGdRTFLX,BOUNDS
3AUumYUinBd97pv_Bis1us,0_30tDay5DSuL2ld9$1Udr,BOUNDS
3AUumYUinBd97pv_Bis1us,0_30tDay5DSuL2ld9$1Udr,BOUNDS
3AUumYUinBd97pv_Bis1us,2GgWZrkcr8gRh3WGdRTFM0,BOUNDS
3AUumYUinBd97pv_Bis1wP,0_30tDay5DSuL2ld9$1UYT,BOUNDS
3AUumYUinBd97pv_Bis1wP,0_30tDay5DSuL2ld9$1UOH,BOUNDS
3AUumYUinBd97pv_Bis1wP,0_30tDay5DSuL2ld9$1UYP,BOUNDS
3AUumYUinBd97pv_Bis1wP,0_30tDay5DSuL2ld9$1UYL,BOUNDS
3AUumYUinBd97pv_Bis1wV,29IjMBpw507frXl36PwtPt,BOUNDS
3AUumYUinBd97pv_Bis1wV,29IjMBpw507frXl36PwtPZ,BOUNDS
3AUumYUinBd97pv_Bis1wV,29IjMBpw507frXl36PwtOf,BOUNDS
3AUumYUinBd97pv_Bis1wV,29IjMBpw507frXl36PwtOf,BOUNDS
3AUumYUinBd97pv_Bis1tC,2lEcThmxvEUfh3TYCDfNYy,BOUNDS
3AUumYUinBd97pv_Bis1tC,2lEcThmxvEUfh3TYCDfNYy,BOUNDS
3AUumYUinBd97pv_Bis1tC,0_30tDay5DSuL2ld9$1UZO,BOUNDS
3AUumYUinBd97pv_Bis1tC,0_30tDay5DSuL2ld9$1UZO,BOUNDS
3AUumYUinBd97pv_Bis1wP,3lPIjeMLjASRxjE6gw6XVn,BOUNDS
3AUumYUinBd97pv_Bis1wP,3lPIjeMLjASRxjE6gw6XVn,BOUNDS
3AUumYUinBd97pv_Bis1wP,3lPIjeMLjASRxjE6gw6XVz,BOUNDS
3AUumYUinBd97pv_Bis1wP,06tOzssZ9B4QVX5FaMC$RL,BOUNDS
3AUumYUinBd97pv_Bis1t6,2wbXOb7YT1VhBGGVyrgcBp,BOUNDS
3AUumYUinBd97pv_Bis1t6,2lEcThmxvEUfh3TYCDfNYm,BOUNDS
3AUumYUinBd97pv_Bis1t6,0_30tDay5DSuL2ld9$1Uab,BOUNDS
3AUumYUinBd97pv_Bis1t6,2GgWZrkcr8gRh3WGdRTFLX,BOUNDS
3AUumYUinBd97pv_Bis1uo,060B0Bfjv7MQEXwwmCVVgx,BOUNDS
3AUumYUinBd97pv_Bis1uo,3RyenZGC9CbOyK8eeC0DU5,BOUNDS
3AUumYUinBd97pv_Bis1tC,0_30tDay5DSuL2ld9$1UbO,BOUNDS
3AUumYUinBd97pv_Bis1tC,2wbXOb7YT1VhBGGVyrgc8L,BOUNDS
3XyDTRMObBM8xNN20a6fQh,1TgbqwUwn9te3sgF6st6oE,BOUNDS
1Lzahvp1L8YfbOlsKbb4QH,18eJjezLr93eTsB1yzF66n,BOUNDS
3XyDTRMObBM8xNN20a6fQh,2uad3SNr9Abgez5Hopz97h,BOUNDS
3XyDTRMObBM8xNN20a6fQh,06tOzssZ9B4QVX5FaMC$RL,BOUNDS
3XyDTRMObBM8xNN20a6fQh,2uad3SNr9Abgez5Hopz96C,BOUNDS
3XyDTRMObBM8xNN20a6fQh,2uad3SNr9Abgez5Hopz96C,BOUNDS
3XyDTRMObBM8xNN20a6fQh,2uad3SNr9Abgez5Hopz968,BOUNDS
3XyDTRMObBM8xNN20a6fQh,2uad3SNr9Abgez5Hopz961,BOUNDS
3XyDTRMObBM8xNN20a6fQh,2uad3SNr9Abgez5Hopz965,BOUNDS
3XyDTRMObBM8xNN20a6fQh,2uad3SNr9Abgez5Hopz965,BOUNDS
3XyDTRMObBM8xNN20a6fQh,2uad3SNr9Abgez5Hopz97l,BOUNDS
3XyDTRMObBM8xNN20a6fQh,00gFGeCuDDpBDi0kTgjcvV,BOUNDS
3XyDTRMObBM8xNN20a6fQh,00gFGeCuDDpBDi0kTgjcvY,BOUNDS
3XyDTRMObBM8xNN20a6fQh,00gFGeCuDDpBDi0kTgjcvW,BOUNDS
3XyDTRMObBM8xNN20a6fQh,18eJjezLr93eTsB1yzF67R,BOUNDS
2VVtEPwZL6jPge0Fy0QYDy,2_FCaLmfj6yAPasaU47QdD,BOUNDS
2VVtEPwZL6jPge0Fy0QYDy,29IjMBpw507frXl36PwtSa,BOUNDS
2VVtEPwZL6jPge0Fy0QYDy,29IjMBpw507frXl36PwtRY,BOUNDS
2VVtEPwZL6jPge0Fy0QYDy,29IjMBpw507frXl36PwtSa,BOUNDS
2VVtEPwZL6jPge0Fy0QYDy,29IjMBpw507frXl36PwtSa,BOUNDS
3AUumYUinBd97pv_Bis1t2,2GgWZrkcr8gRh3WGdRTFL$,BOUNDS
3AUumYUinBd97pv_Bis1t2,0_30tDay5DSuL2ld9$1UYf,BOUNDS
3AUumYUinBd97pv_Bis1t2,0_30tDay5DSuL2ld9$1UYH,BOUNDS
3AUumYUinBd97pv_Bis1t2,0_30tDay5DSuL2ld9$1UYL,BOUNDS
3AUumYUinBd97pv_Bis1t2,0_30tDay5DSuL2ld9$1UYP,BOUNDS
3AUumYUinBd97pv_Bis1t2,3lPIjeMLjASRxjE6gw6XVn,BOUNDS
3AUumYUinBd97pv_Bis1t2,3lPIjeMLjASRxjE6gw6XVn,BOUNDS
3AUumYUinBd97pv_Bis1t2,0_30tDay5DSuL2ld9$1UYP,BOUNDS
3AUumYUinBd97pv_Bis1t2,06tOzssZ9B4QVX5FaMC$RL,BOUNDS
3AUumYUinBd97pv_Bis1t2,3RyenZGC9CbOyK8eeC0DU5,BOUNDS
3AUumYUinBd97pv_Bis1tS,060B0Bfjv7MQEXwwmCVVgx,BOUNDS
3AUumYUinBd97pv_Bis1tS,0_30tDay5DSuL2ld9$1UYf,BOUNDS
3AUumYUinBd97pv_Bis1tS,060B0Bfjv7MQEXwwmCVVgx,BOUNDS
3AUumYUinBd97pv_Bis1tS,1EKlTSJ$L9JAy5UDUCbgx7,BOUNDS
3AUumYUinBd97pv_Bis1tS,06tOzssZ9B4QVX5FaMC$RL,BOUNDS
3AUumYUinBd97pv_Bis1tS,0_30tDay5DSuL2ld9$1UYj,BOUNDS
3AUumYUinBd97pv_Bis1t6,3RyenZGC9CbOyK8eeC0DU5,BOUNDS
3AUumYUinBd97pv_Bis1t0,2GgWZrkcr8gRh3WGdRTFNF,BOUNDS
3AUumYUinBd97pv_Bis1t6,2GgWZrkcr8gRh3WGdRTFKd,BOUNDS
3AUumYUinBd97pv_Bis1t6,0_30tDay5DSuL2ld9$1Udr,BOUNDS
3AUumYUinBd97pv_Bis1t0,0_30tDay5DSuL2ld9$1Udj,BOUNDS
3AUumYUinBd97pv_Bis1t0,3lPIjeMLjASRxjE6gw6XUd,BOUNDS
3AUumYUinBd97pv_Bis1t0,0_30tDay5DSuL2ld9$1Udf,BOUNDS
3AUumYUinBd97pv_Bis1t0,2GgWZrkcr8gRh3WGdRTFNF,BOUNDS
3AUumYUinBd97pv_Bis1t0,0_30tDay5DSuL2ld9$1UbO,BOUNDS
3AUumYUinBd97pv_Bis1t0,2GgWZrkcr8gRh3WGdRTFNN,BOUNDS
3AUumYUinBd97pv_Bis1t0,2wbXOb7YT1VhBGGVyrgc8L,BOUNDS
3AUumYUinBd97pv_Bis1t0,2lEcThmxvEUfh3TYCDfNYy,BOUNDS
3AUumYUinBd97pv_Bis1t2,0_30tDay5DSuL2ld9$1UYj,BOUNDS
3AUumYUinBd97pv_Bis1t2,06tOzssZ9B4QVX5FaMC$RL,BOUNDS
3AUumYUinBd97pv_Bis1t0,3RyenZGC9CbOyK8eeC0DU5,BOUNDS
3AUumYUinBd97pv_Bis1t0,0_30tDay5DSuL2ld9$1Udn,BOUNDS
3AUumYUinBd97pv_Bis1tU,0_30tDay5DSuL2ld9$1UYH,BOUNDS
3AUumYUinBd97pv_Bis1tU,2GgWZrkcr8gRh3WGdRTFL$,BOUNDS
3AUumYUinBd97pv_Bis1tU,0_30tDay5DSuL2ld9$1UYf,BOUNDS
3AUumYUinBd97pv_Bis1tU,0_30tDay5DSuL2ld9$1UYf,BOUNDS
3AUumYUinBd97pv_Bis1tU,060B0Bfjv7MQEXwwmCVVgx,BOUNDS
3AUumYUinBd97pv_Bis1tU,3RyenZGC9CbOyK8eeC0DU5,BOUNDS
2VVtEPwZL6jPge0Fy0QYDy,060B0Bfjv7MQEXwwmCVVew,BOUNDS
2VVtEPwZL6jPge0Fy0QYDy,060B0Bfjv7MQEXwwmCVVew,BOUNDS
2VVtEPwZL6jPge0Fy0QYDy,2GgWZrkcr8gRh3WGdRTF9J,BOUNDS
2VVtEPwZL6jPge0Fy0QYDy,2JH4bkKkX2AeigVl5N9K8v,BOUNDS
2VVtEPwZL6jPge0Fy0QYDy,2JH4bkKkX2AeigVl5N9K8b,BOUNDS
2VVtEPwZL6jPge0Fy0QYDy,2JH4bkKkX2AeigVl5N9K8X,BOUNDS
1Lzahvp1L8YfbOlsKbb4QH,1EKlTSJ$L9JAy5UDUCbg5B,BOUNDS
1Lzahvp1L8YfbOlsKbb4QH,1sQaMmqjv8FA5M37GPCYQJ,BOUNDS
1Lzahvp1L8YfbOlsKbb4QH,1EKlTSJ$L9JAy5UDUCbg5A,BOUNDS
1Lzahvp1L8YfbOlsKbb4QH,1EKlTSJ$L9JAy5UDUCbg5C,BOUNDS
1Lzahvp1L8YfbOlsKbb4QH,04n55fjcH7dhzxSRcFV9eu,BOUNDS
1Lzahvp1L8YfbOlsKbb4QH,1TgbqwUwn9te3sgF6st6oE,BOUNDS
1Lzahvp1L8YfbOlsKbb4QH,35ZMaE2hL45QaxEnc01C1z,BOUNDS
1Lzahvp1L8YfbOlsKbb4QH,35ZMaE2hL45QaxEnc01C1z,BOUNDS
1Lzahvp1L8YfbOlsKbb4QH,1JGhw2zk51zAYaF_QLitr9,BOUNDS
1Lzahvp1L8YfbOlsKbb4QH,35ZMaE2hL45QaxEnc01C1_,BOUNDS
1Lzahvp1L8YfbOlsKbb4QH,00gFGeCuDDpBDi0kTgjc$9,BOUNDS
1Lzahvp1L8YfbOlsKbb4QH,3nu8rI2DL8vQJoBLNbLeku,BOUNDS
1Lzahvp1L8YfbOlsKbb4TV,0X1wHV4nrA8uiSsPPxtUmo,BOUNDS
1Lzahvp1L8YfbOlsKbb4TV,3CD6atCC54zwk8sRAXCKbL,BOUNDS
1Lzahvp1L8YfbOlsKbb4QV,04n55fjcH7dhzxSRcFV9eu,BOUNDS
1Lzahvp1L8YfbOlsKbb4QV,1JGhw2zk51zAYaF_QLitr9,BOUNDS
2VVtEPwZL6jPge0Fy0QYDy,29IjMBpw507frXl36PwtT$,BOUNDS
2VVtEPwZL6jPge0Fy0QYDy,29IjMBpw507frXl36PwtT$,BOUNDS
2VVtEPwZL6jPge0Fy0QYDy,29IjMBpw507frXl36PwtT$,BOUNDS
2VVtEPwZL6jPge0Fy0QYDy,29IjMBpw507frXl36PwtT$,BOUNDS
2VVtEPwZL6jPge0Fy0QYDy,29IjMBpw507frXl36PwtT$,BOUNDS
2VVtEPwZL6jPge0Fy0QYDy,29IjMBpw507frXl36PwtT$,BOUNDS
2VVtEPwZL6jPge0Fy0QYDy,29IjMBpw507frXl36PwtT$,BOUNDS
2VVtEPwZL6jPge0Fy0QYDy,29IjMBpw507frXl36PwtT$,BOUNDS
2VVtEPwZL6jPge0Fy0QYDy,29IjMBpw507frXl36PwtSa,BOUNDS
2VVtEPwZL6jPge0Fy0QYDy,29IjMBpw507frXl36PwtSa,BOUNDS
2VVtEPwZL6jPge0Fy0QYDy,29IjMBpw507frXl36PwtSa,BOUNDS
2VVtEPwZL6jPge0Fy0QYDy,29IjMBpw507frXl36PwtSa,BOUNDS
1Lzahvp1L8YfbOlsKbb4QH,00gFGeCuDDpBDi0kTgjc$7,BOUNDS
1Lzahvp1L8YfbOlsKbb4QH,18eJjezLr93eTsB1yzF61o,BOUNDS
1Lzahvp1L8YfbOlsKbb4QH,1JGhw2zk51zAYaF_QLitr9,BOUNDS
1Lzahvp1L8YfbOlsKbb4QH,3nu8rI2DL8vQJoBLNbLekv,BOUNDS
2VVtEPwZL6jPge0Fy0QYDy,29IjMBpw507frXl36PwtUx,BOUNDS
2VVtEPwZL6jPge0Fy0QYDy,29IjMBpw507frXl36PwtUx,BOUNDS
2VVtEPwZL6jPge0Fy0QYDy,29IjMBpw507frXl36PwtUx,BOUNDS
2VVtEPwZL6jPge0Fy0QYDy,29IjMBpw507frXl36PwtUx,BOUNDS
2VVtEPwZL6jPge0Fy0QYDy,29IjMBpw507frXl36PwtTS,BOUNDS
2VVtEPwZL6jPge0Fy0QYDy,29IjMBpw507frXl36PwtTS,BOUNDS
2VVtEPwZL6jPge0Fy0QYDy,29IjMBpw507frXl36PwtUx,BOUNDS
2VVtEPwZL6jPge0Fy0QYDy,29IjMBpw507frXl36PwtUx,BOUNDS
2VVtEPwZL6jPge0Fy0QYDy,29IjMBpw507frXl36PwtTS,BOUNDS
2VVtEPwZL6jPge0Fy0QYDy,29IjMBpw507frXl36PwtTS,BOUNDS
2VVtEPwZL6jPge0Fy0QYDy,29IjMBpw507frXl36PwtTS,BOUNDS
2VVtEPwZL6jPge0Fy0QYDy,29IjMBpw507frXl36PwtTS,BOUNDS
2VVtEPwZL6jPge0Fy0QYDy,29IjMBpw507frXl36PwtT$,BOUNDS
2VVtEPwZL6jPge0Fy0QYDy,29IjMBpw507frXl36PwtTS,BOUNDS
2VVtEPwZL6jPge0Fy0QYDy,29IjMBpw507frXl36PwtTS,BOUNDS
2VVtEPwZL6jPge0Fy0QYDy,29IjMBpw507frXl36PwtTS,BOUNDS
1Lzahvp1L8YfbOlsKbb4QH,00gFGeCuDDpBDi0kTgjcuA,BOUNDS
1Lzahvp1L8YfbOlsKbb4QH,00gFGeCuDDpBDi0kTgjcuC,BOUNDS
1Lzahvp1L8YfbOlsKbb4QH,00gFGeCuDDpBDi0kTgjcu9,BOUNDS
1Lzahvp1L8YfbOlsKbb4QH,18eJjezLr93eTsB1yzF66b,BOUNDS
1Lzahvp1L8YfbOlsKbb4QH,00gFGeCuDDpBDi0kTgjcuU,BOUNDS
1Lzahvp1L8YfbOlsKbb4QH,00gFGeCuDDpBDi0kTgjcuW,BOUNDS
1Lzahvp1L8YfbOlsKbb4QH,00gFGeCuDDpBDi0kTgjcuT,BOUNDS
1Lzahvp1L8YfbOlsKbb4QH,18eJjezLr93eTsB1yzF66F,BOUNDS
1Lzahvp1L8YfbOlsKbb4QH,00gFGeCuDDpBDi0kTgjcuq,BOUNDS
1Lzahvp1L8YfbOlsKbb4QH,00gFGeCuDDpBDi0kTgjcus,BOUNDS
1Lzahvp1L8YfbOlsKbb4QH,00gFGeCuDDpBDi0kTgjcup,BOUNDS
1Lzahvp1L8YfbOlsKbb4QH,1EKlTSJ$L9JAy5UDUCbg4c,BOUNDS
2VVtEPwZL6jPge0Fy0QYDy,29IjMBpw507frXl36PwtUx,BOUNDS
2VVtEPwZL6jPge0Fy0QYDy,29IjMBpw507frXl36PwtVy,BOUNDS
2VVtEPwZL6jPge0Fy0QYDy,29IjMBpw507frXl36PwtVy,BOUNDS
2VVtEPwZL6jPge0Fy0QYDy,29IjMBpw507frXl36PwtVy,BOUNDS
2FO4B4LLz1S8ougO7Uoe2k,04n55fjcH7dhzxSRcFV9eu,BOUNDS
2FO4B4LLz1S8ougO7Uoe2k,1bKDksX1DBeBEUOB8Ab1eD,BOUNDS
2FO4B4LLz1S8ougO7Uoe2k,1bKDksX1DBeBEUOB8Ab1e3,BOUNDS
2FO4B4LLz1S8ougO7Uoe2k,1guDAeN0H0zPlf9ZUQ7YE5,BOUNDS
3z7Ak3TxPADudLbTYVxT7U,0_30tDay5DSuL2ld9$1UUz,BOUNDS
3z7Ak3TxPADudLbTYVxT7U,2_FCaLmfj6yAPasaU47QdD,BOUNDS
3z7Ak3TxPADudLbTYVxT7S,1sQaMmqjv8FA5M37GPCYKY,BOUNDS
3z7Ak3TxPADudLbTYVxT7S,0_30tDay5DSuL2ld9$1UUX,BOUNDS
2FO4B4LLz1S8ougO7Uoe2k,3BXEwjEIv1JPupppyWhAvw,BOUNDS
2FO4B4LLz1S8ougO7Uoe2k,0FOj8ytPH4yhrZKUXPE0wQ,BOUNDS
2FO4B4LLz1S8ougO7Uoe2k,04n55fjcH7dhzxSRcFV9eu,BOUNDS
2FO4B4LLz1S8ougO7Uoe2k,17boMUxhv77OhauBJIF6nt,BOUNDS
2FO4B4LLz1S8ougO7Uoe2k,1guDAeN0H0zPlf9ZUQ7YEU,BOUNDS
2FO4B4LLz1S8ougO7Uoe2k,1guDAeN0H0zPlf9ZUQ7YE5,BOUNDS
2FO4B4LLz1S8ougO7Uoe2k,1TgbqwUwn9te3sgF6st6mq,BOUNDS
3z7Ak3TxPADudLbTYVxT7U,0_30tDay5DSuL2ld9$1UTl,BOUNDS
1Lzahvp1L8YfbOlsKbb4QH,06tOzssZ9B4QVX5FaMC$RL,BOUNDS
1Lzahvp1L8YfbOlsKbb4QH,1sQaMmqjv8FA5M37GPCYQF,BOUNDS
1Lzahvp1L8YfbOlsKbb4QH,3L2ob2RfPCQRbpIvDuvSQ3,BOUNDS
1Lzahvp1L8YfbOlsKbb4QH,1sQaMmqjv8FA5M37GPCYQJ,BOUNDS
1Lzahvp1L8YfbOlsKbb4QH,0X1wHV4nrA8uiSsPPxtUn9,BOUNDS
1Lzahvp1L8YfbOlsKbb4QH,0X1wHV4nrA8uiSsPPxtUn5,BOUNDS
1Lzahvp1L8YfbOlsKbb4QH,06tOzssZ9B4QVX5FaMC$RL,BOUNDS
1Lzahvp1L8YfbOlsKbb4QH,1EKlTSJ$L9JAy5UDUCbgwF,BOUNDS
3z7Ak3TxPADudLbTYVxT7U,1sQaMmqjv8FA5M37GPCYKq,BOUNDS
3z7Ak3TxPADudLbTYVxT7U,0_30tDay5DSuL2ld9$1UP6,BOUNDS
3z7Ak3TxPADudLbTYVxT7U,0_30tDay5DSuL2ld9$1UUX,BOUNDS
3z7Ak3TxPADudLbTYVxT7U,0_30tDay5DSuL2ld9$1UUb,BOUNDS
1Lzahvp1L8YfbOlsKbb4QH,1EKlTSJ$L9JAy5UDUCbg5$,BOUNDS
1Lzahvp1L8YfbOlsKbb4QH,0X1wHV4nrA8uiSsPPxtUmJ,BOUNDS
1Lzahvp1L8YfbOlsKbb4QH,0X1wHV4nrA8uiSsPPxtUmJ,BOUNDS
1Lzahvp1L8YfbOlsKbb4QH,0X1wHV4nrA8uiSsPPxtUmJ,BOUNDS
1Lzahvp1L8YfbOlsKbb4QH,0X1wHV4nrA8uiSsPPxtUn1,BOUNDS
1Lzahvp1L8YfbOlsKbb4QH,0X1wHV4nrA8uiSsPPxtUn9,BOUNDS
1Lzahvp1L8YfbOlsKbb4QH,0X1wHV4nrA8uiSsPPxtUn1,BOUNDS
1Lzahvp1L8YfbOlsKbb4QH,0X1wHV4nrA8uiSsPPxtUn1,BOUNDS
1Lzahvp1L8YfbOlsKbb4QH,3dtNv9xLz1D8ToBkRp8cNi,BOUNDS
1Lzahvp1L8YfbOlsKbb4QH,04n55fjcH7dhzxSRcFV9eu,BOUNDS
1Lzahvp1L8YfbOlsKbb4QH,18eJjezLr93eTsB1yzF633,BOUNDS
1Lzahvp1L8YfbOlsKbb4QH,1EKlTSJ$L9JAy5UDUCbg4f,BOUNDS
1Lzahvp1L8YfbOlsKbb4QH,1EKlTSJ$L9JAy5UDUCbg5z,BOUNDS
1Lzahvp1L8YfbOlsKbb4QH,06tOzssZ9B4QVX5FaMC$RL,BOUNDS
1Lzahvp1L8YfbOlsKbb4QH,1EKlTSJ$L9JAy5UDUCbgwC,BOUNDS
1Lzahvp1L8YfbOlsKbb4QH,1EKlTSJ$L9JAy5UDUCbgwn,BOUNDS
1Lzahvp1L8YfbOlsKbb4QH,0X1wHV4nrA8uiSsPPxtUmg,BOUNDS
1Lzahvp1L8YfbOlsKbb4QH,0X1wHV4nrA8uiSsPPxtUmk,BOUNDS
1Lzahvp1L8YfbOlsKbb4QH,04n55fjcH7dhzxSRcFV9eu,BOUNDS
1Lzahvp1L8YfbOlsKbb4QH,1EKlTSJ$L9JAy5UDUCbg4U,BOUNDS
1Lzahvp1L8YfbOlsKbb4TV,0X1wHV4nrA8uiSsPPxtUmk,BOUNDS
1Lzahvp1L8YfbOlsKbb4TV,0X1wHV4nrA8uiSsPPxtUmg,BOUNDS
1Lzahvp1L8YfbOlsKbb4TV,18eJjezLr93eTsB1yzF63h,BOUNDS
1Lzahvp1L8YfbOlsKbb4TV,1EKlTSJ$L9JAy5UDUCbg41,BOUNDS
1Lzahvp1L8YfbOlsKbb4QV,35ZMaE2hL45QaxEnc01C1z,BOUNDS
1Lzahvp1L8YfbOlsKbb4QV,35ZMaE2hL45QaxEnc01C1z,BOUNDS
1Lzahvp1L8YfbOlsKbb4QV,35ZMaE2hL45QaxEnc01C1z,BOUNDS
1Lzahvp1L8YfbOlsKbb4QV,35ZMaE2hL45QaxEnc01C1_,BOUNDS
1Lzahvp1L8YfbOlsKbb4QH,3dtNv9xLz1D8ToBkRp8cNl,BOUNDS
1Lzahvp1L8YfbOlsKbb4QH,1EKlTSJ$L9JAy5UDUCbg4q,BOUNDS
1Lzahvp1L8YfbOlsKbb4QH,18eJjezLr93eTsB1yzF63S,BOUNDS
1Lzahvp1L8YfbOlsKbb4QH,1EKlTSJ$L9JAy5UDUCbg4r,BOUNDS
1Lzahvp1L8YfbOlsKbb4TV,3CD6atCC54zwk8sRAXCKbL,BOUNDS
1Lzahvp1L8YfbOlsKbb4TV,0X1wHV4nrA8uiSsPPxtUmo,BOUNDS
1Lzahvp1L8YfbOlsKbb4TV,0X1wHV4nrA8uiSsPPxtUmk,BOUNDS
1Lzahvp1L8YfbOlsKbb4TV,0X1wHV4nrA8uiSsPPxtUmk,BOUNDS
0veb4ci815IeytAwS4_unJ,2jzBBNhz9A2gVReR_XMj4D,BOUNDS
0veb4ci815IeytAwS4_unJ,2jzBBNhz9A2gVReR_XMj4C,BOUNDS
0veb4ci815IeytAwS4_unJ,2jzBBNhz9A2gVReR_XMj4C,BOUNDS
0veb4ci815IeytAwS4_unJ,2jzBBNhz9A2gVReR_XMj4F,BOUNDS
0veb4ci815IeytAwS4_unP,35ZMaE2hL45QaxEnc01C1e,BOUNDS
0veb4ci815IeytAwS4_unP,35ZMaE2hL45QaxEnc01C1e,BOUNDS
0veb4ci815IeytAwS4_unP,35ZMaE2hL45QaxEnc01C1e,BOUNDS
0veb4ci815IeytAwS4_unP,35ZMaE2hL45QaxEnc01C1l,BOUNDS
0veb4ci815IeytAwS4_unP,35ZMaE2hL45QaxEnc01CK$,BOUNDS
0veb4ci815IeytAwS4_unP,35ZMaE2hL45QaxEnc01C1h,BOUNDS
0veb4ci815IeytAwS4_unP,35ZMaE2hL45QaxEnc01C1_,BOUNDS
0veb4ci815IeytAwS4_unP,1JGhw2zk51zAYaF_QLitr9,BOUNDS
0veb4ci815IeytAwS4_unV,18eJjezLr93eTsB1yzF633,BOUNDS
0veb4ci815IeytAwS4_unV,1EKlTSJ$L9JAy5UDUCbg4c,BOUNDS
0veb4ci815IeytAwS4_unP,1TgbqwUwn9te3sgF6st6mq,BOUNDS
0veb4ci815IeytAwS4_unP,1JGhw2zk51zAYaF_QLitr9,BOUNDS
0veb4ci815IeytAwS4_unV,35ZMaE2hL45QaxEnc01C1g,BOUNDS
0veb4ci815IeytAwS4_unV,35ZMaE2hL45QaxEnc01C1h,BOUNDS
0veb4ci815IeytAwS4_unV,35ZMaE2hL45QaxEnc01C1h,BOUNDS
0veb4ci815IeytAwS4_unV,04n55fjcH7dhzxSRcFV9eu,BOUNDS
0veb4ci815IeytAwS4_unJ,2jzBBNhz9A2gVReR_XMj47,BOUNDS
0veb4ci815IeytAwS4_unT,1TgbqwUwn9te3sgF6st6mq,BOUNDS
0veb4ci815IeytAwS4_unJ,2jzBBNhz9A2gVReR_XMj47,BOUNDS
0veb4ci815IeytAwS4_unJ,2jzBBNhz9A2gVReR_XMj4D,BOUNDS
0veb4ci815IeytAwS4_unT,35ZMaE2hL45QaxEnc01C1_,BOUNDS
0veb4ci815IeytAwS4_unT,35ZMaE2hL45QaxEnc01C1z,BOUNDS
0veb4ci815IeytAwS4_unT,04n55fjcH7dhzxSRcFV9eu,BOUNDS
0veb4ci815IeytAwS4_unT,1JGhw2zk51zAYaF_QLitr9,BOUNDS
0veb4ci815IeytAwS4_unJ,1EKlTSJ$L9JAy5UDUCbg41,BOUNDS
0veb4ci815IeytAwS4_unJ,18eJjezLr93eTsB1yzF63h,BOUNDS
0veb4ci815IeytAwS4_unJ,04n55fjcH7dhzxSRcFV9eu,BOUNDS
0veb4ci815IeytAwS4_unJ,3E9g1pNln6BxCZLu6RE62T,BOUNDS
0veb4ci815IeytAwS4_unH,00gFGeCuDDpBDi0kTgjcuU,BOUNDS
0veb4ci815IeytAwS4_unH,00gFGeCuDDpBDi0kTgjcuW,BOUNDS
0veb4ci815IeytAwS4_unH,35ZMaE2hL45QaxEnc01C1f,BOUNDS
0veb4ci815IeytAwS4_unH,35ZMaE2hL45QaxEnc01C1G,BOUNDS
0veb4ci815IeytAwS4_unV,35ZMaE2hL45QaxEnc01C1h,BOUNDS
0veb4ci815IeytAwS4_unV,35ZMaE2hL45QaxEnc01C1g,BOUNDS
0veb4ci815IeytAwS4_unV,35ZMaE2hL45QaxEnc01C1h,BOUNDS
0veb4ci815IeytAwS4_unV,35ZMaE2hL45QaxEnc01CK$,BOUNDS
0veb4ci815IeytAwS4_unV,35ZMaE2hL45QaxEnc01C1e,BOUNDS
0veb4ci815IeytAwS4_unV,35ZMaE2hL45QaxEnc01C1l,BOUNDS
0veb4ci815IeytAwS4_unV,00gFGeCuDDpBDi0kTgjcus,BOUNDS
0veb4ci815IeytAwS4_unV,00gFGeCuDDpBDi0kTgjcuq,BOUNDS
0veb4ci815IeytAwS4_unT,35ZMaE2hL45QaxEnc01C1h,BOUNDS
0veb4ci815IeytAwS4_unT,35ZMaE2hL45QaxEnc01C1g,BOUNDS
0veb4ci815IeytAwS4_unT,35ZMaE2hL45QaxEnc01C1z,BOUNDS
0veb4ci815IeytAwS4_unV,1TgbqwUwn9te3sgF6st6mq,BOUNDS
0veb4ci815IeytAwS4_unH,2jzBBNhz9A2gVReR_XMj4C,BOUNDS
0veb4ci815IeytAwS4_unH,2jzBBNhz9A2gVReR_XMj4J,BOUNDS
0veb4ci815IeytAwS4_unH,2jzBBNhz9A2gVReR_XMj4J,BOUNDS
0veb4ci815IeytAwS4_unH,2jzBBNhz9A2gVReR_XMj4J,BOUNDS
0veb4ci815IeytAwS4_unH,2jzBBNhz9A2gVReR_XMj4H,BOUNDS
0veb4ci815IeytAwS4_unH,2jzBBNhz9A2gVReR_XMj4H,BOUNDS
0veb4ci815IeytAwS4_unH,06tOzssZ9B4QVX5FaMC$RL,BOUNDS
0veb4ci815IeytAwS4_unH,2jzBBNhz9A2gVReR_XMj4G,BOUNDS
0veb4ci815IeytAwS4_unH,1EKlTSJ$L9JAy5UDUCbgwn,BOUNDS
0veb4ci815IeytAwS4_unH,1EKlTSJ$L9JAy5UDUCbgwF,BOUNDS
0veb4ci815IeytAwS4_unH,06tOzssZ9B4QVX5FaMC$RL,BOUNDS
0veb4ci815IeytAwS4_unH,1EKlTSJ$L9JAy5UDUCbgwC,BOUNDS
0veb4ci815IeytAwS4_unH,1EKlTSJ$L9JAy5UDUCbg5$,BOUNDS
0veb4ci815IeytAwS4_unH,1EKlTSJ$L9JAy5UDUCbg5z,BOUNDS
0veb4ci815IeytAwS4_unH,18eJjezLr93eTsB1yzF66b,BOUNDS
0veb4ci815IeytAwS4_unH,35ZMaE2hL45QaxEnc01C1f,BOUNDS
0veb4ci815IeytAwS4_unH,00gFGeCuDDpBDi0kTgjcuC,BOUNDS
0veb4ci815IeytAwS4_unH,00gFGeCuDDpBDi0kTgjcuA,BOUNDS
0veb4ci815IeytAwS4_unH,18eJjezLr93eTsB1yzF66n,BOUNDS
0veb4ci815IeytAwS4_unJ,1TgbqwUwn9te3sgF6st6mq,BOUNDS
20HMQI6NzFSgRAoTxPunNz,2jzBBNhz9A2gVReR_XMj4J,BOUNDS
20HMQI6NzFSgRAoTxPunNz,2jzBBNhz9A2gVReR_XMj4J,BOUNDS
20HMQI6NzFSgRAoTxPunNz,2jzBBNhz9A2gVReR_XMj4J,BOUNDS
20HMQI6NzFSgRAoTxPunNz,18eJjezLr93eTsB1yzF67B,BOUNDS
0veb4ci815IeytAwS4_unH,2jzBBNhz9A2gVReR_XMj4F,BOUNDS
0veb4ci815IeytAwS4_unH,1EKlTSJ$L9JAy5UDUCbg4U,BOUNDS
0veb4ci815IeytAwS4_unH,04n55fjcH7dhzxSRcFV9eu,BOUNDS
0veb4ci815IeytAwS4_unH,3E9g1pNln6BxCZLu6RE63g,BOUNDS
0veb4ci815IeytAwS4_unH,1EKlTSJ$L9JAy5UDUCbg4q,BOUNDS
0veb4ci815IeytAwS4_unH,18eJjezLr93eTsB1yzF63S,BOUNDS
0veb4ci815IeytAwS4_unH,1EKlTSJ$L9JAy5UDUCbg4r,BOUNDS
0veb4ci815IeytAwS4_unH,00gFGeCuDDpBDi0kTgjcu9,BOUNDS
20HMQI6NzFSgRAoTxPunNz,0I89kxcfn5aPoCoZL7raeg,BOUNDS
20HMQI6NzFSgRAoTxPunNz,0FOj8ytPH4yhrZKUXPE0qb,BOUNDS
20HMQI6NzFSgRAoTxPunNz,0yHhiOk7b8IBVHQCqr$Qx3,BOUNDS
20HMQI6NzFSgRAoTxPunNz,0I89kxcfn5aPoCoZL7raeg,BOUNDS
20HMQI6NzFSgRAoTxPunNz,00gFGeCuDDpBDi0kTgjcv9,BOUNDS
20HMQI6NzFSgRAoTxPunNz,0FOj8ytPH4yhrZKUXPE0qb,BOUNDS
20HMQI6NzFSgRAoTxPunNz,0FOj8ytPH4yhrZKUXPE0qb,BOUNDS
20HMQI6NzFSgRAoTxPunNz,0FOj8ytPH4yhrZKUXPE0qb,BOUNDS
20HMQI6NzFSgRAoTxPunNz,1EKlTSJ$L9JAy5UDUCbgwa,BOUNDS
20HMQI6NzFSgRAoTxPunNz,0C9A9EI_X9XPTyUttRuLLe,BOUNDS
20HMQI6NzFSgRAoTxPunNz,06tOzssZ9B4QVX5FaMC$RL,BOUNDS
20HMQI6NzFSgRAoTxPunNz,1EKlTSJ$L9JAy5UDUCbgwZ,BOUNDS
20HMQI6NzFSgRAoTxPunNz,1EKlTSJ$L9JAy5UDUCbgx8,BOUNDS
20HMQI6NzFSgRAoTxPunNz,1EKlTSJ$L9JAy5UDUCbgx6,BOUNDS
20HMQI6NzFSgRAoTxPunNz,0C9A9EI_X9XPTyUttRuLLo,BOUNDS
20HMQI6NzFSgRAoTxPunNz,0C9A9EI_X9XPTyUttRuLLm,BOUNDS
0veb4ci815IeytAwS4_unH,04n55fjcH7dhzxSRcFV9eu,BOUNDS
0veb4ci815IeytAwS4_unH,3E9g1pNln6BxCZLu6RE63p,BOUNDS
0veb4ci815IeytAwS4_unH,35ZMaE2hL45QaxEnc01C1I,BOUNDS
0veb4ci815IeytAwS4_unH,35ZMaE2hL45QaxEnc01C1H,BOUNDS
2PmAyYbG12EwUp7XTXyRd5,1Z_7EjX0vD8ePhxcMX5I3Q,BOUNDS
2PmAyYbG12EwUp7XTXyRd5,1Z_7EjX0vD8ePhxcMX5I0e,BOUNDS
2PmAyYbG12EwUp7XTXyRd5,1ZSClU8aj9DA2cLrK85veG,BOUNDS
2PmAyYbG12EwUp7XTXyRd5,1Z_7EjX0vD8ePhxcMX5I3M,BOUNDS
20HMQI6NzFSgRAoTxPunNz,00gFGeCuDDpBDi0kTgjcvC,BOUNDS
20HMQI6NzFSgRAoTxPunNz,00gFGeCuDDpBDi0kTgjcvA,BOUNDS
20HMQI6NzFSgRAoTxPunNz,18eJjezLr93eTsB1yzF67n,BOUNDS
20HMQI6NzFSgRAoTxPunNz,00gFGeCuDDpBDi0kTgjcwv,BOUNDS
20HMQI6NzFSgRAoTxPunNz,00gFGeCuDDpBDi0kTgjcwy,BOUNDS
20HMQI6NzFSgRAoTxPunNz,00gFGeCuDDpBDi0kTgjcww,BOUNDS
20HMQI6NzFSgRAoTxPunNz,18eJjezLr93eTsB1yzF641,BOUNDS
0veb4ci815IeytAwS4_unH,1TgbqwUwn9te3sgF6st6mq,BOUNDS
2PmAyYbG12EwUp7XTXyRd1,0I89kxcfn5aPoCoZL7raiB,BOUNDS
2PmAyYbG12EwUp7XTXyRd1,0I89kxcfn5aPoCoZL7rai9,BOUNDS
2PmAyYbG12EwUp7XTXyRd1,0yHhiOk7b8IBVHQCqr$Qx3,BOUNDS
2PmAyYbG12EwUp7XTXyRd1,0yHhiOk7b8IBVHQCqr$Qx3,BOUNDS
2PmAyYbG12EwUp7XTXyRdD,1Z_7EjX0vD8ePhxcMX5I3H,BOUNDS
2PmAyYbG12EwUp7XTXyRdD,1Z_7EjX0vD8ePhxcMX5I0h,BOUNDS
2PmAyYbG12EwUp7XTXyRdD,3pCu8LCZv1IhQ$jfb$w0G$,BOUNDS
2PmAyYbG12EwUp7XTXyRdD,1ZSClU8aj9DA2cLrK85veG,BOUNDS
2PmAyYbG12EwUp7XTXyRd5,3pCu8LCZv1IhQ$jfb$w0G$,BOUNDS
2PmAyYbG12EwUp7XTXyRd1,2yMGZYWe52bPtRRTVguezz,BOUNDS
2PmAyYbG12EwUp7XTXyRd1,2yMGZYWe52bPtRRTVguezz,BOUNDS
2PmAyYbG12EwUp7XTXyRd1,2yMGZYWe52bPtRRTVguezz,BOUNDS
2PmAyYbG12EwUp7XTXyRd1,2yMGZYWe52bPtRRTVguezz,BOUNDS
2PmAyYbG12EwUp7XTXyRd1,2yMGZYWe52bPtRRTVguezz,BOUNDS
2PmAyYbG12EwUp7XTXyRd1,0I89kxcfn5aPoCoZL7raiD,BOUNDS
2PmAyYbG12EwUp7XTXyRd1,0I89kxcfn5aPoCoZL7raiA,BOUNDS
2PmAyYbG12EwUp7XTXyRd9,1ZSClU8aj9DA2cLrK85veG,BOUNDS
2PmAyYbG12EwUp7XTXyRd9,1Z_7EjX0vD8ePhxcMX5I0e,BOUNDS
2PmAyYbG12EwUp7XTXyRd9,1Z_7EjX0vD8ePhxcMX5I35,BOUNDS
2PmAyYbG12EwUp7XTXyRd9,1Z_7EjX0vD8ePhxcMX5I3H,BOUNDS
2PmAyYbG12EwUp7XTXyRd9,1Z_7EjX0vD8ePhxcMX5I34,BOUNDS
2PmAyYbG12EwUp7XTXyRd9,2yMGZYWe52bPtRRTVguezZ,BOUNDS
2PmAyYbG12EwUp7XTXyRd9,2yMGZYWe52bPtRRTVguezz,BOUNDS
2PmAyYbG12EwUp7XTXyRd9,2yMGZYWe52bPtRRTVguezy,BOUNDS
2PmAyYbG12EwUp7XTXyRd1,10xymLOUbEJQViGYNPNlUc,BOUNDS
2PmAyYbG12EwUp7XTXyRd1,10xymLOUbEJQViGYNPNlUX,BOUNDS
2PmAyYbG12EwUp7XTXyRd1,10xymLOUbEJQViGYNPNlUW,BOUNDS
2PmAyYbG12EwUp7XTXyRd1,10xymLOUbEJQViGYNPNlUZ,BOUNDS
2PmAyYbG12EwUp7XTXyRd5,2yMGZYWe52bPtRRTVguezy,BOUNDS
2PmAyYbG12EwUp7XTXyRd5,2yMGZYWe52bPtRRTVguezz,BOUNDS
2PmAyYbG12EwUp7XTXyRd5,2yMGZYWe52bPtRRTVgue$L,BOUNDS
2PmAyYbG12EwUp7XTXyRd9,3pCu8LCZv1IhQ$jfb$w0G$,BOUNDS
2PmAyYbG12EwUp7XTXyRd1,3pCu8LCZv1IhQ$jfb$w0G$,BOUNDS
2PmAyYbG12EwUp7XTXyRd1,0s8ykGtmvFURUfp3D26b4M,BOUNDS
2PmAyYbG12EwUp7XTXyReN,1bKDksX1DBeBEUOB8Ab1g1,BOUNDS
2PmAyYbG12EwUp7XTXyReN,1bKDksX1DBeBEUOB8Ab1g7,BOUNDS
2PmAyYbG12EwUp7XTXyRd1,10xymLOUbEJQViGYNPNlVT,BOUNDS
2PmAyYbG12EwUp7XTXyRd1,10xymLOUbEJQViGYNPNlUY,BOUNDS
2PmAyYbG12EwUp7XTXyRd1,10xymLOUbEJQViGYNPNlVV,BOUNDS
2PmAyYbG12EwUp7XTXyRd1,10xymLOUbEJQViGYNPNlVS,BOUNDS
2PmAyYbG12EwUp7XTXyRd1,0yHhiOk7b8IBVHQCqr$Qx3,BOUNDS
2PmAyYbG12EwUp7XTXyRd1,0yHhiOk7b8IBVHQCqr$Qx3,BOUNDS
2PmAyYbG12EwUp7XTXyRd1,0yHhiOk7b8IBVHQCqr$Qx3,BOUNDS
2PmAyYbG12EwUp7XTXyRd1,0yHhiOk7b8IBVHQCqr$Qx3,BOUNDS
2PmAyYbG12EwUp7XTXyReN,1EKlTSJ$L9JAy5UDUCbgx_,BOUNDS
2PmAyYbG12EwUp7XTXyReN,0yHhiOk7b8IBVHQCqr$Qx3,BOUNDS
2PmAyYbG12EwUp7XTXyReN,3a5krMuaH4FPRTncbK52UY,BOUNDS
2PmAyYbG12EwUp7XTXyReN,1EKlTSJ$L9JAy5UDUCbgxW,BOUNDS
2PmAyYbG12EwUp7XTXyRd1,10xymLOUbEJQViGYNPNlUh,BOUNDS
2PmAyYbG12EwUp7XTXyRd1,10xymLOUbEJQViGYNPNlUe,BOUNDS
2PmAyYbG12EwUp7XTXyRd1,10xymLOUbEJQViGYNPNlUf,BOUNDS
2PmAyYbG12EwUp7XTXyRd1,10xymLOUbEJQViGYNPNlUk,BOUNDS
2PmAyYbG12EwUp7XTXyRd1,10xymLOUbEJQViGYNPNlUl,BOUNDS
2PmAyYbG12EwUp7XTXyRd1,10xymLOUbEJQViGYNPNlUi,BOUNDS
2PmAyYbG12EwUp7XTXyRd1,10xymLOUbEJQViGYNPNlUj,BOUNDS
2PmAyYbG12EwUp7XTXyRd1,10xymLOUbEJQViGYNPNlUo,BOUNDS
2RulH$oivEaf9OVguchMuN,3$HMG0vJbDxw6O2Wzb$FL9,BOUNDS
2RulH$oivEaf9OVguchMuN,3$HMG0vJbDxw6O2Wzb$FL5,BOUNDS
2RulH$oivEaf9OVguchMuN,3$HMG0vJbDxw6O2Wzb$FL5,BOUNDS
2RulH$oivEaf9OVguchMuN,3$HMG0vJbDxw6O2Wzb$FKv,BOUNDS
2PmAyYbG12EwUp7XTXyRd1,10xymLOUbEJQViGYNPNlUd,BOUNDS
2PmAyYbG12EwUp7XTXyRd1,10xymLOUbEJQViGYNPNlUa,BOUNDS
2PmAyYbG12EwUp7XTXyRd1,10xymLOUbEJQViGYNPNlUb,BOUNDS
2PmAyYbG12EwUp7XTXyRd1,10xymLOUbEJQViGYNPNlUg,BOUNDS
2RulH$oivEaf9OVguchMuP,3$HMG0vJbDxw6O2Wzb$FKn,BOUNDS
2RulH$oivEaf9OVguchMuP,3$HMG0vJbDxw6O2Wzb$FKn,BOUNDS
2RulH$oivEaf9OVguchMuP,2H_RI8jSb9_fTdQufbyavc,BOUNDS
2RulH$oivEaf9OVguchMuP,3$HMG0vJbDxw6O2Wzb$FL9,BOUNDS
2RulH$oivEaf9OVguchMuN,3$HMG0vJbDxw6O2Wzb$FLD,BOUNDS
2RulH$oivEaf9OVguchMuN,2H_RI8jSb9_fTdQufbyawF,BOUNDS
2RulH$oivEaf9OVguchMuN,3$HMG0vJbDxw6O2Wzb$FLD,BOUNDS
2RulH$oivEaf9OVguchMuN,2H_RI8jSb9_fTdQufbyawF,BOUNDS
2PmAyYbG12EwUp7XTXyReN,1guDAeN0H0zPlf9ZUQ7YE5,BOUNDS
2PmAyYbG12EwUp7XTXyReN,1TgbqwUwn9te3sgF6st6rO,BOUNDS
2PmAyYbG12EwUp7XTXyReC,0I89kxcfn5aPoCoZL7rai8,BOUNDS
2PmAyYbG12EwUp7XTXyReC,3a5krMuaH4FPRTncbK52UZ,BOUNDS
2RulH$oivEaf9OVguchMuN,3$HMG0vJbDxw6O2Wzb$FKz,BOUNDS
2RulH$oivEaf9OVguchMuN,2H_RI8jSb9_fTdQufbyawF,BOUNDS
2RulH$oivEaf9OVguchMuN,3$HMG0vJbDxw6O2Wzb$FKz,BOUNDS
2RulH$oivEaf9OVguchMuN,2H_RI8jSb9_fTdQufbyawF,BOUNDS
2PmAyYbG12EwUp7XTXyReN,1guDAeN0H0zPlf9ZUQ7YE5,BOUNDS
2PmAyYbG12EwUp7XTXyReN,1guDAeN0H0zPlf9ZUQ7YEf,BOUNDS
2PmAyYbG12EwUp7XTXyReN,3a5krMuaH4FPRTncbK52UZ,BOUNDS
2PmAyYbG12EwUp7XTXyReN,3a5krMuaH4FPRTncbK52UY,BOUNDS
2PmAyYbG12EwUp7XTXyReC,1TgbqwUwn9te3sgF6st6rO,BOUNDS
2PmAyYbG12EwUp7XTXyReC,0yHhiOk7b8IBVHQCqr$Qx3,BOUNDS
2PmAyYbG12EwUp7XTXyReC,35BZjy3mH7Ou63rag5Xg_R,BOUNDS
2PmAyYbG12EwUp7XTXyReC,35BZjy3mH7Ou63rag5Xgnc,BOUNDS
2PmAyYbG12EwUp7XTXyReC,35BZjy3mH7Ou63rag5Xg_O,BOUNDS
2PmAyYbG12EwUp7XTXyReC,0yHhiOk7b8IBVHQCqr$Qx3,BOUNDS
2PmAyYbG12EwUp7XTXyReC,3a5krMuaH4FPRTncbK52UY,BOUNDS
2PmAyYbG12EwUp7XTXyReC,3a5krMuaH4FPRTncbK52UY,BOUNDS
2RulH$oivEaf9OVguchMvW,1JGhw2zk51zAYaF_QLitr9,BOUNDS
2RulH$oivEaf9OVguchMvW,1TgbqwUwn9te3sgF6st6mq,BOUNDS
2RulH$oivEaf9OVguchMvW,1TgbqwUwn9te3sgF6st6mq,BOUNDS
0veb4ci815IeytAwS4_unR,2jzBBNhz9A2gVReR_XMj4G,BOUNDS
2RulH$oivEaf9OVguchMvW,06tOzssZ9B4QVX5FaMC$RL,BOUNDS
2RulH$oivEaf9OVguchMvW,0veb4ci815IeytAwS4_uq9,BOUNDS
2RulH$oivEaf9OVguchMvW,06tOzssZ9B4QVX5FaMC$RL,BOUNDS
2RulH$oivEaf9OVguchMvW,06tOzssZ9B4QVX5FaMC$RL,BOUNDS
0veb4ci815IeytAwS4_unP,00gFGeCuDDpBDi0kTgjc$7,BOUNDS
0veb4ci815IeytAwS4_unP,18eJjezLr93eTsB1yzF61o,BOUNDS
0veb4ci815IeytAwS4_unP,3nu8rI2DL8vQJoBLNbLeko,BOUNDS
0veb4ci815IeytAwS4_unP,00gFGeCuDDpBDi0kTgjc$9,BOUNDS
0veb4ci815IeytAwS4_unR,2jzBBNhz9A2gVReR_XMj4E,BOUNDS
0veb4ci815IeytAwS4_unR,2jzBBNhz9A2gVReR_XMj4H,BOUNDS
0veb4ci815IeytAwS4_unR,06tOzssZ9B4QVX5FaMC$RL,BOUNDS
0veb4ci815IeytAwS4_unR,2jzBBNhz9A2gVReR_XMj4E,BOUNDS
2RulH$oivEaf9OVguchMuP,3$HMG0vJbDxw6O2Wzb$FKr,BOUNDS
2RulH$oivEaf9OVguchMuP,2H_RI8jSb9_fTdQufbyavc,BOUNDS
2RulH$oivEaf9OVguchMuP,3$HMG0vJbDxw6O2Wzb$FKr,BOUNDS
2RulH$oivEaf9OVguchMuP,3$HMG0vJbDxw6O2Wzb$FNS,BOUNDS
2RulH$oivEaf9OVguchMuP,2H_RI8jSb9_fTdQufbyavc,BOUNDS
2RulH$oivEaf9OVguchMuP,3$HMG0vJbDxw6O2Wzb$FL1,BOUNDS
2RulH$oivEaf9OVguchMuP,2H_RI8jSb9_fTdQufbyavc,BOUNDS
2RulH$oivEaf9OVguchMuP,3$HMG0vJbDxw6O2Wzb$FL1,BOUNDS
2RulH$oivEaf9OVguchMvW,35ZMaE2hL45QaxEnc01C1i,BOUNDS
2RulH$oivEaf9OVguchMvW,35ZMaE2hL45QaxEnc01C1J,BOUNDS
2RulH$oivEaf9OVguchMvW,35ZMaE2hL45QaxEnc01C1e,BOUNDS
2RulH$oivEaf9OVguchMvW,1EKlTSJ$L9JAy5UDUCbg5C,BOUNDS
2RulH$oivEaf9OVguchMvW,1EKlTSJ$L9JAy5UDUCbg5A,BOUNDS
2RulH$oivEaf9OVguchMvW,1EKlTSJ$L9JAy5UDUCbg5A,BOUNDS
2RulH$oivEaf9OVguchMvW,2RulH$oivEaf9OVguchMbq,BOUNDS
2RulH$oivEaf9OVguchMvW,2RulH$oivEaf9OVguchMbq,BOUNDS
3AUumYUinBd97pv_Bis1um,2GgWZrkcr8gRh3WGdRTFNf,BOUNDS
3AUumYUinBd97pv_Bis1um,0_30tDay5DSuL2ld9$1Udn,BOUNDS
3AUumYUinBd97pv_Bis1um,0_30tDay5DSuL2ld9$1UOH,BOUNDS
3AUumYUinBd97pv_Bis1um,3RyenZGC9CbOyK8eeC0DU5,BOUNDS
3AUumYUinBd97pv_Bis1uo,2wbXOb7YT1VhBGGVyrgcBp,BOUNDS
3AUumYUinBd97pv_Bis1uo,0_30tDay5DSuL2ld9$1Uab,BOUNDS
3AUumYUinBd97pv_Bis1uo,0_30tDay5DSuL2ld9$1UbO,BOUNDS
3AUumYUinBd97pv_Bis1uo,2lEcThmxvEUfh3TYCDfNYm,BOUNDS
3AUumYUinBd97pv_Bis1us,3RyenZGC9CbOyK8eeC0DU5,BOUNDS
3AUumYUinBd97pv_Bis1us,0_30tDay5DSuL2ld9$1UOL,BOUNDS
3AUumYUinBd97pv_Bis1um,2GgWZrkcr8gRh3WGdRTFNF,BOUNDS
3AUumYUinBd97pv_Bis1um,3lPIjeMLjASRxjE6gw6XUd,BOUNDS
3AUumYUinBd97pv_Bis1um,2GgWZrkcr8gRh3WGdRTFNF,BOUNDS
3AUumYUinBd97pv_Bis1um,0_30tDay5DSuL2ld9$1Udj,BOUNDS
3AUumYUinBd97pv_Bis1um,0_30tDay5DSuL2ld9$1Udn,BOUNDS
3AUumYUinBd97pv_Bis1um,0_30tDay5DSuL2ld9$1Udf,BOUNDS
3AUumYUinBd97pv_Bis1tC,060B0Bfjv7MQEXwwmCVVgx,BOUNDS
3AUumYUinBd97pv_Bis1tC,3RyenZGC9CbOyK8eeC0DU5,BOUNDS
3AUumYUinBd97pv_Bis1t6,2GgWZrkcr8gRh3WGdRTFNN,BOUNDS
3AUumYUinBd97pv_Bis1t6,0_30tDay5DSuL2ld9$1UbO,BOUNDS
3fu7gGPn12TvRub83GDe8G,0I89kxcfn5aPoCoZL7raWW,BOUNDS
3fu7gGPn12TvRub83GDe8G,0I89kxcfn5aPoCoZL7raWW,BOUNDS
3fu7gGPn12TvRub83GDe8G,0I89kxcfn5aPoCoZL7raWl,BOUNDS
3fu7gGPn12TvRub83GDe8G,0I89kxcfn5aPoCoZL7raWX,BOUNDS
3fu7gGPn12TvRub83GDe8k,0I89kxcfn5aPoCoZL7raWh,BOUNDS
3fu7gGPn12TvRub83GDe8k,0I89kxcfn5aPoCoZL7radP,BOUNDS
3fu7gGPn12TvRub83GDe8k,0I89kxcfn5aPoCoZL7raWg,BOUNDS
3fu7gGPn12TvRub83GDe8k,060B0Bfjv7MQEXwwmCVVew,BOUNDS
10V2aT_BP8a8swtG80wUGI,3lPIjeMLjASRxjE6gw6XTz,BOUNDS
10V2aT_BP8a8swtG80wUGI,3pCu8LCZv1IhQ$jfb$w0GI,BOUNDS
3fu7gGPn12TvRub83GDe8k,060B0Bfjv7MQEXwwmCVVew,BOUNDS
3fu7gGPn12TvRub83GDe8k,060B0Bfjv7MQEXwwmCVVew,BOUNDS
3fu7gGPn12TvRub83GDe8i,0I89kxcfn5aPoCoZL7radP,BOUNDS
3fu7gGPn12TvRub83GDe8i,0I89kxcfn5aPoCoZL7radP,BOUNDS
3fu7gGPn12TvRub83GDe8i,0I89kxcfn5aPoCoZL7raWj,BOUNDS
3fu7gGPn12TvRub83GDe8i,060B0Bfjv7MQEXwwmCVVew,BOUNDS
3fu7gGPn12TvRub83GDe8i,060B0Bfjv7MQEXwwmCVVew,BOUNDS
3fu7gGPn12TvRub83GDe8k,3pCu8LCZv1IhQ$jfb$w0G$,BOUNDS
3fu7gGPn12TvRub83GDe8i,0I89kxcfn5aPoCoZL7raWg,BOUNDS
3fu7gGPn12TvRub83GDe8i,060B0Bfjv7MQEXwwmCVVew,BOUNDS
10V2aT_BP8a8swtG80wUGI,3R4D_pRzb7zO6$RWcrzzK2,BOUNDS
10V2aT_BP8a8swtG80wUGI,3R4D_pRzb7zO6$RWcrzzK2,BOUNDS
10V2aT_BP8a8swtG80wUGI,3lPIjeMLjASRxjE6gw6XTo,BOUNDS
10V2aT_BP8a8swtG80wUGI,3R4D_pRzb7zO6$RWcrzzKE,BOUNDS
10V2aT_BP8a8swtG80wUGG,3R4D_pRzb7zO6$RWcrzzK4,BOUNDS
10V2aT_BP8a8swtG80wUGG,3pCu8LCZv1IhQ$jfb$w0GI,BOUNDS
10V2aT_BP8a8swtG80wUGG,3R4D_pRzb7zO6$RWcrzzK4,BOUNDS
10V2aT_BP8a8swtG80wUGG,3R4D_pRzb7zO6$RWcrzzK4,BOUNDS
10V2aT_BP8a8swtG80wUGI,3R4D_pRzb7zO6$RWcrzzKE,BOUNDS
10V2aT_BP8a8swtG80wUGI,3lPIjeMLjASRxjE6gw6XTm,BOUNDS
10V2aT_BP8a8swtG80wUGI,3R4D_pRzb7zO6$RWcrzzK3,BOUNDS
10V2aT_BP8a8swtG80wUGI,3R4D_pRzb7zO6$RWcrzzKF,BOUNDS
2PmAyYbG12EwUp7XTXyRdL,10xymLOUbEJQViGYNPNlUo,BOUNDS
2PmAyYbG12EwUp7XTXyRdL,2yMGZYWe52bPtRRTVguezz,BOUNDS
2PmAyYbG12EwUp7XTXyRdL,0s8ykGtmvFURUfp3D26b4M,BOUNDS
2PmAyYbG12EwUp7XTXyRdL,10xymLOUbEJQViGYNPNlUj,BOUNDS
3fu7gGPn12TvRub83GDe8G,0I89kxcfn5aPoCoZL7raWj,BOUNDS
3fu7gGPn12TvRub83GDe8G,0I89kxcfn5aPoCoZL7radP,BOUNDS
3fu7gGPn12TvRub83GDe8G,0I89kxcfn5aPoCoZL7radP,BOUNDS
3fu7gGPn12TvRub83GDe8G,2yMGZYWe52bPtRRTVgue$L,BOUNDS
3fu7gGPn12TvRub83GDe8G,2yMGZYWe52bPtRRTVgue$L,BOUNDS
3fu7gGPn12TvRub83GDe8G,1Z_7EjX0vD8ePhxcMX5I3R,BOUNDS
3fu7gGPn12TvRub83GDe8G,1Z_7EjX0vD8ePhxcMX5I0f,BOUNDS
3fu7gGPn12TvRub83GDe8G,1Z_7EjX0vD8ePhxcMX5I3O,BOUNDS
3fu7gGPn12TvRub83GDe8G,1Z_7EjX0vD8ePhxcMX5I3N,BOUNDS
3fu7gGPn12TvRub83GDe8G,1Z_7EjX0vD8ePhxcMX5I3P,BOUNDS
3fu7gGPn12TvRub83GDe8G,1Z_7EjX0vD8ePhxcMX5I0k,BOUNDS
3fu7gGPn12TvRub83GDe8G,1Z_7EjX0vD8ePhxcMX5I3U,BOUNDS
3fu7gGPn12TvRub83GDe8G,1Z_7EjX0vD8ePhxcMX5I3V,BOUNDS
3fu7gGPn12TvRub83GDe8G,1Z_7EjX0vD8ePhxcMX5I3K,BOUNDS
3fu7gGPn12TvRub83GDe8G,1Z_7EjX0vD8ePhxcMX5I3S,BOUNDS
3fu7gGPn12TvRub83GDe8G,1Z_7EjX0vD8ePhxcMX5I0l,BOUNDS
3fu7gGPn12TvRub83GDe8G,0I89kxcfn5aPoCoZL7raWb,BOUNDS
3fu7gGPn12TvRub83GDe8G,0I89kxcfn5aPoCoZL7raWW,BOUNDS
3fu7gGPn12TvRub83GDe8G,1lL0StQID0pxFPXE_t32xm,BOUNDS
3fu7gGPn12TvRub83GDe8G,0I89kxcfn5aPoCoZL7racR,BOUNDS
3fu7gGPn12TvRub83GDe8G,0d7iw08zjAMBKPTOWLW_B9,BOUNDS
3fu7gGPn12TvRub83GDe8G,0d7iw08zjAMBKPTOWLW_As,BOUNDS
3fu7gGPn12TvRub83GDe8i,3pCu8LCZv1IhQ$jfb$w0G$,BOUNDS
3fu7gGPn12TvRub83GDe8G,0d7iw08zjAMBKPTOWLW_B8,BOUNDS
3fu7gGPn12TvRub83GDe8G,060B0Bfjv7MQEXwwmCVVew,BOUNDS
3fu7gGPn12TvRub83GDe8G,0I89kxcfn5aPoCoZL7raWj,BOUNDS
3fu7gGPn12TvRub83GDe8G,0I89kxcfn5aPoCoZL7raWl,BOUNDS
3fu7gGPn12TvRub83GDe8G,0I89kxcfn5aPoCoZL7raWi,BOUNDS
2PmAyYbG12EwUp7XTXyRdL,3pCu8LCZv1IhQ$jfb$w0G$,BOUNDS
2PmAyYbG12EwUp7XTXyRdN,2yMGZYWe52bPtRRTVguezW,BOUNDS
2PmAyYbG12EwUp7XTXyRdN,2yMGZYWe52bPtRRTVguezz,BOUNDS
2PmAyYbG12EwUp7XTXyRdN,2yMGZYWe52bPtRRTVguezd,BOUNDS
2PmAyYbG12EwUp7XTXyRdD,2yMGZYWe52bPtRRTVguezz,BOUNDS
2PmAyYbG12EwUp7XTXyRdD,2yMGZYWe52bPtRRTVguezZ,BOUNDS
2PmAyYbG12EwUp7XTXyRdD,1Z_7EjX0vD8ePhxcMX5I37,BOUNDS
2PmAyYbG12EwUp7XTXyRdD,2yMGZYWe52bPtRRTVguezY,BOUNDS
2PmAyYbG12EwUp7XTXyRdN,1ZSClU8aj9DA2cLrK85veG,BOUNDS
2PmAyYbG12EwUp7XTXyRdN,3pCu8LCZv1IhQ$jfb$w0G$,BOUNDS
2PmAyYbG12EwUp7XTXyRdH,2yMGZYWe52bPtRRTVguezX,BOUNDS
2PmAyYbG12EwUp7XTXyRdH,2yMGZYWe52bPtRRTVguezz,BOUNDS
2PmAyYbG12EwUp7XTXyRdN,1AFUTRrKzD3RPSgcH0z8I$,BOUNDS
2PmAyYbG12EwUp7XTXyRdN,1Z_7EjX0vD8ePhxcMX5I3J,BOUNDS
2PmAyYbG12EwUp7XTXyRdN,1Z_7EjX0vD8ePhxcMX5I3I,BOUNDS
2PmAyYbG12EwUp7XTXyRdN,1Z_7EjX0vD8ePhxcMX5I33,BOUNDS
3fu7gGPn12TvRub83GDe8G,1Z_7EjX0vD8ePhxcMX5I0i,BOUNDS
3fu7gGPn12TvRub83GDe8G,1ZSClU8aj9DA2cLrK85veG,BOUNDS
3fu7gGPn12TvRub83GDe8G,1Z_7EjX0vD8ePhxcMX5I3L,BOUNDS
3fu7gGPn12TvRub83GDe8G,1Z_7EjX0vD8ePhxcMX5I3T,BOUNDS
2PmAyYbG12EwUp7XTXyRdH,2yMGZYWe52bPtRRTVguezW,BOUNDS
2PmAyYbG12EwUp7XTXyRdH,2yMGZYWe52bPtRRTVguezz,BOUNDS
2PmAyYbG12EwUp7XTXyRdH,1Z_7EjX0vD8ePhxcMX5I3J,BOUNDS
2PmAyYbG12EwUp7XTXyRdH,1Z_7EjX0vD8ePhxcMX5I30,BOUNDS
2PmAyYbG12EwUp7XTXyRdL,1ZSClU8aj9DA2cLrK85veG,BOUNDS
2PmAyYbG12EwUp7XTXyRdL,2yMGZYWe52bPtRRTVguezd,BOUNDS
2PmAyYbG12EwUp7XTXyRdL,1AFUTRrKzD3RPSgcH0z8I$,BOUNDS
2PmAyYbG12EwUp7XTXyRdL,1Z_7EjX0vD8ePhxcMX5I32,BOUNDS
2PmAyYbG12EwUp7XTXyRdL,2uPBm0fPb5mAvVHD998Zs6,BOUNDS
2PmAyYbG12EwUp7XTXyRdL,0lTjux1TnF3gO4c9BNmdqL,BOUNDS
3fu7gGPn12TvRub83GDe8G,3pCu8LCZv1IhQ$jfb$w0G$,BOUNDS
2PmAyYbG12EwUp7XTXyRdL,0WOfgLyIX46QnJ1IlFxUPj,BOUNDS
3PZrFlFxvBBfFfpg0veM_I,3pCu8LCZv1IhQ$jfb$w0G$,BOUNDS
3PZrFlFxvBBfFfpg0veM_I,060B0Bfjv7MQEXwwmCVVew,BOUNDS
3PZrFlFxvBBfFfpg0veM_S,0I89kxcfn5aPoCoZL7raWc,BOUNDS
3PZrFlFxvBBfFfpg0veM_S,0I89kxcfn5aPoCoZL7raWa,BOUNDS
3PZrFlFxvBBfFfpg0veM_S,0I89kxcfn5aPoCoZL7racQ,BOUNDS
3PZrFlFxvBBfFfpg0veM_S,0I89kxcfn5aPoCoZL7raWY,BOUNDS
3PZrFlFxvBBfFfpg0veM_S,0I89kxcfn5aPoCoZL7raWZ,BOUNDS
3PZrFlFxvBBfFfpg0veM_S,0I89kxcfn5aPoCoZL7raWW,BOUNDS
3PZrFlFxvBBfFfpg0veM_I,0I89kxcfn5aPoCoZL7raWc,BOUNDS
3PZrFlFxvBBfFfpg0veM_I,0I89kxcfn5aPoCoZL7raWd,BOUNDS
3PZrFlFxvBBfFfpg0veM_I,0I89kxcfn5aPoCoZL7racR,BOUNDS
3PZrFlFxvBBfFfpg0veM_I,0I89kxcfn5aPoCoZL7raWa,BOUNDS
3PZrFlFxvBBfFfpg0veM_I,0jP_FPW891yRBz0fI8zcOx,BOUNDS
3PZrFlFxvBBfFfpg0veM_I,0I89kxcfn5aPoCoZL7raWb,BOUNDS
3PZrFlFxvBBfFfpg0veM_I,1lL0StQID0pxFPXE_t32xm,BOUNDS
3PZrFlFxvBBfFfpg0veM_I,0jP_FPW891yRBz0fI8zcPA,BOUNDS
2PmAyYbG12EwUp7XTXyRdH,1ZSClU8aj9DA2cLrK85veG,BOUNDS
2PmAyYbG12EwUp7XTXyRdH,3pCu8LCZv1IhQ$jfb$w0G$,BOUNDS
2PmAyYbG12EwUp7XTXyRdH,1Z_7EjX0vD8ePhxcMX5I31,BOUNDS
2PmAyYbG12EwUp7XTXyRdH,1Z_7EjX0vD8ePhxcMX5I0g,BOUNDS
3PZrFlFxvBBfFfpg0veM_I,0I89kxcfn5aPoCoZL7raWn,BOUNDS
3PZrFlFxvBBfFfpg0veM_I,1sQaMmqjv8FA5M37GPCYR6,BOUNDS
3PZrFlFxvBBfFfpg0veM_I,060B0Bfjv7MQEXwwmCVVew,BOUNDS
3PZrFlFxvBBfFfpg0veM_I,0I89kxcfn5aPoCoZL7racQ,BOUNDS
2PmAyYbG12EwUp7XTXyRdJ,1ZSClU8aj9DA2cLrK85veG,BOUNDS
2PmAyYbG12EwUp7XTXyRdJ,3pCu8LCZv1IhQ$jfb$w0G$,BOUNDS
2PmAyYbG12EwUp7XTXyRdJ,1Z_7EjX0vD8ePhxcMX5I36,BOUNDS
2PmAyYbG12EwUp7XTXyRdJ,1Z_7EjX0vD8ePhxcMX5I3G,BOUNDS
2PmAyYbG12EwUp7XTXyRdJ,2yMGZYWe52bPtRRTVguezX,BOUNDS
2PmAyYbG12EwUp7XTXyRdJ,1Z_7EjX0vD8ePhxcMX5I0g,BOUNDS
2PmAyYbG12EwUp7XTXyRdJ,2yMGZYWe52bPtRRTVguezY,BOUNDS
2PmAyYbG12EwUp7XTXyRdJ,2yMGZYWe52bPtRRTVguezz,BOUNDS
3PZrFlFxvBBfFfpg0veM_Q,0I89kxcfn5aPoCoZL7raWi,BOUNDS
3PZrFlFxvBBfFfpg0veM_Q,0I89kxcfn5aPoCoZL7raWX,BOUNDS
3PZrFlFxvBBfFfpg0veM_Q,0I89kxcfn5aPoCoZL7raWk,BOUNDS
3PZrFlFxvBBfFfpg0veM_Q,060B0Bfjv7MQEXwwmCVVew,BOUNDS
3PZrFlFxvBBfFfpg0veM_O,060B0Bfjv7MQEXwwmCVVew,BOUNDS
3PZrFlFxvBBfFfpg0veM_O,3pCu8LCZv1IhQ$jfb$w0G$,BOUNDS
3PZrFlFxvBBfFfpg0veM_Q,060B0Bfjv7MQEXwwmCVVew,BOUNDS
3PZrFlFxvBBfFfpg0veM_Q,060B0Bfjv7MQEXwwmCVVew,BOUNDS
10V2aT_BP8a8swtG80wUGM,3lPIjeMLjASRxjE6gw6XTR,BOUNDS
10V2aT_BP8a8swtG80wUGM,3lPIjeMLjASRxjE6gw6XTU,BOUNDS
10V2aT_BP8a8swtG80wUGM,3lPIjeMLjASRxjE6gw6XTQ,BOUNDS
10V2aT_BP8a8swtG80wUGM,3lPIjeMLjASRxjE6gw6XTO,BOUNDS
10V2aT_BP8a8swtG80wUGM,3XbG0EpaD3QPZhUZSkL4l7,BOUNDS
10V2aT_BP8a8swtG80wUGM,3XbG0EpaD3QPZhUZSkL4e0,BOUNDS
10V2aT_BP8a8swtG80wUGM,3XbG0EpaD3QPZhUZSkL4e2,BOUNDS
10V2aT_BP8a8swtG80wUGM,3XbG0EpaD3QPZhUZSkL4e1,BOUNDS
3PZrFlFxvBBfFfpg0veM_U,0I89kxcfn5aPoCoZL7raWd,BOUNDS
3PZrFlFxvBBfFfpg0veM_U,060B0Bfjv7MQEXwwmCVVew,BOUNDS
3PZrFlFxvBBfFfpg0veM_U,0I89kxcfn5aPoCoZL7raWY,BOUNDS
3PZrFlFxvBBfFfpg0veM_U,0I89kxcfn5aPoCoZL7racQ,BOUNDS
3PZrFlFxvBBfFfpg0veM_U,0I89kxcfn5aPoCoZL7raWZ,BOUNDS
3PZrFlFxvBBfFfpg0veM_U,0I89kxcfn5aPoCoZL7racQ,BOUNDS
3PZrFlFxvBBfFfpg0veM_S,3pCu8LCZv1IhQ$jfb$w0G$,BOUNDS
3PZrFlFxvBBfFfpg0veM_U,0I89kxcfn5aPoCoZL7racT,BOUNDS
3PZrFlFxvBBfFfpg0veM_O,0I89kxcfn5aPoCoZL7raWZ,BOUNDS
3PZrFlFxvBBfFfpg0veM_O,0I89kxcfn5aPoCoZL7raWW,BOUNDS
3PZrFlFxvBBfFfpg0veM_O,0I89kxcfn5aPoCoZL7raWZ,BOUNDS
3PZrFlFxvBBfFfpg0veM_O,0I89kxcfn5aPoCoZL7racT,BOUNDS
3PZrFlFxvBBfFfpg0veM_O,060B0Bfjv7MQEXwwmCVVew,BOUNDS
3PZrFlFxvBBfFfpg0veM_O,0I89kxcfn5aPoCoZL7raWk,BOUNDS
3PZrFlFxvBBfFfpg0veM_U,3pCu8LCZv1IhQ$jfb$w0G$,BOUNDS
3PZrFlFxvBBfFfpg0veM_O,060B0Bfjv7MQEXwwmCVVew,BOUNDS
10V2aT_BP8a8swtG80wUGM,23KOJOC8r34gdJLN2sXEKj,BOUNDS
10V2aT_BP8a8swtG80wUGM,06tOzssZ9B4QVX5FaMC$RL,BOUNDS
10V2aT_BP8a8swtG80wUGM,06tOzssZ9B4QVX5FaMC$RL,BOUNDS
10V2aT_BP8a8swtG80wUGM,3lPIjeMLjASRxjE6gw6XHD,BOUNDS
10V2aT_BP8a8swtG80wUGM,3lPIjeMLjASRxjE6gw6XIA,BOUNDS
10V2aT_BP8a8swtG80wUGM,3lPIjeMLjASRxjE6gw6XIB,BOUNDS
10V2aT_BP8a8swtG80wUGM,3lPIjeMLjASRxjE6gw6XHr,BOUNDS
10V2aT_BP8a8swtG80wUGM,3lPIjeMLjASRxjE6gw6XI9,BOUNDS
10V2aT_BP8a8swtG80wUGM,06tOzssZ9B4QVX5FaMC$RL,BOUNDS
10V2aT_BP8a8swtG80wUGM,06tOzssZ9B4QVX5FaMC$RL,BOUNDS
10V2aT_BP8a8swtG80wUGM,06tOzssZ9B4QVX5FaMC$RL,BOUNDS
10V2aT_BP8a8swtG80wUGM,06tOzssZ9B4QVX5FaMC$RL,BOUNDS
10V2aT_BP8a8swtG80wUGM,23KOJOC8r34gdJLN2sXEKj,BOUNDS
10V2aT_BP8a8swtG80wUGM,3lPIjeMLjASRxjE6gw6XHJ,BOUNDS
10V2aT_BP8a8swtG80wUGM,3lPIjeMLjASRxjE6gw6XHN,BOUNDS
10V2aT_BP8a8swtG80wUGM,3lPIjeMLjASRxjE6gw6XHG,BOUNDS
10V2aT_BP8a8swtG80wUGM,3lPIjeMLjASRxjE6gw6XHa,BOUNDS
10V2aT_BP8a8swtG80wUGM,3lPIjeMLjASRxjE6gw6XHc,BOUNDS
10V2aT_BP8a8swtG80wUGM,3lPIjeMLjASRxjE6gw6XHw,BOUNDS
10V2aT_BP8a8swtG80wUGM,3lPIjeMLjASRxjE6gw6XHd,BOUNDS
10V2aT_BP8a8swtG80wUGM,3lPIjeMLjASRxjE6gw6XTY,BOUNDS
10V2aT_BP8a8swtG80wUGM,3lPIjeMLjASRxjE6gw6XTi,BOUNDS
10V2aT_BP8a8swtG80wUGM,3lPIjeMLjASRxjE6gw6XTW,BOUNDS
10V2aT_BP8a8swtG80wUGM,3lPIjeMLjASRxjE6gw6XTj,BOUNDS
10V2aT_BP8a8swtG80wUGM,3lPIjeMLjASRxjE6gw6XI9,BOUNDS
10V2aT_BP8a8swtG80wUGM,3lPIjeMLjASRxjE6gw6XI9,BOUNDS
10V2aT_BP8a8swtG80wUGM,1JGhw2zk51zAYaF_QLitwW,BOUNDS
10V2aT_BP8a8swtG80wUGM,3e8Mms5uzBV9xYl2IBs1ll,BOUNDS
10V2aT_BP8a8swtG80wUGM,3lPIjeMLjASRxjE6gw6XJm,BOUNDS
10V2aT_BP8a8swtG80wUGM,3lPIjeMLjASRxjE6gw6XJo,BOUNDS
10V2aT_BP8a8swtG80wUGM,3lPIjeMLjASRxjE6gw6XJs,BOUNDS
10V2aT_BP8a8swtG80wUGM,3lPIjeMLjASRxjE6gw6XJp,BOUNDS
10V2aT_BP8a8swtG80wUGM,3lPIjeMLjASRxjE6gw6XGY,BOUNDS
10V2aT_BP8a8swtG80wUGM,06tOzssZ9B4QVX5FaMC$RL,BOUNDS
10V2aT_BP8a8swtG80wUGM,06tOzssZ9B4QVX5FaMC$RL,BOUNDS
10V2aT_BP8a8swtG80wUGM,06tOzssZ9B4QVX5FaMC$RL,BOUNDS
10V2aT_BP8a8swtG80wUGM,3R4D_pRzb7zO6$RWcrzzKE,BOUNDS
10V2aT_BP8a8swtG80wUGM,3lPIjeMLjASRxjE6gw6XK0,BOUNDS
10V2aT_BP8a8swtG80wUGM,3lPIjeMLjASRxjE6gw6XK2,BOUNDS
10V2aT_BP8a8swtG80wUGM,3lPIjeMLjASRxjE6gw6XK6,BOUNDS
10V2aT_BP8a8swtG80wUGM,3R4D_pRzb7zO6$RWcrzzKE,BOUNDS
10V2aT_BP8a8swtG80wUGM,3R4D_pRzb7zO6$RWcrzzKE,BOUNDS
10V2aT_BP8a8swtG80wUGM,3R4D_pRzb7zO6$RWcrzzKE,BOUNDS
10V2aT_BP8a8swtG80wUGM,3R4D_pRzb7zO6$RWcrzzKE,BOUNDS
10V2aT_BP8a8swtG80wUGM,3lPIjeMLjASRxjE6gw6XKG,BOUNDS
10V2aT_BP8a8swtG80wUGM,3lPIjeMLjASRxjE6gw6XKJ,BOUNDS
10V2aT_BP8a8swtG80wUGM,060B0Bfjv7MQEXwwmCVVew,BOUNDS
10V2aT_BP8a8swtG80wUGM,3lPIjeMLjASRxjE6gw6XKI,BOUNDS
10V2aT_BP8a8swtG80wUGM,2jzBBNhz9A2gVReR_XMj7q,BOUNDS
10V2aT_BP8a8swtG80wUGM,3L2ob2RfPCQRbpIvDuvSRh,BOUNDS
10V2aT_BP8a8swtG80wUGM,3lPIjeMLjASRxjE6gw6XH1,BOUNDS
10V2aT_BP8a8swtG80wUGM,3lPIjeMLjASRxjE6gw6XH2,BOUNDS
10V2aT_BP8a8swtG80wUGM,3lPIjeMLjASRxjE6gw6XGj,BOUNDS
10V2aT_BP8a8swtG80wUGM,3lPIjeMLjASRxjE6gw6XGX,BOUNDS
10V2aT_BP8a8swtG80wUGM,06tOzssZ9B4QVX5FaMC$RL,BOUNDS
10V2aT_BP8a8swtG80wUGM,06tOzssZ9B4QVX5FaMC$RL,BOUNDS
10V2aT_BP8a8swtG80wUGM,3lPIjeMLjASRxjE6gw6XGo,BOUNDS
10V2aT_BP8a8swtG80wUGM,06tOzssZ9B4QVX5FaMC$RL,BOUNDS
10V2aT_BP8a8swtG80wUGM,3lPIjeMLjASRxjE6gw6XGz,BOUNDS
10V2aT_BP8a8swtG80wUGM,3lPIjeMLjASRxjE6gw6XGn,BOUNDS
10V2aT_BP8a8swtG80wUGM,3R4D_pRzb7zO6$RWcrzzK2,BOUNDS
10V2aT_BP8a8swtG80wUGM,3R4D_pRzb7zO6$RWcrzzK2,BOUNDS
10V2aT_BP8a8swtG80wUGM,3R4D_pRzb7zO6$RWcrzzKE,BOUNDS
10V2aT_BP8a8swtG80wUGM,3R4D_pRzb7zO6$RWcrzzKE,BOUNDS
0veb4ci815IeytAwS4_unV,35ZMaE2hL45QaxEnc01C1e,BOUNDS
0veb4ci815IeytAwS4_unV,18eJjezLr93eTsB1yzF66F,BOUNDS
0veb4ci815IeytAwS4_unV,35ZMaE2hL45QaxEnc01C1J,BOUNDS
0veb4ci815IeytAwS4_unV,35ZMaE2hL45QaxEnc01C1i,BOUNDS
0veb4ci815IeytAwS4_unV,04n55fjcH7dhzxSRcFV9eu,BOUNDS
0veb4ci815IeytAwS4_unV,35ZMaE2hL45QaxEnc01C1I,BOUNDS
0veb4ci815IeytAwS4_unV,1EKlTSJ$L9JAy5UDUCbg4f,BOUNDS
0veb4ci815IeytAwS4_unV,3E9g1pNln6BxCZLu6RE63p,BOUNDS
0veb4ci815IeytAwS4_unV,35ZMaE2hL45QaxEnc01C1f,BOUNDS
0veb4ci815IeytAwS4_unV,00gFGeCuDDpBDi0kTgjcuT,BOUNDS
0veb4ci815IeytAwS4_unV,35ZMaE2hL45QaxEnc01C1G,BOUNDS
0veb4ci815IeytAwS4_unV,35ZMaE2hL45QaxEnc01C1H,BOUNDS
0veb4ci815IeytAwS4_unP,3nu8rI2DL8vQJoBLNbLekp,BOUNDS
0veb4ci815IeytAwS4_unP,2RulH$oivEaf9OVguchMbq,BOUNDS
0veb4ci815IeytAwS4_unP,35ZMaE2hL45QaxEnc01C1e,BOUNDS
0veb4ci815IeytAwS4_unP,35ZMaE2hL45QaxEnc01C1e,BOUNDS
10V2aT_BP8a8swtG80wUGM,060B0Bfjv7MQEXwwmCVVew,BOUNDS
10V2aT_BP8a8swtG80wUGM,060B0Bfjv7MQEXwwmCVVew,BOUNDS
10V2aT_BP8a8swtG80wUGM,3lPIjeMLjASRxjE6gw6XK3,BOUNDS
10V2aT_BP8a8swtG80wUGM,3R4D_pRzb7zO6$RWcrzzK4,BOUNDS
10V2aT_BP8a8swtG80wUGM,060B0Bfjv7MQEXwwmCVVew,BOUNDS
10V2aT_BP8a8swtG80wUGM,3lPIjeMLjASRxjE6gw6XIu,BOUNDS
10V2aT_BP8a8swtG80wUGM,3lPIjeMLjASRxjE6gw6XJl,BOUNDS
10V2aT_BP8a8swtG80wUGM,060B0Bfjv7MQEXwwmCVVew,BOUNDS
10V2aT_BP8a8swtG80wUGM,3lPIjeMLjASRxjE6gw6XJi,BOUNDS
10V2aT_BP8a8swtG80wUGM,3lPIjeMLjASRxjE6gw6XJj,BOUNDS
10V2aT_BP8a8swtG80wUGM,060B0Bfjv7MQEXwwmCVVew,BOUNDS
10V2aT_BP8a8swtG80wUGM,060B0Bfjv7MQEXwwmCVVew,BOUNDS
0veb4ci815IeytAwS4_unV,0veb4ci815IeytAwS4_uq9,BOUNDS
0veb4ci815IeytAwS4_unV,06tOzssZ9B4QVX5FaMC$RL,BOUNDS
0veb4ci815IeytAwS4_unV,1EKlTSJ$L9JAy5UDUCbg5w,BOUNDS
0veb4ci815IeytAwS4_unV,35ZMaE2hL45QaxEnc01C1f,BOUNDS
