id,type,name,storey_id,storey_name,min_x,min_y,min_z,max_x,max_y,max_z
0JBeWf23HFRgZonzIpxJgI,IfcProject,Project Number,,,,,,,,
0JBeWf23HFRgZonzIpxJgG,IfcSite,Surface:932744,,,,,,,,
0Um_J2ClP45uPRcRbJqhrc,IfcSite,M_Park Bench:1800mm:958701,,,,,,,,
0Um_J2ClP45uPRcRbJqhor,IfcSite,M_Park Bench:1800mm:958782,,,,,,,,
0Um_J2ClP45uPRcRbJqhpS,IfcSite,M_Park Bench:1800mm:958807,,,,,,,,
0Um_J2ClP45uPRcRbJqhmP,IfcSite,M_Park Bench:1800mm:958866,,,,,,,,
0Um_J2ClP45uPRcRbJqhmO,IfcSite,M_Park Bench:1800mm:958867,,,,,,,,
0Um_J2ClP45uPRcRbJqhmV,IfcSite,M_Park Bench:1800mm:958868,,,,,,,,
2SEl4sI2X1JhqYqQydYvfU,IfcSite,M_Park Bench:2400mm:973125,,,,,,,,
2SEl4sI2X1JhqYqQydYvfh,IfcSite,M_Park Bench:2400mm:973168,,,,,,,,
2SEl4sI2X1JhqYqQydYvgl,IfcSite,M_Park Bench:2400mm:973236,,,,,,,,
2SEl4sI2X1JhqYqQydYvzP,IfcSite,M_Trash Can:M_Trash Can:973890,,,,,,,,
2SEl4sI2X1JhqYqQydYv$9,IfcSite,M_Trash Can:M_Trash Can:974034,,,,,,,,
0ifV7awIzBlRVUTYG1zpXo,IfcSite,M_Park Bench:2400mm:975055,,,,,,,,
0ifV7awIzBlRVUTYG1zpXj,IfcSite,M_Park Bench:2400mm:975056,,,,,,,,
0ifV7awIzBlRVUTYG1zpXi,IfcSite,M_Park Bench:2400mm:975057,,,,,,,,
0ifV7awIzBlRVUTYG1zpXl,IfcSite,M_Trash Can:M_Trash Can:975058,,,,,,,,
0ifV7awIzBlRVUTYG1zpXk,IfcSite,M_Trash Can:M_Trash Can:975059,,,,,,,,
0ifV7awIzBlRVUTYG1zp4Y,IfcSite,M_Trash Can:M_Trash Can:977311,,,,,,,,
0JBeWf23HFRgZonzIpxJgJ,IfcBuilding,Building Name,,,,,,,,
0JBeWf23HFRgZonzHC5mYt,IfcBuildingStorey,-1 - Garage,,,,,,,,
0JBeWf23HFRgZonzHC4iHL,IfcBuildingStorey,Level 1,,,,,,,,
0JBeWf23HFRgZonzHC5mk3,IfcBuildingStorey,1 - First Floor,,,,,,,,
0JBeWf23HFRgZonzHC4iVK,IfcBuildingStorey,Level 2,,,,,,,,
0JBeWf23HFRgZonzHC5mgM,IfcBuildingStorey,2 - Second Floor,,,,,,,,
0JBeWf23HFRgZonzHC5nK0,IfcBuildingStorey,3 - Third Floor,,,,,,,,
0JBeWf23HFRgZonzHC5nNU,IfcBuildingStorey,4 - Fourth Floor,,,,,,,,
0JBeWf23HFRgZonzHC5nHq,IfcBuildingStorey,5 - Fifth Floor,,,,,,,,
0JBeWf23HFRgZonzHC5nGM,IfcBuildingStorey,6 - Sixth Floor,,,,,,,,
0JBeWf23HFRgZonzHC7iqs,IfcBuildingStorey,7- ROOF,,,,,,,,
3GzoWuxxn4WO8bCtw8H3Vj,IfcWall,Basic Wall:MockUp Interior between App:698152,0JBeWf23HFRgZonzHC5mk3,1 - First Floor,256.15616290813233,330.28928787420887,3.5,256.8455949920354,332.0177003870317,18.5
3GdhC2lQD5ifjmLdQ3yoTZ,IfcWall,Basic Wall:MockUp Storage Wall:798283,0JBeWf23HFRgZonzHC5mYt,-1 - Garage,253.69206374771056,342.04898427117666,-2.5,255.90029076973966,348.9203178615779,-0.5
1cFRppLhj948bTrzz_ApSU,IfcWall,Basic Wall:MockUp Storage Wall:817660,0JBeWf23HFRgZonzHC5mYt,-1 - Garage,250.3510144605684,321.57509789957754,-2.5,253.14524554910383,330.3428682424414,-0.5
1cFRppLhj948bTrzz_ApJS,IfcWall,Basic Wall:MockUp Storage Wall:817726,0JBeWf23HFRgZonzHC5mYt,-1 - Garage,251.62363534521944,321.9838830119478,-2.5,254.47431939340905,330.9717287754127,-0.5
0ducQKkW5EGQM9rQ5zdMAQ,IfcWall,Basic Wall:MockUp Storage Wall:818592,0JBeWf23HFRgZonzHC5mYt,-1 - Garage,247.19298267789387,334.04811839027934,-2.5,249.29919671847134,340.6121132773724,-0.5
0ducQKkW5EGQM9rQ5zdM4W,IfcWall,Basic Wall:MockUp Storage Wall:818714,0JBeWf23HFRgZonzHC5mYt,-1 - Garage,248.99073713204623,334.45959910569525,-2.5,250.6371442923176,339.48119089529115,-0.5
0ducQKkW5EGQM9rQ5zdPfL,IfcWall,Basic Wall:MockUp Storage Wall:820591,0JBeWf23HFRgZonzHC5mYt,-1 - Garage,251.5942394961652,330.94222076109565,-2.5,256.18251200796635,332.4456923227376,-0.5
2BLn4xX2vF_gM9G5wfbP4L,IfcWall,Basic Wall:MockUp Interior:839225,0JBeWf23HFRgZonzHC4iHL,Level 1,243.75874897727306,352.7002763041289,0.0,246.42548780849674,360.77421845788206,2.0
2BLn4xX2vF_gM9G5wfbObm,IfcWall,Basic Wall:MockUp Interior:841308,0JBeWf23HFRgZonzHC4iHL,Level 1,246.9850235587453,354.52460865060203,0.0,249.41248076449028,361.76852676814553,2.0
0cRoQU_sD5R8MkkMkeodzx,IfcWallStandardCase,Basic Wall:Generic - 200mm:308895,0JBeWf23HFRgZonzHC4iHL,Level 1,228.38531289473832,285.9001377984781,0.0,250.33559104210732,292.8189579850007,30.85
0cRoQU_sD5R8MkkMkeodyq,IfcWallStandardCase,Basic Wall:Generic - 200mm:308944,0JBeWf23HFRgZonzHC4iHL,Level 1,250.14441504699866,273.374189441434,0.0,256.22801298890107,292.6277639211389,30.85
0cRoQU_sD5R8MkkMkeodxk,IfcWallStandardCase,Basic Wall:Generic - 200mm:309002,0JBeWf23HFRgZonzHC4iHL,Level 1,234.2838791262855,266.70720122473693,0.0,256.03683699840553,273.5653835053005,30.85
0cRoQU_sD5R8MkkMkeodwY,IfcWallStandardCase,Basic Wall:Generic - 200mm:309062,0JBeWf23HFRgZonzHC4iHL,Level 1,228.44406679685787,266.8983741255776,0.0,234.4750551077412,285.9588917005928,30.85
0cRoQU_sD5R8MkkMkeoduF,IfcWallStandardCase,Basic Wall:Generic - 200mm:309227,0JBeWf23HFRgZonzHC4iHL,Level 1,250.8022379553017,290.91644704251974,0.0,258.5212656845016,293.4540240185314,18.0
0cRoQU_sD5R8MkkMkeod7v,IfcWallStandardCase,Basic Wall:Generic - 200mm:309277,0JBeWf23HFRgZonzHC4iHL,Level 1,258.33003509975583,288.9382939505034,0.0,259.8279393175914,293.2627934337853,18.0
0cRoQU_sD5R8MkkMkeod7U,IfcWallStandardCase,Basic Wall:Generic - 200mm:309306,0JBeWf23HFRgZonzHC4iHL,Level 1,256.16932028295327,273.4329409898987,0.0,263.7797733147441,275.94489800471354,18.0
0cRoQU_sD5R8MkkMkeod5q,IfcWallStandardCase,Basic Wall:Generic - 200mm:309392,0JBeWf23HFRgZonzHC4iHL,Level 1,262.2254126980668,294.1574703100965,0.0,274.8234569087001,298.1827518145224,32.5
0cRoQU_sD5R8MkkMkeod5P,IfcWallStandardCase,Basic Wall:Generic - 200mm:309437,0JBeWf23HFRgZonzHC4iHL,Level 1,262.2838933881695,290.12475661318496,0.0,263.70822309134917,294.21595100019914,32.5
0cRoQU_sD5R8MkkMkeod4L,IfcWallStandardCase,Basic Wall:Generic - 200mm:309489,0JBeWf23HFRgZonzHC4iHL,Level 1,259.7693657376523,288.99677464750334,0.0,263.5169640814042,290.3160156231305,32.5
0cRoQU_sD5R8MkkMkeod2W,IfcWallStandardCase,Basic Wall:Generic - 200mm:309572,0JBeWf23HFRgZonzHC4iHL,Level 1,274.6321971650242,280.7101150195579,0.0,280.14187167740795,297.9916547936004,32.5
0cRoQU_sD5R8MkkMkeod2T,IfcWallStandardCase,Basic Wall:Generic - 200mm:309625,0JBeWf23HFRgZonzHC4iHL,Level 1,263.7210930098644,275.75370015884204,0.0,279.9506515459967,280.9012117282097,32.5
0cRoQU_sD5R8MkkMkeod1I,IfcWallStandardCase,Basic Wall:Generic - 200mm:309686,0JBeWf23HFRgZonzHC4iHL,Level 1,268.6489563070732,298.1242709000694,0.0,274.76444643928244,317.36802609715977,27.5
0cRoQU_sD5R8MkkMkeod06,IfcWallStandardCase,Basic Wall:Generic - 200mm:309730,0JBeWf23HFRgZonzHC4iHL,Level 1,256.05331797247965,313.23075662817223,0.0,268.7079665510124,317.309049290667,27.5
0cRoQU_sD5R8MkkMkeodFw,IfcWallStandardCase,Basic Wall:Generic - 200mm:309790,0JBeWf23HFRgZonzHC4iHL,Level 1,256.1120160966183,294.2371952144743,0.0,262.1312507385117,313.28973349646986,27.5
0cRoQU_sD5R8MkkMkeodFT,IfcWallStandardCase,Basic Wall:Generic - 200mm:309817,0JBeWf23HFRgZonzHC4iHL,Level 1,261.94323733440564,294.04572261149815,0.0,262.28615384075687,294.34162879768235,27.5
0cRoQU_sD5R8MkkMkeodCe,IfcWallStandardCase,Basic Wall:Generic - 200mm:309964,0JBeWf23HFRgZonzHC4iHL,Level 1,259.63668028508886,275.9156207754703,0.0,263.8167206116811,288.99677464750323,32.5
0cRoQU_sD5R8MkkMkeod8d,IfcWallStandardCase,Basic Wall:Generic - 200mm:310211,0JBeWf23HFRgZonzHC4iHL,Level 1,293.24514966293333,286.5619366720976,0.0,299.23451719618646,305.5410119572981,27.85
0cRoQU_sD5R8MkkMkeodNN,IfcWallStandardCase,Basic Wall:Generic - 200mm:310323,0JBeWf23HFRgZonzHC4iHL,Level 1,293.43611393364347,305.34978848788114,0.0,296.38336384194326,306.4400551747728,27.85
0cRoQU_sD5R8MkkMkeodM9,IfcWallStandardCase,Basic Wall:Generic - 200mm:310381,0JBeWf23HFRgZonzHC4iHL,Level 1,290.24152476468197,306.3806130203503,0.0,296.32436627742226,325.5505899055978,27.85
0cRoQU_sD5R8MkkMkeodLp,IfcWallStandardCase,Basic Wall:Generic - 200mm:310423,0JBeWf23HFRgZonzHC4iHL,Level 1,290.4244684914782,325.3576719828593,0.0,302.4836808296383,331.153406221418,27.85
0cRoQU_sD5R8MkkMkeodKz,IfcWallStandardCase,Basic Wall:Generic - 200mm:310489,0JBeWf23HFRgZonzHC4iHL,Level 1,302.30070441031955,309.1884942628111,0.0,309.1564443066662,330.96037735545474,27.85
0cRoQU_sD5R8MkkMkeodJz,IfcWallStandardCase,Basic Wall:Generic - 200mm:310553,0JBeWf23HFRgZonzHC4iHL,Level 1,309.0976927626399,309.24737476333155,0.0,339.8549617577916,318.895361010891,27.85
0cRoQU_sD5R8MkkMkeodIb,IfcWallStandardCase,Basic Wall:Generic - 200mm:310593,0JBeWf23HFRgZonzHC4iHL,Level 1,339.6638254393416,300.7555431152275,0.0,345.3595395260959,318.7042052335265,27.85
0cRoQU_sD5R8MkkMkeodIA,IfcWallStandardCase,Basic Wall:Generic - 200mm:310638,0JBeWf23HFRgZonzHC4iHL,Level 1,299.1759143426452,286.6207587712297,0.0,345.1683852291876,300.9466988822014,27.85
0cRoQU_sD5R8MkkMkeodGm,IfcWallStandardCase,Basic Wall:Generic - 200mm:310740,0JBeWf23HFRgZonzHC4iHL,Level 1,345.30072224311436,300.8143651757006,0.0,349.8845597181917,302.38971720902646,15.35
0cRoQU_sD5R8MkkMkeodGL,IfcWallStandardCase,Basic Wall:Generic - 200mm:310769,0JBeWf23HFRgZonzHC4iHL,Level 1,341.5937227002052,302.3303204057247,0.0,349.79895066195525,319.50856715163036,15.349999999999994
0cRoQU_sD5R8MkkMkeodVk,IfcWallStandardCase,Basic Wall:Generic - 200mm:310794,0JBeWf23HFRgZonzHC4iHL,Level 1,339.7961444716136,318.70420523352635,0.0,341.67932809363026,319.44911389461834,15.35
0cRoQU_sD5R8MkkMkeodVM,IfcWallStandardCase,Basic Wall:Generic - 200mm:310834,0JBeWf23HFRgZonzHC4iHL,Level 1,349.7989506619553,302.2068058149595,0.0,352.88174517845755,303.3120012963453,39.5
0cRoQU_sD5R8MkkMkeodUY,IfcWallStandardCase,Basic Wall:Generic - 200mm:310854,0JBeWf23HFRgZonzHC4iHL,Level 1,346.37185751652396,303.25260299789426,0.0,352.7961011330788,316.6447446857658,43.5
0cRoQU_sD5R8MkkMkeodUx,IfcWallStandardCase,Basic Wall:Generic - 200mm:310879,0JBeWf23HFRgZonzHC4iHL,Level 1,346.55298377823186,316.4636184240582,0.0,359.232274605882,322.54216576512226,43.5
0cRoQU_sD5R8MkkMkeodUV,IfcWallStandardCase,Basic Wall:Generic - 200mm:310907,0JBeWf23HFRgZonzHC4iHL,Level 1,356.6388376650901,322.45735257440384,0.0,359.14746141516275,327.5127477657578,39.5
0cRoQU_sD5R8MkkMkeodTg,IfcWallStandardCase,Basic Wall:Generic - 200mm:310926,0JBeWf23HFRgZonzHC4iHL,Level 1,342.0723626072167,320.42599052837454,0.0,356.7236508558092,327.4279345750387,39.5
0cRoQU_sD5R8MkkMkeodT3,IfcWallStandardCase,Basic Wall:Generic - 200mm:310951,0JBeWf23HFRgZonzHC4iHL,Level 1,342.15717579793517,319.54106284093956,0.0,342.76454765343885,320.5108037190932,39.5
0cRoQU_sD5R8MkkMkeodS1,IfcWallStandardCase,Basic Wall:Generic - 200mm:311013,0JBeWf23HFRgZonzHC4iHL,Level 1,341.7867183189461,319.32566358348845,0.0,342.5715471873673,319.72395563244,39.5
0cRoQU_sD5R8MkkMkeodOr,IfcWallStandardCase,Basic Wall:Generic - 200mm:311249,0JBeWf23HFRgZonzHC4iHL,Level 1,359.05107930945434,307.18130354501307,0.0,366.2984174553847,322.361007202217,43.5
0cRoQU_sD5R8MkkMkeoWdX,IfcWallStandardCase,Basic Wall:Generic - 200mm:311301,0JBeWf23HFRgZonzHC4iHL,Level 1,352.7961443816503,303.128978354098,0.0,366.1053107975842,307.36427966782617,43.5
0cRoQU_sD5R8MkkMkeoWcq,IfcWallStandardCase,Basic Wall:Generic - 200mm:311376,0JBeWf23HFRgZonzHC4iHL,Level 1,342.80836735817144,326.156754304765,0.0,354.10524347165176,350.09541305456105,28.0
0cRoQU_sD5R8MkkMkeoWcS,IfcWallStandardCase,Basic Wall:Generic - 200mm:311416,0JBeWf23HFRgZonzHC4iHL,Level 1,330.94683620375804,344.30232877957604,0.0,342.8928433252021,350.0109370875315,28.0
0cRoQU_sD5R8MkkMkeoWbM,IfcWallStandardCase,Basic Wall:Generic - 200mm:311474,0JBeWf23HFRgZonzHC4iHL,Level 1,331.0313121707878,320.60719624327436,0.0,342.25365886693135,344.3868047466144,28.0
1k8pVOGqX51f_yJjFvAcBx,IfcWallStandardCase,Basic Wall:Generic - 200mm:311677,0JBeWf23HFRgZonzHC4iHL,Level 1,333.512414502779,357.232376557131,0.0,340.09449158355426,371.0131765523663,30.0
1k8pVOGqX51f_yJjFvAc8g,IfcWallStandardCase,Basic Wall:Generic - 200mm:311724,0JBeWf23HFRgZonzHC4iHL,Level 1,319.7664414991373,364.33193698970115,0.0,333.5970913989414,370.9285940128041,30.0
1k8pVOGqX51f_yJjFvAc9J,IfcWallStandardCase,Basic Wall:Generic - 200mm:311765,0JBeWf23HFRgZonzHC4iHL,Level 1,319.8507379264813,350.817924836639,0.0,326.3131308445312,364.4165196231899,30.0
1k8pVOGqX51f_yJjFvAc65,IfcWallStandardCase,Basic Wall:Generic - 200mm:311811,0JBeWf23HFRgZonzHC4iHL,Level 1,326.22883450974257,350.90231985164354,0.0,339.9131698720395,357.4135668013507,30.0
1k8pVOGqX51f_yJjFvAc4P,IfcWallStandardCase,Basic Wall:Generic - 200mm:311967,0JBeWf23HFRgZonzHC4iHL,Level 1,303.98740544326625,364.6889115052616,0.0,320.3239467234663,399.4485216043362,26.0
1k8pVOGqX51f_yJjFvAc54,IfcWallStandardCase,Basic Wall:Generic - 200mm:312002,0JBeWf23HFRgZonzHC4iHL,Level 1,304.1804375794095,399.2654696062409,0.0,318.06402086304837,403.6824705128327,26.0
1k8pVOGqX51f_yJjFvAc5u,IfcWallStandardCase,Basic Wall:Generic - 200mm:312062,0JBeWf23HFRgZonzHC4iHL,Level 1,317.87063324947627,370.92811707954536,0.0,333.6926391410073,403.50017726844726,26.0
1k8pVOGqX51f_yJjFvAc3i,IfcWallStandardCase,Basic Wall:Generic - 200mm:312170,0JBeWf23HFRgZonzHC4iHL,Level 1,308.83635927207655,381.8417646535812,0.0,326.235176650873,387.38472295175023,33.0
1k8pVOGqX51f_yJjFvAc0s,IfcWallStandardCase,Basic Wall:Generic - 200mm:312240,0JBeWf23HFRgZonzHC4iHL,Level 1,320.66278411283207,387.32574001822314,0.0,326.175980912745,404.5600468509623,33.0
1k8pVOGqX51f_yJjFvAc1t,IfcWallStandardCase,Basic Wall:Generic - 200mm:312305,0JBeWf23HFRgZonzHC4iHL,Level 1,303.5592001786119,399.066668421044,0.0,320.72198008097075,404.5014246361621,33.0
1k8pVOGqX51f_yJjFvAcUe,IfcWallStandardCase,Basic Wall:Generic - 200mm:312366,0JBeWf23HFRgZonzHC4iHL,Level 1,303.61778596428644,382.0329919101079,0.0,309.027464414514,399.12529037275334,33.0
1k8pVOGqX51f_yJjFvAcVO,IfcWallStandardCase,Basic Wall:Generic - 200mm:312414,0JBeWf23HFRgZonzHC4iHL,Level 1,295.1946040089628,353.8064493698429,0.0,308.09571660585476,357.96358667823523,21.0
1k8pVOGqX51f_yJjFvAcVr,IfcWallStandardCase,Basic Wall:Generic - 200mm:312435,0JBeWf23HFRgZonzHC4iHL,Level 1,295.25361999694366,345.3427729783581,0.0,298.05856361887476,353.8654653578241,37.0
1k8pVOGqX51f_yJjFvAcS4,IfcWallStandardCase,Basic Wall:Generic - 200mm:312450,0JBeWf23HFRgZonzHC4iHL,Level 1,282.4086299339529,340.5868238809751,0.0,297.86746910518474,345.53386749204816,37.0
1k8pVOGqX51f_yJjFvAcSa,IfcWallStandardCase,Basic Wall:Generic - 200mm:312482,0JBeWf23HFRgZonzHC4iHL,Level 1,282.46764592193483,331.76306196273015,0.0,285.3757142171102,340.6458398689567,21.0
1k8pVOGqX51f_yJjFvAcT5,IfcWallStandardCase,Basic Wall:Generic - 200mm:312515,0JBeWf23HFRgZonzHC4iHL,Level 1,285.31614753039906,331.84824448438957,0.0,312.2403199314335,344.54509198688453,21.0
1k8pVOGqX51f_yJjFvAcTR,IfcWallStandardCase,Basic Wall:Generic - 200mm:312541,0JBeWf23HFRgZonzHC4iHL,Level 1,307.9046220921641,344.4599094652253,0.0,312.1807532447229,357.77249216454436,21.0
1k8pVOGqX51f_yJjFvAcRD,IfcWallStandardCase,Basic Wall:Generic - 200mm:312651,0JBeWf23HFRgZonzHC4iHL,Level 1,267.79853049368234,388.087457306184,0.0,292.67504042437446,395.8995217199165,21.5
1k8pVOGqX51f_yJjFvAcRl,IfcWallStandardCase,Basic Wall:Generic - 200mm:312681,0JBeWf23HFRgZonzHC4iHL,Level 1,292.48385136920905,378.1378564313643,0.0,298.0524304596673,395.7083326647507,21.5
1k8pVOGqX51f_yJjFvAcO4,IfcWallStandardCase,Basic Wall:Generic - 200mm:312706,0JBeWf23HFRgZonzHC4iHL,Level 1,288.7649662245289,375.3626643159756,0.0,297.86124140450164,378.32904548653,21.5
1k8pVOGqX51f_yJjFvAcOc,IfcWallStandardCase,Basic Wall:Generic - 200mm:312736,0JBeWf23HFRgZonzHC4iHL,Level 1,285.31156115181483,375.55385337114177,0.0,288.9561552796943,386.8587664542731,37.0
1k8pVOGqX51f_yJjFvAcPJ,IfcWallStandardCase,Basic Wall:Generic - 200mm:312789,0JBeWf23HFRgZonzHC4iHL,Level 1,269.72251545625846,381.8218941559259,0.0,285.3702701390726,386.80005746701596,37.0
1k8pVOGqX51f_yJjFvAcPr,IfcWallStandardCase,Basic Wall:Generic - 200mm:312819,0JBeWf23HFRgZonzHC4iHL,Level 1,267.85723948093994,382.0130832110914,0.0,269.91370451142393,388.14616629344096,21.5
1k8pVOGqX51f_yJjFvAcNa,IfcWallStandardCase,Basic Wall:Generic - 200mm:312930,0JBeWf23HFRgZonzHC4iHL,Level 1,269.78127543273337,340.77795002821904,0.0,282.5998269874136,381.8806188089486,37.0
1k8pVOGqX51f_yJjFvAcLC,IfcWallStandardCase,Basic Wall:Generic - 200mm:313034,0JBeWf23HFRgZonzHC4iHL,Level 1,288.82290203264466,353.99782830088566,0.0,295.38662615345197,375.42113847614377,37.0
1k8pVOGqX51f_yJjFvAcGC,IfcWallStandardCase,Basic Wall:Generic - 200mm:313226,0JBeWf23HFRgZonzHC4iHL,Level 1,214.40881877016025,262.2481212375658,0.0,220.02430373134132,279.9728574329808,27.85
1k8pVOGqX51f_yJjFvAckQ,IfcWallStandardCase,Basic Wall:Generic - 200mm:313372,0JBeWf23HFRgZonzHC4iHL,Level 1,195.16656068812267,273.8362199938159,0.0,214.46752339711537,279.9142737751959,27.85
1k8pVOGqX51f_yJjFvAclL,IfcWallStandardCase,Basic Wall:Generic - 200mm:313427,0JBeWf23HFRgZonzHC4iHL,Level 1,195.25174850383476,257.0759582943359,0.0,203.2434082234066,273.8953678732235,27.85
1k8pVOGqX51f_yJjFvAci9,IfcWallStandardCase,Basic Wall:Generic - 200mm:313487,0JBeWf23HFRgZonzHC4iHL,Level 1,203.15824008632822,257.13541494068,0.0,219.83317427990372,262.43931173825064,27.85
1k8pVOGqX51f_yJjFvAcjU,IfcWallStandardCase,Basic Wall:Generic - 200mm:313560,0JBeWf23HFRgZonzHC4iHL,Level 1,181.6602095218042,269.6903211598829,0.0,195.25174850383436,274.01929715227595,24.85
1k8pVOGqX51f_yJjFvAcjy,IfcWallStandardCase,Basic Wall:Generic - 200mm:313594,0JBeWf23HFRgZonzHC4iHL,Level 1,181.71879316786516,252.15723509770845,0.0,187.28128471075536,269.74890480594445,24.85
1k8pVOGqX51f_yJjFvAcgM,IfcWallStandardCase,Basic Wall:Generic - 200mm:313616,0JBeWf23HFRgZonzHC4iHL,Level 1,187.22270098291997,252.21613825426599,0.0,203.05048263838825,257.2589931614399,24.85
1k8pVOGqX51f_yJjFvAch0,IfcWallStandardCase,Basic Wall:Generic - 200mm:313670,0JBeWf23HFRgZonzHC4iHL,Level 1,174.48965065486107,267.49357913960233,0.0,181.71879316786436,269.88154865898883,17.85
1k8pVOGqX51f_yJjFvAchc,IfcWallStandardCase,Basic Wall:Generic - 200mm:313696,0JBeWf23HFRgZonzHC4iHL,Level 1,174.8648725358794,249.94851222301853,0.0,180.11439624758535,266.5195021117544,36.85
1k8pVOGqX51f_yJjFvAce7,IfcWallStandardCase,Basic Wall:Generic - 200mm:313729,0JBeWf23HFRgZonzHC4iHL,Level 1,180.05581251974996,250.00741537957597,0.0,187.09015509553035,252.3484628637386,17.85
1k8pVOGqX51f_yJjFvAcev,IfcWallStandardCase,Basic Wall:Generic - 200mm:313791,0JBeWf23HFRgZonzHC4iHL,Level 1,168.68192832505645,264.5521443796386,0.0,175.05582334689748,266.71073174364005,36.85
1k8pVOGqX51f_yJjFvAcff,IfcWallStandardCase,Basic Wall:Generic - 200mm:313839,0JBeWf23HFRgZonzHC4iHL,Level 1,168.74066569865684,251.91999430095737,0.0,172.8128576332006,264.61163097899737,36.849999999999994
1k8pVOGqX51f_yJjFvAcc0,IfcWallStandardCase,Basic Wall:Generic - 200mm:313862,0JBeWf23HFRgZonzHC4iHL,Level 1,157.63688693884845,247.33422041976226,0.0,171.17129504846557,251.66556974792135,46.5
1k8pVOGqX51f_yJjFvAcdu,IfcWallStandardCase,Basic Wall:Generic - 200mm:313982,0JBeWf23HFRgZonzHC4iHL,Level 1,171.11255812645177,247.61656695756776,0.0,172.54767421060333,251.72430666993588,36.85
1k8pVOGqX51f_yJjFvAcab,IfcWallStandardCase,Basic Wall:Generic - 200mm:314019,0JBeWf23HFRgZonzHC4iHL,Level 1,159.01686472452383,243.523588111855,0.0,172.35654478996713,247.80774750471122,33.0
1k8pVOGqX51f_yJjFvAcbd,IfcWallStandardCase,Basic Wall:Generic - 200mm:314081,0JBeWf23HFRgZonzHC4iHL,Level 1,157.6956238608618,243.46468501526724,0.0,159.07560166872526,247.39295734177688,33.0
1k8pVOGqX51f_yJjFvAcZJ,IfcWallStandardCase,Basic Wall:Generic - 200mm:314197,0JBeWf23HFRgZonzHC4iHL,Level 1,171.20814836391412,251.50375773400376,0.0,172.62167715827687,252.11117477588124,46.5
1k8pVOGqX51f_yJjFvAcZg,IfcWallStandardCase,Basic Wall:Generic - 200mm:314220,0JBeWf23HFRgZonzHC4iHL,Level 1,172.48893726640074,247.675470054156,0.0,179.92326663236062,250.13973998904967,36.85
1k8pVOGqX51f_yJjFvAcX0,IfcWallStandardCase,Basic Wall:Generic - 200mm:314310,0JBeWf23HFRgZonzHC4iHL,Level 1,174.54823430092216,266.65124493817405,0.0,174.99723904744744,267.5521627856634,17.85
1k8pVOGqX51f_yJjFvAcXu,IfcWallStandardCase,Basic Wall:Generic - 200mm:314366,0JBeWf23HFRgZonzHC4iHL,Level 1,153.77385725510433,259.9078408603791,0.0,168.74066569865684,264.743326324415,46.5
1k8pVOGqX51f_yJjFvAc_Q,IfcWallStandardCase,Basic Wall:Generic - 200mm:314396,0JBeWf23HFRgZonzHC4iHL,Level 1,153.83259462870532,247.52540089468738,0.0,157.8280674137726,259.9673274597379,46.5
1k8pVOGqX51f_yJjFvAc$r,IfcWallStandardCase,Basic Wall:Generic - 200mm:314483,0JBeWf23HFRgZonzHC4iHL,Level 1,150.47263118355818,260.9917460203621,0.0,156.83042106770455,281.1158395714461,29.5
1k8pVOGqX51f_yJjFvAcyV,IfcWallStandardCase,Basic Wall:Generic - 200mm:314521,0JBeWf23HFRgZonzHC4iHL,Level 1,150.6557299390075,280.92290286605146,0.0,164.02289060682241,287.29374580034977,29.35
1k8pVOGqX51f_yJjFvAczG,IfcWallStandardCase,Basic Wall:Generic - 200mm:314582,0JBeWf23HFRgZonzHC4iHL,Level 1,163.83975106093328,265.3043453759481,0.0,170.67373331913322,287.1006703267375,29.35
1k8pVOGqX51f_yJjFvAcwv,IfcWallStandardCase,Basic Wall:Generic - 200mm:314687,0JBeWf23HFRgZonzHC4iHL,Level 1,167.22120277131827,300.67819566482643,0.0,173.82304307561964,314.7988602735117,18.0
1k8pVOGqX51f_yJjFvAcxH,IfcWallStandardCase,Basic Wall:Generic - 200mm:314711,0JBeWf23HFRgZonzHC4iHL,Level 1,156.56831103099637,311.27270544808096,0.0,167.30498156277932,314.7395772741992,18.0
1k8pVOGqX51f_yJjFvAcxy,IfcWallStandardCase,Basic Wall:Generic - 200mm:314746,0JBeWf23HFRgZonzHC4iHL,Level 1,148.27418645206055,288.661667674261,0.0,161.48566554076606,294.9847115997909,31.85
1k8pVOGqX51f_yJjFvAcuQ,IfcWallStandardCase,Basic Wall:Generic - 200mm:314780,0JBeWf23HFRgZonzHC4iHL,Level 1,155.3669114237763,294.7917147586877,0.0,161.6686779877068,314.7492420117654,31.85
1k8pVOGqX51f_yJjFvAcv6,IfcWallStandardCase,Basic Wall:Generic - 200mm:314816,0JBeWf23HFRgZonzHC4iHL,Level 1,141.43277179680524,310.21463516292795,0.0,155.42569404517533,314.6904593903662,31.85
1k8pVOGqX51f_yJjFvAcvS,IfcWallStandardCase,Basic Wall:Generic - 200mm:314842,0JBeWf23HFRgZonzHC4iHL,Level 1,141.49159737400808,288.5763702197972,0.0,148.3335734312379,310.27341778581086,31.85
1k8pVOGqX51f_yJjFvAcsf,IfcWallStandardCase,Basic Wall:Generic - 200mm:314927,0JBeWf23HFRgZonzHC4iHL,Level 1,135.38699690118983,329.86032954841465,0.0,149.3927152262717,334.31025532051143,28.85
1k8pVOGqX51f_yJjFvActC,IfcWallStandardCase,Basic Wall:Generic - 200mm:314954,0JBeWf23HFRgZonzHC4iHL,Level 1,149.33393249248485,314.69045939036647,0.0,155.55807785237073,334.36866412175124,28.85
1k8pVOGqX51f_yJjFvActY,IfcWallStandardCase,Basic Wall:Generic - 200mm:314980,0JBeWf23HFRgZonzHC4iHL,Level 1,135.44582261671107,310.4057883828502,0.0,141.6239382302254,329.9187383767942,28.85
1k8pVOGqX51f_yJjFvAcqU,IfcWallStandardCase,Basic Wall:Generic - 200mm:315032,0JBeWf23HFRgZonzHC4iHL,Level 1,132.22891224341308,340.12249962046906,0.0,150.01809924697022,345.7700021737353,24.85
1k8pVOGqX51f_yJjFvAcqu,IfcWallStandardCase,Basic Wall:Generic - 200mm:315070,0JBeWf23HFRgZonzHC4iHL,Level 1,149.8269460318741,335.219614778801,0.0,153.1880798374842,345.5788489586399,24.85
1k8pVOGqX51f_yJjFvAcrl,IfcWallStandardCase,Basic Wall:Generic - 200mm:315113,0JBeWf23HFRgZonzHC4iHL,Level 1,130.4693226353096,345.8402711547706,0.0,148.251796768593,351.5095874130446,21.35
114bk7BJ1AQATn9feajBrC,IfcWallStandardCase,Basic Wall:Generic - 200mm:315205,0JBeWf23HFRgZonzHC4iHL,Level 1,171.70991611177823,332.00731324254343,0.0,187.04124052412635,339.29800233536133,28.35
114bk7BJ1AQATn9feajBs3,IfcWallStandardCase,Basic Wall:Generic - 200mm:315274,0JBeWf23HFRgZonzHC4iHL,Level 1,177.21251853004446,339.2134814691237,0.0,186.9565768780416,359.76397885654694,28.35
114bk7BJ1AQATn9feajBst,IfcWallStandardCase,Basic Wall:Generic - 200mm:315326,0JBeWf23HFRgZonzHC4iHL,Level 1,162.17396323115628,352.5084080739189,0.0,177.29718232104085,359.6796796127589,28.35
114bk7BJ1AQATn9feajA8O,IfcWallStandardCase,Basic Wall:Generic - 200mm:315409,0JBeWf23HFRgZonzHC4iHL,Level 1,162.25831345668036,332.1886556511061,0.0,171.89117906083962,352.59270715061183,28.35
114bk7BJ1AQATn9feajA9X,IfcWallStandardCase,Basic Wall:Generic - 200mm:315496,0JBeWf23HFRgZonzHC4iHL,Level 1,175.92816580598196,323.7118581720292,0.0,190.73911876399254,330.773283645976,22.35
114bk7BJ1AQATn9feajAAY,IfcWallStandardCase,Basic Wall:Generic - 200mm:315563,0JBeWf23HFRgZonzHC4iHL,Level 1,176.01276730414057,305.61718750806403,0.0,184.64128722984015,323.7965137954746,22.35
114bk7BJ1AQATn9feajABR,IfcWallStandardCase,Basic Wall:Generic - 200mm:315602,0JBeWf23HFRgZonzHC4iHL,Level 1,184.5566856060379,305.70147201539874,0.0,199.1724281401335,312.6354783077398,22.35
114bk7BJ1AQATn9feajACD,IfcWallStandardCase,Basic Wall:Generic - 200mm:315652,0JBeWf23HFRgZonzHC4iHL,Level 1,190.55791849648745,312.55119392747685,0.0,199.0881056556757,330.5919281111711,22.35
0SYs3s__10NgRHjGtRj2g3,IfcWallStandardCase,Basic Wall:Generic - 200mm:315723,0JBeWf23HFRgZonzHC4iHL,Level 1,207.82076327723195,319.1066545632766,0.0,227.07701230400824,325.20967447707824,17.85
0SYs3s__10NgRHjGtRj2gk,IfcWallStandardCase,Basic Wall:Generic - 200mm:315750,0JBeWf23HFRgZonzHC4iHL,Level 1,203.67561764583144,319.29779639465374,0.0,208.0119051086082,332.8170114056832,17.85
0SYs3s__10NgRHjGtRj2gr,IfcWallStandardCase,Basic Wall:Generic - 200mm:315773,0JBeWf23HFRgZonzHC4iHL,Level 1,203.86675947720772,332.62586957430676,0.0,222.93186667260716,338.67002693381545,17.85
0SYs3s__10NgRHjGtRj2fJ,IfcWallStandardCase,Basic Wall:Generic - 200mm:315803,0JBeWf23HFRgZonzHC4iHL,Level 1,222.7407248412308,325.1508119227836,0.0,227.01814974971361,338.47888510243826,17.85
0SYs3s__10NgRHjGtRj2eO,IfcWallStandardCase,Basic Wall:Generic - 200mm:315856,0JBeWf23HFRgZonzHC4iHL,Level 1,184.19949313702557,296.583738014191,0.0,202.57324693002,305.32158500226,19.35
0SYs3s__10NgRHjGtRj2ei,IfcWallStandardCase,Basic Wall:Generic - 200mm:315876,0JBeWf23HFRgZonzHC4iHL,Level 1,184.28424772421695,280.92749491675613,0.0,191.7903331330728,296.668492601383,19.35
0SYs3s__10NgRHjGtRj2ez,IfcWallStandardCase,Basic Wall:Generic - 200mm:315893,0JBeWf23HFRgZonzHC4iHL,Level 1,191.70557854588105,281.01224950394794,0.0,209.8981786473598,289.66534190482105,19.35
0SYs3s__10NgRHjGtRj2d7,IfcWallStandardCase,Basic Wall:Generic - 200mm:315919,0JBeWf23HFRgZonzHC4iHL,Level 1,202.39209323850366,289.58058731762907,0.0,209.81342406016805,305.1404313107437,19.35
0SYs3s__10NgRHjGtRj2cf,IfcWallStandardCase,Basic Wall:Generic - 200mm:316001,0JBeWf23HFRgZonzHC4iHL,Level 1,215.8859937873951,307.27517533515567,0.0,228.92494135224044,313.5045420286635,24.35
0SYs3s__10NgRHjGtRj2cm,IfcWallStandardCase,Basic Wall:Generic - 200mm:316024,0JBeWf23HFRgZonzHC4iHL,Level 1,228.7437196680957,293.1357973441579,0.0,238.31062621276482,313.3233203445179,24.35
0SYs3s__10NgRHjGtRj2b4,IfcWallStandardCase,Basic Wall:Generic - 200mm:316044,0JBeWf23HFRgZonzHC4iHL,Level 1,225.27167864791952,287.172261443024,0.0,238.12940452862097,293.31701902830326,24.35
0SYs3s__10NgRHjGtRj2bX,IfcWallStandardCase,Basic Wall:Generic - 200mm:316073,0JBeWf23HFRgZonzHC4iHL,Level 1,215.97060289562666,287.3534831271681,0.0,225.45290033206334,307.35978444338673,24.35
0SYs3s__10NgRHjGtRj2aH,IfcWallStandardCase,Basic Wall:Generic - 200mm:316121,0JBeWf23HFRgZonzHC4iHL,Level 1,189.88786787715864,346.3455307121288,0.0,195.6072751533866,364.3781862178986,24.85
0SYs3s__10NgRHjGtRj2ax,IfcWallStandardCase,Basic Wall:Generic - 200mm:316147,0JBeWf23HFRgZonzHC4iHL,Level 1,195.54847909933343,346.4043267661827,0.0,223.1309862684701,355.06099521585594,24.85
0SYs3s__10NgRHjGtRj2ZO,IfcWallStandardCase,Basic Wall:Generic - 200mm:316176,0JBeWf23HFRgZonzHC4iHL,Level 1,217.41157899224427,355.0021991618024,0.0,223.07219021441733,372.8436923699619,24.85
0SYs3s__10NgRHjGtRj2ZW,IfcWallStandardCase,Basic Wall:Generic - 200mm:316200,0JBeWf23HFRgZonzHC4iHL,Level 1,190.07903017476875,364.18702392028786,0.0,217.47037504629657,372.7848963159083,24.85
0o1QfH3m18FQ$FuQf8VgjP,IfcWallStandardCase,Basic Wall:Generic - 200mm:317618,0JBeWf23HFRgZonzHC4iHL,Level 1,132.28773781913105,330.05148321780086,0.0,135.5782783662979,340.1813251961873,24.85
0o1QfH3m18FQ$FuQf8VgiA,IfcWallStandardCase,Basic Wall:Generic - 200mm:317665,0JBeWf23HFRgZonzHC4iHL,Level 1,149.52521386871481,334.1774973276599,0.0,152.996798372377,335.4107684481869,24.85
0o1QfH3m18FQ$FuQf8Vgg3,IfcWallStandardCase,Basic Wall:Generic - 200mm:317800,0JBeWf23HFRgZonzHC4iHL,Level 1,130.5281482555471,340.3136528355654,0.0,132.42006545850933,345.89933190517496,21.35
0o1QfH3m18FQ$FuQf8VgfX,IfcWallStandardCase,Basic Wall:Generic - 200mm:317834,0JBeWf23HFRgZonzHC4iHL,Level 1,148.06071592626012,345.7111765980181,0.0,149.95927367125282,351.3184340532819,21.35
0o1QfH3m18FQ$FuQf8VgeR,IfcWallStandardCase,Basic Wall:Generic - 200mm:317936,0JBeWf23HFRgZonzHC4iHL,Level 1,161.60933252456775,294.87701486968416,0.0,173.90611727011958,300.7626893570509,18.0
1NL4ZXkFP2thNiMT9sECsi,IfcWallStandardCase,Basic Wall:MockUp Exterior Ground Floor:379538,0JBeWf23HFRgZonzHC4iHL,Level 1,231.56048125625296,376.4154635750861,0.0,248.40430718347366,382.14133925629875,3.5
2V6UQJFc92sfDYeuDKgYAW,IfcWallStandardCase,Basic Wall:MockUp Exterior Ground Floor:451591,0JBeWf23HFRgZonzHC4iHL,Level 1,241.56453397897695,320.9325764573238,0.0,251.56281421628995,351.66964880191404,3.5
2V6UQJFc92sfDYeuDKgYBU,IfcWallStandardCase,Basic Wall:MockUp Exterior Ground Floor:451705,0JBeWf23HFRgZonzHC4iHL,Level 1,248.53156837327626,324.7454984329582,0.0,263.95967803273857,373.1339810400527,3.5
2V6UQJFc92sfDYeuDKgYFi,IfcWallStandardCase,Basic Wall:MockUp Exterior Ground Floor:451915,0JBeWf23HFRgZonzHC4iHL,Level 1,250.96063487076958,320.3304109603764,0.0,264.1448856030067,324.93070600322477,3.5
0qPq0uZ5vABQlKT8FAVXQn,IfcWallStandardCase,Basic Wall:MockUp Exterior Ground Floor:525446,0JBeWf23HFRgZonzHC4iHL,Level 1,248.2190996132056,373.6554349366903,0.0,251.43128225815175,382.3265468265661,3.5
31F6eMknj99vYl9fb0Qb7F,IfcWallStandardCase,Basic Wall:MockUp Exterior Ground Floor:526491,0JBeWf23HFRgZonzHC4iHL,Level 1,249.13372961075032,372.53181980257824,0.0,251.61648982841962,373.84064250695735,3.5
0MgESf4zL2juYwctbhVsxF,IfcWallStandardCase,Basic Wall:MockUp Interior between App:575972,0JBeWf23HFRgZonzHC5mk3,1 - First Floor,237.05986263781708,358.9655628615532,3.5,251.47384479601678,363.5546619062377,18.5
0MgESf4zL2juYwctbhVsl5,IfcWallStandardCase,Basic Wall:MockUp Interior between App:576750,0JBeWf23HFRgZonzHC5mk3,1 - First Floor,244.42157767147026,352.91384697548614,3.5,247.1461019948258,361.26645624592663,18.5
0MOEoDTm9EnO9yKsXjjie3,IfcWallStandardCase,Basic Wall:MockUp Exterior Ground Floor:581328,0JBeWf23HFRgZonzHC4iHL,Level 1,238.99745431052733,350.0927939388589,0.0,241.74972770046307,351.48445508042806,3.5
0MOEoDTm9EnO9yKsXjjiky,IfcWallStandardCase,Basic Wall:MockUp Exterior Ground Floor:581487,0JBeWf23HFRgZonzHC4iHL,Level 1,230.95832001877935,350.6949455869153,0.0,239.59961980747477,377.01762481256003,3.5
0MOEoDTm9EnO9yKsXjjlOO,IfcWallStandardCase,Basic Wall:MockUp Interior between App:582347,0JBeWf23HFRgZonzHC5mk3,1 - First Floor,246.2304391856091,338.30521564636325,3.5,258.0717515358873,342.103035056004,18.5
0MOEoDTm9EnO9yKsXjjl4H,IfcWallStandardCase,Basic Wall:MockUp Interior between App:583106,0JBeWf23HFRgZonzHC5mk3,1 - First Floor,249.07618905830512,347.8855069373802,3.5,251.080719838802,348.6577528510693,18.5
0MOEoDTm9EnO9yKsXjjlBg,IfcWallStandardCase,Basic Wall:MockUp Interior between App:583225,0JBeWf23HFRgZonzHC5mk3,1 - First Floor,246.9741168140412,352.74179999413525,3.5,251.25583306805262,354.21983481190273,18.5
0MOEoDTm9EnO9yKsXjjlkV,IfcWallStandardCase,Basic Wall:MockUp Elavator:585548,0JBeWf23HFRgZonzHC5mYt,-1 - Garage,251.658783308575,353.20394639094957,-2.5,254.3545210942116,354.1887846011713,18.5
0MOEoDTm9EnO9yKsXjjlj9,IfcWallStandardCase,Basic Wall:MockUp Elavator:585626,0JBeWf23HFRgZonzHC5mYt,-1 - Garage,252.38454700116762,350.511267349468,-2.5,255.17289025603753,351.5280381167017,18.5
0MOEoDTm9EnO9yKsXjjkNr,IfcWallStandardCase,Basic Wall:MockUp Interior between App:586022,0JBeWf23HFRgZonzHC5mk3,1 - First Floor,251.20292053975274,353.14877986879435,3.5,251.7043667221753,354.2729492376713,18.5
0MOEoDTm9EnO9yKsXjjkL6,IfcWallStandardCase,Basic Wall:MockUp Interior between App:586133,0JBeWf23HFRgZonzHC5mk3,1 - First Floor,252.2985544700063,349.19210082759895,3.5,252.9229134012246,350.7098096063817,18.5
0MOEoDTm9EnO9yKsXjjkUX,IfcWallStandardCase,Basic Wall:MockUp Interior between App:586610,0JBeWf23HFRgZonzHC5mk3,1 - First Floor,242.80309961119937,349.42831860280074,3.5,248.2604460623486,351.26247911525127,18.5
0MOEoDTm9EnO9yKsXjjkTj,IfcWallStandardCase,Basic Wall:MockUp Interior:586686,0JBeWf23HFRgZonzHC5mk3,1 - First Floor,246.93635591089796,348.85325575422524,3.5,248.78019869994816,349.61071337919265,18.5
0MOEoDTm9EnO9yKsXjjk39,IfcWallStandardCase,Basic Wall:MockUp Interior between App:586778,0JBeWf23HFRgZonzHC5mk3,1 - First Floor,249.53370269977188,351.8336981831474,3.5,250.22305482392724,353.56905388565315,18.5
0MOEoDTm9EnO9yKsXjjk26,IfcWallStandardCase,Basic Wall:MockUp Interior between App:586837,0JBeWf23HFRgZonzHC5mk3,1 - First Floor,250.62550447723532,348.4857676748815,3.5,251.252766020558,350.0128751482807,18.5
0MOEoDTm9EnO9yKsXjjk5B,IfcWallStandardCase,Basic Wall:MockUp Interior between App:587160,0JBeWf23HFRgZonzHC5mk3,1 - First Floor,249.12910550695327,340.10485909293726,3.5,251.6942562661999,347.9384233860279,18.5
2sG0Vcmgb1Uverjtj49YfG,IfcWallStandardCase,Basic Wall:MockUp Interior:588512,0JBeWf23HFRgZonzHC5mk3,1 - First Floor,249.44264967417277,359.6684303387462,3.5,252.34753747477336,360.75227686911995,18.5
2sG0Vcmgb1Uverjtj49YsP,IfcWallStandardCase,Basic Wall:MockUp Interior:589097,0JBeWf23HFRgZonzHC5mk3,1 - First Floor,248.38682173721648,353.6669973050162,3.5,249.62302968235073,357.0538868398941,18.5
2sG0Vcmgb1Uverjtj49YtX,IfcWallStandardCase,Basic Wall:MockUp Interior:589137,0JBeWf23HFRgZonzHC5mk3,1 - First Floor,246.12319623892031,356.08270467639494,3.5,248.45173936697623,356.9892111376164,18.5
2sG0Vcmgb1Uverjtj49zLG,IfcWallStandardCase,Basic Wall:MockUp Interior:591328,0JBeWf23HFRgZonzHC5mk3,1 - First Floor,241.34463584297015,354.4831604152412,3.5,242.78042720021375,358.53231857241923,18.5
2sG0Vcmgb1Uverjtj49zPp,IfcWallStandardCase,Basic Wall:MockUp Interior:591555,0JBeWf23HFRgZonzHC5mk3,1 - First Floor,238.00903401363877,355.84131070308314,3.5,241.7999203647462,357.1976650413124,18.5
2sG0Vcmgb1Uverjtj49zPS,IfcWallStandardCase,Basic Wall:MockUp Interior:591596,0JBeWf23HFRgZonzHC5mk3,1 - First Floor,238.7792623217348,353.33708460438316,3.5,242.570148672842,354.6934389426123,18.5
2sG0Vcmgb1Uverjtj49zSM,IfcWallStandardCase,Basic Wall:MockUp Interior:591782,0JBeWf23HFRgZonzHC5mk3,1 - First Floor,241.2799601835118,358.4676429129602,3.5,242.8930504536166,359.1541694781622,18.5
2sG0Vcmgb1Uverjtj49za9,IfcWallStandardCase,Basic Wall:MockUp Interior:592313,0JBeWf23HFRgZonzHC5mk3,1 - First Floor,242.82837479415812,357.1628077010173,3.5,243.65113923612603,359.21884513762126,18.5
2sG0Vcmgb1Uverjtj49zb3,IfcWallStandardCase,Basic Wall:MockUp Interior:592371,0JBeWf23HFRgZonzHC5mk3,1 - First Floor,243.58646357666777,357.2274833604752,3.5,245.47496005626584,357.9987169970105,18.5
3DRhHSTRP15ukUYu1G74Jn,IfcWallStandardCase,Basic Wall:MockUp Interior:595384,0JBeWf23HFRgZonzHC5mk3,1 - First Floor,247.00103157037321,347.0266758285778,3.5,247.77303986314737,348.9179280649432,18.5
0Zs4aBjAr5AggJ3MVmSHkB,IfcWallStandardCase,Basic Wall:MockUp Interior:597914,0JBeWf23HFRgZonzHC5mk3,1 - First Floor,245.39405141016994,340.9654926163333,3.5,250.75638519440884,342.80504884191816,18.5
0Zs4aBjAr5AggJ3MVmSIHS,IfcWallStandardCase,Basic Wall:MockUp Interior:598093,0JBeWf23HFRgZonzHC5mk3,1 - First Floor,248.23298216121714,339.3287379984014,3.5,249.20910354205793,341.8833814258582,18.5
0Zs4aBjAr5AggJ3MVmSIRv,IfcWallStandardCase,Basic Wall:MockUp Interior:598760,0JBeWf23HFRgZonzHC5mk3,1 - First Floor,243.87416468248347,345.9074707367076,3.5,247.56283575891842,347.23695449516873,18.5
0Zs4aBjAr5AggJ3MVmSI9v,IfcWallStandardCase,Basic Wall:MockUp Interior:599656,0JBeWf23HFRgZonzHC5mk3,1 - First Floor,252.7826773087911,347.30807538975756,3.5,253.51751504977543,349.0782387068812,18.5
0Zs4aBjAr5AggJ3MVmSIAn,IfcWallStandardCase,Basic Wall:MockUp Interior:599712,0JBeWf23HFRgZonzHC5mk3,1 - First Floor,253.4528393903168,347.3727510492161,3.5,256.1490751877152,348.3924221924346,18.5
0Zs4aBjAr5AggJ3MVmSImG,IfcWallStandardCase,Basic Wall:MockUp Interior:600065,0JBeWf23HFRgZonzHC5mk3,1 - First Floor,250.7110412473588,343.14420204950414,3.5,253.08928757708742,344.0660687293789,18.5
0Zs4aBjAr5AggJ3MVmSIn8,IfcWallStandardCase,Basic Wall:MockUp Interior:600153,0JBeWf23HFRgZonzHC5mk3,1 - First Floor,253.08928757708813,340.8693636940877,3.5,254.21810546384188,343.92046586146523,18.5
0Zs4aBjAr5AggJ3MVmSIoU,IfcWallStandardCase,Basic Wall:MockUp Interior:600207,0JBeWf23HFRgZonzHC5mk3,1 - First Floor,253.02461191762978,343.85579020200714,3.5,257.1002957278573,345.29974009129455,18.5
02b4vxvtD5HBo2EeUI63Px,IfcWallStandardCase,Basic Wall:MockUp Kitchen:645063,0JBeWf23HFRgZonzHC5mk3,1 - First Floor,243.4392113449313,356.50296942749156,3.5,243.7383807164436,357.191698450379,18.5
28WUkjJ1r5wPzZDX9W1jKw,IfcWallStandardCase,Basic Wall:MockUp Kitchen:664266,0JBeWf23HFRgZonzHC5mk3,1 - First Floor,247.36092088387622,351.0610892675663,3.5,247.64828755071358,351.7115987863663,18.5
28WUkjJ1r5wPzZDX9W1jI_,IfcWallStandardCase,Basic Wall:MockUp Kitchen:664398,0JBeWf23HFRgZonzHC5mk3,1 - First Floor,244.9818540881309,350.32919733209735,3.5,245.2685088002655,350.97987502267017,18.5
28WUkjJ1r5wPzZDX9W1jxA,IfcWallStandardCase,Basic Wall:MockUp Kitchen:665914,0JBeWf23HFRgZonzHC5mk3,1 - First Floor,246.2740462173863,352.5044402697714,3.5,247.0298609753333,352.8234464239787,18.5
28WUkjJ1r5wPzZDX9W1iEk,IfcWallStandardCase,Basic Wall:MockUp Interior:668766,0JBeWf23HFRgZonzHC5mk3,1 - First Floor,240.83898977811413,358.6779214403322,3.5,241.4902387108842,360.17631433187023,18.5
1KGNuJkf5FjQZDFQ6We96A,IfcWallStandardCase,Basic Wall:MockUp Elavator:671215,0JBeWf23HFRgZonzHC5mYt,-1 - Garage,248.73025242902338,349.3907884486663,-2.5,250.62722828462358,350.13234052826493,18.5
1KGNuJkf5FjQZDFQ6WeExu,IfcWallStandardCase,Basic Wall:MockUp Interior:672413,0JBeWf23HFRgZonzHC5mk3,1 - First Floor,249.50732533363188,354.2142608096578,3.5,251.3950759543844,359.7331059982046,18.5
1KGNuJkf5FjQZDFQ6WeElF,IfcWallStandardCase,Basic Wall:MockUp Interior:673706,0JBeWf23HFRgZonzHC5mk3,1 - First Floor,250.46194194723176,357.1027776723551,3.5,253.15655122046073,358.12194854327043,18.5
1KGNuJkf5FjQZDFQ6WeFjc,IfcWallStandardCase,Basic Wall:MockUp Kitchen:677635,0JBeWf23HFRgZonzHC5mk3,1 - First Floor,247.8526278387084,356.93340312867235,3.5,248.30095622883252,358.1097698644398,18.5
1KGNuJkf5FjQZDFQ6WeFl3,IfcWallStandardCase,Basic Wall:MockUp Kitchen:677798,0JBeWf23HFRgZonzHC5mk3,1 - First Floor,247.82323200990135,358.0803740356325,3.5,248.52164082169895,358.38170827360756,18.5
0X2$ayW0v5dBNxK3e4nwvt,IfcWallStandardCase,Basic Wall:MockUp Kitchen:682182,0JBeWf23HFRgZonzHC5mk3,1 - First Floor,249.3050677688816,342.42288620173775,3.5,249.54468478047863,342.9205848130978,18.5
0X2$ayW0v5dBNxK3e4nwfs,IfcWallStandardCase,Basic Wall:MockUp Kitchen:683207,0JBeWf23HFRgZonzHC5mk3,1 - First Floor,246.50035643053192,349.06941273652876,3.5,247.05105410079267,350.5785209468846,18.5
11MreptMzBDAizZWBG8n15,IfcWallStandardCase,Basic Wall:MockUp Interior between App:689878,0JBeWf23HFRgZonzHC5mk3,1 - First Floor,251.19843263096814,348.54263118339526,3.5,252.97602782557348,349.245017311281,18.5
11MreptMzBDAizZWBG8n$m,IfcWallStandardCase,Basic Wall:MockUp Kitchen:690531,0JBeWf23HFRgZonzHC5mk3,1 - First Floor,251.06839032519756,347.13491266748827,3.5,251.5475467085656,348.4063275632948,18.5
11MreptMzBDAizZWBG8nzD,IfcWallStandardCase,Basic Wall:MockUp Kitchen:690654,0JBeWf23HFRgZonzHC5mk3,1 - First Floor,251.51803869425035,347.16430851654343,3.5,252.11760512049997,347.43520965038044,18.5
11MreptMzBDAizZWBG8nhd,IfcWallStandardCase,Basic Wall:MockUp Kitchen:691316,0JBeWf23HFRgZonzHC5mk3,1 - First Floor,251.03888231088217,348.3769317142393,3.5,251.73548892657567,348.6776771913885,18.5
3GzoWuxxn4WO8bCtw8H3AT,IfcWallStandardCase,Basic Wall:MockUp Elavator:696920,0JBeWf23HFRgZonzHC5mYt,-1 - Garage,259.10159033728024,329.00487409674156,-2.5,261.79649800785756,329.99285014022473,18.5
3GzoWuxxn4WO8bCtw8H3AS,IfcWallStandardCase,Basic Wall:MockUp Elavator:696921,0JBeWf23HFRgZonzHC5mYt,-1 - Garage,258.279519472658,331.6717757461827,-2.5,260.9760956637586,332.66020596178066,18.5
3GzoWuxxn4WO8bCtw8H3ES,IfcWallStandardCase,Basic Wall:MockUp Interior between App:697177,0JBeWf23HFRgZonzHC5mk3,1 - First Floor,257.8354692063051,331.6070715072623,3.5,258.3362131714697,332.7247113718111,18.5
3GzoWuxxn4WO8bCtw8H3D2,IfcWallStandardCase,Basic Wall:MockUp Interior between App:697223,0JBeWf23HFRgZonzHC5mk3,1 - First Floor,253.66090658617523,331.2103147434892,3.5,257.88858359548874,332.67159698262867,18.5
3GzoWuxxn4WO8bCtw8H3I4,IfcWallStandardCase,Basic Wall:MockUp Elavator:697409,0JBeWf23HFRgZonzHC5mYt,-1 - Garage,254.8326951020597,329.55103369799787,-2.5,256.9021913611493,330.3433930352347,18.5
3GzoWuxxn4WO8bCtw8H3Hn,IfcWallStandardCase,Basic Wall:MockUp Interior:697524,0JBeWf23HFRgZonzHC5mk3,1 - First Floor,256.0530034025298,338.1209927257531,3.5,258.9734417775075,339.20962216794095,18.5
3GzoWuxxn4WO8bCtw8H3Hm,IfcWallStandardCase,Basic Wall:MockUp Interior:697525,0JBeWf23HFRgZonzHC5mk3,1 - First Floor,255.05066992699034,333.70450097013594,3.5,255.83205032436072,335.6261297014575,18.5
3GzoWuxxn4WO8bCtw8H3Hp,IfcWallStandardCase,Basic Wall:MockUp Interior:697526,0JBeWf23HFRgZonzHC5mk3,1 - First Floor,252.77878004149798,334.65240672165993,3.5,255.11534707377322,335.5614540419819,18.5
3GzoWuxxn4WO8bCtw8H3Gd,IfcWallStandardCase,Basic Wall:MockUp Interior:697570,0JBeWf23HFRgZonzHC5mk3,1 - First Floor,256.117679061988,332.65979374031696,3.5,258.007454268626,338.1856683852292,18.5
3GzoWuxxn4WO8bCtw8H3Gq,IfcWallStandardCase,Basic Wall:MockUp Interior:697585,0JBeWf23HFRgZonzHC5mk3,1 - First Floor,257.0722191766299,335.5553892214313,3.5,259.78245339346637,336.5793022538097,18.5
3GzoWuxxn4WO8bCtw8H3Gv,IfcWallStandardCase,Basic Wall:MockUp Interior:697596,0JBeWf23HFRgZonzHC5mk3,1 - First Floor,255.62217896230032,332.13751656136503,3.5,256.31631402880834,333.76940916040587,18.5
3GzoWuxxn4WO8bCtw8H3N2,IfcWallStandardCase,Basic Wall:MockUp Kitchen:697607,0JBeWf23HFRgZonzHC5mk3,1 - First Floor,254.93214920468358,335.5966937094063,3.5,255.2608265701866,336.38096998913875,18.5
3GzoWuxxn4WO8bCtw8H3Q3,IfcWallStandardCase,Basic Wall:MockUp Interior between App:697926,0JBeWf23HFRgZonzHC5mk3,1 - First Floor,251.07805517002282,331.3823609252451,3.5,253.83289176236278,339.83284450743304,18.5
3GzoWuxxn4WO8bCtw8H3XD,IfcWallStandardCase,Basic Wall:MockUp Kitchen:698504,0JBeWf23HFRgZonzHC5mk3,1 - First Floor,253.04394772831003,331.0136198262023,3.5,253.7137394523323,331.30616775608564,18.5
3GzoWuxxn4WO8bCtw8H3fu,IfcWallStandardCase,Basic Wall:MockUp Interior:699069,0JBeWf23HFRgZonzHC5mk3,1 - First Floor,247.80821701518772,333.11572726774716,3.5,250.27575525584987,334.06801215000473,18.5
2m6FhmO0r2OgRBRP7hD2Hh,IfcWallStandardCase,Basic Wall:MockUp Interior:703878,0JBeWf23HFRgZonzHC5mk3,1 - First Floor,248.68308918584106,334.0687198690868,3.5,250.42333337661537,339.10798069570524,18.5
2m6FhmO0r2OgRBRP7hD4wq,IfcWallStandardCase,Basic Wall:MockUp Interior:710489,0JBeWf23HFRgZonzHC5mk3,1 - First Floor,250.21083766906932,326.26244258104794,3.5,252.83172287940053,334.1329297367838,18.5
2m6FhmO0r2OgRBRP7hD4vi,IfcWallStandardCase,Basic Wall:MockUp Interior:710529,0JBeWf23HFRgZonzHC5mk3,1 - First Floor,248.8524674259637,329.72030146439494,3.5,251.32486186222906,330.6709918667311,18.5
2m6FhmO0r2OgRBRP7hD47b,IfcWallStandardCase,Basic Wall:MockUp Interior:710664,0JBeWf23HFRgZonzHC5mk3,1 - First Floor,249.95075146295176,335.4598539944842,3.5,252.20011457921973,336.342079884936,18.5
2m6FhmO0r2OgRBRP7hD41n,IfcWallStandardCase,Basic Wall:MockUp Kitchen:711068,0JBeWf23HFRgZonzHC5mk3,1 - First Floor,251.50400922864623,335.71424448929633,3.5,252.2598239865933,336.03325064350366,18.5
2m6FhmO0r2OgRBRP7hD4D3,IfcWallStandardCase,Basic Wall:MockUp Interior:711342,0JBeWf23HFRgZonzHC5mk3,1 - First Floor,250.14411885720898,325.52044026213093,3.5,252.62144271980904,326.47264669089606,18.5
2m6FhmO0r2OgRBRP7hD4GE,IfcWallStandardCase,Basic Wall:MockUp Interior:712163,0JBeWf23HFRgZonzHC5mk3,1 - First Floor,249.3191393493546,328.2028972655359,3.5,251.79331478071907,329.1541354061801,18.5
3naw$9in55$v8L5CpxnK31,IfcWallStandardCase,Basic Wall:MockUp Elavator:712947,0JBeWf23HFRgZonzHC5mYt,-1 - Garage,246.26217967398452,371.43006488611076,-2.5,248.7667525894889,372.3561703471918,18.5
3naw$9in55$v8L5CpxnK36,IfcWallStandardCase,Basic Wall:MockUp Elavator:712948,0JBeWf23HFRgZonzHC5mYt,-1 - Garage,246.99322059378935,368.7471048742917,-2.5,249.58381654321892,369.6996685596968,18.5
3naw$9in55$v8L5CpxnK7f,IfcWallStandardCase,Basic Wall:MockUp Interior between App:713179,0JBeWf23HFRgZonzHC5mk3,1 - First Floor,245.80595839972833,371.37560072415806,3.5,246.31557215496878,372.5262414325403,18.5
3naw$9in55$v8L5CpxnK9t,IfcWallStandardCase,Basic Wall:MockUp Interior between App:713285,0JBeWf23HFRgZonzHC5mk3,1 - First Floor,244.09856644194844,371.7737845618061,3.5,245.85887488341052,372.4731270081917,18.5
3naw$9in55$v8L5CpxnKAh,IfcWallStandardCase,Basic Wall:MockUp Elavator:713369,0JBeWf23HFRgZonzHC5mYt,-1 - Garage,242.66249976343832,369.2667545547453,-2.5,244.73166127205528,370.06135829027176,21.7
2v8sGyGFXDsRc80mj95kV8,IfcWallStandardCase,Basic Wall:MockUp Elavator:722908,0JBeWf23HFRgZonzHC5mYt,-1 - Garage,242.71561415262136,367.56601338290085,-2.5,243.4128415079782,369.3198689439287,21.7
2v8sGyGFXDsRc80mj95kax,IfcWallStandardCase,Basic Wall:MockUp Interior between App:723247,0JBeWf23HFRgZonzHC5mk3,1 - First Floor,243.5313299498612,370.00813933462473,3.5,244.67820840920982,373.2307045451749,18.5
2v8sGyGFXDsRc80mj95kjH,IfcWallStandardCase,Basic Wall:MockUp Interior between App:723781,0JBeWf23HFRgZonzHC5mk3,1 - First Floor,233.62109285720084,370.1459582605784,3.5,243.71839590244696,373.40737029988685,18.5
2v8sGyGFXDsRc80mj95klY,IfcWallStandardCase,Basic Wall:MockUp Interior:723958,0JBeWf23HFRgZonzHC5mk3,1 - First Floor,244.64795172502477,375.95981794731716,3.5,249.6529987963519,377.68961338887885,18.5
2v8sGyGFXDsRc80mj95kzZ,IfcWallStandardCase,Basic Wall:MockUp Interior:724855,0JBeWf23HFRgZonzHC5mk3,1 - First Floor,237.36068141277215,371.6852025980821,3.5,238.2765125887815,374.04382582886825,18.5
2v8sGyGFXDsRc80mj95k$a,IfcWallStandardCase,Basic Wall:MockUp Interior:724976,0JBeWf23HFRgZonzHC5mk3,1 - First Floor,237.50628428068535,374.0438258288683,3.5,242.9599268051622,375.91159639858586,18.5
2v8sGyGFXDsRc80mj95l2Z,IfcWallStandardCase,Basic Wall:MockUp Interior:725175,0JBeWf23HFRgZonzHC5mk3,1 - First Floor,241.20123366714412,372.86644660259816,3.5,242.11706484315366,375.2250698333842,18.5
2v8sGyGFXDsRc80mj95l9U,IfcWallStandardCase,Basic Wall:MockUp Interior:725578,0JBeWf23HFRgZonzHC5mk3,1 - First Floor,235.9578696700388,373.56757779103816,3.5,237.5709599401435,374.25410435624025,18.5
2v8sGyGFXDsRc80mj95lnq,IfcWallStandardCase,Basic Wall:MockUp Interior:728160,0JBeWf23HFRgZonzHC5mk3,1 - First Floor,242.7496482777905,373.3426946404278,3.5,243.6654794537999,375.7013178712139,18.5
2v8sGyGFXDsRc80mj95luL,IfcWallStandardCase,Basic Wall:MockUp Interior:728577,0JBeWf23HFRgZonzHC5mk3,1 - First Floor,234.64241542008136,373.5029021315798,3.5,236.02254532949686,377.37108946636874,18.5
2v8sGyGFXDsRc80mj95lyz,IfcWallStandardCase,Basic Wall:MockUp Kitchen:728873,0JBeWf23HFRgZonzHC5mk3,1 - First Floor,242.89525114570372,375.8160152497804,3.5,243.47978026148436,376.08233884052595,18.5
2v8sGyGFXDsRc80mj95i4v,IfcWallStandardCase,Basic Wall:MockUp Interior:729389,0JBeWf23HFRgZonzHC5mk3,1 - First Floor,244.71262738448314,372.4672254054858,3.5,245.99705303993738,376.0244936067758,18.5
2v8sGyGFXDsRc80mj95i9$,IfcWallStandardCase,Basic Wall:MockUp Kitchen:729707,0JBeWf23HFRgZonzHC5mk3,1 - First Floor,245.36975605532072,374.47607856480636,3.5,246.20766891193333,374.82033574553475,18.5
2v8sGyGFXDsRc80mj95iGA,IfcWallStandardCase,Basic Wall:MockUp Interior:730142,0JBeWf23HFRgZonzHC5mk3,1 - First Floor,232.85086454910498,372.61195189975564,3.5,235.81226680212527,373.7131806589519,18.5
3Icxn5iZD46RLnvfRjDRUz,IfcWallStandardCase,Basic Wall:MockUp Interior:731530,0JBeWf23HFRgZonzHC5mk3,1 - First Floor,236.19083003072816,375.37401722037663,3.5,237.14193883916943,377.8473378297292,18.5
3Icxn5iZD46RLnvfRjDRU9,IfcWallStandardCase,Basic Wall:MockUp Interior:731582,0JBeWf23HFRgZonzHC5mk3,1 - First Floor,235.52884856906425,374.9624445164742,3.5,236.93166031179726,375.58429542221785,18.5
3p6DR19bjD_PWb8lZMRTT8,IfcWallStandardCase,Basic Wall:MockUp Elavator:734443,0JBeWf23HFRgZonzHC5mYt,-1 - Garage,250.05106964314274,349.9602931249623,-2.5,250.7992134654084,351.8868126089156,18.5
3p6DR19bjD_PWb8lZMRTOE,IfcWallStandardCase,Basic Wall:MockUp Elavator:734637,0JBeWf23HFRgZonzHC5mYt,-1 - Garage,243.35972711879535,367.61912777208437,-2.5,245.08491850276954,368.30750272924405,21.7
3p6DR19bjD_PWb8lZMRTPc,IfcWallStandardCase,Basic Wall:MockUp Elavator:734661,0JBeWf23HFRgZonzHC5mYt,-1 - Garage,244.55967620973337,368.13551766692177,-2.5,245.25690356509023,369.88937322794965,21.7
3p6DR19bjD_PWb8lZMRTML,IfcWallStandardCase,Basic Wall:MockUp Elavator:734774,0JBeWf23HFRgZonzHC5mYt,-1 - Garage,256.730143966953,328.4164269997106,-2.5,257.42351846885356,330.1712860802328,18.5
3p6DR19bjD_PWb8lZMRTI1,IfcWallStandardCase,Basic Wall:MockUp Interior between App:735010,0JBeWf23HFRgZonzHC4iHL,Level 1,248.4961556900861,330.91708454410923,0.0,260.34355361043305,334.7167757010097,2.0
3p6DR19bjD_PWb8lZMRThy,IfcWallStandardCase,Basic Wall:MockUp Interior between App:735583,0JBeWf23HFRgZonzHC4iHL,Level 1,254.85480835526627,335.6656432594665,0.0,259.57321875944564,337.22134831413933,2.0
3p6DR19bjD_PWb8lZMRTs5,IfcWallStandardCase,Basic Wall:MockUp Interior between App:736806,0JBeWf23HFRgZonzHC4iHL,Level 1,255.7994424808765,330.2906531883281,0.0,256.8500471178798,333.20000749440646,2.0
0Pw4h9cu11p8EzOFUdpSRt,IfcWallStandardCase,Basic Wall:MockUp Interior between App:738337,0JBeWf23HFRgZonzHC4iHL,Level 1,250.59050048860323,347.33735098281727,0.0,251.56397094891796,349.9960930612501,2.0
0Pw4h9cu11p8EzOFUdpSqt,IfcWallStandardCase,Basic Wall:MockUp Interior between App:741345,0JBeWf23HFRgZonzHC4iHL,Level 1,243.71819055576842,360.7154268002677,0.0,247.2222822522894,361.9488711990424,2.0
0xKelnDbLBsf$3TAffmUEN,IfcWallStandardCase,Basic Wall:MockUp Interior between App:747035,0JBeWf23HFRgZonzHC4iHL,Level 1,255.6650189718321,341.8526737351555,0.0,257.9031481005896,342.6512116402688,2.0
1KMtYLyv9CyfGv8UjnMBSF,IfcWallStandardCase,Basic Wall:MockUp Exterior:793580,0JBeWf23HFRgZonzHC5mk3,1 - First Floor,231.56048125625296,376.4154635750861,3.5,248.40430718347366,382.14133925629875,18.5
1KMtYLyv9CyfGv8UjnMBSE,IfcWallStandardCase,Basic Wall:MockUp Exterior:793581,0JBeWf23HFRgZonzHC5mk3,1 - First Floor,241.56453397897695,320.9325764573238,3.5,251.56281421628995,351.66964880191404,18.5
1KMtYLyv9CyfGv8UjnMBSD,IfcWallStandardCase,Basic Wall:MockUp Exterior:793582,0JBeWf23HFRgZonzHC5mk3,1 - First Floor,248.53156837327626,324.7454984329582,3.5,263.95967803273857,373.1339810400527,18.5
1KMtYLyv9CyfGv8UjnMBSC,IfcWallStandardCase,Basic Wall:MockUp Exterior:793583,0JBeWf23HFRgZonzHC5mk3,1 - First Floor,250.96063487076955,320.3304109603764,3.5,264.1448856030067,324.93070600322477,18.5
1KMtYLyv9CyfGv8UjnMBSJ,IfcWallStandardCase,Basic Wall:MockUp Exterior:793584,0JBeWf23HFRgZonzHC5mk3,1 - First Floor,248.2190996132056,373.6554349366903,3.5,251.43128225815175,382.3265468265661,18.5
1KMtYLyv9CyfGv8UjnMBSI,IfcWallStandardCase,Basic Wall:MockUp Exterior:793585,0JBeWf23HFRgZonzHC5mk3,1 - First Floor,249.13372961075032,372.53181980257824,3.5,251.61648982841962,373.84064250695735,18.5
1KMtYLyv9CyfGv8UjnMBSH,IfcWallStandardCase,Basic Wall:MockUp Exterior:793586,0JBeWf23HFRgZonzHC5mk3,1 - First Floor,238.99745431052733,350.0927939388589,3.5,241.74972770046307,351.48445508042806,18.5
1KMtYLyv9CyfGv8UjnMBSG,IfcWallStandardCase,Basic Wall:MockUp Exterior:793587,0JBeWf23HFRgZonzHC5mk3,1 - First Floor,230.95832001877935,350.6949455869153,3.5,239.59961980747477,377.01762481256003,18.5
1KMtYLyv9CyfGv8UjnMBCI,IfcWallStandardCase,Basic Wall:MockUp Exterior Garage:794609,0JBeWf23HFRgZonzHC5mYt,-1 - Garage,231.56048125625296,376.4154635750861,-2.5,248.40430718347366,382.14133925629875,0.0
1KMtYLyv9CyfGv8UjnMBCH,IfcWallStandardCase,Basic Wall:MockUp Exterior Garage:794610,0JBeWf23HFRgZonzHC5mYt,-1 - Garage,241.56453397897695,320.9325764573238,-2.5,251.56281421628995,351.66964880191404,0.0
1KMtYLyv9CyfGv8UjnMBCG,IfcWallStandardCase,Basic Wall:MockUp Exterior Garage:794611,0JBeWf23HFRgZonzHC5mYt,-1 - Garage,248.53156837327626,324.7454984329582,-2.5,263.95967803273857,373.1339810400527,0.0
1KMtYLyv9CyfGv8UjnMBCN,IfcWallStandardCase,Basic Wall:MockUp Exterior Garage:794612,0JBeWf23HFRgZonzHC5mYt,-1 - Garage,250.96063487076958,320.3304109603764,-2.5,264.1448856030067,324.93070600322477,0.0
1KMtYLyv9CyfGv8UjnMBCM,IfcWallStandardCase,Basic Wall:MockUp Exterior Garage:794613,0JBeWf23HFRgZonzHC5mYt,-1 - Garage,248.2190996132056,373.6554349366903,-2.5,251.43128225815175,382.3265468265661,0.0
1KMtYLyv9CyfGv8UjnMBCL,IfcWallStandardCase,Basic Wall:MockUp Exterior Garage:794614,0JBeWf23HFRgZonzHC5mYt,-1 - Garage,249.13372961075032,372.53181980257824,-2.5,251.61648982841962,373.84064250695735,0.0
1KMtYLyv9CyfGv8UjnMBCK,IfcWallStandardCase,Basic Wall:MockUp Exterior Garage:794615,0JBeWf23HFRgZonzHC5mYt,-1 - Garage,238.99745431052733,350.0927939388589,-2.5,241.74972770046307,351.48445508042806,0.0
1KMtYLyv9CyfGv8UjnMBCR,IfcWallStandardCase,Basic Wall:MockUp Exterior Garage:794616,0JBeWf23HFRgZonzHC5mYt,-1 - Garage,230.95832001877935,350.6949455869153,-2.5,239.59961980747477,377.01762481256003,0.0
1KMtYLyv9CyfGv8UjnM8_h,IfcWallStandardCase,Basic Wall:MockUp Interior between App:795464,0JBeWf23HFRgZonzHC5mYt,-1 - Garage,255.89206298411906,341.9225002625817,-2.5,257.9031481005896,342.6512116402688,-0.5
1KMtYLyv9CyfGv8UjnM8y$,IfcWallStandardCase,Basic Wall:MockUp Interior between App:795612,0JBeWf23HFRgZonzHC5mYt,-1 - Garage,247.72590337904376,333.42160653575075,-2.5,259.57332317260665,337.2210099409993,-0.5
3GdhC2lQD5ifjmLdQ3yo2f,IfcWallStandardCase,Basic Wall:MockUp Interior between App:797057,0JBeWf23HFRgZonzHC5mYt,-1 - Garage,249.92949781846414,352.67317545667765,-2.5,251.71188267327875,353.3751003436414,-0.5
3GdhC2lQD5ifjmLdQ3yo9v,IfcWallStandardCase,Basic Wall:MockUp Interior between App:797521,0JBeWf23HFRgZonzHC5mYt,-1 - Garage,245.20310328048132,368.1908529941473,-2.5,247.04721027927735,368.91595282822595,-0.5
3GdhC2lQD5ifjmLdQ3yoB_,IfcWallStandardCase,Basic Wall:MockUp Interior between App:797654,0JBeWf23HFRgZonzHC5mYt,-1 - Garage,244.2095086974163,370.0083639092072,-2.5,244.67893547067385,371.0244004057305,-0.5
3GdhC2lQD5ifjmLdQ3yoT7,IfcWallStandardCase,Basic Wall:MockUp Storage Wall:798319,0JBeWf23HFRgZonzHC5mYt,-1 - Garage,251.00090313690472,347.96742764165737,-2.5,253.7214617747749,348.89091502014185,-0.5
3GdhC2lQD5ifjmLdQ3ype4,IfcWallStandardCase,Basic Wall:MockUp Interior between App:799532,0JBeWf23HFRgZonzHC5mYt,-1 - Garage,256.37410721740304,331.0833245940051,-2.5,258.3286120178057,331.8425187367427,-0.5
2dAxltRn524vY2d5KNMrWy,IfcWallStandardCase,Basic Wall:MockUp Interior between App:807795,0JBeWf23HFRgZonzHC5mYt,-1 - Garage,249.87857464649608,341.8526737351558,-2.5,256.09312646418925,345.8319194432717,-0.5
2dAxltRn524vY2d5KNMrzR,IfcWallStandardCase,Basic Wall:MockUp Interior between App:807956,0JBeWf23HFRgZonzHC5mYt,-1 - Garage,245.09637100624806,335.78813399250816,-2.5,255.08839578739793,342.14369350266367,-0.5
2dAxltRn524vY2d5KNMr$K,IfcWallStandardCase,Basic Wall:MockUp Interior between App:808091,0JBeWf23HFRgZonzHC5mYt,-1 - Garage,248.7837194508255,345.6850214385108,-2.5,250.1120889411544,349.4440741150142,-0.5
2dAxltRn524vY2d5KNMrvW,IfcWallStandardCase,Basic Wall:MockUp Interior between App:808239,0JBeWf23HFRgZonzHC5mYt,-1 - Garage,255.80292104061533,336.5820841622741,-2.5,257.6149629299573,341.8924069999203,-0.5
1cFRppLhj948bTrzz_An5M,IfcWallStandardCase,Basic Wall:MockUp Interior between App:810932,0JBeWf23HFRgZonzHC5mYt,-1 - Garage,242.1017133307993,351.5010085306406,-2.5,243.90581186153585,354.00245612679754,-0.5
1cFRppLhj948bTrzz_An4w,IfcWallStandardCase,Basic Wall:MockUp Interior between App:810968,0JBeWf23HFRgZonzHC5mYt,-1 - Garage,239.09495464678494,352.348913646759,-2.5,243.63177041080962,353.9180654651919,-0.5
1cFRppLhj948bTrzz_AoiZ,IfcWallStandardCase,Basic Wall:MockUp Interior between App:812481,0JBeWf23HFRgZonzHC5mYt,-1 - Garage,246.10675453607092,372.94877346978507,-2.5,248.70361444112575,380.8854330005678,-0.5
1cFRppLhj948bTrzz_AoFF,IfcWallStandardCase,Basic Wall:MockUp Interior between App:814381,0JBeWf23HFRgZonzHC5mYt,-1 - Garage,259.14027243667465,323.9282332816188,-2.5,260.8724069263267,329.0535956067629,-0.5
1cFRppLhj948bTrzz_Ao2N,IfcWallStandardCase,Basic Wall:MockUp Interior between App:814709,0JBeWf23HFRgZonzHC5mYt,-1 - Garage,257.24570849861374,323.34521190427296,-2.5,258.9768437581379,328.46756723309255,-0.5
1cFRppLhj948bTrzz_Apug,IfcWallStandardCase,Basic Wall:MockUp Interior between App:815304,0JBeWf23HFRgZonzHC5mYt,-1 - Garage,256.4272216065861,330.3093918135583,-2.5,256.8382214202327,331.1364389831878,-0.5
1cFRppLhj948bTrzz_Apqc,IfcWallStandardCase,Basic Wall:MockUp Storage Wall:816068,0JBeWf23HFRgZonzHC5mYt,-1 - Garage,251.17998659278695,332.28851252819055,-2.5,258.15257713238867,334.51944763112755,-0.5
1cFRppLhj948bTrzz_ApY4,IfcWallStandardCase,Basic Wall:MockUp Storage Wall:816742,0JBeWf23HFRgZonzHC5mYt,-1 - Garage,255.91287958103865,334.01971854140334,-2.5,256.59387210538955,335.952602900161,-0.5
1cFRppLhj948bTrzz_ApdW,IfcWallStandardCase,Basic Wall:MockUp Storage Wall:816898,0JBeWf23HFRgZonzHC5mYt,-1 - Garage,257.53777060411727,334.4238658062403,-2.5,258.24815895727545,336.452331989885,-0.5
1cFRppLhj948bTrzz_Apb_,IfcWallStandardCase,Basic Wall:MockUp Storage Wall:817052,0JBeWf23HFRgZonzHC5mYt,-1 - Garage,254.28798855795864,333.5199894516783,-2.5,254.9689810823095,335.452873810436,-0.5
1cFRppLhj948bTrzz_ApRW,IfcWallStandardCase,Basic Wall:MockUp Storage Wall:817154,0JBeWf23HFRgZonzHC5mYt,-1 - Garage,252.66309753487963,333.0202603619544,-2.5,253.34409005923047,334.9531447207121,-0.5
1cFRppLhj948bTrzz_ApO1,IfcWallStandardCase,Basic Wall:MockUp Storage Wall:817379,0JBeWf23HFRgZonzHC5mYt,-1 - Garage,250.59457589332266,332.38409435307733,-2.5,251.27556841767353,334.316978711835,-0.5
1cFRppLhj948bTrzz_ApV0,IfcWallStandardCase,Basic Wall:MockUp Storage Wall:817442,0JBeWf23HFRgZonzHC5mYt,-1 - Garage,249.25643034490446,330.3137256650714,-2.5,250.4475888664055,333.9054371085329,-0.5
1cFRppLhj948bTrzz_ApBx,IfcWallStandardCase,Basic Wall:MockUp Storage Wall:818201,0JBeWf23HFRgZonzHC5mYt,-1 - Garage,249.3108722713595,328.34447615575715,-2.5,250.8181153152024,328.89642904456855,-0.5
1cFRppLhj948bTrzz_ApAd,IfcWallStandardCase,Basic Wall:MockUp Storage Wall:818245,0JBeWf23HFRgZonzHC5mYt,-1 - Garage,252.85586708466823,327.18016771738843,-2.5,254.86148698778578,327.8860350340357,-0.5
0ducQKkW5EGQM9rQ5zdM0J,IfcWallStandardCase,Basic Wall:MockUp Storage Wall:818985,0JBeWf23HFRgZonzHC5mYt,-1 - Garage,250.25579025606135,335.6282766258177,-2.5,253.53372632685873,336.69364721210474,-0.5
0ducQKkW5EGQM9rQ5zdM1i,IfcWallStandardCase,Basic Wall:MockUp Storage Wall:819030,0JBeWf23HFRgZonzHC5mYt,-1 - Garage,249.83584887950363,336.98805235455944,-2.5,251.93692511252615,337.6980156869999,-0.5
0ducQKkW5EGQM9rQ5zdP_b,IfcWallStandardCase,Basic Wall:MockUp Storage Wall:819359,0JBeWf23HFRgZonzHC5mYt,-1 - Garage,246.92834021343728,336.09138356142665,-2.5,248.43826422306705,336.64232937991557,-0.5
0ducQKkW5EGQM9rQ5zdP$n,IfcWallStandardCase,Basic Wall:MockUp Storage Wall:819403,0JBeWf23HFRgZonzHC5mYt,-1 - Garage,246.3466753007167,337.9826924358825,-2.5,247.85819895251794,338.53603522145556,-0.5
0ducQKkW5EGQM9rQ5zdPiu,IfcWallStandardCase,Basic Wall:MockUp Storage Wall:820226,0JBeWf23HFRgZonzHC5mYt,-1 - Garage,256.0869647511202,331.2671128539226,-2.5,256.5078733769856,332.35014506589306,-0.5
0ducQKkW5EGQM9rQ5zdPdI,IfcWallStandardCase,Basic Wall:MockUp Storage Wall:820968,0JBeWf23HFRgZonzHC5mYt,-1 - Garage,252.33436023576613,328.8758700833428,-2.5,254.85817967726666,329.7355575436613,-0.5
0ducQKkW5EGQM9rQ5zdPSm,IfcWallStandardCase,Basic Wall:MockUp Storage Wall:821258,0JBeWf23HFRgZonzHC5mYt,-1 - Garage,248.26678662909876,331.7393664177398,-2.5,249.77379693191367,332.28938298660154,-0.5
0ducQKkW5EGQM9rQ5zdPUw,IfcWallStandardCase,Basic Wall:MockUp Storage Wall:821376,0JBeWf23HFRgZonzHC5mYt,-1 - Garage,248.78174698836622,330.0649501887844,-2.5,250.28822393604187,330.6167011169153,-0.5
0ducQKkW5EGQM9rQ5zdPMt,IfcWallStandardCase,Basic Wall:MockUp Storage Wall:821901,0JBeWf23HFRgZonzHC5mYt,-1 - Garage,257.8551999452696,331.8336815062335,-2.5,258.29932546961953,333.00084205070965,-0.5
0ducQKkW5EGQM9rQ5zdPNY,IfcWallStandardCase,Basic Wall:MockUp Storage Wall:821976,0JBeWf23HFRgZonzHC5mYt,-1 - Garage,257.9507811573563,332.90522707320235,-2.5,260.5999742543853,333.8066160682286,-0.5
0ducQKkW5EGQM9rQ5zdPJh,IfcWallStandardCase,Basic Wall:MockUp Storage Wall:822225,0JBeWf23HFRgZonzHC5mYt,-1 - Garage,252.34441573116484,344.2103832229331,-2.5,254.90130362842666,345.05492161072146,-0.5
0ducQKkW5EGQM9rQ5zdPDs,IfcWallStandardCase,Basic Wall:MockUp Storage Wall:822348,0JBeWf23HFRgZonzHC5mYt,-1 - Garage,250.66725700596953,345.26544184689845,-2.5,254.46033293107465,346.4886397920224,-0.5
0ducQKkW5EGQM9rQ5zdPEJ,IfcWallStandardCase,Basic Wall:MockUp Storage Wall:822441,0JBeWf23HFRgZonzHC5mYt,-1 - Garage,252.78949794730175,347.24985313491584,-2.5,254.07815832670266,347.7311955491504,-0.5
0ducQKkW5EGQM9rQ5zdP9Z,IfcWallStandardCase,Basic Wall:MockUp Storage Wall:822617,0JBeWf23HFRgZonzHC5mYt,-1 - Garage,250.90532340005296,345.6338658263198,-2.5,251.7360185090213,348.06304262482763,-0.5
0ducQKkW5EGQM9rQ5zdP1J,IfcWallStandardCase,Basic Wall:MockUp Storage Wall:823145,0JBeWf23HFRgZonzHC5mYt,-1 - Garage,249.52121189063783,347.51020275415107,-2.5,250.93472348338597,348.03327417244157,-0.5
0ducQKkW5EGQM9rQ5zdOtF,IfcWallStandardCase,Basic Wall:MockUp Interior between App:824053,0JBeWf23HFRgZonzHC5mYt,-1 - Garage,258.5083537679671,324.7493799682682,-2.5,260.2847574574784,325.4515214065977,-0.5
0ducQKkW5EGQM9rQ5zdOTG,IfcWallStandardCase,Basic Wall:MockUp Interior between App:825450,0JBeWf23HFRgZonzHC4iHL,Level 1,249.68231899744129,341.97915774375053,0.0,255.89206298411904,345.8125512536913,2.0
0ducQKkW5EGQM9rQ5zdOVk,IfcWallStandardCase,Basic Wall:MockUp Interior between App:825556,0JBeWf23HFRgZonzHC4iHL,Level 1,244.48142722867163,343.9711628448291,0.0,249.8833824775106,345.7427247262651,2.0
0ducQKkW5EGQM9rQ5zdOOx,IfcWallStandardCase,Basic Wall:MockUp Interior between App:825601,0JBeWf23HFRgZonzHC4iHL,Level 1,245.09637100624764,335.7922502943418,0.0,255.08215188124908,342.14369350266287,2.0
2BLn4xX2vF_gM9G5wfbUn3,IfcWallStandardCase,Basic Wall:MockUp Interior:832367,0JBeWf23HFRgZonzHC4iHL,Level 1,239.7392772639056,369.4327640032808,0.0,242.85335475483538,378.93873836061437,2.0
2BLn4xX2vF_gM9G5wfbU8d,IfcWallStandardCase,Basic Wall:MockUp Interior:834827,0JBeWf23HFRgZonzHC4iHL,Level 1,233.4372744697338,370.70537041951417,0.0,241.49553856657786,373.3742480729558,2.0
2BLn4xX2vF_gM9G5wfbUBM,IfcWallStandardCase,Basic Wall:MockUp Interior:835066,0JBeWf23HFRgZonzHC4iHL,Level 1,235.17317437499293,365.0614763332943,0.0,241.8126190864449,367.29380319522886,2.0
2BLn4xX2vF_gM9G5wfbU7b,IfcWallStandardCase,Basic Wall:MockUp Interior:835273,0JBeWf23HFRgZonzHC4iHL,Level 1,237.53197505142333,359.5872230318655,0.0,239.642830498604,365.83169811786905,2.0
2BLn4xX2vF_gM9G5wfbU0j,IfcWallStandardCase,Basic Wall:MockUp Interior:835329,0JBeWf23HFRgZonzHC4iHL,Level 1,237.13856759237697,358.67143725339326,0.0,243.77786534225027,360.90371891785,2.0
2BLn4xX2vF_gM9G5wfbPmS,IfcWallStandardCase,Basic Wall:MockUp Interior between App:836400,0JBeWf23HFRgZonzHC4iHL,Level 1,251.51105347870808,347.39026743147423,0.0,255.97531930065472,348.9191183684937,2.0
2BLn4xX2vF_gM9G5wfbPnV,IfcWallStandardCase,Basic Wall:MockUp Interior between App:836467,0JBeWf23HFRgZonzHC4iHL,Level 1,249.90930888793736,345.68622891183844,0.0,251.9207643467889,346.4174436523198,2.0
2BLn4xX2vF_gM9G5wfbPoz,IfcWallStandardCase,Basic Wall:MockUp Interior between App:836497,0JBeWf23HFRgZonzHC4iHL,Level 1,251.39618584629133,346.3643292279711,0.0,251.8678478631068,347.3915782966846,2.0
2BLn4xX2vF_gM9G5wfbPe3,IfcWallStandardCase,Basic Wall:MockUp Interior between App:836911,0JBeWf23HFRgZonzHC4iHL,Level 1,247.72424653577417,333.42699383421166,0.0,255.0561193756606,335.7920945729121,2.0
2BLn4xX2vF_gM9G5wfbPbw,IfcWallStandardCase,Basic Wall:MockUp Interior:837206,0JBeWf23HFRgZonzHC4iHL,Level 1,243.32247704362183,347.7013074028995,0.0,248.79158182629408,349.57370064530477,2.0
2BLn4xX2vF_gM9G5wfbPQf,IfcWallStandardCase,Basic Wall:MockUp Interior:838021,0JBeWf23HFRgZonzHC4iHL,Level 1,247.5438657851277,351.2371715295129,0.0,248.32971292213307,353.1735708685174,2.0
2BLn4xX2vF_gM9G5wfbPRX,IfcWallStandardCase,Basic Wall:MockUp Interior:838093,0JBeWf23HFRgZonzHC4iHL,Level 1,242.22696092481945,351.2634260461446,0.0,247.6085366085031,353.10890004514175,2.0
2BLn4xX2vF_gM9G5wfbPHV,IfcWallStandardCase,Basic Wall:MockUp Interior:838515,0JBeWf23HFRgZonzHC4iHL,Level 1,249.26498375196786,352.7844054714118,0.0,249.94564431744487,354.37842374759913,2.0
2BLn4xX2vF_gM9G5wfbP1t,IfcWallStandardCase,Basic Wall:MockUp Interior:839515,0JBeWf23HFRgZonzHC4iHL,Level 1,249.20030809249195,354.3137466008173,0.0,253.83123621300732,355.92836178028864,2.0
2BLn4xX2vF_gM9G5wfbOzp,IfcWallStandardCase,Basic Wall:MockUp Interior:839775,0JBeWf23HFRgZonzHC4iHL,Level 1,251.5978918970273,353.5019159682388,0.0,252.27850517268897,355.0958959897841,2.0
2BLn4xX2vF_gM9G5wfbOe6,IfcWallStandardCase,Basic Wall:MockUp Interior:841002,0JBeWf23HFRgZonzHC4iHL,Level 1,238.42225796983894,354.4978048816978,0.0,245.04230183645623,356.7243271363308,2.0
34Ni6yH0HDjQqrjEsXb0TF,IfcWallStandardCase,Basic Wall:MockUp Elavator:865746,0JBeWf23HFRgZonzHC5mYt,-1 - Garage,248.20700631584174,349.56283585196894,-2.5,248.9022376098081,351.31730793261954,18.5
34Ni6yH0HDjQqrjEsXb0JF,IfcWallStandardCase,Basic Wall:MockUp Elavator:865874,0JBeWf23HFRgZonzHC5mYt,-1 - Garage,248.3789914966264,351.14526052931734,-2.5,250.10398217144206,351.8336981831475,18.5
3U8bdGexDEOw9DXBmULq6a,IfcWallStandardCase,Basic Wall:MockUp Interior between App:868399,0JBeWf23HFRgZonzHC5mYt,-1 - Garage,249.7573909728997,351.83370767729326,-2.5,250.22308590309356,352.8452823022426,-0.5
3U8bdGexDEOw9DXBmULrCi,IfcWallStandardCase,Basic Wall:MockUp Elavator:873127,0JBeWf23HFRgZonzHC5mYt,-1 - Garage,254.88541357362604,327.84908714297444,-2.5,255.57878807552663,329.60394622349673,18.5
3U8bdGexDEOw9DXBmULrD3,IfcWallStandardCase,Basic Wall:MockUp Elavator:873160,0JBeWf23HFRgZonzHC5mYt,-1 - Garage,255.52606960396017,327.9019996684739,-2.5,257.25147107465705,328.58853395471334,18.5
3U8bdGexDEOw9DXBmULr9k,IfcWallStandardCase,Basic Wall:MockUp Interior between App:873445,0JBeWf23HFRgZonzHC5mk3,1 - First Floor,257.3705337638247,328.4702083358993,3.5,259.15460577361796,329.1768897187456,18.5
3U8bdGexDEOw9DXBmULrIO,IfcWallStandardCase,Basic Wall:MockUp Interior:873747,0JBeWf23HFRgZonzHC5mk3,1 - First Floor,257.67917178125816,323.47869543720356,3.5,259.44906716982376,328.59367164746027,18.5
3U8bdGexDEOw9DXBmULrUn,IfcWallStandardCase,Basic Wall:MockUp Kitchen:874042,0JBeWf23HFRgZonzHC5mk3,1 - First Floor,254.0966553736651,327.45518278648507,3.5,255.40674068133,327.9447021179765,18.5
3U8bdGexDEOw9DXBmULrR9,IfcWallStandardCase,Basic Wall:MockUp Kitchen:874306,0JBeWf23HFRgZonzHC5mk3,1 - First Floor,254.1259434134237,326.834462250775,3.5,254.41169264213747,327.48457863398363,18.5
1q9pLykVT2tOtz_4XjbvWj,IfcWallStandardCase,Basic Wall:MockUp Interior between App:877288,0JBeWf23HFRgZonzHC5mYt,-1 - Garage,244.3815548791726,370.8524152295427,-2.5,246.3023213099429,371.5988976255518,-0.5
1q9pLykVT2tOtz_4Xjbv_z,IfcWallStandardCase,Basic Wall:MockUp Interior between App:877944,0JBeWf23HFRgZonzHC5mYt,-1 - Garage,250.74796662767184,350.0079916034165,-2.5,252.43752927119462,350.6833844534693,-0.5
1q9pLykVT2tOtz_4XjbvqA,IfcWallStandardCase,Basic Wall:MockUp Interior between App:878543,0JBeWf23HFRgZonzHC5mYt,-1 - Garage,257.36931258398295,328.47419550711714,-2.5,259.15450682104876,329.17692027851393,-0.5
1q9pLykVT2tOtz_4XjbvDJ,IfcWallStandardCase,Basic Wall:MockUp Interior between App:878998,0JBeWf23HFRgZonzHC5mYt,-1 - Garage,254.84517431165534,327.7010209905178,-2.5,255.40455633235075,328.0283251067274,-0.5
1q9pLykVT2tOtz_4XjbvVT,IfcWallStandardCase,Basic Wall:MockUp Interior between App:879896,0JBeWf23HFRgZonzHC5mYt,-1 - Garage,254.90010963598962,322.62274497507775,-2.5,256.6279020610957,327.7544184880268,-0.5
1q9pLykVT2tOtz_4XjbueK,IfcWallStandardCase,Basic Wall:MockUp Storage Wall:880849,0JBeWf23HFRgZonzHC5mYt,-1 - Garage,254.54736753379473,329.8256387071116,-2.5,255.2615539000203,331.87466916558463,-0.5
1q9pLykVT2tOtz_4Xjbudy,IfcWallStandardCase,Basic Wall:MockUp Storage Wall:881465,0JBeWf23HFRgZonzHC5mYt,-1 - Garage,249.83999755435258,326.62400212273093,-2.5,251.3492592070364,327.1765784213556,-0.5
1q9pLykVT2tOtz_4Xjbucy,IfcWallStandardCase,Basic Wall:MockUp Storage Wall:881529,0JBeWf23HFRgZonzHC5mYt,-1 - Garage,250.36912283734458,324.9035280897037,-2.5,251.88040309886938,325.4567277981416,-0.5
1q9pLykVT2tOtz_4XjbuaX,IfcWallStandardCase,Basic Wall:MockUp Storage Wall:881636,0JBeWf23HFRgZonzHC5mYt,-1 - Garage,250.8982481203376,323.1830540566774,-2.5,252.41154699070339,323.7368771749286,-0.5
1q9pLykVT2tOtz_4XjbuwS,IfcWallStandardCase,Basic Wall:MockUp Storage Wall:881753,0JBeWf23HFRgZonzHC5mYt,-1 - Garage,253.3555965186052,325.55527557508543,-2.5,255.36312288562817,326.26173166766745,-0.5
1q9pLykVT2tOtz_4XjbuzE,IfcWallStandardCase,Basic Wall:MockUp Storage Wall:882059,0JBeWf23HFRgZonzHC5mYt,-1 - Garage,253.85532595254324,323.93038343278243,-2.5,255.8647587834716,324.6374283012992,-0.5
1q9pLykVT2tOtz_4Xjbupo,IfcWallStandardCase,Basic Wall:MockUp Storage Wall:882231,0JBeWf23HFRgZonzHC5mYt,-1 - Garage,252.9230598658067,329.3397832672582,-2.5,253.63244510577985,331.37303193926664,-0.5
3pFbansyD0KOHFtJHrTu9y,IfcWallStandardCase,Basic Wall:MockUp Interior between App:882507,0JBeWf23HFRgZonzHC5mYt,-1 - Garage,254.0311421323857,338.9549706454623,-2.5,255.8509056441687,341.92257193653,-0.5
3pFbansyD0KOHFtJHrTuq$,IfcWallStandardCase,Basic Wall:MockUp Interior between App:882696,0JBeWf23HFRgZonzHC5mYt,-1 - Garage,254.1007802432335,335.85796051993344,-2.5,255.2248343650745,339.1562296924858,-0.5
3pFbansyD0KOHFtJHrTuoC,IfcWallStandardCase,Basic Wall:MockUp Storage Wall:883131,0JBeWf23HFRgZonzHC5mYt,-1 - Garage,252.36830749508397,346.0731861433492,-2.5,253.17024222206115,348.4084705807506,-0.5
3pFbansyD0KOHFtJHrTuw8,IfcWallStandardCase,Basic Wall:MockUp Interior between App:883647,0JBeWf23HFRgZonzHC4iHL,Level 1,250.74799767965666,350.0078906365285,0.0,252.4375604416856,350.68328352302734,2.0
3pFbansyD0KOHFtJHrTubo,IfcWallStandardCase,Basic Wall:MockUp Interior between App:883781,0JBeWf23HFRgZonzHC4iHL,Level 1,249.75664615524917,352.61890463511077,0.0,251.71169777882594,353.3759930672728,2.0
3pFbansyD0KOHFtJHrTucY,IfcWallStandardCase,Basic Wall:MockUp Interior between App:883861,0JBeWf23HFRgZonzHC4iHL,Level 1,249.8095626038967,351.8336981838571,0.0,250.2230548216288,352.67182108375874,2.0
3pFbansyD0KOHFtJHrTuWx,IfcWallStandardCase,Basic Wall:MockUp Interior between App:883980,0JBeWf23HFRgZonzHC4iHL,Level 1,244.38111463051578,370.85246249992235,0.0,246.31484364865193,371.6029318169768,2.0
3pFbansyD0KOHFtJHrTuXa,IfcWallStandardCase,Basic Wall:MockUp Interior between App:884051,0JBeWf23HFRgZonzHC4iHL,Level 1,244.2090684487597,370.0082439010883,0.0,244.6785468828717,371.02444767610973,2.0
3pFbansyD0KOHFtJHrTuY0,IfcWallStandardCase,Basic Wall:MockUp Interior between App:884151,0JBeWf23HFRgZonzHC4iHL,Level 1,245.07893776238976,361.895958707189,0.0,247.16936976043667,368.18678505221055,2.0
3pFbansyD0KOHFtJHrTukr,IfcWallStandardCase,Basic Wall:MockUp Interior between App:884354,0JBeWf23HFRgZonzHC4iHL,Level 1,257.7156329844393,331.84957932405666,0.0,258.47034496174945,333.7893729107525,2.0
3pFbansyD0KOHFtJHrTulz,IfcWallStandardCase,Basic Wall:MockUp Interior between App:884426,0JBeWf23HFRgZonzHC4iHL,Level 1,257.36934412526546,328.4740925361124,0.0,259.10979617166674,329.1631122256529,2.0
3pFbansyD0KOHFtJHrTugv,IfcWallStandardCase,Basic Wall:MockUp Interior between App:884622,0JBeWf23HFRgZonzHC4iHL,Level 1,246.14926814584592,365.0937288754315,0.0,250.53590485562555,366.60416520387673,2.0
3pFbansyD0KOHFtJHrTugD,IfcWallStandardCase,Basic Wall:MockUp Interior between App:884666,0JBeWf23HFRgZonzHC4iHL,Level 1,245.203133840199,368.19075404139755,0.0,247.04724072512872,368.9158538403107,2.0
3pFbansyD0KOHFtJHrTtNs,IfcWallStandardCase,Basic Wall:MockUp Interior between App:884929,0JBeWf23HFRgZonzHC4iHL,Level 1,241.74807698444405,367.1213372487361,0.0,243.2408564456567,367.73799844522165,2.0
3pFbansyD0KOHFtJHrTtNC,IfcWallStandardCase,Basic Wall:MockUp Interior between App:884987,0JBeWf23HFRgZonzHC4iHL,Level 1,241.8009895127437,360.8874740850636,0.0,243.89023784056567,367.1744516745046,2.0
3pFbansyD0KOHFtJHrTtSF,IfcWallStandardCase,Basic Wall:MockUp Interior:885304,0JBeWf23HFRgZonzHC4iHL,Level 1,247.67281154276682,360.01214629806503,0.0,252.09805138180806,361.5634254321387,2.0
3pFbansyD0KOHFtJHrTt4i,IfcWallStandardCase,Basic Wall:MockUp Interior between App:885787,0JBeWf23HFRgZonzHC4iHL,Level 1,246.3006666232054,338.0558261533853,0.0,249.64211078770788,339.19778440179533,2.0
3pFbansyD0KOHFtJHrTtwh,IfcWallStandardCase,Basic Wall:MockUp Interior:887708,0JBeWf23HFRgZonzHC4iHL,Level 1,247.75414022014277,352.96329327178813,0.0,249.5194634824572,353.6966423503757,2.0
3pFbansyD0KOHFtJHrTtlJ,IfcWallStandardCase,Basic Wall:MockUp Interior:888548,0JBeWf23HFRgZonzHC4iHL,Level 1,238.9724523493294,361.62137775502504,0.0,243.10748719297607,363.08348283238473,2.0
3pFbansyD0KOHFtJHrTtfb,IfcWallStandardCase,Basic Wall:MockUp Interior:888658,0JBeWf23HFRgZonzHC4iHL,Level 1,240.9576069929763,360.2425313919765,0.0,241.77359433362642,362.27668611513604,2.0
0qKJYWbnv5I8o6vyLfHi8K,IfcWallStandardCase,Basic Wall:MockUp Interior between App:893699,0JBeWf23HFRgZonzHC5mk3,1 - First Floor,245.08491850276934,366.2532367070719,3.5,245.83821104670866,368.1886320561057,18.5
0qKJYWbnv5I8o6vyLfHiAM,IfcWallStandardCase,Basic Wall:MockUp Interior between App:893825,0JBeWf23HFRgZonzHC5mk3,1 - First Floor,245.7850966575253,366.30635109625536,3.5,247.71292877023896,367.05736899469775,18.5
0qKJYWbnv5I8o6vyLfHiAu,IfcWallStandardCase,Basic Wall:MockUp Interior between App:893871,0JBeWf23HFRgZonzHC5mk3,1 - First Floor,246.907197559865,367.0042545703491,3.5,247.66001228655674,368.9456091664656,18.5
0qKJYWbnv5I8o6vyLfHiO9,IfcWallStandardCase,Basic Wall:MockUp Interior between App:894750,0JBeWf23HFRgZonzHC5mk3,1 - First Floor,235.16981606205337,365.11062787111723,3.5,239.9799956978126,366.7457546767153,18.5
0qKJYWbnv5I8o6vyLfHiZW,IfcWallStandardCase,Basic Wall:MockUp Interior:895479,0JBeWf23HFRgZonzHC5mk3,1 - First Floor,240.7867183974265,360.5684165618919,3.5,241.92209555774275,363.6410812727814,18.5
0qKJYWbnv5I8o6vyLfHiut,IfcWallStandardCase,Basic Wall:MockUp Interior between App:896800,0JBeWf23HFRgZonzHC5mk3,1 - First Floor,239.9300183337036,366.5641636955009,3.5,243.2408245698856,367.73810177783326,18.5
0qKJYWbnv5I8o6vyLfHj8w,IfcWallStandardCase,Basic Wall:MockUp Interior:897837,0JBeWf23HFRgZonzHC5mk3,1 - First Floor,247.5218341300306,365.01229405879593,3.5,248.29005107773048,366.89122441564723,18.5
0qKJYWbnv5I8o6vyLfHjJv,IfcWallStandardCase,Basic Wall:MockUp Interior:898542,0JBeWf23HFRgZonzHC5mk3,1 - First Floor,248.07977255035877,364.8020155314241,3.5,250.78726697428522,365.82514950608095,18.5
0qKJYWbnv5I8o6vyLfHjQF,IfcWallStandardCase,Basic Wall:MockUp Interior:898968,0JBeWf23HFRgZonzHC5mk3,1 - First Floor,246.19971597704864,364.2238124010287,3.5,248.1444474661081,365.0122979641797,18.5
0qKJYWbnv5I8o6vyLfHjRu,IfcWallStandardCase,Basic Wall:MockUp Interior:899055,0JBeWf23HFRgZonzHC5mk3,1 - First Floor,246.26439163652415,362.1635591599467,3.5,247.10834557943915,364.28848954781125,18.5
0qKJYWbnv5I8o6vyLfHjXL,IfcWallStandardCase,Basic Wall:MockUp Interior:899394,0JBeWf23HFRgZonzHC5mk3,1 - First Floor,236.1346978011938,361.9352981761541,3.5,240.8513955442093,363.5764056133055,18.5
0qKJYWbnv5I8o6vyLfHg5$,IfcWallStandardCase,Basic Wall:MockUp Interior:901224,0JBeWf23HFRgZonzHC5mk3,1 - First Floor,239.00903251390028,366.68108385333915,3.5,239.92708320595958,369.04710203392005,18.5
0qKJYWbnv5I8o6vyLfHg6D,IfcWallStandardCase,Basic Wall:MockUp Interior:901274,0JBeWf23HFRgZonzHC5mk3,1 - First Floor,234.39735044937666,367.5838968256658,3.5,242.6657558318492,370.31733350378937,18.5
0qKJYWbnv5I8o6vyLfHgDX,IfcWallStandardCase,Basic Wall:MockUp Interior:901750,0JBeWf23HFRgZonzHC5mk3,1 - First Floor,242.4554771652583,369.43293819817427,3.5,242.85391866092624,370.1071293995605,18.5
0fjrUmmzDB4fngo1stt38O,IfcWallStandardCase,Basic Wall:MockUp Kitchen:911653,0JBeWf23HFRgZonzHC5mk3,1 - First Floor,254.1845905626366,329.38566255179114,3.5,254.87367373183295,329.6849752501386,18.5
0fjrUmmzDB4fngo1stt34i,IfcWallStandardCase,Basic Wall:MockUp Kitchen:911889,0JBeWf23HFRgZonzHC5mk3,1 - First Floor,254.6916345826616,327.7441699263262,3.5,255.37729273681666,328.04083906401235,18.5
0HFJ4FEcn5UhECI1IyBq1W,IfcWallStandardCase,Basic Wall:MockUp Interior:918170,0JBeWf23HFRgZonzHC4iHL,Level 1,249.94487910139148,326.1682770547566,0.0,255.412598289282,328.0403170929778,2.0
3ktY1kg3rAwgNBX_XWRSTN,IfcWallStandardCase,Basic Wall:MockUp Roof Wall:945627,0JBeWf23HFRgZonzHC5nGM,6 - Sixth Floor,243.43762365620344,364.17500645901725,18.5,251.1748332835137,367.09994748468773,21.7
3ktY1kg3rAwgNBX_XWRSGL,IfcWallStandardCase,Basic Wall:MockUp Roof Wall:945817,0JBeWf23HFRgZonzHC5nGM,6 - Sixth Floor,241.76693512397526,364.77716769649066,18.5,244.03978489367697,370.39424758464975,21.7
3ktY1kg3rAwgNBX_XWRSHc,IfcWallStandardCase,Basic Wall:MockUp Roof Wall:945898,0JBeWf23HFRgZonzHC5nGM,6 - Sixth Floor,248.5315683732778,366.9147399144203,18.5,250.98962571324677,373.13398104005296,21.7
3ktY1kg3rAwgNBX_XWRSMp,IfcWallStandardCase,Basic Wall:MockUp Roof Wall:945983,0JBeWf23HFRgZonzHC5nGM,6 - Sixth Floor,241.58172755370782,370.2090400143817,18.5,248.7167759435447,372.9487734697848,21.7
0Um_J2ClP45uPRcRbJqhvg,IfcWallStandardCase,Basic Wall:MockUp Interior:959457,0JBeWf23HFRgZonzHC5nGM,6 - Sixth Floor,246.88219094078363,368.69568438892213,18.5,249.58970405908505,369.7187605577357,21.7
0Um_J2ClP45uPRcRbJqhce,IfcWallStandardCase,Basic Wall:MockUp Interior:959523,0JBeWf23HFRgZonzHC5nGM,6 - Sixth Floor,246.9468666002591,366.10188446713533,18.5,247.95492423867626,368.7603615357053,21.7
0Um_J2ClP45uPRcRbJqhfw,IfcWallStandardCase,Basic Wall:MockUp Interior:960497,0JBeWf23HFRgZonzHC5nGM,6 - Sixth Floor,244.19474101186321,370.0024928486358,18.5,244.6981439443784,371.0204393112885,20.5
1_jeQ1u6XFwed$AhVCoJi$,IfcDoor,Swedoor_Interior_Door_SD4220_P65_EI60_Single-LeftRightOver_1.0:1990 mm (M10) x 2390 mm (M21) - EI60 - Right-handed:473744,0JBeWf23HFRgZonzHC4iHL,Level 1,260.1780344525449,335.0835949662014,0.0,260.8310625425026,337.02388477475563,2.4
0MOEoDTm9EnO9yKsXjjkME,IfcDoor,M_Single-Flush:Generic Door:586077,0JBeWf23HFRgZonzHC5mk3,1 - First Floor,249.99287666131647,353.6525416278632,3.5,251.08023427803343,354.1871506144886,5.710000000000001
0MOEoDTm9EnO9yKsXjjk2Z,IfcDoor,M_Single-Flush:Generic Door:586864,0JBeWf23HFRgZonzHC5mk3,1 - First Floor,250.62640437797629,348.8526348343115,3.5,251.16101336460167,349.93999245102844,5.710000000000001
2sG0Vcmgb1Uverjtj49YTd,IfcDoor,M_Single-Flush:Generic Door:587735,0JBeWf23HFRgZonzHC5mk3,1 - First Floor,247.43598483012414,348.9852794267939,3.5,248.5352116394483,349.55700384736303,5.710000000000001
2sG0Vcmgb1Uverjtj49YtH,IfcDoor,M_Single-Flush:Generic Door:589153,0JBeWf23HFRgZonzHC5mk3,1 - First Floor,248.46422194156716,355.6343762645354,3.5,249.0370498309307,356.73353707884866,5.710000000000001
2sG0Vcmgb1Uverjtj49zXt,IfcDoor,M_Single-Flush:Generic Door:592071,0JBeWf23HFRgZonzHC5mk3,1 - First Floor,241.36121891620002,357.3088361590745,3.5,241.93296496634778,358.40806168979896,5.710000000000001
2sG0Vcmgb1Uverjtj49zdx,IfcDoor,M_Single-Flush:Generic Door:592203,0JBeWf23HFRgZonzHC5mk3,1 - First Floor,241.7830806040312,355.9372466737178,3.5,242.35482665417894,357.03647220444236,5.710000000000001
0Zs4aBjAr5AggJ3MVmSIQu,IfcDoor,M_Single-Flush:Generic Door:598697,0JBeWf23HFRgZonzHC5mk3,1 - First Floor,248.37985746857683,341.8621306667342,3.5,249.47908427790097,342.4338550873033,5.710000000000001
0Zs4aBjAr5AggJ3MVmSISH,IfcDoor,M_Single-Flush:Generic Door:598784,0JBeWf23HFRgZonzHC5mk3,1 - First Floor,247.01359754271076,347.7075111980919,3.5,247.58534359285852,348.80673672881636,5.710000000000001
28WUkjJ1r5wPzZDX9W1k71,IfcDoor,M_Single-Flush:Generic Door:661041,0JBeWf23HFRgZonzHC5mk3,1 - First Floor,242.93158651802318,357.7137089269082,3.5,243.50333256817095,358.81293445763276,5.710000000000001
1KGNuJkf5FjQZDFQ6WeEw3,IfcDoor,M_Single-Flush:Generic Door:672486,0JBeWf23HFRgZonzHC5mk3,1 - First Floor,250.48176708616887,355.3953590500814,3.5,251.05351313631678,356.49458458080596,5.710000000000001
1KGNuJkf5FjQZDFQ6WeEzz,IfcDoor,M_Single-Flush:Generic Door:672536,0JBeWf23HFRgZonzHC5mk3,1 - First Floor,249.91144776400137,357.2496255268543,3.5,250.48319381414927,358.3488510575788,5.710000000000001
0X2$ayW0v5dBNxK3e4nx7c,IfcDoor,M_Single-Flush:Generic Door:685911,0JBeWf23HFRgZonzHC5mk3,1 - First Floor,246.26393201384548,341.21138579437087,3.5,247.3631588231696,341.78311021494,5.710000000000001
11MreptMzBDAizZWBG8_fj,IfcDoor,M_Single-Flush:Generic Door:687358,0JBeWf23HFRgZonzHC5mk3,1 - First Floor,251.9805135963739,343.51302063834714,3.5,253.0797391270984,344.08476668849505,5.710000000000001
11MreptMzBDAizZWBG8_Wt,IfcDoor,M_Single-Flush:Generic Door:687780,0JBeWf23HFRgZonzHC5mk3,1 - First Floor,252.8734410265235,347.6135744205399,3.5,253.44518707667126,348.71279995126446,5.710000000000001
11MreptMzBDAizZWBG8n79,IfcDoor,M_Single-Flush:Generic Door:690010,0JBeWf23HFRgZonzHC5mk3,1 - First Floor,251.72541260668277,348.68301946746317,3.5,252.8128789265967,349.2165330580886,5.710000000000001
11MreptMzBDAizZWBG8mFz,IfcDoor,M_Single-Flush:Generic Door:693614,0JBeWf23HFRgZonzHC5mk3,1 - First Floor,253.90043222583427,344.10353268453144,3.5,254.99965775655878,344.67527873467935,5.710000000000001
3GzoWuxxn4WO8bCtw8H3Ho,IfcDoor,M_Single-Flush:Generic Door:697527,0JBeWf23HFRgZonzHC5mk3,1 - First Floor,255.1566434629895,334.1119771329437,3.5,255.72836788355866,335.21120394226784,5.710000000000001
3GzoWuxxn4WO8bCtw8H3GX,IfcDoor,M_Single-Flush:Generic Door:697572,0JBeWf23HFRgZonzHC5mk3,1 - First Floor,257.0920469103764,333.84788883872375,3.5,257.66377133094556,334.94711564804794,5.710000000000001
3GzoWuxxn4WO8bCtw8H3GW,IfcDoor,M_Single-Flush:Generic Door:697573,0JBeWf23HFRgZonzHC5mk3,1 - First Floor,256.51735845717593,335.7165135153203,3.5,257.08908287774506,336.8157403246444,5.710000000000001
3GzoWuxxn4WO8bCtw8H3Pm,IfcDoor,M_Single-Flush:Generic Door:698037,0JBeWf23HFRgZonzHC5mk3,1 - First Floor,256.75227630207297,332.1434793637298,3.5,257.8396339187899,332.6780883503552,5.710000000000001
3GzoWuxxn4WO8bCtw8H3UC,IfcDoor,M_Single-Flush:Generic Door:698185,0JBeWf23HFRgZonzHC5mk3,1 - First Floor,256.1983740004604,330.7236939134792,3.5,256.7329829870858,331.8110515301962,5.710000000000001
2m6FhmO0r2OgRBRP7hD461,IfcDoor,M_Single-Flush:Generic Door:710764,0JBeWf23HFRgZonzHC5mk3,1 - First Floor,250.36186910189096,335.564667229964,3.5,251.46109463261547,336.136413280112,5.710000000000001
2m6FhmO0r2OgRBRP7hD456,IfcDoor,M_Single-Flush:Generic Door:710827,0JBeWf23HFRgZonzHC5mk3,1 - First Floor,249.8471048883763,334.1538761971923,3.5,250.41885093852423,335.2531017279168,5.710000000000001
2m6FhmO0r2OgRBRP7hD44Y,IfcDoor,M_Single-Flush:Generic Door:710863,0JBeWf23HFRgZonzHC5mk3,1 - First Floor,250.27606451364483,332.7525947694674,3.5,250.84889240300834,333.8517555837807,5.710000000000001
2m6FhmO0r2OgRBRP7hD4CZ,IfcDoor,M_Single-Flush:Generic Door:711374,0JBeWf23HFRgZonzHC5mk3,1 - First Floor,251.3813545060268,329.1736518286634,3.5,251.95418239539032,330.2728126429767,5.710000000000001
3naw$9in55$v8L5CpxnKbi,IfcDoor,M_Single-Flush:Generic Door:715102,0JBeWf23HFRgZonzHC5mk3,1 - First Floor,251.8113431792849,327.78134307947613,3.5,252.3841710686484,328.8805038937894,5.710000000000001
2v8sGyGFXDsRc80mj95lD8,IfcDoor,M_Single-Flush:Generic Door:725852,0JBeWf23HFRgZonzHC5mk3,1 - First Floor,238.76442918411115,374.4091604194987,3.5,239.86365471483566,374.9809064696466,5.710000000000001
2v8sGyGFXDsRc80mj95lE_,IfcDoor,M_Single-Flush:Generic Door:725930,0JBeWf23HFRgZonzHC5mk3,1 - First Floor,241.55358880162484,375.2670261267218,3.5,242.65281433234935,375.8387721768697,5.710000000000001
2v8sGyGFXDsRc80mj95lu5,IfcDoor,M_Single-Flush:Generic Door:728593,0JBeWf23HFRgZonzHC5mk3,1 - First Floor,235.39896358026658,373.7417750894334,3.5,235.97070963041443,374.84100062015796,5.710000000000001
2v8sGyGFXDsRc80mj95i76,IfcDoor,M_Single-Flush:Generic Door:729554,0JBeWf23HFRgZonzHC5mk3,1 - First Floor,244.75458367782127,374.7185158094841,3.5,245.32632972796904,375.81774134020856,5.710000000000001
3Icxn5iZD46RLnvfRjDRGg,IfcDoor,M_Single-Flush:Generic Door:731677,0JBeWf23HFRgZonzHC5mk3,1 - First Floor,236.16462193660607,373.6095340843764,3.5,237.26384746733058,374.1812801345242,5.710000000000001
3p6DR19bjD_PWb8lZMRTIN,IfcDoor,M_Single-Flush:Generic Door:735028,0JBeWf23HFRgZonzHC4iHL,Level 1,256.4120678130616,333.3301578688245,0.0,257.49953413297544,333.8636714594503,2.21
3p6DR19bjD_PWb8lZMRTlD,IfcDoor,Swedoor_Interior_Door_SD4220_P65_EI60_Single-LeftRightOver_1.0:1990 mm (M10) x 2390 mm (M21) - EI60 - Left-handed:735342,0JBeWf23HFRgZonzHC4iHL,Level 1,247.24140040067945,331.10468058663014,0.0,247.89438474588331,333.0449825555837,2.4
0Pw4h9cu11p8EzOFUdpSlP,IfcDoor,Swedoor_Interior_Door_SD4220_P65_EI60_Single-LeftRightOver_1.0:1990 mm (M10) x 2390 mm (M21) - EI60 - Right-handed:739599,0JBeWf23HFRgZonzHC4iHL,Level 1,255.82504048500212,349.2363870492978,0.0,256.47806857495976,351.176676857852,2.4
0Pw4h9cu11p8EzOFUdpTBE,IfcDoor,Swedoor_Interior_Door_SD4220_P65_EI60_Single-LeftRightOver_1.0:1990 mm (M10) x 2390 mm (M21) - EI60 - Right-handed:741400,0JBeWf23HFRgZonzHC4iHL,Level 1,250.32296791048407,367.1251527480051,0.0,250.97599600044168,369.06544255655933,2.4
0xKelnDbLBsf$3TAffmU$u,IfcDoor,Swedoor_Interior_Door_SD4220_P65_EI60_Single-LeftRightOver_1.0:1990 mm (M10) x 2390 mm (M21) - EI60 - Right-handed:748148,0JBeWf23HFRgZonzHC4iHL,Level 1,253.42170532670988,357.05029698230544,0.0,254.0747334166675,358.99058679085965,2.4
0xKelnDbLBsf$3TAffmUXs,IfcDoor,Swedoor_Interior_Door_SD4220_P65_EI60_Single-LeftRightOver_1.0:1990 mm (M10) x 2390 mm (M21) - EI60 - Right-handed:749050,0JBeWf23HFRgZonzHC4iHL,Level 1,249.86119684957646,376.8031417712663,0.0,250.51422493953396,378.7434315798206,2.4
0xyFL4ySP5TexORi78qE5c,IfcDoor,M_Door-Overhead-Sectional:2400 x 2000mm:776665,0JBeWf23HFRgZonzHC4iHL,Level 1,258.7406781876069,338.0758777057598,0.0,259.954831728192,341.91088286878323,2.0
3GdhC2lQD5ifjmLdQ3yoHF,IfcDoor,M_Single-Flush:Generic Door:798055,0JBeWf23HFRgZonzHC5mYt,-1 - Garage,256.51340830325347,342.04639407747703,-2.5,257.6008767810547,342.57988576809134,-0.2899999999999998
3GdhC2lQD5ifjmLdQ3yoHJ,IfcDoor,M_Single-Flush:Generic Door:798075,0JBeWf23HFRgZonzHC5mYt,-1 - Garage,258.1834494429324,336.61614997092187,-2.5,259.2709179207336,337.1496416615362,-0.2899999999999998
1cFRppLhj948bTrzz_Ao_1,IfcDoor,M_Single-Flush:0762 x 2032mm:811363,0JBeWf23HFRgZonzHC5mYt,-1 - Garage,242.42163283332482,352.0400556497326,-2.5,243.12341378878475,352.9264103588461,-0.3920000000000001
1cFRppLhj948bTrzz_AoiD,IfcDoor,M_Single-Flush:0762 x 2032mm:812527,0JBeWf23HFRgZonzHC5mYt,-1 - Garage,248.1964408168693,373.0797147899123,-2.5,248.68497542614438,374.0209419521541,-0.3920000000000001
1cFRppLhj948bTrzz_Ao4n,IfcDoor,M_Single-Flush:0762 x 2032mm:815059,0JBeWf23HFRgZonzHC5mYt,-1 - Garage,257.63211142043804,326.19958475752486,-2.5,258.1206274929769,327.140813043249,-0.3920000000000001
1cFRppLhj948bTrzz_Apxb,IfcDoor,M_Single-Flush:0762 x 2032mm:815111,0JBeWf23HFRgZonzHC5mYt,-1 - Garage,259.5569887021041,326.6870022212879,-2.5,260.0455233113792,327.6282293835297,-0.3920000000000001
1cFRppLhj948bTrzz_Apu2,IfcDoor,M_Single-Flush:0762 x 2032mm:815328,0JBeWf23HFRgZonzHC5mYt,-1 - Garage,257.0590863015067,331.2732590845537,-2.5,258.00025661525046,331.7627208403732,-0.3920000000000001
1cFRppLhj948bTrzz_Apiw,IfcDoor,M_Single-Flush:0762 x 2032mm:816600,0JBeWf23HFRgZonzHC5mYt,-1 - Garage,257.18294417211706,334.1130641196824,-2.5,258.1006557947953,334.52511473231186,-0.3920000000000001
1cFRppLhj948bTrzz_ApiD,IfcDoor,M_Single-Flush:0762 x 2032mm:816623,0JBeWf23HFRgZonzHC5mYt,-1 - Garage,255.40321059272097,333.56571378728995,-2.5,256.3209222153992,333.9777643999194,-0.3920000000000001
1cFRppLhj948bTrzz_ApRD,IfcDoor,M_Single-Flush:0762 x 2032mm:817199,0JBeWf23HFRgZonzHC5mYt,-1 - Garage,253.74200803955011,333.0548172237954,-2.5,254.65971966222835,333.4668678364249,-0.3920000000000001
0ducQKkW5EGQM9rQ5zdM8G,IfcDoor,M_Single-Flush:0762 x 2032mm:818474,0JBeWf23HFRgZonzHC5mYt,-1 - Garage,249.47622364276836,333.93827560190914,-2.5,250.41745192849245,334.42679167444817,-0.3920000000000001
0ducQKkW5EGQM9rQ5zdM1T,IfcDoor,M_Single-Flush:0762 x 2032mm:819047,0JBeWf23HFRgZonzHC5mYt,-1 - Garage,250.22642482302675,334.52199382933486,-2.5,250.63944877337016,335.439557747886,-0.3920000000000001
0ducQKkW5EGQM9rQ5zdM2q,IfcDoor,M_Single-Flush:0762 x 2032mm:819086,0JBeWf23HFRgZonzHC5mYt,-1 - Garage,249.79501795088177,335.91889472441153,-2.5,250.20804190122513,336.8364586429627,-0.3920000000000001
0ducQKkW5EGQM9rQ5zdM3v,IfcDoor,M_Single-Flush:0762 x 2032mm:819139,0JBeWf23HFRgZonzHC5mYt,-1 - Garage,249.32753276275744,337.4326176618301,-2.5,249.74055671310086,338.3501815803812,-0.3920000000000001
0ducQKkW5EGQM9rQ5zdM3l,IfcDoor,M_Single-Flush:0762 x 2032mm:819157,0JBeWf23HFRgZonzHC5mYt,-1 - Garage,248.5223176081042,335.31303071860793,-2.5,248.93343249258467,336.23088306612294,-0.3920000000000001
0ducQKkW5EGQM9rQ5zdPyj,IfcDoor,M_Single-Flush:0762 x 2032mm:819223,0JBeWf23HFRgZonzHC5mYt,-1 - Garage,247.9108645535014,337.30920625688503,-2.5,248.32197943798187,338.22705860440016,-0.3920000000000001
0ducQKkW5EGQM9rQ5zdP$j,IfcDoor,M_Single-Flush:0762 x 2032mm:819415,0JBeWf23HFRgZonzHC5mYt,-1 - Garage,247.48267368450354,338.70709630252776,-2.5,247.893788568984,339.62494865004277,-0.3920000000000001
0ducQKkW5EGQM9rQ5zdPvI,IfcDoor,M_Single-Flush:0762 x 2032mm:819560,0JBeWf23HFRgZonzHC5mYt,-1 - Garage,249.2983815452111,332.7809711553097,-2.5,249.71043215784056,333.6986827779879,-0.3920000000000001
0ducQKkW5EGQM9rQ5zdPwl,IfcDoor,M_Single-Flush:0762 x 2032mm:819605,0JBeWf23HFRgZonzHC5mYt,-1 - Garage,249.81574813222014,331.0987310372982,-2.5,250.2277987448496,332.0164426599764,-0.3920000000000001
0ducQKkW5EGQM9rQ5zdPqd,IfcDoor,M_Single-Flush:0762 x 2032mm:819741,0JBeWf23HFRgZonzHC5mYt,-1 - Garage,250.31728745656272,329.46454398109586,-2.5,250.73031140690614,330.38210789964705,-0.3920000000000001
0ducQKkW5EGQM9rQ5zdPrw,IfcDoor,M_Single-Flush:0762 x 2032mm:819776,0JBeWf23HFRgZonzHC5mYt,-1 - Garage,250.8308184135393,327.8017242631729,-2.5,251.24384236388272,328.7192881817241,-0.3920000000000001
0ducQKkW5EGQM9rQ5zdPrq,IfcDoor,M_Single-Flush:0762 x 2032mm:819790,0JBeWf23HFRgZonzHC5mYt,-1 - Garage,251.53901026931777,325.50859009888825,-2.5,251.95203421966113,326.42615401743944,-0.3920000000000001
0ducQKkW5EGQM9rQ5zdPrI,IfcDoor,M_Single-Flush:0762 x 2032mm:819816,0JBeWf23HFRgZonzHC5mYt,-1 - Garage,252.0813671988681,323.7524315180735,-2.5,252.49439114921145,324.6699954366247,-0.3920000000000001
0ducQKkW5EGQM9rQ5zdPsq,IfcDoor,M_Single-Flush:0762 x 2032mm:819854,0JBeWf23HFRgZonzHC5mYt,-1 - Garage,252.6898220349577,321.7822470819257,-2.5,253.10284598530106,322.69981100047687,-0.3920000000000001
0ducQKkW5EGQM9rQ5zdPsI,IfcDoor,M_Single-Flush:0762 x 2032mm:819880,0JBeWf23HFRgZonzHC5mYt,-1 - Garage,253.7851461477219,322.95530975468,-2.5,254.19719676035135,323.8730213773582,-0.3920000000000001
0ducQKkW5EGQM9rQ5zdPm_,IfcDoor,M_Single-Flush:0762 x 2032mm:819972,0JBeWf23HFRgZonzHC5mYt,-1 - Garage,253.25935470778188,324.66494365100016,-2.5,253.67140532041134,325.58265527367837,-0.3920000000000001
0ducQKkW5EGQM9rQ5zdPmG,IfcDoor,M_Single-Flush:0762 x 2032mm:820010,0JBeWf23HFRgZonzHC5mYt,-1 - Garage,252.76456883224643,326.2737615966334,-2.5,253.17661944487588,327.1914732193116,-0.3920000000000001
0ducQKkW5EGQM9rQ5zdPnm,IfcDoor,M_Single-Flush:0762 x 2032mm:820042,0JBeWf23HFRgZonzHC5mYt,-1 - Garage,252.43132708358584,327.3573117381954,-2.5,252.84337769621536,328.2750233608736,-0.3920000000000001
0ducQKkW5EGQM9rQ5zdPaT,IfcDoor,M_Single-Flush:0762 x 2032mm:820775,0JBeWf23HFRgZonzHC5mYt,-1 - Garage,251.67552898549306,332.41927940498095,-2.5,252.5932406081713,332.83133001761047,-0.3920000000000001
0ducQKkW5EGQM9rQ5zdPbh,IfcDoor,M_Single-Flush:0762 x 2032mm:820817,0JBeWf23HFRgZonzHC5mYt,-1 - Garage,255.0594448673249,331.99081108805916,-2.5,255.9770087858761,332.4038350384026,-0.3920000000000001
0ducQKkW5EGQM9rQ5zdPNP,IfcDoor,M_Single-Flush:0762 x 2032mm:821987,0JBeWf23HFRgZonzHC5mYt,-1 - Garage,259.34361079312487,333.3120208073628,-2.5,260.26131953374534,333.7240904975937,-0.3920000000000001
0ducQKkW5EGQM9rQ5zdPFm,IfcDoor,M_Single-Flush:0762 x 2032mm:822474,0JBeWf23HFRgZonzHC5mYt,-1 - Garage,254.91709996108392,343.94933071447736,-2.5,255.32916965131477,344.8670394550978,-0.3920000000000001
0ducQKkW5EGQM9rQ5zdPFU,IfcDoor,M_Single-Flush:0762 x 2032mm:822500,0JBeWf23HFRgZonzHC5mYt,-1 - Garage,254.57208546811324,345.07106863120265,-2.5,254.9841551583441,345.9887773718231,-0.3920000000000001
0ducQKkW5EGQM9rQ5zdP8c,IfcDoor,M_Single-Flush:0762 x 2032mm:822556,0JBeWf23HFRgZonzHC5mYt,-1 - Garage,254.0786556794709,346.67534588459,-2.5,254.49072536970175,347.59305462521047,-0.3920000000000001
0ducQKkW5EGQM9rQ5zdP1L,IfcDoor,M_Single-Flush:0762 x 2032mm:823151,0JBeWf23HFRgZonzHC5mYt,-1 - Garage,249.92800975688857,347.6142586160626,-2.5,250.8455736754398,348.027282566406,-0.3920000000000001
0ducQKkW5EGQM9rQ5zdOvK,IfcDoor,M_Single-Flush:0762 x 2032mm:823662,0JBeWf23HFRgZonzHC5mYt,-1 - Garage,253.74188993798373,347.77026481981386,-2.5,254.15395962821458,348.68797356043433,-0.3920000000000001
0ducQKkW5EGQM9rQ5zdOpb,IfcDoor,M_Single-Flush:0762 x 2032mm:824287,0JBeWf23HFRgZonzHC5mYt,-1 - Garage,258.5428050877261,324.7383414194823,-2.5,259.48403224996787,325.22687602875743,-0.3920000000000001
0ducQKkW5EGQM9rQ5zdOcN,IfcDoor,Swedoor_Interior_Door_SD4220_P65_EI60_Single-LeftRightOver_1.0:1990 mm (M10) x 2390 mm (M21) - EI60 - Right-handed:825005,0JBeWf23HFRgZonzHC4iHL,Level 1,263.1008637535948,325.5806653272958,0.0,263.7538918435525,327.52095513585,2.4
2BLn4xX2vF_gM9G5wfbU4T,IfcDoor,M_Single-Flush:Generic Door:835121,0JBeWf23HFRgZonzHC4iHL,Level 1,233.83518903391172,370.80612276690545,0.0,234.93441456463623,371.37786881705335,2.21
2BLn4xX2vF_gM9G5wfbU5X,IfcDoor,M_Single-Flush:Generic Door:835149,0JBeWf23HFRgZonzHC4iHL,Level 1,235.84366661200582,365.2460483731394,0.0,236.94289342132996,365.8177727937085,2.21
2BLn4xX2vF_gM9G5wfbPwA,IfcDoor,M_Single-Flush:Generic Door:836006,0JBeWf23HFRgZonzHC4iHL,Level 1,238.117884184701,362.75701393390773,0.0,238.6896086052701,363.85624074323187,2.21
2BLn4xX2vF_gM9G5wfbPiL,IfcDoor,M_Single-Flush:Generic Door:836665,0JBeWf23HFRgZonzHC4iHL,Level 1,251.62224510443514,347.40283200544917,0.0,252.70971142434902,347.936345596075,2.21
2BLn4xX2vF_gM9G5wfbPhn,IfcDoor,M_Single-Flush:Generic Door:837085,0JBeWf23HFRgZonzHC4iHL,Level 1,248.98240094007627,333.79229915139894,0.0,250.0698694178775,334.3257908420132,2.21
2BLn4xX2vF_gM9G5wfbPd3,IfcDoor,M_Single-Flush:Generic Door:837359,0JBeWf23HFRgZonzHC4iHL,Level 1,243.72108606718746,347.80226278855815,0.0,244.8203128765116,348.3739872091273,2.21
2BLn4xX2vF_gM9G5wfbPR8,IfcDoor,M_Single-Flush:Generic Door:838116,0JBeWf23HFRgZonzHC4iHL,Level 1,242.52929708025155,351.3347730752586,0.0,243.6285238895757,351.90649749582775,2.21
2BLn4xX2vF_gM9G5wfbPB_,IfcDoor,M_Single-Flush:Generic Door:839122,0JBeWf23HFRgZonzHC4iHL,Level 1,237.54602088651947,358.7751126610238,0.0,238.6452476958436,359.3468370815929,2.21
2BLn4xX2vF_gM9G5wfbP7V,IfcDoor,M_Single-Flush:Generic Door:839411,0JBeWf23HFRgZonzHC4iHL,Level 1,244.535595897763,357.0567037986685,0.0,245.1073203183321,358.1559306079926,2.21
2BLn4xX2vF_gM9G5wfbP3_,IfcDoor,M_Single-Flush:Generic Door:839634,0JBeWf23HFRgZonzHC4iHL,Level 1,249.98537247229706,354.53355486993075,0.0,251.0845992816212,355.1052792904999,2.21
2BLn4xX2vF_gM9G5wfbP36,IfcDoor,M_Single-Flush:Generic Door:839658,0JBeWf23HFRgZonzHC4iHL,Level 1,252.5039522582377,355.3081345592455,0.0,253.60317906756183,355.87985897981457,2.21
2BLn4xX2vF_gM9G5wfbOeO,IfcDoor,M_Single-Flush:Generic Door:841012,0JBeWf23HFRgZonzHC4iHL,Level 1,238.82017253401685,354.59855722908907,0.0,239.91939806474136,355.170303279237,2.21
34Ni6yH0HDjQqrjEsXbUMJ,IfcDoor,M_Single-Flush:Generic Door:841486,0JBeWf23HFRgZonzHC4iHL,Level 1,248.403221425555,356.0075012792231,0.0,248.9760493149184,357.10666209353633,2.21
3U8bdGexDEOw9DXBmULqba,IfcDoor,M_Single-Flush:Generic Door:870639,0JBeWf23HFRgZonzHC5mk3,1 - First Floor,244.67113445187854,371.92906410132633,3.5,245.7584920685955,372.46367308795175,5.710000000000001
3U8bdGexDEOw9DXBmULqkr,IfcDoor,M_Single-Flush:Generic Door:870974,0JBeWf23HFRgZonzHC5mk3,1 - First Floor,249.65280442278947,352.0237708396497,3.5,250.1862961134038,353.11123931745095,5.710000000000001
3U8bdGexDEOw9DXBmULrMs,IfcDoor,M_Single-Flush:Generic Door:873533,0JBeWf23HFRgZonzHC5mk3,1 - First Floor,244.03613423306166,370.4316386247792,3.5,244.56964782368738,371.51910494469314,5.710000000000001
3U8bdGexDEOw9DXBmULrGs,IfcDoor,M_Single-Flush:Generic Door:873917,0JBeWf23HFRgZonzHC5mk3,1 - First Floor,258.84268711035554,323.65706621619427,3.5,259.41551499971905,324.75622703050755,5.710000000000001
1q9pLykVT2tOtz_4Xjbvw7,IfcDoor,M_Single-Flush:Generic Door:877634,0JBeWf23HFRgZonzHC5mYt,-1 - Garage,244.69573835415002,370.92735339757826,-2.5,245.7832046740639,371.460866988204,-0.2899999999999998
1q9pLykVT2tOtz_4XjbvqZ,IfcDoor,M_Single-Flush:Generic Door:878566,0JBeWf23HFRgZonzHC5mYt,-1 - Garage,257.74835176771245,328.56863895028175,-2.5,258.83592535086586,329.1010564384613,-0.2899999999999998
1q9pLykVT2tOtz_4XjbvBZ,IfcDoor,M_Single-Flush:Generic Door:878630,0JBeWf23HFRgZonzHC5mYt,-1 - Garage,251.04901371053265,350.0789421831358,-2.5,252.13648218833387,350.6124338737501,-0.2899999999999998
1q9pLykVT2tOtz_4XjbvA1,IfcDoor,M_Single-Flush:Generic Door:878660,0JBeWf23HFRgZonzHC5mYt,-1 - Garage,250.2769034542948,352.7579291560698,-2.5,251.36447703744815,353.2903466442493,-0.2899999999999998
1q9pLykVT2tOtz_4Xjbup3,IfcDoor,M_Single-Flush:0762 x 2032mm:882182,0JBeWf23HFRgZonzHC5mYt,-1 - Garage,251.82857720221295,329.3171793775689,-2.5,252.24062781484247,330.2348910002471,-0.3920000000000001
1q9pLykVT2tOtz_4XjbuoS,IfcDoor,M_Single-Flush:0762 x 2032mm:882265,0JBeWf23HFRgZonzHC5mYt,-1 - Garage,253.2590735765917,331.43479988499365,-2.5,254.1766374951429,331.84782383533707,-0.3920000000000001
3pFbansyD0KOHFtJHrTutI,IfcDoor,M_Single-Flush:Generic Door:882917,0JBeWf23HFRgZonzHC5mYt,-1 - Garage,256.9981732580297,336.91795320457345,-2.5,257.5327822446551,338.0053108212904,-0.2899999999999998
3pFbansyD0KOHFtJHrTupl,IfcDoor,M_Single-Flush:0762 x 2032mm:883160,0JBeWf23HFRgZonzHC5mYt,-1 - Garage,251.21481471742024,348.01163419028256,-2.5,252.13251714421182,348.42374566252386,-0.3920000000000001
3pFbansyD0KOHFtJHrTuxk,IfcDoor,M_Single-Flush:Generic Door:883673,0JBeWf23HFRgZonzHC4iHL,Level 1,251.04904482177045,350.07884123447076,0.0,252.13651329957167,350.61233292508507,2.21
3pFbansyD0KOHFtJHrTulG,IfcDoor,M_Single-Flush:Generic Door:884455,0JBeWf23HFRgZonzHC4iHL,Level 1,258.48429619871246,333.9675160387988,0.0,259.5717625186263,334.50102962942464,2.21
3pFbansyD0KOHFtJHrTuhb,IfcDoor,M_Single-Flush:Generic Door:884690,0JBeWf23HFRgZonzHC4iHL,Level 1,245.47305305993632,368.25250500907043,0.0,246.56041067665325,368.78711399569585,2.21
3pFbansyD0KOHFtJHrTtO7,IfcDoor,M_Single-Flush:Generic Door:885552,0JBeWf23HFRgZonzHC4iHL,Level 1,245.48606206969,365.7049839581925,0.0,246.0195537603043,366.7924524359937,2.21
3pFbansyD0KOHFtJHrTt4G,IfcDoor,M_Single-Flush:Generic Door:885799,0JBeWf23HFRgZonzHC4iHL,Level 1,247.54135721022777,338.41744415155216,0.0,248.62871482694473,338.9520531381776,2.21
3pFbansyD0KOHFtJHrTtDE,IfcDoor,M_Single-Flush:Generic Door:886393,0JBeWf23HFRgZonzHC4iHL,Level 1,247.02378864780763,360.4741220179076,0.0,247.59661653717106,361.5732828322208,2.21
3pFbansyD0KOHFtJHrTtwA,IfcDoor,M_Single-Flush:Generic Door:887741,0JBeWf23HFRgZonzHC4iHL,Level 1,248.21348568516535,353.08294000688954,0.0,249.31271121588986,353.6546860570375,2.21
3pFbansyD0KOHFtJHrTtde,IfcDoor,M_Single-Flush:Generic Door:888031,0JBeWf23HFRgZonzHC4iHL,Level 1,245.1430398583117,355.0815731552569,0.0,245.7147642788808,356.180799964581,2.21
3pFbansyD0KOHFtJHrTteh,IfcDoor,M_Single-Flush:Generic Door:888604,0JBeWf23HFRgZonzHC4iHL,Level 1,238.94897461799437,360.05468698878326,0.0,239.52069903856346,361.1539137981074,2.21
3pFbansyD0KOHFtJHrTtfJ,IfcDoor,M_Single-Flush:Generic Door:888676,0JBeWf23HFRgZonzHC4iHL,Level 1,241.19527232503242,362.2833623208744,0.0,242.29449913435656,362.85508674144353,2.21
0qKJYWbnv5I8o6vyLfHj8U,IfcDoor,M_Single-Flush:Generic Door:897801,0JBeWf23HFRgZonzHC5mk3,1 - First Floor,246.22185351656762,366.41962676720703,3.5,247.30921113328455,366.95423575383245,5.710000000000001
0qKJYWbnv5I8o6vyLfHjJW,IfcDoor,M_Single-Flush:Generic Door:898551,0JBeWf23HFRgZonzHC5mk3,1 - First Floor,247.61754830853667,365.41022283643656,3.5,248.18929435868458,366.5094483671611,5.710000000000001
0qKJYWbnv5I8o6vyLfHjzs,IfcDoor,M_Single-Flush:Generic Door:900705,0JBeWf23HFRgZonzHC5mk3,1 - First Floor,240.8639460796432,362.22039710689273,3.5,241.43567050021235,363.31962391621687,5.710000000000001
0qKJYWbnv5I8o6vyLfHg6w,IfcDoor,M_Single-Flush:Generic Door:901293,0JBeWf23HFRgZonzHC5mk3,1 - First Floor,240.27703140786593,369.3706836958429,3.5,241.37625693859044,369.94242974599075,5.710000000000001
0qdpkovdH5RgxJU7gsxrtm,IfcDoor,M_Single-Flush:Generic Door:902775,0JBeWf23HFRgZonzHC5mk3,1 - First Floor,237.76040489321582,368.59664137454644,3.5,238.85963042394033,369.16838742469423,5.710000000000001
0qdpkovdH5RgxJU7gsxrD5,IfcDoor,M_Single-Flush:Generic Door:903362,0JBeWf23HFRgZonzHC5mk3,1 - First Floor,246.93400159543498,364.4280038540846,3.5,248.03322840475911,364.99972827465365,5.710000000000001
3XuKtrI0jD5PlAb3LVW6Sm,IfcDoor,M_Single-Flush:Generic Door:905566,0JBeWf23HFRgZonzHC5mk3,1 - First Floor,235.64001968682624,374.9750027827859,3.5,236.73924521755075,375.5467488329337,5.710000000000001
0HFJ4FEcn5UhECI1IyBq10,IfcDoor,M_Single-Flush:Generic Door:918202,0JBeWf23HFRgZonzHC4iHL,Level 1,253.87530121504042,327.3554282009409,0.0,254.97452802436456,327.92715262151,2.21
0HFJ4FEcn5UhECI1IyBq0G,IfcDoor,M_Single-Flush:Generic Door:918250,0JBeWf23HFRgZonzHC4iHL,Level 1,248.16082344077572,328.93142683054066,0.0,249.12443334338153,330.15117653797483,2.21
0Um_J2ClP45uPRcRbJqf_0,IfcDoor,Swedoor_Interior_Door_SD4220_P65_EI60_Single-LeftRightOver_1.0:1990 mm (M10) x 2390 mm (M21) - EI60 - Right-handed:950795,0JBeWf23HFRgZonzHC5nGM,6 - Sixth Floor,244.25961420239025,371.57271483039347,18.5,246.1999040109445,372.2257429203509,20.9
0Um_J2ClP45uPRcRbJqf_I,IfcDoor,M_Single-Flush:Generic Door:950809,0JBeWf23HFRgZonzHC5nGM,6 - Sixth Floor,242.89424936076097,365.4389378313642,18.5,243.85787812101063,366.65869527289766,20.709999999999997
0Um_J2ClP45uPRcRbJqhdp,IfcDoor,M_Single-Flush:Generic Door:959608,0JBeWf23HFRgZonzHC5nGM,6 - Sixth Floor,247.06946269233993,367.1922013614709,18.5,247.64120874248778,368.29142689219543,20.709999999999997
2fypDDb212M80XzLYYLlIb,IfcDoor,Swedoor_Interior_Door_SD4220_P65_EI60_Single-LeftRightOver_1.0:1990 mm (M10) x 2390 mm (M21) - EI60 - Left-handed:965012,0JBeWf23HFRgZonzHC4iHL,Level 1,238.2898826847584,351.07429017125105,0.0,238.9429107747159,353.0145799798053,2.4
2fypDDb212M80XzLYYLlJg,IfcDoor,Swedoor_Interior_Door_SD4220_P65_EI60_Single-LeftRightOver_1.0:1990 mm (M10) x 2390 mm (M21) - EI60 - Left-handed:965083,0JBeWf23HFRgZonzHC4iHL,Level 1,234.85801536076696,362.2322437671881,0.0,235.51104345072446,364.17253357574236,2.4
1ebX2H7F12su$wtPbeYAIT,IfcWindow,BALANS Fixed Single Window:BALANS 20M FLOOR (SH = 0):773593,0JBeWf23HFRgZonzHC4iHL,Level 1,250.50975438940628,374.3957665022358,0.01,251.1984452380928,376.32008761641333,2.19
1ebX2H7F12su$wtPbeYATe,IfcWindow,BALANS Fixed Single Window:BALANS 20M FLOOR (SH = 0):773676,0JBeWf23HFRgZonzHC4iHL,Level 1,249.0663112624018,379.088800908577,0.01,249.75500211108832,381.01312202275454,2.19
1ebX2H7F12su$wtPbeYAP4,IfcWindow,BALANS Fixed Single Window:BALANS TRAPPHUS GROUND:773888,0JBeWf23HFRgZonzHC4iHL,Level 1,249.24619715627927,369.84939309027885,1.4100000000000001,250.0818781400988,372.2516199484829,2.59
1ebX2H7F12su$wtPbeYBaq,IfcWindow,BALANS Fixed Single Window:BALANS TRAPPHUS GROUND:774256,0JBeWf23HFRgZonzHC4iHL,Level 1,261.43834369738414,330.2093392952352,1.4100000000000001,262.2740246812037,332.6115661534393,2.59
0xyFL4ySP5TexORi78qEFc,IfcWindow,BALANS Fixed Single Window:BALANS TRAPPHUS GROUND:777049,0JBeWf23HFRgZonzHC4iHL,Level 1,254.831436900914,351.6902278285173,1.4100000000000001,255.66711788473356,354.0924546867214,2.59
0xyFL4ySP5TexORi78qEKF,IfcWindow,BALANS Fixed Single Window:BALANS GROUND SMALL A:777648,0JBeWf23HFRgZonzHC4iHL,Level 1,260.8412908015211,333.01075438244396,1.81,261.4123895421015,334.55275090140015,2.39
0xyFL4ySP5TexORi78qDYL,IfcWindow,BALANS Fixed Single Window:BALANS 30M FLOOR (SH = 0):778282,0JBeWf23HFRgZonzHC4iHL,Level 1,251.21996111240279,362.9542326704104,0.01,252.2026322313552,365.8343652726411,2.19
0xyFL4ySP5TexORi78qDB1,IfcWindow,BALANS Fixed Single Window:BALANS 25M FLOOR (SH = 0):780926,0JBeWf23HFRgZonzHC4iHL,Level 1,236.8712941905672,355.4073633064442,0.01,237.70697517438657,357.80959016464834,2.19
0xyFL4ySP5TexORi78qDIC,IfcWindow,BALANS Fixed Single Window:BALANS 30M FLOOR (SH = 0):781363,0JBeWf23HFRgZonzHC4iHL,Level 1,231.44534028506374,372.570740332314,0.01,232.42801140401593,375.45087293454475,2.19
0xyFL4ySP5TexORi78qDG5,IfcWindow,BALANS Fixed Single Window:BALANS 30M FLOOR (SH = 0):781498,0JBeWf23HFRgZonzHC4iHL,Level 1,252.13161239123494,320.6957023564275,0.01,255.01174499346567,321.6783734753797,2.19
1KMtYLyv9CyfGv8UjnMBSN,IfcWindow,BALANS Fixed Single Window:BALANS 20M PRIVATE:793588,0JBeWf23HFRgZonzHC5mk3,1 - First Floor,253.86979638753243,355.0781960063249,4.31,254.55848723621915,357.0025171205023,5.6899999999999995
1KMtYLyv9CyfGv8UjnMBSM,IfcWindow,BALANS Fixed Single Window:BALANS 20M PRIVATE:793589,0JBeWf23HFRgZonzHC5mk3,1 - First Floor,252.10093351038856,361.04575827325306,4.31,252.78962435907522,362.97007938743053,5.6899999999999995
1KMtYLyv9CyfGv8UjnMBSL,IfcWindow,BALANS Fixed Single Window:BALANS 10M PRIVATE:793590,0JBeWf23HFRgZonzHC5mk3,1 - First Floor,252.8255984256326,359.4289850106698,4.31,253.22030900405355,360.397494636794,5.6899999999999995
1KMtYLyv9CyfGv8UjnMBSK,IfcWindow,BALANS Fixed Single Window:BALANS 15M PRIVATE:793591,0JBeWf23HFRgZonzHC5mk3,1 - First Floor,255.80014940480544,349.4964859842903,4.31,256.3418501183592,350.9429013544412,5.6899999999999995
1KMtYLyv9CyfGv8UjnMBSR,IfcWindow,BALANS Fixed Single Window:BALANS 15M PRIVATE:793592,0JBeWf23HFRgZonzHC5mk3,1 - First Floor,256.9114402070435,345.8833710144088,4.31,257.45314092059726,347.32978638455967,5.6899999999999995
1KMtYLyv9CyfGv8UjnMBSQ,IfcWindow,BALANS Fixed Single Window:BALANS 20M PRIVATE:793593,0JBeWf23HFRgZonzHC5mk3,1 - First Floor,257.7345849637876,342.72919310383327,4.31,258.4232758124743,344.65351421801074,5.6899999999999995
1KMtYLyv9CyfGv8UjnMBSP,IfcWindow,BALANS Fixed Single Window:BALANS 15M PRIVATE:793594,0JBeWf23HFRgZonzHC5mk3,1 - First Floor,258.7715061297303,339.8357802157706,4.31,259.3132068432841,341.2821955859215,5.6899999999999995
1KMtYLyv9CyfGv8UjnMBSO,IfcWindow,BALANS Fixed Single Window:BALANS 10M PRIVATE:793595,0JBeWf23HFRgZonzHC5mk3,1 - First Floor,259.51233641080006,337.9050410099031,4.31,259.907046989221,338.87355063602735,5.6899999999999995
1KMtYLyv9CyfGv8UjnMBSV,IfcWindow,BALANS Fixed Single Window:BALANS 15M PRIVATE:793596,0JBeWf23HFRgZonzHC5mk3,1 - First Floor,260.5388934267556,334.0895133632063,4.31,261.08059414030936,335.5359287333572,5.6899999999999995
1KMtYLyv9CyfGv8UjnMBSU,IfcWindow,BALANS Fixed Single Window:BALANS TRAPPHUS:793597,0JBeWf23HFRgZonzHC5mk3,1 - First Floor,261.4269771583255,330.24629506985866,3.51,262.262658142145,332.64852192806273,6.49
1KMtYLyv9CyfGv8UjnMBST,IfcWindow,BALANS Fixed Single Window:BALANS 15M PRIVATE:793598,0JBeWf23HFRgZonzHC5mk3,1 - First Floor,263.10266469884033,325.75398107600853,4.31,263.6443654123941,327.2003964461594,5.6899999999999995
1KMtYLyv9CyfGv8UjnMB3Z,IfcWindow,BALANS Fixed Single Window:BALANS 10M PRIVATE:793600,0JBeWf23HFRgZonzHC5mk3,1 - First Floor,250.26970131164447,367.95541411715453,4.31,250.6644118900654,368.9239237432788,5.6899999999999995
1KMtYLyv9CyfGv8UjnMB3Y,IfcWindow,BALANS Fixed Single Window:BALANS TRAPPHUS:793601,0JBeWf23HFRgZonzHC5mk3,1 - First Floor,249.24077042005882,369.86703691657186,3.51,250.07645140387837,372.26926377477594,6.49
1KMtYLyv9CyfGv8UjnMB3X,IfcWindow,BALANS Fixed Single Window:BALANS 20M PRIVATE:793602,0JBeWf23HFRgZonzHC5mk3,1 - First Floor,250.54466975396267,374.2822469571235,4.31,251.23336060264919,376.20656807130104,5.6899999999999995
1KMtYLyv9CyfGv8UjnMB3W,IfcWindow,BALANS Fixed Single Window:BALANS 20M FLOOR (SH = 0):793603,0JBeWf23HFRgZonzHC5mk3,1 - First Floor,249.1102836932094,379.0173378009296,3.51,249.79897454189594,380.94165891510715,5.6899999999999995
1KMtYLyv9CyfGv8UjnMB3d,IfcWindow,BALANS Fixed Single Window:BALANS TRAPPHUS:793604,0JBeWf23HFRgZonzHC5mk3,1 - First Floor,254.81698298696517,351.7372215161793,3.51,255.65266397078472,354.1394483743834,6.49
1KMtYLyv9CyfGv8UjnMB3b,IfcWindow,BALANS Fixed Single Window:BALANS 15M PRIVATE:793606,0JBeWf23HFRgZonzHC5mk3,1 - First Floor,262.45617970503474,327.75222674544335,4.31,262.9978804185886,329.1986421155942,5.6899999999999995
1KMtYLyv9CyfGv8UjnMB3e,IfcWindow,BALANS Fixed Single Window:BALANS 15M PRIVATE:793611,0JBeWf23HFRgZonzHC5mk3,1 - First Floor,243.66651405987506,343.50892023916697,4.31,244.208183029969,344.9553431591435,5.6899999999999995
1KMtYLyv9CyfGv8UjnMB3l,IfcWindow,BALANS Fixed Single Window:BALANS 15M FLOOR (SH = 0):793612,0JBeWf23HFRgZonzHC5mk3,1 - First Floor,238.51566052544825,351.12053980379227,3.51,239.05736123900198,352.56695517394314,5.6899999999999995
1KMtYLyv9CyfGv8UjnMB3i,IfcWindow,BALANS Fixed Single Window:BALANS 15M PRIVATE:793615,0JBeWf23HFRgZonzHC5mk3,1 - First Floor,242.62997367358818,346.9921264822492,4.31,243.17164264368216,348.43854940222576,5.6899999999999995
1KMtYLyv9CyfGv8UjnMB3p,IfcWindow,BALANS Fixed Single Window:BALANS 20M PRIVATE:793616,0JBeWf23HFRgZonzHC5mk3,1 - First Floor,246.12631699982387,335.1457038947819,4.31,246.81496511395449,337.0700359391935,5.6899999999999995
1KMtYLyv9CyfGv8UjnMB3o,IfcWindow,BALANS Fixed Single Window:BALANS 10M BATHROOM:793617,0JBeWf23HFRgZonzHC5mk3,1 - First Floor,248.5305960695051,328.4789684629539,5.109999999999999,248.9252858955624,329.4474822584954,5.6899999999999995
1KMtYLyv9CyfGv8UjnMB3n,IfcWindow,BALANS Fixed Single Window:BALANS 10M PRIVATE:793618,0JBeWf23HFRgZonzHC5mk3,1 - First Floor,247.9188866500052,330.05638932921283,4.31,248.31357647606245,331.02490312475436,5.6899999999999995
1KMtYLyv9CyfGv8UjnMB3m,IfcWindow,BALANS Fixed Single Window:BALANS 15M PRIVATE:793619,0JBeWf23HFRgZonzHC5mk3,1 - First Floor,249.09797923156074,325.97173635919586,4.31,249.6396482016547,327.4181592791724,5.6899999999999995
1KMtYLyv9CyfGv8UjnMB3x,IfcWindow,BALANS Fixed Single Window:BALANS 20M PRIVATE:793624,0JBeWf23HFRgZonzHC5mk3,1 - First Floor,231.4819919834264,373.51104352665715,4.31,232.17068283211296,375.4353646408346,5.6899999999999995
1KMtYLyv9CyfGv8UjnMB3v,IfcWindow,BALANS Fixed Single Window:BALANS 15M PRIVATE:793626,0JBeWf23HFRgZonzHC5mk3,1 - First Floor,236.88445492260973,356.4240421550242,4.31,237.42615563616346,357.8704575251751,5.6899999999999995
1KMtYLyv9CyfGv8UjnMB3u,IfcWindow,BALANS Fixed Single Window:BALANS 10M PRIVATE:793627,0JBeWf23HFRgZonzHC5mk3,1 - First Floor,237.63959932005653,354.4467637822175,4.31,238.03430989847743,355.41527340834176,5.6899999999999995
1KMtYLyv9CyfGv8UjnMB3$,IfcWindow,BALANS Fixed Single Window:BALANS 10M PRIVATE:793628,0JBeWf23HFRgZonzHC5mk3,1 - First Floor,245.10103050567275,339.322436309116,4.31,245.49572033173007,340.2909501046575,5.6899999999999995
1KMtYLyv9CyfGv8UjnMB3z,IfcWindow,BALANS Fixed Single Window:BALANS 30M FLOOR (SH = 0):793630,0JBeWf23HFRgZonzHC5mk3,1 - First Floor,252.08442840068136,320.7130717016256,3.51,254.9645610029121,321.69574282057783,5.6899999999999995
1KMtYLyv9CyfGv8UjnMB3y,IfcWindow,BALANS Fixed Single Window:BALANS 30M FLOOR (SH = 0):793631,0JBeWf23HFRgZonzHC5mk3,1 - First Floor,255.6209309064783,321.80079870160864,3.51,258.501063508709,322.78346982056087,5.6899999999999995
1KMtYLyv9CyfGv8UjnMB33,IfcWindow,BALANS Fixed Single Window:BALANS 10M PRIVATE:793632,0JBeWf23HFRgZonzHC5mk3,1 - First Floor,260.9250780813246,323.4003208428718,4.31,261.8935877074489,323.79503142129266,5.6899999999999995
1KMtYLyv9CyfGv8UjnMB32,IfcWindow,BALANS Fixed Single Window:BALANS 10M BATHROOM:793633,0JBeWf23HFRgZonzHC5mk3,1 - First Floor,234.88290580319082,377.88058607263474,5.109999999999999,235.8514154293151,378.2752966510556,5.6899999999999995
1KMtYLyv9CyfGv8UjnMB31,IfcWindow,BALANS Fixed Single Window:BALANS 25M FLOOR (SH = 0):793634,0JBeWf23HFRgZonzHC5mk3,1 - First Floor,241.2563747639311,379.8408827953961,3.51,243.6586016221352,380.6765637792155,5.6899999999999995
0ducQKkW5EGQM9rQ5zdOXl,IfcWindow,BALANS Fixed Single Window:BALANS 15M FLOOR (SH = 0):825173,0JBeWf23HFRgZonzHC4iHL,Level 1,262.4832382114516,327.7679085824885,0.01,263.02493892500536,329.21432395263935,2.19
2BLn4xX2vF_gM9G5wfbVaT,IfcWindow,BALANS Fixed Single Window:BALANS 30M FLOOR (SH = 0):828977,0JBeWf23HFRgZonzHC4iHL,Level 1,244.7068542358032,380.90215157105524,0.01,247.58698683803394,381.88482269000747,2.19
2BLn4xX2vF_gM9G5wfbVb4,IfcWindow,BALANS Fixed Single Window:BALANS 25M FLOOR (SH = 0):829032,0JBeWf23HFRgZonzHC4iHL,Level 1,241.2659328788116,379.84382259809877,0.01,243.6681597370157,380.67950358191814,2.19
2BLn4xX2vF_gM9G5wfbPWX,IfcWindow,BALANS Fixed Single Window:BALANS 15M PRIVATE:837389,0JBeWf23HFRgZonzHC4iHL,Level 1,243.07751319179582,345.32041805344943,1.21,243.6191821618897,346.766840973426,2.59
2BLn4xX2vF_gM9G5wfbPLu,IfcWindow,BALANS Fixed Single Window:BALANS 15M PRIVATE:838228,0JBeWf23HFRgZonzHC4iHL,Level 1,241.887175890769,349.19085192381044,1.21,242.42884486086288,350.637274843787,2.59
3pFbansyD0KOHFtJHrTt$5,IfcWindow,BALANS Fixed Single Window:BALANS 15M FLOOR (SH = 0):887538,0JBeWf23HFRgZonzHC4iHL,Level 1,252.7444118476414,359.43153726842127,0.01,253.28611256119518,360.87795263857214,2.19
3pFbansyD0KOHFtJHrTsSA,IfcWindow,BALANS Fixed Single Window:BALANS 30M FLOOR (SH = 0):889405,0JBeWf23HFRgZonzHC4iHL,Level 1,235.95358511465247,378.20989639928973,0.01,238.8337177168832,379.19256751824196,2.19
3pFbansyD0KOHFtJHrTsUB,IfcWindow,BALANS Fixed Single Window:BALANS 30M FLOOR (SH = 0):889532,0JBeWf23HFRgZonzHC4iHL,Level 1,231.93917686482894,376.97517926417385,-0.09000000000000001,234.81930946705967,377.9578503831261,2.09
0pHBx4qSPCfPLZRKuUIKTa,IfcWindow,BALANS Fixed Single Window:BALANS 10M PRIVATE:906450,0JBeWf23HFRgZonzHC5mk3,1 - First Floor,232.70191505822226,370.50054636284983,4.31,233.09662563664313,371.4690559889741,5.6899999999999995
0pHBx4qSPCfPLZRKuUIKQ9,IfcWindow,BALANS Fixed Single Window:BALANS 15M PRIVATE:906559,0JBeWf23HFRgZonzHC5mk3,1 - First Floor,233.404677582831,367.73776451544643,4.31,233.94637829638472,369.1841798855973,5.6899999999999995
0pHBx4qSPCfPLZRKuUIKRO,IfcWindow,BALANS Fixed Single Window:BALANS 10M PRIVATE:906606,0JBeWf23HFRgZonzHC5mk3,1 - First Floor,234.02791575579423,366.18934990480017,4.31,234.4226263342151,367.15785953092444,5.6899999999999995
0pHBx4qSPCfPLZRKuUIKOJ,IfcWindow,BALANS Fixed Single Window:BALANS 15M PRIVATE:906661,0JBeWf23HFRgZonzHC5mk3,1 - First Floor,234.93623874546216,362.75823390757245,4.31,235.4779394590159,364.2046492777233,5.6899999999999995
0pHBx4qSPCfPLZRKuUIKPy,IfcWindow,BALANS Fixed Single Window:BALANS 20M PRIVATE:906698,0JBeWf23HFRgZonzHC5mk3,1 - First Floor,235.82405916166454,359.39377746962504,4.31,236.51275001035108,361.3180985838025,5.6899999999999995
0pHBx4qSPCfPLZRKuUIKNz,IfcWindow,BALANS Fixed Single Window:BALANS 10M PRIVATE:906827,0JBeWf23HFRgZonzHC5mk3,1 - First Floor,241.90820889099464,349.70403563294667,4.31,242.30289871705196,350.6725494284882,5.6899999999999995
0pHBx4qSPCfPLZRKuUIKG1,IfcWindow,BALANS Fixed Single Window:BALANS 10M PRIVATE:907191,0JBeWf23HFRgZonzHC5mk3,1 - First Floor,250.72149658934177,366.4865022194924,4.31,251.1162071677627,367.4550118456167,5.6899999999999995
0pHBx4qSPCfPLZRKuUIKhq,IfcWindow,BALANS Fixed Single Window:BALANS 10M BATHROOM:907586,0JBeWf23HFRgZonzHC5mk3,1 - First Floor,251.43260975295823,363.76292754179764,5.109999999999999,251.82732033137918,364.7314371679219,5.6899999999999995
0fjrUmmzDB4fngo1stt3cw,IfcWindow,BALANS Fixed Single Window:BALANS 30M FLOOR (SH = 0):909959,0JBeWf23HFRgZonzHC5mk3,1 - First Floor,244.7068542358032,380.90215157105524,3.51,247.58698683803394,381.88482269000747,5.6899999999999995
0HFJ4FEcn5UhECI1IyBAm7,IfcWindow,BALANS Fixed Single Window:BALANS 15M FLOOR (SH = 0):913149,0JBeWf23HFRgZonzHC5mk3,1 - First Floor,250.4510420569192,321.3450659922825,3.51,250.9927110270131,322.79148891225907,5.6899999999999995
0HFJ4FEcn5UhECI1IyBBLe,IfcWindow,BALANS Fixed Single Window:BALANS 10M PRIVATE:915346,0JBeWf23HFRgZonzHC5mk3,1 - First Floor,237.86503764591703,378.79780451586373,4.31,238.8335472720413,379.1925150942846,5.6899999999999995
0HFJ4FEcn5UhECI1IyBBXX,IfcWindow,BALANS Fixed Single Window:BALANS GROUND SMALL B:916123,0JBeWf23HFRgZonzHC4iHL,Level 1,246.05577003963202,336.1143945912506,1.81,246.45045986568928,337.0829083867921,2.39
0HFJ4FEcn5UhECI1IyBBWG,IfcWindow,BALANS Fixed Single Window:BALANS GROUND SMALL A:916202,0JBeWf23HFRgZonzHC4iHL,Level 1,245.0661879030566,338.75857330211784,1.81,245.63725270195783,340.3005780469814,2.39
0HFJ4FEcn5UhECI1IyBBbs,IfcWindow,BALANS Fixed Single Window:BALANS 20M FLOOR (SH = 0):916364,0JBeWf23HFRgZonzHC4iHL,Level 1,235.8035442011104,359.35682074803594,0.01,236.49223504979693,361.2811418622135,2.19
0HFJ4FEcn5UhECI1IyBBv9,IfcWindow,BALANS Fixed Single Window:BALANS 30M FLOOR (SH = 0):916659,0JBeWf23HFRgZonzHC4iHL,Level 1,233.3797303771056,366.2815007409238,0.01,234.3624014960578,369.1616333431545,2.19
0HFJ4FEcn5UhECI1IyBBz0,IfcWindow,BALANS Fixed Single Window:BALANS 10M FLOOR (SH = 0):916922,0JBeWf23HFRgZonzHC4iHL,Level 1,249.52777670008183,373.09625716797757,0.01,250.4962863262061,373.49096774639844,2.19
0HFJ4FEcn5UhECI1IyBBr8,IfcWindow,BALANS Fixed Single Window:BALANS GROUND SMALL A:917426,0JBeWf23HFRgZonzHC4iHL,Level 1,256.92578631231964,345.74114669387166,1.81,257.49688505290004,347.28314321282784,2.39
0HFJ4FEcn5UhECI1IyBBqj,IfcWindow,BALANS Fixed Single Window:BALANS GROUND SMALL B:917463,0JBeWf23HFRgZonzHC4iHL,Level 1,246.67308244458593,334.10717626862345,1.81,247.0677722706432,335.075690064165,2.39
0HFJ4FEcn5UhECI1IyBqD7,IfcWindow,BALANS Fixed Single Window:BALANS 30M FLOOR (SH = 0):917949,0JBeWf23HFRgZonzHC4iHL,Level 1,255.62988243750974,321.7716701455999,0.01,258.51001503974044,322.7543412645521,2.19
0HFJ4FEcn5UhECI1IyBq3s,IfcWindow,BALANS Fixed Single Window:BALANS 25M FLOOR (SH = 0):918028,0JBeWf23HFRgZonzHC4iHL,Level 1,250.15185648315654,321.3620627406536,0.01,250.98748374132373,323.7643039095002,2.19
0HFJ4FEcn5UhECI1IyBq6E,IfcWindow,BALANS Fixed Single Window:BALANS 15M PRIVATE:918388,0JBeWf23HFRgZonzHC4iHL,Level 1,248.67374119983893,327.12403757380895,1.21,249.21541016993282,328.5704604937855,2.59
0HFJ4FEcn5UhECI1IyBqQx,IfcWindow,BALANS Fixed Single Window:BALANS 30M FLOOR (SH = 0):918593,0JBeWf23HFRgZonzHC4iHL,Level 1,259.96926659327136,323.10634057260614,0.01,262.8493991955021,324.08901169155837,2.19
1gdfXOIAf8ZBJUgAp$8e1o,IfcWindow,BALANS Fixed Single Window:BALANS 15M PRIVATE:919551,0JBeWf23HFRgZonzHC5mk3,1 - First Floor,244.31322229363627,341.4061200916529,4.31,244.85489126373022,342.85254301162945,5.6899999999999995
1gdfXOIAf8ZBJUgAp$8ewJ,IfcWindow,BALANS Fixed Single Window:BALANS 10M FLOOR (SH = 0):919838,0JBeWf23HFRgZonzHC4iHL,Level 1,240.25238733703384,350.4838830505378,0.01,241.22090113257536,350.8785728765951,2.19
2Bm1R3arDAW8kJznnV4FrS,IfcWindow,BALANS Fixed Single Window:BALANS 10M FLOOR (SH = 0):922531,0JBeWf23HFRgZonzHC5mk3,1 - First Floor,240.2523873370108,350.4838830505307,3.51,241.2209011325523,350.878572876588,5.6899999999999995
3ktY1kg3rAwgNBX_XWRV0C,IfcWindow,BALANS Fixed Single Window:BALANS 20M PRIVATE:940672,0JBeWf23HFRgZonzHC5nK0,3 - Third Floor,253.8692343927593,355.0800232073813,10.31,254.55792524144601,357.00434432155873,11.690000000000001
3ktY1kg3rAwgNBX_XWRV0D,IfcWindow,BALANS Fixed Single Window:BALANS 20M PRIVATE:940673,0JBeWf23HFRgZonzHC5nK0,3 - Third Floor,252.10037151561545,361.0475854743094,10.31,252.7890623643021,362.9719065884869,11.690000000000001
3ktY1kg3rAwgNBX_XWRV0E,IfcWindow,BALANS Fixed Single Window:BALANS 10M PRIVATE:940674,0JBeWf23HFRgZonzHC5nK0,3 - Third Floor,252.82503643085946,359.4308122117262,10.31,253.2197470092804,360.39932183785044,11.690000000000001
3ktY1kg3rAwgNBX_XWRV0F,IfcWindow,BALANS Fixed Single Window:BALANS 15M PRIVATE:940675,0JBeWf23HFRgZonzHC5nK0,3 - Third Floor,255.7995874100323,349.4983131853466,10.31,256.3412881235861,350.9447285554975,11.690000000000001
3ktY1kg3rAwgNBX_XWRV08,IfcWindow,BALANS Fixed Single Window:BALANS 15M PRIVATE:940676,0JBeWf23HFRgZonzHC5nK0,3 - Third Floor,256.91087821227035,345.8851982154652,10.31,257.4525789258241,347.3316135856161,11.690000000000001
3ktY1kg3rAwgNBX_XWRV09,IfcWindow,BALANS Fixed Single Window:BALANS 20M PRIVATE:940677,0JBeWf23HFRgZonzHC5nK0,3 - Third Floor,257.73402296901446,342.7310203048897,10.31,258.42271381770115,344.65534141906716,11.690000000000001
3ktY1kg3rAwgNBX_XWRV0A,IfcWindow,BALANS Fixed Single Window:BALANS 15M PRIVATE:940678,0JBeWf23HFRgZonzHC5nK0,3 - Third Floor,258.77094413495723,339.8376074168269,10.31,259.312644848511,341.2840227869778,11.690000000000001
3ktY1kg3rAwgNBX_XWRV0B,IfcWindow,BALANS Fixed Single Window:BALANS 10M PRIVATE:940679,0JBeWf23HFRgZonzHC5nK0,3 - Third Floor,259.5117744160269,337.9068682109594,10.31,259.90648499444785,338.87537783708365,11.690000000000001
3ktY1kg3rAwgNBX_XWRV04,IfcWindow,BALANS Fixed Single Window:BALANS 15M PRIVATE:940680,0JBeWf23HFRgZonzHC5nK0,3 - Third Floor,260.53833143198244,334.09134056426274,10.31,261.0800321455362,335.5377559344136,11.690000000000001
3ktY1kg3rAwgNBX_XWRV05,IfcWindow,BALANS Fixed Single Window:BALANS TRAPPHUS:940681,0JBeWf23HFRgZonzHC5nK0,3 - Third Floor,261.42641516355235,330.24812227091496,9.51,262.2620961473719,332.65034912911904,12.49
3ktY1kg3rAwgNBX_XWRV06,IfcWindow,BALANS Fixed Single Window:BALANS 15M PRIVATE:940682,0JBeWf23HFRgZonzHC5nK0,3 - Third Floor,263.1021027040672,325.75580827706494,10.31,263.643803417621,327.2022236472158,11.690000000000001
3ktY1kg3rAwgNBX_XWRV07,IfcWindow,BALANS Fixed Single Window:BALANS 10M PRIVATE:940683,0JBeWf23HFRgZonzHC5nK0,3 - Third Floor,250.26913931687133,367.9572413182109,10.31,250.66384989529226,368.92575094433516,11.690000000000001
3ktY1kg3rAwgNBX_XWRV00,IfcWindow,BALANS Fixed Single Window:BALANS TRAPPHUS:940684,0JBeWf23HFRgZonzHC5nK0,3 - Third Floor,249.2402084252857,369.8688641176283,9.51,250.07588940910523,372.27109097583235,12.49
3ktY1kg3rAwgNBX_XWRV01,IfcWindow,BALANS Fixed Single Window:BALANS 20M PRIVATE:940685,0JBeWf23HFRgZonzHC5nK0,3 - Third Floor,250.5441077591895,374.2840741581799,10.31,251.23279860787602,376.20839527235745,11.690000000000001
3ktY1kg3rAwgNBX_XWRV02,IfcWindow,BALANS Fixed Single Window:BALANS 20M FLOOR (SH = 0):940686,0JBeWf23HFRgZonzHC5nK0,3 - Third Floor,249.10972169843626,379.01916500198604,9.51,249.7984125471228,380.94348611616357,11.69
3ktY1kg3rAwgNBX_XWRV03,IfcWindow,BALANS Fixed Single Window:BALANS TRAPPHUS:940687,0JBeWf23HFRgZonzHC5nK0,3 - Third Floor,254.81642099219204,351.7390487172356,9.51,255.65210197601158,354.1412755754397,12.49
3ktY1kg3rAwgNBX_XWRV0S,IfcWindow,BALANS Fixed Single Window:BALANS 15M PRIVATE:940688,0JBeWf23HFRgZonzHC5nK0,3 - Third Floor,262.45561771026166,327.75405394649965,10.31,262.9973184238155,329.2004693166505,11.690000000000001
3ktY1kg3rAwgNBX_XWRV0T,IfcWindow,BALANS Fixed Single Window:BALANS 15M PRIVATE:940689,0JBeWf23HFRgZonzHC5nK0,3 - Third Floor,243.6453747456554,343.5776556452417,10.31,244.18704371574935,345.02407856521825,11.690000000000001
3ktY1kg3rAwgNBX_XWRV0U,IfcWindow,BALANS Fixed Single Window:BALANS 15M FLOOR (SH = 0):940690,0JBeWf23HFRgZonzHC5nK0,3 - Third Floor,238.49451991175653,351.18927380901243,9.51,239.03622062531025,352.6356891791633,11.69
3ktY1kg3rAwgNBX_XWRV0V,IfcWindow,BALANS Fixed Single Window:BALANS 15M PRIVATE:940691,0JBeWf23HFRgZonzHC5nK0,3 - Third Floor,242.60883435936853,347.0608618883239,10.31,243.1505033294625,348.5072848083005,11.690000000000001
3ktY1kg3rAwgNBX_XWRV0O,IfcWindow,BALANS Fixed Single Window:BALANS 20M PRIVATE:940692,0JBeWf23HFRgZonzHC5nK0,3 - Third Floor,246.10517768560427,335.2144393008565,10.31,246.7938257997349,337.1387713452681,11.690000000000001
3ktY1kg3rAwgNBX_XWRV0P,IfcWindow,BALANS Fixed Single Window:BALANS 10M BATHROOM:940693,0JBeWf23HFRgZonzHC5nK0,3 - Third Floor,248.50945675528544,328.5477038690286,11.110000000000001,248.90414658134276,329.51621766457015,11.690000000000001
3ktY1kg3rAwgNBX_XWRV0Q,IfcWindow,BALANS Fixed Single Window:BALANS 10M PRIVATE:940694,0JBeWf23HFRgZonzHC5nK0,3 - Third Floor,247.89774733578554,330.1251247352875,10.31,248.2924371618428,331.093638530829,11.690000000000001
3ktY1kg3rAwgNBX_XWRV0R,IfcWindow,BALANS Fixed Single Window:BALANS 15M PRIVATE:940695,0JBeWf23HFRgZonzHC5nK0,3 - Third Floor,249.07683991734115,326.0404717652704,10.31,249.6185088874351,327.48689468524697,11.690000000000001
3ktY1kg3rAwgNBX_XWRV0K,IfcWindow,BALANS Fixed Single Window:BALANS 20M PRIVATE:940696,0JBeWf23HFRgZonzHC5nK0,3 - Third Floor,231.46085136973468,373.57977753187726,10.31,232.14954221842123,375.50409864605473,11.690000000000001
3ktY1kg3rAwgNBX_XWRV0L,IfcWindow,BALANS Fixed Single Window:BALANS 15M PRIVATE:940697,0JBeWf23HFRgZonzHC5nK0,3 - Third Floor,236.86331430891798,356.4927761602444,10.31,237.4050150224717,357.93919153039525,11.690000000000001
3ktY1kg3rAwgNBX_XWRV0M,IfcWindow,BALANS Fixed Single Window:BALANS 10M PRIVATE:940698,0JBeWf23HFRgZonzHC5nK0,3 - Third Floor,237.6184587063648,354.5154977874376,10.31,238.0131692847857,355.48400741356187,11.690000000000001
3ktY1kg3rAwgNBX_XWRV0N,IfcWindow,BALANS Fixed Single Window:BALANS 10M PRIVATE:940699,0JBeWf23HFRgZonzHC5nK0,3 - Third Floor,245.0798911914531,339.39117171519064,10.31,245.47458101751042,340.35968551073216,11.690000000000001
3ktY1kg3rAwgNBX_XWRV0G,IfcWindow,BALANS Fixed Single Window:BALANS 30M FLOOR (SH = 0):940700,0JBeWf23HFRgZonzHC5nK0,3 - Third Floor,252.1242001004122,320.7253043386905,9.51,255.00433270264293,321.7079754576427,11.69
3ktY1kg3rAwgNBX_XWRV0H,IfcWindow,BALANS Fixed Single Window:BALANS 30M FLOOR (SH = 0):940701,0JBeWf23HFRgZonzHC5nK0,3 - Third Floor,255.66070260620904,321.8130313386735,9.51,258.5408352084398,322.79570245762574,11.69
3ktY1kg3rAwgNBX_XWRV0I,IfcWindow,BALANS Fixed Single Window:BALANS 10M PRIVATE:940702,0JBeWf23HFRgZonzHC5nK0,3 - Third Floor,260.96484978105536,323.41255347993666,10.31,261.93335940717964,323.80726405835753,11.690000000000001
3ktY1kg3rAwgNBX_XWRV0J,IfcWindow,BALANS Fixed Single Window:BALANS 10M BATHROOM:940703,0JBeWf23HFRgZonzHC5nK0,3 - Third Floor,234.9226775029216,377.8928187096996,11.110000000000001,235.89118712904587,378.2875292881205,11.690000000000001
3ktY1kg3rAwgNBX_XWRV0i,IfcWindow,BALANS Fixed Single Window:BALANS 25M FLOOR (SH = 0):940704,0JBeWf23HFRgZonzHC5nK0,3 - Third Floor,241.29614646366176,379.8531154324609,9.51,243.69837332186586,380.6887964162803,11.69
3ktY1kg3rAwgNBX_XWRV0j,IfcWindow,BALANS Fixed Single Window:BALANS 10M PRIVATE:940705,0JBeWf23HFRgZonzHC5nK0,3 - Third Floor,232.68077444453056,370.5692803680699,10.31,233.07548502295143,371.53778999419416,11.690000000000001
3ktY1kg3rAwgNBX_XWRV0k,IfcWindow,BALANS Fixed Single Window:BALANS 15M PRIVATE:940706,0JBeWf23HFRgZonzHC5nK0,3 - Third Floor,233.38353696913924,367.8064983517912,10.31,233.92523768269297,369.2529137219421,11.690000000000001
3ktY1kg3rAwgNBX_XWRV0l,IfcWindow,BALANS Fixed Single Window:BALANS 10M PRIVATE:940707,0JBeWf23HFRgZonzHC5nK0,3 - Third Floor,234.00677514210253,366.2580839100202,10.31,234.4014857205234,367.2265935361445,11.690000000000001
3ktY1kg3rAwgNBX_XWRV0e,IfcWindow,BALANS Fixed Single Window:BALANS 15M PRIVATE:940708,0JBeWf23HFRgZonzHC5nK0,3 - Third Floor,234.91509813177043,362.8269679127925,10.31,235.45679884532416,364.27338328294337,11.690000000000001
3ktY1kg3rAwgNBX_XWRV0f,IfcWindow,BALANS Fixed Single Window:BALANS 20M PRIVATE:940709,0JBeWf23HFRgZonzHC5nK0,3 - Third Floor,235.8029185479728,359.4625114748452,10.31,236.49160939665936,361.3868325890227,11.690000000000001
3ktY1kg3rAwgNBX_XWRV0g,IfcWindow,BALANS Fixed Single Window:BALANS 10M PRIVATE:940710,0JBeWf23HFRgZonzHC5nK0,3 - Third Floor,241.887069576775,349.7727710390214,10.31,242.2817594028323,350.7412848345629,11.690000000000001
3ktY1kg3rAwgNBX_XWRV0h,IfcWindow,BALANS Fixed Single Window:BALANS 10M PRIVATE:940711,0JBeWf23HFRgZonzHC5nK0,3 - Third Floor,250.72093459456866,366.4883294205488,10.31,251.1156451729896,367.45683904667305,11.690000000000001
3ktY1kg3rAwgNBX_XWRV0a,IfcWindow,BALANS Fixed Single Window:BALANS 10M BATHROOM:940712,0JBeWf23HFRgZonzHC5nK0,3 - Third Floor,251.43204775818512,363.764754742854,11.110000000000001,251.82675833660608,364.73326436897827,11.690000000000001
3ktY1kg3rAwgNBX_XWRV0b,IfcWindow,BALANS Fixed Single Window:BALANS 30M FLOOR (SH = 0):940713,0JBeWf23HFRgZonzHC5nK0,3 - Third Floor,244.74662593553387,380.91438420812005,9.51,247.6267585377646,381.8970553270723,11.69
3ktY1kg3rAwgNBX_XWRV0c,IfcWindow,BALANS Fixed Single Window:BALANS 15M FLOOR (SH = 0):940714,0JBeWf23HFRgZonzHC5nK0,3 - Third Floor,250.42990274269954,321.4138013983572,9.51,250.97157171279343,322.86022431833374,11.69
3ktY1kg3rAwgNBX_XWRV0d,IfcWindow,BALANS Fixed Single Window:BALANS 10M PRIVATE:940715,0JBeWf23HFRgZonzHC5nK0,3 - Third Floor,237.90480934564775,378.81003715292854,10.31,238.87331897177202,379.2047477313494,11.690000000000001
3ktY1kg3rAwgNBX_XWRV0W,IfcWindow,BALANS Fixed Single Window:BALANS 15M PRIVATE:940716,0JBeWf23HFRgZonzHC5nK0,3 - Third Floor,244.29208297941665,341.4748554977275,10.31,244.8337519495106,342.92127841770406,11.690000000000001
3ktY1kg3rAwgNBX_XWRV0X,IfcWindow,BALANS Fixed Single Window:BALANS 10M FLOOR (SH = 0):940717,0JBeWf23HFRgZonzHC5nK0,3 - Third Floor,240.29215773726943,350.49611428674103,9.51,241.26067153281096,350.8908041127983,11.69
3ktY1kg3rAwgNBX_XWRV10,IfcWindow,BALANS Fixed Single Window:BALANS 20M PRIVATE:940748,0JBeWf23HFRgZonzHC5nNU,4 - Fourth Floor,253.86922599779518,355.08005050174063,13.31,254.5579168464819,357.00437161591805,14.690000000000001
3ktY1kg3rAwgNBX_XWRV11,IfcWindow,BALANS Fixed Single Window:BALANS 20M PRIVATE:940749,0JBeWf23HFRgZonzHC5nNU,4 - Fourth Floor,252.10036312065134,361.0476127686688,13.31,252.789053969338,362.97193388284626,14.690000000000001
3ktY1kg3rAwgNBX_XWRV12,IfcWindow,BALANS Fixed Single Window:BALANS 10M PRIVATE:940750,0JBeWf23HFRgZonzHC5nNU,4 - Fourth Floor,252.82502803589534,359.43083950608553,13.31,253.2197386143163,360.39934913220975,14.690000000000001
3ktY1kg3rAwgNBX_XWRV13,IfcWindow,BALANS Fixed Single Window:BALANS 15M PRIVATE:940751,0JBeWf23HFRgZonzHC5nNU,4 - Fourth Floor,255.79957901506822,349.4983404797059,13.31,256.341279728622,350.9447558498568,14.690000000000001
3ktY1kg3rAwgNBX_XWRV1S,IfcWindow,BALANS Fixed Single Window:BALANS 15M PRIVATE:940752,0JBeWf23HFRgZonzHC5nNU,4 - Fourth Floor,256.91086981730626,345.8852255098245,13.31,257.45257053086004,347.3316408799754,14.690000000000001
3ktY1kg3rAwgNBX_XWRV1T,IfcWindow,BALANS Fixed Single Window:BALANS 20M PRIVATE:940753,0JBeWf23HFRgZonzHC5nNU,4 - Fourth Floor,257.7340145740503,342.731047599249,13.31,258.422705422737,344.65536871342647,14.690000000000001
3ktY1kg3rAwgNBX_XWRV1U,IfcWindow,BALANS Fixed Single Window:BALANS 15M PRIVATE:940754,0JBeWf23HFRgZonzHC5nNU,4 - Fourth Floor,258.77093573999315,339.83763471118624,13.31,259.31263645354693,341.2840500813371,14.690000000000001
3ktY1kg3rAwgNBX_XWRV1V,IfcWindow,BALANS Fixed Single Window:BALANS 10M PRIVATE:940755,0JBeWf23HFRgZonzHC5nNU,4 - Fourth Floor,259.51176602106284,337.9068955053187,13.31,259.90647659948377,338.87540513144296,14.690000000000001
3ktY1kg3rAwgNBX_XWRV1O,IfcWindow,BALANS Fixed Single Window:BALANS 15M PRIVATE:940756,0JBeWf23HFRgZonzHC5nNU,4 - Fourth Floor,260.53832303701836,334.09136785862194,13.31,261.08002375057214,335.5377832287728,14.690000000000001
3ktY1kg3rAwgNBX_XWRV1P,IfcWindow,BALANS Fixed Single Window:BALANS TRAPPHUS:940757,0JBeWf23HFRgZonzHC5nNU,4 - Fourth Floor,261.4264067685882,330.2481495652744,12.51,262.26208775240775,332.65037642347846,15.49
3ktY1kg3rAwgNBX_XWRV1Q,IfcWindow,BALANS Fixed Single Window:BALANS 15M PRIVATE:940758,0JBeWf23HFRgZonzHC5nNU,4 - Fourth Floor,263.1020943091031,325.75583557142426,13.31,263.6437950226569,327.20225094157513,14.690000000000001
3ktY1kg3rAwgNBX_XWRV1R,IfcWindow,BALANS Fixed Single Window:BALANS 10M PRIVATE:940759,0JBeWf23HFRgZonzHC5nNU,4 - Fourth Floor,250.26913092190725,367.95726861257015,13.31,250.66384150032818,368.9257782386944,14.690000000000001
3ktY1kg3rAwgNBX_XWRV1K,IfcWindow,BALANS Fixed Single Window:BALANS TRAPPHUS:940760,0JBeWf23HFRgZonzHC5nNU,4 - Fourth Floor,249.24020003032157,369.86889141198753,12.51,250.07588101414112,372.2711182701916,15.49
3ktY1kg3rAwgNBX_XWRV1L,IfcWindow,BALANS Fixed Single Window:BALANS 20M PRIVATE:940761,0JBeWf23HFRgZonzHC5nNU,4 - Fourth Floor,250.54409936422545,374.2841014525391,13.31,251.23279021291196,376.20842256671665,14.690000000000001
3ktY1kg3rAwgNBX_XWRV1M,IfcWindow,BALANS Fixed Single Window:BALANS 20M FLOOR (SH = 0):940762,0JBeWf23HFRgZonzHC5nNU,4 - Fourth Floor,249.10971330347215,379.01919229634535,12.51,249.7984041521587,380.9435134105229,14.69
3ktY1kg3rAwgNBX_XWRV1N,IfcWindow,BALANS Fixed Single Window:BALANS TRAPPHUS:940763,0JBeWf23HFRgZonzHC5nNU,4 - Fourth Floor,254.81641259722795,351.73907601159493,12.51,255.6520935810475,354.141302869799,15.49
3ktY1kg3rAwgNBX_XWRV1G,IfcWindow,BALANS Fixed Single Window:BALANS 15M PRIVATE:940764,0JBeWf23HFRgZonzHC5nNU,4 - Fourth Floor,262.4556093152975,327.75408124085897,13.31,262.99731002885136,329.20049661100984,14.690000000000001
3ktY1kg3rAwgNBX_XWRV1H,IfcWindow,BALANS Fixed Single Window:BALANS 15M PRIVATE:940765,0JBeWf23HFRgZonzHC5nNU,4 - Fourth Floor,243.6453665190899,343.57768239427975,13.31,244.18703548918384,345.0241053142563,14.690000000000001
3ktY1kg3rAwgNBX_XWRV1I,IfcWindow,BALANS Fixed Single Window:BALANS 15M FLOOR (SH = 0):940766,0JBeWf23HFRgZonzHC5nNU,4 - Fourth Floor,238.49451151679244,351.1893011033717,12.51,239.03621223034617,352.63571647352256,14.69
3ktY1kg3rAwgNBX_XWRV1J,IfcWindow,BALANS Fixed Single Window:BALANS 15M PRIVATE:940767,0JBeWf23HFRgZonzHC5nNU,4 - Fourth Floor,242.608826132803,347.06088863736204,13.31,243.15049510289697,348.5073115573386,14.690000000000001
3ktY1kg3rAwgNBX_XWRV1i,IfcWindow,BALANS Fixed Single Window:BALANS 20M PRIVATE:940768,0JBeWf23HFRgZonzHC5nNU,4 - Fourth Floor,246.10516945903873,335.2144660498946,13.31,246.79381757316935,337.1387980943062,14.690000000000001
3ktY1kg3rAwgNBX_XWRV1j,IfcWindow,BALANS Fixed Single Window:BALANS 10M BATHROOM:940769,0JBeWf23HFRgZonzHC5nNU,4 - Fourth Floor,248.50944852871993,328.5477306180668,14.11,248.90413835477725,329.5162444136083,14.69
3ktY1kg3rAwgNBX_XWRV1k,IfcWindow,BALANS Fixed Single Window:BALANS 10M PRIVATE:940770,0JBeWf23HFRgZonzHC5nNU,4 - Fourth Floor,247.89773910922,330.12515148432567,13.31,248.29242893527726,331.0936652798672,14.690000000000001
3ktY1kg3rAwgNBX_XWRV1l,IfcWindow,BALANS Fixed Single Window:BALANS 15M PRIVATE:940771,0JBeWf23HFRgZonzHC5nNU,4 - Fourth Floor,249.0768316907756,326.04049851430864,13.31,249.61850066086956,327.4869214342852,14.690000000000001
3ktY1kg3rAwgNBX_XWRV1e,IfcWindow,BALANS Fixed Single Window:BALANS 20M PRIVATE:940772,0JBeWf23HFRgZonzHC5nNU,4 - Fourth Floor,231.46084297477057,373.57980482623657,13.31,232.14953382345712,375.50412594041404,14.690000000000001
3ktY1kg3rAwgNBX_XWRV1f,IfcWindow,BALANS Fixed Single Window:BALANS 15M PRIVATE:940773,0JBeWf23HFRgZonzHC5nNU,4 - Fourth Floor,236.86330591395392,356.4928034546036,13.31,237.40500662750765,357.93921882475445,14.690000000000001
3ktY1kg3rAwgNBX_XWRV1g,IfcWindow,BALANS Fixed Single Window:BALANS 10M PRIVATE:940774,0JBeWf23HFRgZonzHC5nNU,4 - Fourth Floor,237.6184503114007,354.5155250817969,13.31,238.0131608898216,355.4840347079212,14.690000000000001
3ktY1kg3rAwgNBX_XWRV1h,IfcWindow,BALANS Fixed Single Window:BALANS 10M PRIVATE:940775,0JBeWf23HFRgZonzHC5nNU,4 - Fourth Floor,245.0798829648876,339.39119846422875,13.31,245.4745727909449,340.3597122597703,14.690000000000001
3ktY1kg3rAwgNBX_XWRV1a,IfcWindow,BALANS Fixed Single Window:BALANS 30M FLOOR (SH = 0):940776,0JBeWf23HFRgZonzHC5nNU,4 - Fourth Floor,252.10048058752932,320.71800889508575,12.51,254.98061318976005,321.70068001403797,14.69
3ktY1kg3rAwgNBX_XWRV1b,IfcWindow,BALANS Fixed Single Window:BALANS 30M FLOOR (SH = 0):940777,0JBeWf23HFRgZonzHC5nNU,4 - Fourth Floor,255.63698309332628,321.8057358950688,12.51,258.51711569555704,322.788407014021,14.69
3ktY1kg3rAwgNBX_XWRV1c,IfcWindow,BALANS Fixed Single Window:BALANS 10M PRIVATE:940778,0JBeWf23HFRgZonzHC5nNU,4 - Fourth Floor,260.94113026817257,323.40525803633193,13.31,261.90963989429684,323.7999686147528,14.690000000000001
3ktY1kg3rAwgNBX_XWRV1d,IfcWindow,BALANS Fixed Single Window:BALANS 10M BATHROOM:940779,0JBeWf23HFRgZonzHC5nNU,4 - Fourth Floor,234.89895799003887,377.8855232660949,14.11,235.86746761616314,378.28023384451575,14.69
3ktY1kg3rAwgNBX_XWRV1W,IfcWindow,BALANS Fixed Single Window:BALANS 25M FLOOR (SH = 0):940780,0JBeWf23HFRgZonzHC5nNU,4 - Fourth Floor,241.27242695077902,379.8458199888562,12.51,243.67465380898312,380.68150097267556,14.69
3ktY1kg3rAwgNBX_XWRV1X,IfcWindow,BALANS Fixed Single Window:BALANS 10M PRIVATE:940781,0JBeWf23HFRgZonzHC5nNU,4 - Fourth Floor,232.68076604956644,370.5693076624292,13.31,233.0754766279873,371.53781728855347,14.690000000000001
3ktY1kg3rAwgNBX_XWRV1Y,IfcWindow,BALANS Fixed Single Window:BALANS 15M PRIVATE:940782,0JBeWf23HFRgZonzHC5nNU,4 - Fourth Floor,233.3835285741752,367.8065258150258,13.31,233.9252292877289,369.25294118517667,14.690000000000001
3ktY1kg3rAwgNBX_XWRV1Z,IfcWindow,BALANS Fixed Single Window:BALANS 10M PRIVATE:940783,0JBeWf23HFRgZonzHC5nNU,4 - Fourth Floor,234.0067667471384,366.25811120437953,13.31,234.40147732555928,367.2266208305038,14.690000000000001
3ktY1kg3rAwgNBX_XWRV1y,IfcWindow,BALANS Fixed Single Window:BALANS 15M PRIVATE:940784,0JBeWf23HFRgZonzHC5nNU,4 - Fourth Floor,234.91508973680635,362.8269952071518,13.31,235.45679045036007,364.2734105773027,14.690000000000001
3ktY1kg3rAwgNBX_XWRV1z,IfcWindow,BALANS Fixed Single Window:BALANS 20M PRIVATE:940785,0JBeWf23HFRgZonzHC5nNU,4 - Fourth Floor,235.8029101530087,359.46253876920446,13.31,236.49160100169524,361.38685988338193,14.690000000000001
3ktY1kg3rAwgNBX_XWRV1_,IfcWindow,BALANS Fixed Single Window:BALANS 10M PRIVATE:940786,0JBeWf23HFRgZonzHC5nNU,4 - Fourth Floor,241.88706135020948,349.7727977880595,13.31,242.2817511762668,350.74131158360103,14.690000000000001
3ktY1kg3rAwgNBX_XWRV1$,IfcWindow,BALANS Fixed Single Window:BALANS 10M PRIVATE:940787,0JBeWf23HFRgZonzHC5nNU,4 - Fourth Floor,250.72092619960455,366.4883567149081,13.31,251.11563677802548,367.45686634103237,14.690000000000001
3ktY1kg3rAwgNBX_XWRV1u,IfcWindow,BALANS Fixed Single Window:BALANS 10M BATHROOM:940788,0JBeWf23HFRgZonzHC5nNU,4 - Fourth Floor,251.432039363221,363.7647820372133,14.11,251.82674994164196,364.7332916633376,14.69
3ktY1kg3rAwgNBX_XWRV1v,IfcWindow,BALANS Fixed Single Window:BALANS 30M FLOOR (SH = 0):940789,0JBeWf23HFRgZonzHC5nNU,4 - Fourth Floor,244.7229064226511,380.9070887645153,12.51,247.60303902488184,381.88975988346755,14.69
3ktY1kg3rAwgNBX_XWRV1w,IfcWindow,BALANS Fixed Single Window:BALANS 15M FLOOR (SH = 0):940790,0JBeWf23HFRgZonzHC5nNU,4 - Fourth Floor,250.42989451613403,321.41382814739535,12.51,250.97156348622792,322.8602510673719,14.69
3ktY1kg3rAwgNBX_XWRV1x,IfcWindow,BALANS Fixed Single Window:BALANS 10M PRIVATE:940791,0JBeWf23HFRgZonzHC5nNU,4 - Fourth Floor,237.881089832765,378.80274170932387,13.31,238.8495994588893,379.19745228774474,14.690000000000001
3ktY1kg3rAwgNBX_XWRV1q,IfcWindow,BALANS Fixed Single Window:BALANS 15M PRIVATE:940792,0JBeWf23HFRgZonzHC5nNU,4 - Fourth Floor,244.2920747528511,341.4748822467657,13.31,244.83374372294506,342.92130516674223,14.690000000000001
3ktY1kg3rAwgNBX_XWRV1r,IfcWindow,BALANS Fixed Single Window:BALANS 10M FLOOR (SH = 0):940793,0JBeWf23HFRgZonzHC5nNU,4 - Fourth Floor,240.26843805598816,350.48881938845744,12.51,241.23695185152968,350.88350921451473,14.69
3ktY1kg3rAwgNBX_XWRV7b,IfcWindow,BALANS Fixed Single Window:BALANS 20M PRIVATE:940905,0JBeWf23HFRgZonzHC5nHq,5 - Fifth Floor,253.8691982160082,355.0801408280443,16.310000000000002,254.5578890646949,357.0044619422217,17.69
3ktY1kg3rAwgNBX_XWRV7c,IfcWindow,BALANS Fixed Single Window:BALANS 20M PRIVATE:940906,0JBeWf23HFRgZonzHC5nHq,5 - Fifth Floor,252.1003353388643,361.0477030949726,16.310000000000002,252.78902618755097,362.97202420915005,17.69
3ktY1kg3rAwgNBX_XWRV7d,IfcWindow,BALANS Fixed Single Window:BALANS 10M PRIVATE:940907,0JBeWf23HFRgZonzHC5nHq,5 - Fifth Floor,252.82500025410832,359.4309298323893,16.310000000000002,253.21971083252927,360.39943945851354,17.69
3ktY1kg3rAwgNBX_XWRV7W,IfcWindow,BALANS Fixed Single Window:BALANS 15M PRIVATE:940908,0JBeWf23HFRgZonzHC5nHq,5 - Fifth Floor,255.7995512332812,349.4984308060097,16.310000000000002,256.341251946835,350.9448461761606,17.69
3ktY1kg3rAwgNBX_XWRV7X,IfcWindow,BALANS Fixed Single Window:BALANS 15M PRIVATE:940909,0JBeWf23HFRgZonzHC5nHq,5 - Fifth Floor,256.91084203551924,345.88531583612826,16.310000000000002,257.452542749073,347.33173120627913,17.69
3ktY1kg3rAwgNBX_XWRV7Y,IfcWindow,BALANS Fixed Single Window:BALANS 20M PRIVATE:940910,0JBeWf23HFRgZonzHC5nHq,5 - Fifth Floor,257.73398679226335,342.7311379255527,16.310000000000002,258.42267764095004,344.65545903973015,17.69
3ktY1kg3rAwgNBX_XWRV7Z,IfcWindow,BALANS Fixed Single Window:BALANS 15M PRIVATE:940911,0JBeWf23HFRgZonzHC5nHq,5 - Fifth Floor,258.7709079582061,339.83772503749,16.310000000000002,259.3126086717599,341.28414040764085,17.69
3ktY1kg3rAwgNBX_XWRV7y,IfcWindow,BALANS Fixed Single Window:BALANS 10M PRIVATE:940912,0JBeWf23HFRgZonzHC5nHq,5 - Fifth Floor,259.5117382392758,337.9069858316225,16.310000000000002,259.90644881769674,338.87549545774675,17.69
3ktY1kg3rAwgNBX_XWRV7z,IfcWindow,BALANS Fixed Single Window:BALANS 15M PRIVATE:940913,0JBeWf23HFRgZonzHC5nHq,5 - Fifth Floor,260.53829525523133,334.09145818492584,16.310000000000002,261.0799959687851,335.5378735550767,17.69
3ktY1kg3rAwgNBX_XWRV7_,IfcWindow,BALANS Fixed Single Window:BALANS TRAPPHUS:940914,0JBeWf23HFRgZonzHC5nHq,5 - Fifth Floor,261.42637898680124,330.24823989157807,15.51,262.2620599706208,332.65046674978214,18.490000000000002
3ktY1kg3rAwgNBX_XWRV7$,IfcWindow,BALANS Fixed Single Window:BALANS 15M PRIVATE:940915,0JBeWf23HFRgZonzHC5nHq,5 - Fifth Floor,263.1020665273161,325.75592589772793,16.310000000000002,263.64376724086986,327.2023412678788,17.69
3ktY1kg3rAwgNBX_XWRV7u,IfcWindow,BALANS Fixed Single Window:BALANS 10M PRIVATE:940916,0JBeWf23HFRgZonzHC5nHq,5 - Fifth Floor,250.26910314012022,367.9573589388739,16.310000000000002,250.66381371854115,368.92586856499815,17.69
3ktY1kg3rAwgNBX_XWRV7v,IfcWindow,BALANS Fixed Single Window:BALANS TRAPPHUS:940917,0JBeWf23HFRgZonzHC5nHq,5 - Fifth Floor,249.24017224853458,369.8689817382913,15.51,250.07585323235412,372.2712085964954,18.490000000000002
3ktY1kg3rAwgNBX_XWRV7w,IfcWindow,BALANS Fixed Single Window:BALANS 20M PRIVATE:940918,0JBeWf23HFRgZonzHC5nHq,5 - Fifth Floor,250.54407158243842,374.2841917788429,16.310000000000002,251.23276243112494,376.20851289302044,17.69
3ktY1kg3rAwgNBX_XWRV7x,IfcWindow,BALANS Fixed Single Window:BALANS 20M FLOOR (SH = 0):940919,0JBeWf23HFRgZonzHC5nHq,5 - Fifth Floor,249.10968552168515,379.01928262264903,15.51,249.7983763703717,380.94360373682656,17.69
3ktY1kg3rAwgNBX_XWRV7q,IfcWindow,BALANS Fixed Single Window:BALANS TRAPPHUS:940920,0JBeWf23HFRgZonzHC5nHq,5 - Fifth Floor,254.81638481544095,351.73916633789867,15.51,255.6520657992605,354.14139319610274,18.490000000000002
3ktY1kg3rAwgNBX_XWRV7r,IfcWindow,BALANS Fixed Single Window:BALANS 15M PRIVATE:940921,0JBeWf23HFRgZonzHC5nHq,5 - Fifth Floor,262.4555815335105,327.75417156716276,16.310000000000002,262.99728224706433,329.20058693731363,17.69
3ktY1kg3rAwgNBX_XWRV7s,IfcWindow,BALANS Fixed Single Window:BALANS 15M PRIVATE:940922,0JBeWf23HFRgZonzHC5nHq,5 - Fifth Floor,243.64533929459088,343.5777709159307,16.310000000000002,244.18700826468483,345.0241938359073,17.69
3ktY1kg3rAwgNBX_XWRV7t,IfcWindow,BALANS Fixed Single Window:BALANS 15M FLOOR (SH = 0):940923,0JBeWf23HFRgZonzHC5nHq,5 - Fifth Floor,238.49448373500545,351.18939142967537,15.51,239.03618444855917,352.63580679982624,17.69
3ktY1kg3rAwgNBX_XWRV7m,IfcWindow,BALANS Fixed Single Window:BALANS 15M PRIVATE:940924,0JBeWf23HFRgZonzHC5nHq,5 - Fifth Floor,242.608798908304,347.0609771590129,16.310000000000002,243.150467878398,348.50740007898946,17.69
3ktY1kg3rAwgNBX_XWRV7n,IfcWindow,BALANS Fixed Single Window:BALANS 20M PRIVATE:940925,0JBeWf23HFRgZonzHC5nHq,5 - Fifth Floor,246.10514223453973,335.21455457154553,16.310000000000002,246.79379034867034,337.1388866159571,17.69
3ktY1kg3rAwgNBX_XWRV7o,IfcWindow,BALANS Fixed Single Window:BALANS 10M BATHROOM:940926,0JBeWf23HFRgZonzHC5nHq,5 - Fifth Floor,248.50942130422095,328.5478191397176,17.110000000000003,248.90411113027827,329.51633293525913,17.69
3ktY1kg3rAwgNBX_XWRV7p,IfcWindow,BALANS Fixed Single Window:BALANS 10M PRIVATE:940927,0JBeWf23HFRgZonzHC5nHq,5 - Fifth Floor,247.89771188472102,330.12524000597654,16.310000000000002,248.29240171077828,331.09375380151806,17.69
3ktY1kg3rAwgNBX_XWRV4C,IfcWindow,BALANS Fixed Single Window:BALANS 15M PRIVATE:940928,0JBeWf23HFRgZonzHC5nHq,5 - Fifth Floor,249.07680446627663,326.04058703595945,16.310000000000002,249.61847343637058,327.487009955936,17.69
3ktY1kg3rAwgNBX_XWRV4D,IfcWindow,BALANS Fixed Single Window:BALANS 20M PRIVATE:940929,0JBeWf23HFRgZonzHC5nHq,5 - Fifth Floor,231.46081519298357,373.5798951525403,16.310000000000002,232.14950604167012,375.5042162667178,17.69
3ktY1kg3rAwgNBX_XWRV4E,IfcWindow,BALANS Fixed Single Window:BALANS 15M PRIVATE:940930,0JBeWf23HFRgZonzHC5nHq,5 - Fifth Floor,236.8632781321669,356.4928937809073,16.310000000000002,237.40497884572062,357.9393091510582,17.69
3ktY1kg3rAwgNBX_XWRV4F,IfcWindow,BALANS Fixed Single Window:BALANS 10M PRIVATE:940931,0JBeWf23HFRgZonzHC5nHq,5 - Fifth Floor,237.61842252961367,354.51561540810064,16.310000000000002,238.01313310803457,355.4841250342249,17.69
3ktY1kg3rAwgNBX_XWRV48,IfcWindow,BALANS Fixed Single Window:BALANS 10M PRIVATE:940932,0JBeWf23HFRgZonzHC5nHq,5 - Fifth Floor,245.07985574038858,339.3912869858797,16.310000000000002,245.4745455664459,340.3598007814212,17.69
3ktY1kg3rAwgNBX_XWRV49,IfcWindow,BALANS Fixed Single Window:BALANS 30M FLOOR (SH = 0):940933,0JBeWf23HFRgZonzHC5nHq,5 - Fifth Floor,252.02198466453194,320.6938657947506,15.51,254.90211726676267,321.6765369137028,17.69
3ktY1kg3rAwgNBX_XWRV4A,IfcWindow,BALANS Fixed Single Window:BALANS 30M FLOOR (SH = 0):940934,0JBeWf23HFRgZonzHC5nHq,5 - Fifth Floor,255.5584871703289,321.7815927947337,15.51,258.43861977255966,322.7642639136859,17.69
3ktY1kg3rAwgNBX_XWRV4B,IfcWindow,BALANS Fixed Single Window:BALANS 10M PRIVATE:940935,0JBeWf23HFRgZonzHC5nHq,5 - Fifth Floor,260.8626343451752,323.38111493599683,16.310000000000002,261.83114397129947,323.7758255144177,17.69
3ktY1kg3rAwgNBX_XWRV44,IfcWindow,BALANS Fixed Single Window:BALANS 10M BATHROOM:940936,0JBeWf23HFRgZonzHC5nHq,5 - Fifth Floor,234.8204620670415,377.8613801657597,17.110000000000003,235.78897169316576,378.2560907441806,17.69
3ktY1kg3rAwgNBX_XWRV45,IfcWindow,BALANS Fixed Single Window:BALANS 25M FLOOR (SH = 0):940937,0JBeWf23HFRgZonzHC5nHq,5 - Fifth Floor,241.19393102778162,379.8216768885211,15.51,243.59615788598572,380.65735787234047,17.69
3ktY1kg3rAwgNBX_XWRV46,IfcWindow,BALANS Fixed Single Window:BALANS 10M PRIVATE:940938,0JBeWf23HFRgZonzHC5nHq,5 - Fifth Floor,232.68073826777945,370.5693979887329,16.310000000000002,233.07544884620032,371.53790761485715,17.69
3ktY1kg3rAwgNBX_XWRV47,IfcWindow,BALANS Fixed Single Window:BALANS 15M PRIVATE:940939,0JBeWf23HFRgZonzHC5nHq,5 - Fifth Floor,233.38350079238816,367.8066161413296,16.310000000000002,233.92520150594189,369.25303151148046,17.69
3ktY1kg3rAwgNBX_XWRV40,IfcWindow,BALANS Fixed Single Window:BALANS 10M PRIVATE:940940,0JBeWf23HFRgZonzHC5nHq,5 - Fifth Floor,234.0067389653514,366.2582015306833,16.310000000000002,234.40144954377226,367.2267111568076,17.69
3ktY1kg3rAwgNBX_XWRV41,IfcWindow,BALANS Fixed Single Window:BALANS 15M PRIVATE:940941,0JBeWf23HFRgZonzHC5nHq,5 - Fifth Floor,234.91506195501935,362.82708553345554,16.310000000000002,235.45676266857308,364.2735009036064,17.69
3ktY1kg3rAwgNBX_XWRV42,IfcWindow,BALANS Fixed Single Window:BALANS 20M PRIVATE:940942,0JBeWf23HFRgZonzHC5nHq,5 - Fifth Floor,235.8028823712217,359.4626290955082,16.310000000000002,236.49157321990825,361.38695020968566,17.69
3ktY1kg3rAwgNBX_XWRV43,IfcWindow,BALANS Fixed Single Window:BALANS 10M PRIVATE:940943,0JBeWf23HFRgZonzHC5nHq,5 - Fifth Floor,241.88703412571047,349.7728863097104,16.310000000000002,242.2817239517678,350.7414001052519,17.69
3ktY1kg3rAwgNBX_XWRV4S,IfcWindow,BALANS Fixed Single Window:BALANS 10M PRIVATE:940944,0JBeWf23HFRgZonzHC5nHq,5 - Fifth Floor,250.72089841781752,366.4884470412119,16.310000000000002,251.11560899623845,367.45695666733616,17.69
3ktY1kg3rAwgNBX_XWRV4T,IfcWindow,BALANS Fixed Single Window:BALANS 10M BATHROOM:940945,0JBeWf23HFRgZonzHC5nHq,5 - Fifth Floor,251.43201158143398,363.76487236351704,17.110000000000003,251.82672215985494,364.7333819896413,17.69
3ktY1kg3rAwgNBX_XWRV4U,IfcWindow,BALANS Fixed Single Window:BALANS 30M FLOOR (SH = 0):940946,0JBeWf23HFRgZonzHC5nHq,5 - Fifth Floor,244.6444104996537,380.8829456641802,15.51,247.52454310188443,381.86561678313245,17.69
3ktY1kg3rAwgNBX_XWRV4V,IfcWindow,BALANS Fixed Single Window:BALANS 15M FLOOR (SH = 0):940947,0JBeWf23HFRgZonzHC5nHq,5 - Fifth Floor,250.42986729163502,321.4139166690463,15.51,250.97153626172891,322.86033958902283,17.69
3ktY1kg3rAwgNBX_XWRV4O,IfcWindow,BALANS Fixed Single Window:BALANS 10M PRIVATE:940948,0JBeWf23HFRgZonzHC5nHq,5 - Fifth Floor,237.80259390976764,378.7785986089887,16.310000000000002,238.7711035358919,379.1733091874096,17.69
3ktY1kg3rAwgNBX_XWRV4P,IfcWindow,BALANS Fixed Single Window:BALANS 15M PRIVATE:940949,0JBeWf23HFRgZonzHC5nHq,5 - Fifth Floor,244.29204752835213,341.47497076841654,16.310000000000002,244.83371649844608,342.9213936883931,17.69
3ktY1kg3rAwgNBX_XWRV4Q,IfcWindow,BALANS Fixed Single Window:BALANS 10M FLOOR (SH = 0):940950,0JBeWf23HFRgZonzHC5nHq,5 - Fifth Floor,240.1899415757027,350.46467809277516,15.51,241.15845537124423,350.85936791883245,17.69
3ktY1kg3rAwgNBX_XWRS7V,IfcWindow,BALANS Fixed Single Window:BALANS 20M PRIVATE:944979,0JBeWf23HFRgZonzHC5mgM,2 - Second Floor,253.8692026404157,355.080126443067,7.3100000000000005,254.5578934891024,357.0044475572444,8.690000000000001
3ktY1kg3rAwgNBX_XWRS7O,IfcWindow,BALANS Fixed Single Window:BALANS 20M PRIVATE:944980,0JBeWf23HFRgZonzHC5mgM,2 - Second Floor,252.10033976327188,361.0476887099951,7.3100000000000005,252.78903061195854,362.9720098241726,8.690000000000001
3ktY1kg3rAwgNBX_XWRS7P,IfcWindow,BALANS Fixed Single Window:BALANS 10M PRIVATE:944981,0JBeWf23HFRgZonzHC5mgM,2 - Second Floor,252.82500467851582,359.43091544741196,7.3100000000000005,253.21971525693678,360.3994250735362,8.690000000000001
3ktY1kg3rAwgNBX_XWRS7Q,IfcWindow,BALANS Fixed Single Window:BALANS 15M PRIVATE:944982,0JBeWf23HFRgZonzHC5mgM,2 - Second Floor,255.7995556576887,349.4984164210323,7.3100000000000005,256.3412563712425,350.94483179118316,8.690000000000001
3ktY1kg3rAwgNBX_XWRS7R,IfcWindow,BALANS Fixed Single Window:BALANS 15M PRIVATE:944983,0JBeWf23HFRgZonzHC5mgM,2 - Second Floor,256.91084645992674,345.8853014511509,7.3100000000000005,257.4525471734805,347.33171682130177,8.690000000000001
3ktY1kg3rAwgNBX_XWRS7K,IfcWindow,BALANS Fixed Single Window:BALANS 20M PRIVATE:944984,0JBeWf23HFRgZonzHC5mgM,2 - Second Floor,257.73399121667086,342.73112354057537,7.3100000000000005,258.42268206535755,344.65544465475284,8.690000000000001
3ktY1kg3rAwgNBX_XWRS7L,IfcWindow,BALANS Fixed Single Window:BALANS 15M PRIVATE:944985,0JBeWf23HFRgZonzHC5mgM,2 - Second Floor,258.77091238261363,339.8377106525126,7.3100000000000005,259.3126130961674,341.2841260226635,8.690000000000001
3ktY1kg3rAwgNBX_XWRS7M,IfcWindow,BALANS Fixed Single Window:BALANS 10M PRIVATE:944986,0JBeWf23HFRgZonzHC5mgM,2 - Second Floor,259.5117426636833,337.90697144664506,7.3100000000000005,259.90645324210425,338.87548107276933,8.690000000000001
3ktY1kg3rAwgNBX_XWRS7N,IfcWindow,BALANS Fixed Single Window:BALANS 15M PRIVATE:944987,0JBeWf23HFRgZonzHC5mgM,2 - Second Floor,260.5382996796389,334.0914437999483,7.3100000000000005,261.0800003931927,335.5378591700992,8.690000000000001
3ktY1kg3rAwgNBX_XWRS7G,IfcWindow,BALANS Fixed Single Window:BALANS TRAPPHUS:944988,0JBeWf23HFRgZonzHC5mgM,2 - Second Floor,261.42638341120875,330.24822550660076,6.51,262.2620643950283,332.65045236480483,9.49
3ktY1kg3rAwgNBX_XWRS7H,IfcWindow,BALANS Fixed Single Window:BALANS 15M PRIVATE:944989,0JBeWf23HFRgZonzHC5mgM,2 - Second Floor,263.1020709517236,325.75591151275063,7.3100000000000005,263.64377166527737,327.2023268829015,8.690000000000001
3ktY1kg3rAwgNBX_XWRS7I,IfcWindow,BALANS Fixed Single Window:BALANS 10M PRIVATE:944990,0JBeWf23HFRgZonzHC5mgM,2 - Second Floor,250.26910756452773,367.9573445538966,7.3100000000000005,250.66381814294866,368.92585418002085,8.690000000000001
3ktY1kg3rAwgNBX_XWRS7J,IfcWindow,BALANS Fixed Single Window:BALANS TRAPPHUS:944991,0JBeWf23HFRgZonzHC5mgM,2 - Second Floor,249.24017667294208,369.8689673533139,6.51,250.07585765676163,372.271194211518,9.49
3ktY1kg3rAwgNBX_XWRS7i,IfcWindow,BALANS Fixed Single Window:BALANS 20M PRIVATE:944992,0JBeWf23HFRgZonzHC5mgM,2 - Second Floor,250.54407600684593,374.28417739386555,7.3100000000000005,251.23276685553245,376.2084985080431,8.690000000000001
3ktY1kg3rAwgNBX_XWRS7j,IfcWindow,BALANS Fixed Single Window:BALANS 20M FLOOR (SH = 0):944993,0JBeWf23HFRgZonzHC5mgM,2 - Second Floor,249.10968994609266,379.0192682376717,6.51,249.7983807947792,380.94358935184925,8.69
3ktY1kg3rAwgNBX_XWRS7k,IfcWindow,BALANS Fixed Single Window:BALANS TRAPPHUS:944994,0JBeWf23HFRgZonzHC5mgM,2 - Second Floor,254.81638923984846,351.7391519529213,6.51,255.652070223668,354.1413788111254,9.49
3ktY1kg3rAwgNBX_XWRS7l,IfcWindow,BALANS Fixed Single Window:BALANS 15M PRIVATE:944995,0JBeWf23HFRgZonzHC5mgM,2 - Second Floor,262.45558595791806,327.75415718218534,7.3100000000000005,262.9972866714719,329.2005725523362,8.690000000000001
3ktY1kg3rAwgNBX_XWRS7e,IfcWindow,BALANS Fixed Single Window:BALANS 15M PRIVATE:944996,0JBeWf23HFRgZonzHC5mgM,2 - Second Floor,243.6453436302471,343.5777568183546,7.3100000000000005,244.18701260034106,345.02417973833116,8.690000000000001
3ktY1kg3rAwgNBX_XWRS7f,IfcWindow,BALANS Fixed Single Window:BALANS 15M FLOOR (SH = 0):944997,0JBeWf23HFRgZonzHC5mgM,2 - Second Floor,238.49448815941295,351.18937704469806,6.51,239.03618887296668,352.63579241484894,8.69
3ktY1kg3rAwgNBX_XWRS7g,IfcWindow,BALANS Fixed Single Window:BALANS 15M PRIVATE:944998,0JBeWf23HFRgZonzHC5mgM,2 - Second Floor,242.60880324396024,347.0609630614368,7.3100000000000005,243.15047221405422,348.50738598141334,8.690000000000001
3ktY1kg3rAwgNBX_XWRS7h,IfcWindow,BALANS Fixed Single Window:BALANS 20M PRIVATE:944999,0JBeWf23HFRgZonzHC5mgM,2 - Second Floor,246.10514657019596,335.2145404739694,7.3100000000000005,246.79379468432657,337.138872518381,8.690000000000001
3ktY1kg3rAwgNBX_XWRS7a,IfcWindow,BALANS Fixed Single Window:BALANS 10M BATHROOM:945000,0JBeWf23HFRgZonzHC5mgM,2 - Second Floor,248.50942563987712,328.5478050421416,8.110000000000001,248.90411546593444,329.5163188376831,8.690000000000001
3ktY1kg3rAwgNBX_XWRS7b,IfcWindow,BALANS Fixed Single Window:BALANS 10M PRIVATE:945001,0JBeWf23HFRgZonzHC5mgM,2 - Second Floor,247.89771622037725,330.1252259084004,7.3100000000000005,248.2924060464345,331.09373970394194,8.690000000000001
3ktY1kg3rAwgNBX_XWRS7c,IfcWindow,BALANS Fixed Single Window:BALANS 15M PRIVATE:945002,0JBeWf23HFRgZonzHC5mgM,2 - Second Floor,249.07680880193286,326.0405729383833,7.3100000000000005,249.6184777720268,327.4869958583599,8.690000000000001
3ktY1kg3rAwgNBX_XWRS7d,IfcWindow,BALANS Fixed Single Window:BALANS 20M PRIVATE:945003,0JBeWf23HFRgZonzHC5mgM,2 - Second Floor,231.46081961739108,373.57988076756294,7.3100000000000005,232.14951046607763,375.5042018817404,8.690000000000001
3ktY1kg3rAwgNBX_XWRS7W,IfcWindow,BALANS Fixed Single Window:BALANS 15M PRIVATE:945004,0JBeWf23HFRgZonzHC5mgM,2 - Second Floor,236.8632825565744,356.49287939593,7.3100000000000005,237.40498327012813,357.9392947660809,8.690000000000001
3ktY1kg3rAwgNBX_XWRS7X,IfcWindow,BALANS Fixed Single Window:BALANS 10M PRIVATE:945005,0JBeWf23HFRgZonzHC5mgM,2 - Second Floor,237.6184269540212,354.5156010231233,7.3100000000000005,238.0131375324421,355.48411064924755,8.690000000000001
3ktY1kg3rAwgNBX_XWRS7Y,IfcWindow,BALANS Fixed Single Window:BALANS 10M PRIVATE:945006,0JBeWf23HFRgZonzHC5mgM,2 - Second Floor,245.0798600760448,339.3912728883036,7.3100000000000005,245.47454990210213,340.35978668384513,8.690000000000001
3ktY1kg3rAwgNBX_XWRS7Z,IfcWindow,BALANS Fixed Single Window:BALANS 30M FLOOR (SH = 0):945007,0JBeWf23HFRgZonzHC5mgM,2 - Second Floor,252.03448558652738,320.6977107207352,6.51,254.9146181887581,321.6803818396874,8.69
3ktY1kg3rAwgNBX_XWRS7y,IfcWindow,BALANS Fixed Single Window:BALANS 30M FLOOR (SH = 0):945008,0JBeWf23HFRgZonzHC5mgM,2 - Second Floor,255.57098809232434,321.7854377207183,6.51,258.4511206945551,322.7681088396705,8.69
3ktY1kg3rAwgNBX_XWRS7z,IfcWindow,BALANS Fixed Single Window:BALANS 10M PRIVATE:945009,0JBeWf23HFRgZonzHC5mgM,2 - Second Floor,260.87513526717066,323.38495986198143,7.3100000000000005,261.84364489329494,323.7796704404023,8.690000000000001
3ktY1kg3rAwgNBX_XWRS7_,IfcWindow,BALANS Fixed Single Window:BALANS 10M BATHROOM:945010,0JBeWf23HFRgZonzHC5mgM,2 - Second Floor,234.83296298903693,377.8652250917443,8.110000000000001,235.8014726151612,378.2599356701652,8.690000000000001
3ktY1kg3rAwgNBX_XWRS7$,IfcWindow,BALANS Fixed Single Window:BALANS 25M FLOOR (SH = 0):945011,0JBeWf23HFRgZonzHC5mgM,2 - Second Floor,241.20643194977708,379.8255218145057,6.51,243.6086588079812,380.66120279832506,8.69
3ktY1kg3rAwgNBX_XWRS7u,IfcWindow,BALANS Fixed Single Window:BALANS 10M PRIVATE:945012,0JBeWf23HFRgZonzHC5mgM,2 - Second Floor,232.68074269218695,370.56938360375557,7.3100000000000005,233.07545327060782,371.53789322987984,8.690000000000001
3ktY1kg3rAwgNBX_XWRS7v,IfcWindow,BALANS Fixed Single Window:BALANS 15M PRIVATE:945013,0JBeWf23HFRgZonzHC5mgM,2 - Second Floor,233.3835052167957,367.8066017563521,7.3100000000000005,233.92520593034942,369.253017126503,8.690000000000001
3ktY1kg3rAwgNBX_XWRS7w,IfcWindow,BALANS Fixed Single Window:BALANS 10M PRIVATE:945014,0JBeWf23HFRgZonzHC5mgM,2 - Second Floor,234.0067433897589,366.258187145706,7.3100000000000005,234.40145396817977,367.2266967718303,8.690000000000001
3ktY1kg3rAwgNBX_XWRS7x,IfcWindow,BALANS Fixed Single Window:BALANS 15M PRIVATE:945015,0JBeWf23HFRgZonzHC5mgM,2 - Second Floor,234.91506637942686,362.8270711484782,7.3100000000000005,235.45676709298058,364.27348651862906,8.690000000000001
3ktY1kg3rAwgNBX_XWRS7q,IfcWindow,BALANS Fixed Single Window:BALANS 20M PRIVATE:945016,0JBeWf23HFRgZonzHC5mgM,2 - Second Floor,235.80288679562923,359.4626147105308,7.3100000000000005,236.49157764431578,361.38693582470825,8.690000000000001
3ktY1kg3rAwgNBX_XWRS7r,IfcWindow,BALANS Fixed Single Window:BALANS 10M PRIVATE:945017,0JBeWf23HFRgZonzHC5mgM,2 - Second Floor,241.8870384613667,349.77287221213436,7.3100000000000005,242.28172828742402,350.7413860076759,8.690000000000001
3ktY1kg3rAwgNBX_XWRS7s,IfcWindow,BALANS Fixed Single Window:BALANS 10M PRIVATE:945018,0JBeWf23HFRgZonzHC5mgM,2 - Second Floor,250.72090284222506,366.48843265623447,7.3100000000000005,251.11561342064599,367.45694228235874,8.690000000000001
3ktY1kg3rAwgNBX_XWRS7t,IfcWindow,BALANS Fixed Single Window:BALANS 10M BATHROOM:945019,0JBeWf23HFRgZonzHC5mgM,2 - Second Floor,251.43201600584152,363.7648579785397,8.110000000000001,251.82672658426247,364.73336760466395,8.690000000000001
3ktY1kg3rAwgNBX_XWRS7m,IfcWindow,BALANS Fixed Single Window:BALANS 30M FLOOR (SH = 0):945020,0JBeWf23HFRgZonzHC5mgM,2 - Second Floor,244.65691142164917,380.8867905901648,6.51,247.5370440238799,381.86946170911705,8.69
3ktY1kg3rAwgNBX_XWRS7n,IfcWindow,BALANS Fixed Single Window:BALANS 15M FLOOR (SH = 0):945021,0JBeWf23HFRgZonzHC5mgM,2 - Second Floor,250.42987162729125,321.41390257147015,6.51,250.97154059738514,322.8603254914467,8.69
3ktY1kg3rAwgNBX_XWRS7o,IfcWindow,BALANS Fixed Single Window:BALANS 10M PRIVATE:945022,0JBeWf23HFRgZonzHC5mgM,2 - Second Floor,237.81509483176308,378.7824435349733,7.3100000000000005,238.78360445788735,379.1771541133942,8.690000000000001
3ktY1kg3rAwgNBX_XWRS7p,IfcWindow,BALANS Fixed Single Window:BALANS 15M PRIVATE:945023,0JBeWf23HFRgZonzHC5mgM,2 - Second Floor,244.29205186400836,341.4749566708404,7.3100000000000005,244.8337208341023,342.92137959081697,8.690000000000001
3ktY1kg3rAwgNBX_XWRS4C,IfcWindow,BALANS Fixed Single Window:BALANS 10M FLOOR (SH = 0):945024,0JBeWf23HFRgZonzHC5mgM,2 - Second Floor,240.20244258644945,350.4685227313585,6.51,241.17095638199098,350.8632125574158,8.69
0Um_J2ClP45uPRcRbJqhxe,IfcWindow,BALANS Fixed Single Window:BALANS TRAPPHUS TOP:959331,0JBeWf23HFRgZonzHC5nGM,6 - Sixth Floor,248.8402064978358,369.7449721779054,18.51,249.6758874816551,372.14719903610955,20.29
0Um_J2ClP45uPRcRbJqhbu,IfcWindow,BALANS Fixed Single Window:BALANS 10M BATHROOM:959731,0JBeWf23HFRgZonzHC5nGM,6 - Sixth Floor,249.9860483325002,367.864787768094,19.71,250.38075891092103,368.8332973942183,20.29
0Um_J2ClP45uPRcRbJqhis,IfcWindow,BALANS Fixed Single Window:BALANS 10M BATHROOM:960189,0JBeWf23HFRgZonzHC5nGM,6 - Sixth Floor,245.47337900018837,364.9328592667223,19.71,246.44188862631268,365.32756984514316,20.29
0SYs3s__10NgRHjGtRj2X7,IfcSlab,Floor:Generic 150mm:316303,0JBeWf23HFRgZonzHC4iHL,Level 1,184.1994931370251,280.9274949167555,19.349999999999998,209.89817864736088,305.3215850022585,19.5
0SYs3s__10NgRHjGtRj2W7,IfcSlab,Floor:Generic 150mm:316367,0JBeWf23HFRgZonzHC4iHL,Level 1,175.92816580598196,305.61718750806307,22.349999999999998,199.17242814013332,330.7732836459755,22.5
0SYs3s__10NgRHjGtRj2WI,IfcSlab,Floor:Generic 150mm:316378,0JBeWf23HFRgZonzHC4iHL,Level 1,162.17396323115582,332.0073132425436,28.349999999999998,187.04124052412666,359.7639788565472,28.5
0SYs3s__10NgRHjGtRj2ub,IfcSlab,Floor:Generic 150mm:316909,0JBeWf23HFRgZonzHC4iHL,Level 1,228.385312894738,266.7072012247369,30.849999999999998,256.2280129889009,292.8189579850007,31.0
0SYs3s__10NgRHjGtRj2u$,IfcSlab,Floor:Generic 150mm:316919,0JBeWf23HFRgZonzHC4iHL,Level 1,259.82793931759085,275.97422984055663,32.35,279.89164117300703,297.9331738791466,32.5
0SYs3s__10NgRHjGtRj2t6,IfcSlab,Floor:Generic 150mm:316942,0JBeWf23HFRgZonzHC4iHL,Level 1,250.76525578816648,273.59475023831993,17.849999999999998,263.62552271057183,293.20421986075434,18.0
0SYs3s__10NgRHjGtRj2sh,IfcSlab,Floor:Generic 150mm:317027,0JBeWf23HFRgZonzHC4iHL,Level 1,195.16656068812244,257.07595829433603,27.849999999999998,220.0243037313414,279.97285743298096,28.0
0o1QfH3m18FQ$FuQf8VgMN,IfcSlab,Floor:Generic 150mm:317052,0JBeWf23HFRgZonzHC4iHL,Level 1,181.66020952180386,252.1572350977078,24.849999999999998,203.24340822340585,274.0784450316836,25.0
0o1QfH3m18FQ$FuQf8VgL$,IfcSlab,Floor:Generic 150mm:317076,0JBeWf23HFRgZonzHC4iHL,Level 1,174.48965065486172,249.94851222301833,17.849999999999998,187.2812847107552,269.9401323050492,18.0
0o1QfH3m18FQ$FuQf8VgKi,IfcSlab,Floor:Generic 150mm:317127,0JBeWf23HFRgZonzHC4iHL,Level 1,168.68192832505696,247.61656695756736,36.85,180.11439624758546,266.71073174364017,37.0
0o1QfH3m18FQ$FuQf8VgK2,IfcSlab,Floor:Generic 150mm:317161,0JBeWf23HFRgZonzHC4iHL,Level 1,157.88680433578648,243.71476865899933,32.85,172.29780784576482,251.4743892729971,33.0
0o1QfH3m18FQ$FuQf8VgJg,IfcSlab,Floor:Generic 150mm:317185,0JBeWf23HFRgZonzHC4iHL,Level 1,154.02354477812324,247.5841378167011,46.35,172.5629402362628,264.55214437963906,46.5
0o1QfH3m18FQ$FuQf8VgJQ,IfcSlab,Floor:Generic 150mm:317233,0JBeWf23HFRgZonzHC4iHL,Level 1,150.6557299390076,260.9553248781716,29.349999999999998,170.70314036133968,287.2937458003503,29.5
0o1QfH3m18FQ$FuQf8VgGm,IfcSlab,Floor:Generic 150mm:317403,0JBeWf23HFRgZonzHC4iHL,Level 1,141.43277179680518,288.5763702197971,31.849999999999998,161.66867798770707,314.749242011765,32.0
0o1QfH3m18FQ$FuQf8Vgjk,IfcSlab,Floor:Generic 150mm:317573,0JBeWf23HFRgZonzHC4iHL,Level 1,135.38699690119046,310.21463516292846,28.849999999999998,155.61686047377,334.3686641217515,29.0
0o1QfH3m18FQ$FuQf8Vgh_,IfcSlab,Floor:Generic 150mm:317717,0JBeWf23HFRgZonzHC4iHL,Level 1,132.22891224341282,329.8603295484147,24.849999999999998,153.1880798374841,345.77000217373563,25.0
0o1QfH3m18FQ$FuQf8VgfQ,IfcSlab,Floor:Generic 150mm:317873,0JBeWf23HFRgZonzHC4iHL,Level 1,130.4693226353088,340.12249962046974,21.349999999999998,150.01809924696994,351.50958741304476,21.5
0o1QfH3m18FQ$FuQf8VgdV,IfcSlab,Floor:Generic 150mm:318004,0JBeWf23HFRgZonzHC4iHL,Level 1,156.5315104380982,295.0215015987388,17.849999999999998,173.6417608101659,314.5560970299003,18.0
1p5u6RKD9AXOYfaTdtdJeQ,IfcSlab,Floor:Generic 150mm:318052,0JBeWf23HFRgZonzHC4iHL,Level 1,215.88599378739522,287.1722614430257,24.349999999999998,238.3106262127648,313.5045420286623,24.5
1p5u6RKD9AXOYfaTdtdJeC,IfcSlab,Floor:Generic 150mm:318066,0JBeWf23HFRgZonzHC4iHL,Level 1,256.30312290985523,294.30624799207527,27.349999999999998,274.5731866956062,317.11795299992593,27.5
1p5u6RKD9AXOYfaTdtdJe3,IfcSlab,Floor:Generic 150mm:318077,0JBeWf23HFRgZonzHC4iHL,Level 1,203.67561764583172,319.10665456327615,17.849999999999998,227.0770123040083,338.67002693381585,18.0
1p5u6RKD9AXOYfaTdtdJhr,IfcSlab,Floor:Generic 150mm:318091,0JBeWf23HFRgZonzHC4iHL,Level 1,189.88786787715932,346.3455307121283,24.849999999999998,223.13098626847065,372.84369236996173,25.0
1p5u6RKD9AXOYfaTdtdJhh,IfcSlab,Floor:Generic 150mm:318101,0JBeWf23HFRgZonzHC4iHL,Level 1,290.2415247646817,286.5619366720975,27.849999999999998,345.3595395260961,331.1534062214173,28.0
1p5u6RKD9AXOYfaTdtdJh7,IfcSlab,Floor:Generic 150mm:318137,0JBeWf23HFRgZonzHC4iHL,Level 1,339.6050081531632,300.75554311522734,15.35,349.8845597181919,319.5085671516307,15.5
1p5u6RKD9AXOYfaTdtdJgh,IfcSlab,Floor:Generic 150mm:318165,0JBeWf23HFRgZonzHC4iHL,Level 1,346.6377969689501,303.3119086816333,43.35,366.0198013378047,322.27619373341173,43.5
1p5u6RKD9AXOYfaTdtdJgC,IfcSlab,Floor:Generic 150mm:318194,0JBeWf23HFRgZonzHC4iHL,Level 1,341.87232371237104,302.3897172090266,39.35,358.96633515345593,327.2468083133314,39.5
1p5u6RKD9AXOYfaTdtdJiq,IfcSlab,Floor:Generic 150mm:318282,0JBeWf23HFRgZonzHC4iHL,Level 1,330.94683880611205,320.5167235722544,27.849999999999998,354.14756013353013,350.0954130545612,28.0
1p5u6RKD9AXOYfaTdtdJi4,IfcSlab,Floor:Generic 150mm:318330,0JBeWf23HFRgZonzHC4iHL,Level 1,320.0319722438563,351.08368726819214,29.849999999999998,339.8284928849592,370.74740396312814,30.0
1p5u6RKD9AXOYfaTdtdJlw,IfcSlab,Floor:Generic 150mm:318340,0JBeWf23HFRgZonzHC4iHL,Level 1,303.8090017277797,382.0919749343171,32.85,325.9848760641167,404.31038485543326,33.0
1p5u6RKD9AXOYfaTdtdJla,IfcSlab,Floor:Generic 150mm:318362,0JBeWf23HFRgZonzHC4iHL,Level 1,311.93999068255584,364.773494070277,25.849999999999998,333.5113925829126,387.04625439818574,26.0
1p5u6RKD9AXOYfaTdtdJpe,IfcSlab,Floor:Generic 150mm:318614,0JBeWf23HFRgZonzHC4iHL,Level 1,268.0484285361055,375.61256235839886,21.349999999999998,297.8025324172435,395.649623677493,21.5
1p5u6RKD9AXOYfaTdtdJp6,IfcSlab,Floor:Generic 150mm:318648,0JBeWf23HFRgZonzHC4iHL,Level 1,269.97246451511165,340.83696605014916,36.85,297.8084531172034,386.60886841184964,37.0
1p5u6RKD9AXOYfaTdtdJom,IfcSlab,Floor:Generic 150mm:318670,0JBeWf23HFRgZonzHC4iHL,Level 1,282.6587404356251,332.04112216751287,20.849999999999998,311.9977397785058,357.71347617656266,21.0
0_mZcEaVzC7Pg5JA6xyJF6,IfcSlab,Basic Roof:Warm Roof - Concrete:788927,0JBeWf23HFRgZonzHC5nGM,6 - Sixth Floor,234.170502663725,321.117784027641,18.5,263.3575167952651,372.9487734697852,18.833
0t7TVxPGL1fBrLXU9rUqSH,IfcSlab,Floor:MockUp 300mm:923894,0JBeWf23HFRgZonzHC4iHL,Level 1,231.74568882651957,321.1177840276403,-0.3,263.357516795265,381.53917801882506,0.0
0Um_J2ClP45uPRcRjJqhme,IfcSlab,Basic Roof:Cold Roof - Concrete:958883,0JBeWf23HFRgZonzHC7iqs,7- ROOF,241.5817275537081,364.175006459017,21.7,251.17483328351392,373.13398104005273,21.994999999999997
2I1hX40SDEbAFJeZO_2_Pq,IfcSlab,Floor:MockuUp Terrace:962748,0JBeWf23HFRgZonzHC5nGM,6 - Sixth Floor,230.97501867076068,368.34295332913763,18.349999999999998,251.41768525756837,382.3283322104637,18.5
3NlCHdPGXFUvkKekQzm3CK,IfcSlab,Floor:Concrete-Domestic 425mm:982103,0JBeWf23HFRgZonzHC5mYt,-1 - Garage,230.9583200187795,320.3304109603768,-2.925,264.1448856030068,382.32654682656613,-2.5
3NlCHdPGXFUvkKekQzm3FC,IfcSlab,Floor:Concrete-Domestic 425mm:982159,0JBeWf23HFRgZonzHC5mk3,1 - First Floor,231.7081950737705,321.1177840276404,3.075,263.3861911399071,381.57667177157464,3.5
3NlCHdPGXFUvkKekQzm3FY,IfcSlab,Floor:Concrete-Domestic 425mm:982177,0JBeWf23HFRgZonzHC5mgM,2 - Second Floor,231.70819507377053,321.11778402764054,6.075,263.3861911399071,381.5766717715747,6.5
3NlCHdPGXFUvkKekQzm3Fi,IfcSlab,Floor:Concrete-Domestic 425mm:982191,0JBeWf23HFRgZonzHC5nK0,3 - Third Floor,231.7081950737705,321.1177840276404,9.075,263.3861911399071,381.57667177157464,9.5
3NlCHdPGXFUvkKekQzm3F_,IfcSlab,Floor:Concrete-Domestic 425mm:982205,0JBeWf23HFRgZonzHC5nNU,4 - Fourth Floor,231.7081950737705,321.1177840276404,12.075,263.3861911399071,381.57667177157464,12.5
3NlCHdPGXFUvkKekQzm3EP,IfcSlab,Floor:Concrete-Domestic 425mm:982234,0JBeWf23HFRgZonzHC5nHq,5 - Fifth Floor,231.70819507377053,321.11778402764054,15.075,263.3861911399071,381.5766717715747,15.5
0MOEoDTm9EnO9yKsXjjlgV,IfcStair,Assembled Stair:Stair:585292,0JBeWf23HFRgZonzHC5mYt,-1 - Garage,,,,,,
3GzoWuxxn4WO8bCtw8H3B6,IfcStair,Assembled Stair:Stair:696835,0JBeWf23HFRgZonzHC5mYt,-1 - Garage,,,,,,
3naw$9in55$v8L5CpxnK2i,IfcStair,Assembled Stair:Stair:712862,0JBeWf23HFRgZonzHC5mYt,-1 - Garage,,,,,,
0ikA9YOKrBaRArRnE24rkF,IfcStair,Assembled Stair:Stair:937135,0JBeWf23HFRgZonzHC5mk3,1 - First Floor,,,,,,
2jMg7KKh9BngwDP$rL2Wdy,IfcStair,Assembled Stair:Stair:937135:2,0JBeWf23HFRgZonzHC5mgM,2 - Second Floor,,,,,,
03V7Txha10JAsPO1eunWrl,IfcStair,Assembled Stair:Stair:937135:3,0JBeWf23HFRgZonzHC5nK0,3 - Third Floor,,,,,,
0vD9RialTD9QxDNUJU2vYx,IfcStair,Assembled Stair:Stair:937135:4,0JBeWf23HFRgZonzHC5nNU,4 - Fourth Floor,,,,,,
175SJZNMbBABiZ2bXgMZA3,IfcStair,Assembled Stair:Stair:937135:5,0JBeWf23HFRgZonzHC5nHq,5 - Fifth Floor,,,,,,
0ikA9YOKrBaRArRnE24qDK,IfcStair,Assembled Stair:Stair:939124,0JBeWf23HFRgZonzHC4iHL,Level 1,,,,,,
0MOEoDTm9EnO9yKsXjjlgU,IfcStairFlight,Assembled Stair:Stair:585292 Run 1,0JBeWf23HFRgZonzHC5mYt,-1 - Garage,251.70711809208873,350.76437306611217,-2.5,254.10054997481913,353.6603284070166,0.2878378378378392
3GzoWuxxn4WO8bCtw8H3B1,IfcStairFlight,Assembled Stair:Stair:696835 Run 1,0JBeWf23HFRgZonzHC5mYt,-1 - Garage,258.3461680342235,329.2141485945612,-2.5,260.72765227335293,332.1137786888445,0.2878378378378392
3naw$9in55$v8L5CpxnK2j,IfcStairFlight,Assembled Stair:Stair:712862 Run 1,0JBeWf23HFRgZonzHC5mYt,-1 - Garage,246.49441931833772,369.0181058515792,-2.5,248.88785120106812,371.9140611924836,0.2878378378378392
0ikA9YOKrBaRArRnE24qV3,IfcStairFlight,Assembled Stair:Stair:937135 Run 1,0JBeWf23HFRgZonzHC5mk3,1 - First Floor,246.49045934845049,368.99996353570117,3.5,249.30503843727962,372.08891218656623,6.449999999999996
0zwF8MQMz4WPTPxCtB$TUQ,IfcStairFlight,Assembled Stair:Stair:937135 Run 1:2,0JBeWf23HFRgZonzHC5mgM,2 - Second Floor,246.49045934845049,368.99996353570117,6.5,249.30503843727962,372.08891218656623,9.449999999999996
0vUwvmC$5DAhJ5h8TXdzM$,IfcStairFlight,Assembled Stair:Stair:937135 Run 1:3,0JBeWf23HFRgZonzHC5nK0,3 - Third Floor,246.49045934845049,368.99996353570117,9.5,249.30503843727962,372.08891218656623,12.449999999999996
0eY_JNYBL07QlN_H9INGtf,IfcStairFlight,Assembled Stair:Stair:937135 Run 1:4,0JBeWf23HFRgZonzHC5nNU,4 - Fourth Floor,246.49045934845049,368.99996353570117,12.5,249.30503843727962,372.08891218656623,15.449999999999996
1ZALKQvcX0ShuOf9ECPpog,IfcStairFlight,Assembled Stair:Stair:937135 Run 1:5,0JBeWf23HFRgZonzHC5nHq,5 - Fifth Floor,246.49045934845049,368.99996353570117,15.5,249.30503843727962,372.08891218656623,18.449999999999996
0ikA9YOKrBaRArRnE24qDL,IfcStairFlight,Assembled Stair:Stair:939124 Run 1,0JBeWf23HFRgZonzHC4iHL,Level 1,246.01371420769448,368.9246075957142,0.0,249.30503843727945,372.0889121865658,3.449999999999997
0MOEoDTm9EnO9yKsXjjlgE,IfcRailing,Railing:1100mm:585309,0JBeWf23HFRgZonzHC5mYt,-1 - Garage,251.998229400333,351.67201165516803,-2.310810810810812,252.91374772111922,352.4735261533175,1.437837837838138
3GzoWuxxn4WO8bCtw8H3BH,IfcRailing,Railing:1100mm:696852,0JBeWf23HFRgZonzHC5mYt,-1 - Garage,258.62533169886797,330.125461936995,-2.310810810810812,259.54085001965376,330.92697643514407,1.4378378378379586
3naw$9in55$v8L5CpxnK2T,IfcRailing,Railing:1100mm:712879,0JBeWf23HFRgZonzHC5mYt,-1 - Garage,246.785530626583,369.925744440634,-2.310810810810812,247.70104894736912,370.72725893878317,1.4378378378380483
1gdfXOIAf8ZBJUgAp$8e7h,IfcRailing,Railing:1100mm:919142,0JBeWf23HFRgZonzHC5mYt,-1 - Garage,248.1836655533506,345.52461189706156,-2.500000000000002,249.99443540754686,351.27171305801227,-0.9002185079534655
1gdfXOIAf8ZBJUgAp$8e7d,IfcRailing,Railing:1100mm:919146,0JBeWf23HFRgZonzHC5mYt,-1 - Garage,242.77867690032363,343.86232807544854,-2.5000000000000027,244.5894467545199,349.60942923639914,-0.9002185079534688
0ikA9YOKrBaRArRnE24qG2,IfcRailing,Railing:1100mm:938786,0JBeWf23HFRgZonzHC5mk3,1 - First Floor,246.50249854647302,369.000344931813,3.666666666666666,249.30453647166308,372.08841022094936,7.600000000000186
38cogzaoHFsA14BvyabQTI,IfcRailing,Railing:1100mm:938786,0JBeWf23HFRgZonzHC5mgM,2 - Second Floor,246.50249854647302,369.000344931813,6.666666666666666,249.30453647166308,372.08841022094936,10.600000000000186
0yDpK_s1HBLPtkRPdXq98I,IfcRailing,Railing:1100mm:938786,0JBeWf23HFRgZonzHC5nK0,3 - Third Floor,246.50249854647302,369.000344931813,9.666666666666666,249.30453647166308,372.08841022094936,13.600000000000186
2lAXUFk$H9Ox0zfgaenfdM,IfcRailing,Railing:1100mm:938786,0JBeWf23HFRgZonzHC5nNU,4 - Fourth Floor,246.50249854647302,369.000344931813,12.666666666666666,249.30453647166308,372.08841022094936,16.600000000000186
3Ru66Gtdr8je900XvjI$K5,IfcRailing,Railing:1100mm:938786,0JBeWf23HFRgZonzHC5nHq,5 - Fifth Floor,246.50249854647302,369.000344931813,15.666666666666666,249.30453647166308,372.08841022094936,19.600000000000186
0ikA9YOKrBaRArRnE24qG6,IfcRailing,Railing:1100mm:938790,0JBeWf23HFRgZonzHC5mk3,1 - First Floor,246.72896385574,370.023541032823,3.666666666666665,247.9578807382791,370.7417544875653,7.599999999999895
01KIiV8XP6ngaLp$2u62CV,IfcRailing,Railing:1100mm:938790,0JBeWf23HFRgZonzHC5mgM,2 - Second Floor,246.72896385574,370.023541032823,6.666666666666665,247.9578807382791,370.7417544875653,10.599999999999895
1J$rsPA_b6vv2Ufgcd5gAV,IfcRailing,Railing:1100mm:938790,0JBeWf23HFRgZonzHC5nK0,3 - Third Floor,246.72896385574,370.023541032823,9.666666666666664,247.9578807382791,370.7417544875653,13.599999999999895
0RX0qjgLr74ARybmQT42Gd,IfcRailing,Railing:1100mm:938790,0JBeWf23HFRgZonzHC5nNU,4 - Fourth Floor,246.72896385574,370.023541032823,12.666666666666664,247.9578807382791,370.7417544875653,16.599999999999895
3xIzzWNOf80wb5fUMgFFvY,IfcRailing,Railing:1100mm:938790,0JBeWf23HFRgZonzHC5nHq,5 - Fifth Floor,246.72896385574,370.023541032823,15.666666666666664,247.9578807382791,370.7417544875653,19.599999999999895
0ikA9YOKrBaRArRnE24qEW,IfcRailing,Railing:1100mm:939136,0JBeWf23HFRgZonzHC4iHL,Level 1,246.025753405717,368.924988991826,0.16666666666666602,249.30453647166323,372.0884102209494,4.600000000000087
0ikA9YOKrBaRArRnE24qEa,IfcRailing,Railing:1100mm:939140,0JBeWf23HFRgZonzHC4iHL,Level 1,246.34921303809202,369.948185092836,0.16666666666666602,247.95788073827896,370.7417544875652,4.599999999999956
0Um_J2ClP45uPRcRbJqfyP,IfcRailing,Railing:Glass Panel - Bottom Fill:950930,0JBeWf23HFRgZonzHC5nGM,6 - Sixth Floor,230.97057340735495,368.305987005141,18.5,251.48208003554058,382.3743161881287,19.42999999482398
2fypDDb212M80XzLYYLlSG,IfcRailing,Railing:Glass Panel - Bottom Fill:965153,0JBeWf23HFRgZonzHC4iHL,Level 1,230.24990046487895,338.1514752054259,0.0,244.5781584927973,350.1315992079298,0.929999997486632
0_mZcEaVzC7Pg5JAExyJF6,IfcRoof,Basic Roof:Warm Roof - Concrete:788927,0JBeWf23HFRgZonzHC5nGM,6 - Sixth Floor,,,,,,
0Um_J2ClP45uPRcRbJqhme,IfcRoof,Basic Roof:Cold Roof - Concrete:958883,0JBeWf23HFRgZonzHC7iqs,7- ROOF,,,,,,
2sG0Vcmgb1Uverjtj49YU1,IfcSpace,19,,,244.472601266552,352.969521600859,3.5,254.3066704832,363.382647030379,6.5
3T2n8kPiTBtA2RCLGKoqPy,IfcSpace,20,,,249.196391541151,340.13318933237906,3.5,258.018737230693,351.519823687555,6.5
3T2n8kPiTBtA2RCLGKoqPx,IfcSpace,21,,,242.775638253714,338.480412071638,3.5,251.614759526327,351.80802714504597,6.5
3T2n8kPiTBtA2RCLGKoqPs,IfcSpace,22,,,237.211009746317,349.746231013542,3.5,248.746764070534,361.228425991064,6.5
3T2n8kPiTBtA2RCLGKorWP,IfcSpace,23,,,248.24259159669802,348.618466048471,3.5,253.267206716947,354.210199725881,6.5
3GzoWuxxn4WO8bCtw8H2nu,IfcSpace,24,,,242.165562268352,321.117784027641,3.5,263.35751679526504,351.677553658279,6.5
3GzoWuxxn4WO8bCtw8H2m5,IfcSpace,25,,,251.151017810719,331.35000781064304,3.5,260.948616933535,342.102764675993,6.5
2v8sGyGFXDsRc80mj95iac,IfcSpace,27,,,231.75334525896503,370.239329750226,3.5,250.824501394297,381.59085464900903,6.5
3WghND$tL64OKayb9VHFSn,IfcBuildingElementProxy,M_RPC Female:Florence:482513,0JBeWf23HFRgZonzHC4iHL,Level 1,257.5449167113056,354.7826804020145,0.0,258.19766023814134,355.4354239363893,1.6764000000000001
3WghND$tL64OKayb9VHFRW,IfcBuildingElementProxy,M_RPC Male:Jay:482560,0JBeWf23HFRgZonzHC4iHL,Level 1,257.00404363243894,357.9900600406336,0.0,257.6232299927868,358.6092464574217,1.72720096893311
02b4vxvtD5HBo2EeUI69y3,IfcBuildingElementProxy,Handtag skåp1:Handtag skåp:622271,0JBeWf23HFRgZonzHC5mk3,1 - First Floor,244.0233389302486,356.6800959479225,4.182679491924311,244.06500653767108,356.7302059334205,4.337320508075689
02b4vxvtD5HBo2EeUI69zy,IfcBuildingElementProxy,Handtag skåp1:Handtag skåp:622272,0JBeWf23HFRgZonzHC5mk3,1 - First Floor,244.1189207551356,356.7094917767295,4.182679491924311,244.1605883625581,356.75960176222753,4.337320508075689
02b4vxvtD5HBo2EeUI66Ue,IfcBuildingElementProxy,Kök - Kyl frys-en dörr:Frys:624148,0JBeWf23HFRgZonzHC5mk3,1 - First Floor,246.25127514701788,352.6467502305827,3.5,247.00160665203367,353.39708173559853,5.618000000000005
02b4vxvtD5HBo2EeUI66Uf,IfcBuildingElementProxy,Handtag kylfrys:Handtag kyl/frys:624149,0JBeWf23HFRgZonzHC5mk3,1 - First Floor,246.39150548671472,352.65759893183105,4.495431711610118,246.42274358491812,352.68601200895847,4.617007176291947
02b4vxvtD5HBo2EeUI64uz,IfcBuildingElementProxy,Handtag skåp1:Handtag skåp:634753,0JBeWf23HFRgZonzHC5mk3,1 - First Floor,245.51779554164352,355.4386593499209,4.182679491924311,245.56790552714148,355.4803269573434,4.337320508075689
02b4vxvtD5HBo2EeUI64u_,IfcBuildingElementProxy,Handtag skåp1:Handtag skåp:634754,0JBeWf23HFRgZonzHC5mk3,1 - First Floor,245.48839971283653,355.5342411748079,4.182679491924311,245.53850969833448,355.5759087822304,4.337320508075689
02b4vxvtD5HBo2EeUI62mV,IfcBuildingElementProxy,Handtag skåp1:Handtag skåp:642467,0JBeWf23HFRgZonzHC5mk3,1 - First Floor,246.18934652665956,353.2547674387588,4.482679491924311,246.23947194942215,353.29647157713003,4.637320508075689
3bptS3GYj4Qv2__W5Ei$UA,IfcBuildingElementProxy,Serena bench with three drawers:Serena bench with three drawers:654398,0JBeWf23HFRgZonzHC5mk3,1 - First Floor,240.15198283894318,351.1229265824401,3.5,241.36692641576687,351.7951685606779,3.9274999999999984
3bptS3GYj4Qv2__W5Ei$Tc,IfcBuildingElementProxy,"Display-LCD-Panasonic-Standard:47"", 1080p Full HD LCD w/ built-in speaker:654546",0JBeWf23HFRgZonzHC5mk3,1 - First Floor,240.25585417024843,351.1665281183774,4.452119000000084,241.30230733014812,351.5759499755817,5.078228999999925
28WUkjJ1r5wPzZDX9W1kx7,IfcBuildingElementProxy,Handtag skåp1:Handtag skåp:661815,0JBeWf23HFRgZonzHC5mk3,1 - First Floor,245.8981964632235,354.20176909206793,4.182679491924311,245.94830644872147,354.24343669949036,4.337320508075689
28WUkjJ1r5wPzZDX9W1kx8,IfcBuildingElementProxy,Handtag skåp1:Handtag skåp:661816,0JBeWf23HFRgZonzHC5mk3,1 - First Floor,245.9275922920305,354.106187267181,4.182679491924311,245.97770227752846,354.1478548746034,4.337320508075689
28WUkjJ1r5wPzZDX9W1jMA,IfcBuildingElementProxy,Handtag skåp1:Handtag skåp:664186,0JBeWf23HFRgZonzHC5mk3,1 - First Floor,246.84294209783167,351.47131385470357,4.482679491924311,246.8833284864084,351.52181787421273,4.637320508075689
28WUkjJ1r5wPzZDX9W1jMB,IfcBuildingElementProxy,Handtag skåp1:Handtag skåp:664187,0JBeWf23HFRgZonzHC5mk3,1 - First Floor,246.72696268912094,351.43603886013454,4.482679491924311,246.76863029654342,351.48614884563256,4.637320508075689
28WUkjJ1r5wPzZDX9W1jK4,IfcBuildingElementProxy,Handtag skåp1:Handtag skåp:664308,0JBeWf23HFRgZonzHC5mk3,1 - First Floor,245.70170384807568,351.1202174145935,4.482679491924311,245.74209023665242,351.1707214341027,4.637320508075689
28WUkjJ1r5wPzZDX9W1jK5,IfcBuildingElementProxy,Handtag skåp1:Handtag skåp:664309,0JBeWf23HFRgZonzHC5mk3,1 - First Floor,245.58572443936595,351.0849424200245,4.482679491924311,245.62739204678843,351.1350524055225,4.637320508075689
28WUkjJ1r5wPzZDX9W1jtX,IfcBuildingElementProxy,Handtag skåp1:Handtag skåp:666129,0JBeWf23HFRgZonzHC5mk3,1 - First Floor,240.37961145060336,359.3978518215787,4.482679491924311,240.43011547011247,359.4382382101554,4.637320508075689
28WUkjJ1r5wPzZDX9W1jtY,IfcBuildingElementProxy,Handtag skåp1:Handtag skåp:666130,0JBeWf23HFRgZonzHC5mk3,1 - First Floor,240.4152804791835,359.281872412869,4.482679491924311,240.46539046468146,359.32354002029143,4.637320508075689
1KGNuJkf5FjQZDFQ6We99x,IfcBuildingElementProxy,Handtag skåp1:Handtag skåp:671262,0JBeWf23HFRgZonzHC5mk3,1 - First Floor,247.39943705320894,357.31012230476654,4.182679491924311,247.44110466063142,357.36023229026455,4.337320508075689
1KGNuJkf5FjQZDFQ6We99w,IfcBuildingElementProxy,Handtag skåp1:Handtag skåp:671263,0JBeWf23HFRgZonzHC5mk3,1 - First Floor,247.3038552283219,357.28072647595855,4.182679491924311,247.3455228357444,357.33083646145656,4.337320508075689
1KGNuJkf5FjQZDFQ6We995,IfcBuildingElementProxy,Kök - Kyl frys-en dörr:Frys:671264,0JBeWf23HFRgZonzHC5mk3,1 - First Floor,244.58484409533534,360.6904723438615,3.5,245.33517560035114,361.4408038488773,5.618000000000005
1KGNuJkf5FjQZDFQ6We994,IfcBuildingElementProxy,Handtag kylfrys:Handtag kyl/frys:671265,0JBeWf23HFRgZonzHC5mk3,1 - First Floor,245.16370716245186,361.4015420705005,4.495431711610118,245.19494526065526,361.42995514762794,4.617007176291947
1KGNuJkf5FjQZDFQ6We991,IfcBuildingElementProxy,Handtag skåp1:Handtag skåp:671268,0JBeWf23HFRgZonzHC5mk3,1 - First Floor,246.01685828896953,358.60123488745364,4.182679491924311,246.06696827446748,358.6429024948761,4.337320508075689
1KGNuJkf5FjQZDFQ6We990,IfcBuildingElementProxy,Handtag skåp1:Handtag skåp:671269,0JBeWf23HFRgZonzHC5mk3,1 - First Floor,246.04625411777653,358.5056530625666,4.182679491924311,246.09636410327448,358.54732066998906,4.337320508075689
1KGNuJkf5FjQZDFQ6We99C,IfcBuildingElementProxy,Handtag skåp1:Handtag skåp:671273,0JBeWf23HFRgZonzHC5mk3,1 - First Floor,245.34688895724986,360.79105475669996,4.482679491924311,245.39701438001245,360.8327588950712,4.637320508075689
1KGNuJkf5FjQZDFQ6We99E,IfcBuildingElementProxy,Handtag skåp1:Handtag skåp:671275,0JBeWf23HFRgZonzHC5mk3,1 - First Floor,245.63471251447453,359.84379861098466,4.182679491924311,245.68482249997248,359.8854662184071,4.337320508075689
1KGNuJkf5FjQZDFQ6We999,IfcBuildingElementProxy,Handtag skåp1:Handtag skåp:671276,0JBeWf23HFRgZonzHC5mk3,1 - First Floor,245.60531668566654,359.9393804358716,4.182679491924311,245.6554266711645,359.98104804329404,4.337320508075689
1KGNuJkf5FjQZDFQ6WeEa5,IfcBuildingElementProxy,Handtag skåp1:Handtag skåp:673120,0JBeWf23HFRgZonzHC5mk3,1 - First Floor,252.6829697840736,357.0995417427003,4.482679491924311,252.72335617265034,357.15004576220946,4.637320508075689
1KGNuJkf5FjQZDFQ6WeEa4,IfcBuildingElementProxy,Handtag skåp1:Handtag skåp:673121,0JBeWf23HFRgZonzHC5mk3,1 - First Floor,252.7976679739376,357.13521077128047,4.482679491924311,252.83933558136007,357.1853207567785,4.637320508075689
1KGNuJkf5FjQZDFQ6WeE5w,IfcBuildingElementProxy,Serena bench with three drawers:Serena bench with three drawers:675103,0JBeWf23HFRgZonzHC5mk3,1 - First Floor,250.10248294990816,360.11300354890415,3.5,251.31742652673185,360.78524552714197,3.9274999999999984
1KGNuJkf5FjQZDFQ6WeE55,IfcBuildingElementProxy,"Display-LCD-Panasonic-Standard:47"", 1080p Full HD LCD w/ built-in speaker:675104",0JBeWf23HFRgZonzHC4iVK,Level 2,250.20635428121344,360.1566050848404,4.452119000000083,251.25280744111313,360.5660269420447,5.078228999999924
1KGNuJkf5FjQZDFQ6WeFhK,IfcBuildingElementProxy,Handtag skåp1:Handtag skåp:677553,0JBeWf23HFRgZonzHC5mk3,1 - First Floor,248.67453505795854,357.75087927840065,4.482679491924311,248.7246450434565,357.7925468858231,4.637320508075689
1KGNuJkf5FjQZDFQ6WeFhN,IfcBuildingElementProxy,Handtag skåp1:Handtag skåp:677554,0JBeWf23HFRgZonzHC5mk3,1 - First Floor,248.70981005252753,357.63618108853666,4.482679491924311,248.76031407203664,357.6765674771134,4.637320508075689
0X2$ayW0v5dBNxK3e4nw7y,IfcBuildingElementProxy,Kök - Kyl frys-en dörr:Frys:681805,0JBeWf23HFRgZonzHC5mk3,1 - First Floor,248.87942501632878,346.0839071983409,3.5,249.62882432263137,346.83330650464353,5.618000000000005
0X2$ayW0v5dBNxK3e4nw7$,IfcBuildingElementProxy,Handtag kylfrys:Handtag kyl/frys:681806,0JBeWf23HFRgZonzHC5mk3,1 - First Floor,248.86024701676104,346.61115164086465,4.495431711610118,248.89145808937917,346.63952514242834,4.617007176291947
0X2$ayW0v5dBNxK3e4nw7W,IfcBuildingElementProxy,Handtag skåp1:Handtag skåp:681809,0JBeWf23HFRgZonzHC5mk3,1 - First Floor,249.44441107820836,344.6632586097616,4.182679491924311,249.49491509771747,344.70364499833835,4.337320508075689
0X2$ayW0v5dBNxK3e4nw7Z,IfcBuildingElementProxy,Handtag skåp1:Handtag skåp:681810,0JBeWf23HFRgZonzHC5mk3,1 - First Floor,249.47380690701635,344.56767678487466,4.182679491924311,249.52431092652546,344.6080631734514,4.337320508075689
0X2$ayW0v5dBNxK3e4nxMS,IfcBuildingElementProxy,Handtag skåp1:Handtag skåp:684845,0JBeWf23HFRgZonzHC5mk3,1 - First Floor,249.12105696132838,345.7146586835186,4.182679491924311,249.17156098083748,345.75504507209536,4.337320508075689
0X2$ayW0v5dBNxK3e4nxMV,IfcBuildingElementProxy,Handtag skåp1:Handtag skåp:684846,0JBeWf23HFRgZonzHC5mk3,1 - First Floor,249.09166113252036,345.8102405084056,4.182679491924311,249.14216515202946,345.85062689698236,4.337320508075689
0X2$ayW0v5dBNxK3e4nxzp,IfcBuildingElementProxy,Serena bench with three drawers:Serena bench with three drawers:686530,0JBeWf23HFRgZonzHC5mk3,1 - First Floor,244.61244391521618,343.50509460057907,3.5,245.82738749203986,344.1773365788169,3.9274999999999984
0X2$ayW0v5dBNxK3e4nxzo,IfcBuildingElementProxy,"Display-LCD-Panasonic-Standard:47"", 1080p Full HD LCD w/ built-in speaker:686531",0JBeWf23HFRgZonzHC4iVK,Level 2,244.71631524652142,343.54869613651545,4.452119000000084,245.76276840642112,343.9581179937197,5.078228999999925
11MreptMzBDAizZWBG8_sf,IfcBuildingElementProxy,Handtag skåp1:Handtag skåp:686906,0JBeWf23HFRgZonzHC5mk3,1 - First Floor,250.64318131837555,345.56641464445767,4.182679491924311,250.6932913038735,345.6080822518801,4.337320508075689
11MreptMzBDAizZWBG8_se,IfcBuildingElementProxy,Handtag skåp1:Handtag skåp:686907,0JBeWf23HFRgZonzHC5mk3,1 - First Floor,250.67257714718355,345.4708328195706,4.182679491924311,250.7226871326815,345.51250042699303,4.337320508075689
11MreptMzBDAizZWBG8_si,IfcBuildingElementProxy,Handtag skåp1:Handtag skåp:686911,0JBeWf23HFRgZonzHC5mk3,1 - First Floor,250.94394732839885,344.6022417006839,4.482679491924311,250.99407275116144,344.64394583905516,4.637320508075689
11MreptMzBDAizZWBG8_ZS,IfcBuildingElementProxy,Serena bench with three drawers:Serena bench with three drawers:687695,0JBeWf23HFRgZonzHC5mk3,1 - First Floor,255.38231881368517,344.82903482018907,3.5,256.59726239050883,345.5012767984269,3.9274999999999984
11MreptMzBDAizZWBG8_Z3,IfcBuildingElementProxy,"Display-LCD-Panasonic-Standard:47"", 1080p Full HD LCD w/ built-in speaker:687696",0JBeWf23HFRgZonzHC4iVK,Level 2,255.48619014499042,344.87263635612544,4.452119000000083,256.53264330489014,345.2820582133297,5.078228999999924
11MreptMzBDAizZWBG8nTr,IfcBuildingElementProxy,Handtag skåp1:Handtag skåp:688614,0JBeWf23HFRgZonzHC5mk3,1 - First Floor,254.59219153177153,341.72046087044566,4.482679491924311,254.6423015172695,341.76212847786815,4.637320508075689
11MreptMzBDAizZWBG8nTq,IfcBuildingElementProxy,Handtag skåp1:Handtag skåp:688615,0JBeWf23HFRgZonzHC5mk3,1 - First Floor,254.62746652634056,341.6057626805806,4.482679491924311,254.67797054584966,341.64614906915733,4.637320508075689
11MreptMzBDAizZWBG8nuN,IfcBuildingElementProxy,Handtag skåp1:Handtag skåp:690308,0JBeWf23HFRgZonzHC5mk3,1 - First Floor,251.88831765580255,348.0469333296576,4.482679491924311,251.9384276413005,348.08860093708006,4.637320508075689
11MreptMzBDAizZWBG8nuM,IfcBuildingElementProxy,Handtag skåp1:Handtag skåp:690309,0JBeWf23HFRgZonzHC5mk3,1 - First Floor,251.92359265037155,347.9322351397926,4.482679491924311,251.97409666988065,347.97262152836936,4.637320508075689
11MreptMzBDAizZWBG8m1Q,IfcBuildingElementProxy,Handtag skåp1:Handtag skåp:693961,0JBeWf23HFRgZonzHC5mk3,1 - First Floor,254.23944158608353,342.8674427690896,4.482679491924311,254.28955157158148,342.9091103765121,4.637320508075689
11MreptMzBDAizZWBG8m1P,IfcBuildingElementProxy,Handtag skåp1:Handtag skåp:693962,0JBeWf23HFRgZonzHC5mk3,1 - First Floor,254.27471658065255,342.7527445792246,4.482679491924311,254.32522060016166,342.79313096780135,4.637320508075689
3GzoWuxxn4WO8bCtw8H0$r,IfcBuildingElementProxy,Handtag skåp1:Handtag skåp:696112,0JBeWf23HFRgZonzHC5mk3,1 - First Floor,244.53333352502153,355.60319881790366,4.182679491924311,244.5834435105195,355.6448664253261,4.337320508075689
3GzoWuxxn4WO8bCtw8H0$q,IfcBuildingElementProxy,Handtag skåp1:Handtag skåp:696113,0JBeWf23HFRgZonzHC5mk3,1 - First Floor,244.50393769621454,355.6987806427906,4.182679491924311,244.5540476817125,355.74044825021303,4.337320508075689
3GzoWuxxn4WO8bCtw8H0zk,IfcBuildingElementProxy,Handtag skåp1:Handtag skåp:696235,0JBeWf23HFRgZonzHC5mk3,1 - First Floor,244.73910432667253,354.9341260436946,4.182679491924311,244.7892143121705,354.97579365111704,4.337320508075689
3GzoWuxxn4WO8bCtw8H0zf,IfcBuildingElementProxy,Handtag skåp1:Handtag skåp:696236,0JBeWf23HFRgZonzHC5mk3,1 - First Floor,244.70970849786553,355.0297078685816,4.182679491924311,244.7598184833635,355.07137547600405,4.337320508075689
3GzoWuxxn4WO8bCtw8H3Bx,IfcBuildingElementProxy,M_Electric Lift-4 person:1000 x 880mm:696894,0JBeWf23HFRgZonzHC4iHL,Level 1,255.8762809934671,328.69165086180885,-0.09,257.1833385557728,330.11756272322106,3.0
3GzoWuxxn4WO8bCtw8H3GM,IfcBuildingElementProxy,Handtag skåp1:Handtag skåp:697555,0JBeWf23HFRgZonzHC5mk3,1 - First Floor,254.15862697200092,335.9123081121495,4.182679491924311,254.2002945794234,335.9624180976475,4.337320508075689
3GzoWuxxn4WO8bCtw8H3GH,IfcBuildingElementProxy,Handtag skåp1:Handtag skåp:697556,0JBeWf23HFRgZonzHC5mk3,1 - First Floor,254.06304514711394,335.8829122833415,4.182679491924311,254.10471275453642,335.9330222688395,4.337320508075689
3GzoWuxxn4WO8bCtw8H3GG,IfcBuildingElementProxy,Kök - Kyl frys-en dörr:Frys:697557,0JBeWf23HFRgZonzHC5mk3,1 - First Floor,251.26027206757033,339.2487920647585,3.5,252.01060357258612,339.9991235697743,5.618000000000005
3GzoWuxxn4WO8bCtw8H3GJ,IfcBuildingElementProxy,Handtag kylfrys:Handtag kyl/frys:697558,0JBeWf23HFRgZonzHC5mk3,1 - First Floor,251.83913513468588,339.9598617913985,4.495431711610118,251.87037323288928,339.98827486852593,4.617007176291947
3GzoWuxxn4WO8bCtw8H3GS,IfcBuildingElementProxy,Handtag skåp1:Handtag skåp:697561,0JBeWf23HFRgZonzHC5mk3,1 - First Floor,252.69687355185053,337.1452169236227,4.182679491924311,252.74698353734848,337.18688453104517,4.337320508075689
3GzoWuxxn4WO8bCtw8H3GV,IfcBuildingElementProxy,Handtag skåp1:Handtag skåp:697562,0JBeWf23HFRgZonzHC5mk3,1 - First Floor,252.72626938065753,337.0496350987356,4.182679491924311,252.77637936615548,337.0913027061581,4.337320508075689
3GzoWuxxn4WO8bCtw8H3GR,IfcBuildingElementProxy,Handtag skåp1:Handtag skåp:697566,0JBeWf23HFRgZonzHC5mk3,1 - First Floor,252.02231692948487,339.34937447759796,4.482679491924311,252.07244235224746,339.3910786159692,4.637320508075689
3GzoWuxxn4WO8bCtw8H3Gb,IfcBuildingElementProxy,Handtag skåp1:Handtag skåp:697568,0JBeWf23HFRgZonzHC5mk3,1 - First Floor,252.31472777735553,338.38778064715365,4.182679491924311,252.36483776285348,338.4294482545761,4.337320508075689
3GzoWuxxn4WO8bCtw8H3Ga,IfcBuildingElementProxy,Handtag skåp1:Handtag skåp:697569,0JBeWf23HFRgZonzHC5mk3,1 - First Floor,252.28533194854754,338.48336247204065,4.182679491924311,252.3354419340455,338.5250300794631,4.337320508075689
3GzoWuxxn4WO8bCtw8H3Gf,IfcBuildingElementProxy,Handtag skåp1:Handtag skåp:697580,0JBeWf23HFRgZonzHC5mk3,1 - First Floor,259.2802193904216,335.5480506906313,4.482679491924311,259.32060577899836,335.5985547101405,4.637320508075689
3GzoWuxxn4WO8bCtw8H3Ge,IfcBuildingElementProxy,Handtag skåp1:Handtag skåp:697581,0JBeWf23HFRgZonzHC5mk3,1 - First Floor,259.39491758028663,335.5837197192115,4.482679491924311,259.43658518770906,335.6338297047095,4.637320508075689
3GzoWuxxn4WO8bCtw8H3Go,IfcBuildingElementProxy,Serena bench with three drawers:Serena bench with three drawers:697591,0JBeWf23HFRgZonzHC5mk3,1 - First Floor,256.7952940568062,338.59092746664413,3.5,258.01023763362986,339.26316944488195,3.9274999999999984
3GzoWuxxn4WO8bCtw8H3Gz,IfcBuildingElementProxy,"Display-LCD-Panasonic-Standard:47"", 1080p Full HD LCD w/ built-in speaker:697592",0JBeWf23HFRgZonzHC4iVK,Level 2,256.89916538811144,338.63452900258045,4.452119000000083,257.94561854801117,339.04395085978473,5.078228999999924
2m6FhmO0r2OgRBRP7hD4gR,IfcBuildingElementProxy,Handtag skåp1:Handtag skåp:709494,0JBeWf23HFRgZonzHC5mk3,1 - First Floor,258.98377143145456,327.10217309669366,4.482679491924311,259.03388141695257,327.14384070411614,4.637320508075689
2m6FhmO0r2OgRBRP7hD4gQ,IfcBuildingElementProxy,Handtag skåp1:Handtag skåp:709495,0JBeWf23HFRgZonzHC5mk3,1 - First Floor,259.0190464260235,326.9874749068286,4.482679491924311,259.0695504455327,327.02786129540533,4.637320508075689
2m6FhmO0r2OgRBRP7hD4gK,IfcBuildingElementProxy,Handtag skåp1:Handtag skåp:709497,0JBeWf23HFRgZonzHC5mk3,1 - First Floor,258.63102148576655,328.2491549953376,4.482679491924311,258.68113147126456,328.2908226027601,4.637320508075689
2m6FhmO0r2OgRBRP7hD4gN,IfcBuildingElementProxy,Handtag skåp1:Handtag skåp:709498,0JBeWf23HFRgZonzHC5mk3,1 - First Floor,258.6662964803355,328.1344568054726,4.482679491924311,258.7168004998447,328.17484319404934,4.637320508075689
2m6FhmO0r2OgRBRP7hD4rW,IfcBuildingElementProxy,Handtag skåp1:Handtag skåp:709773,0JBeWf23HFRgZonzHC5mk3,1 - First Floor,259.3355445239055,325.9583674791336,4.482679491924311,259.38565450940354,326.00003508655607,4.637320508075689
2m6FhmO0r2OgRBRP7hD4rZ,IfcBuildingElementProxy,Handtag skåp1:Handtag skåp:709774,0JBeWf23HFRgZonzHC5mk3,1 - First Floor,259.37081951847455,325.8436692892696,4.482679491924311,259.4213235379837,325.88405567784633,4.637320508075689
2m6FhmO0r2OgRBRP7hD4nc,IfcBuildingElementProxy,Handtag skåp1:Handtag skåp:710027,0JBeWf23HFRgZonzHC5mk3,1 - First Floor,257.7266794333605,326.1804126185859,4.182679491924311,257.7767894188585,326.22208022600836,4.337320508075689
2m6FhmO0r2OgRBRP7hD4nX,IfcBuildingElementProxy,Handtag skåp1:Handtag skåp:710028,0JBeWf23HFRgZonzHC5mk3,1 - First Floor,257.69728360455247,326.27599444347294,4.182679491924311,257.7473935900505,326.3176620508954,4.337320508075689
2m6FhmO0r2OgRBRP7hD4nY,IfcBuildingElementProxy,Handtag skåp1:Handtag skåp:710031,0JBeWf23HFRgZonzHC5mk3,1 - First Floor,258.16540209278656,324.7551948871338,4.482679491924311,258.2155275155492,324.79689902550507,4.637320508075689
2m6FhmO0r2OgRBRP7hD42F,IfcBuildingElementProxy,Handtag skåp1:Handtag skåp:711010,0JBeWf23HFRgZonzHC5mk3,1 - First Floor,252.51586536143736,332.93296964693263,4.482679491924311,252.56636938094647,332.97335603550937,4.637320508075689
2m6FhmO0r2OgRBRP7hD42E,IfcBuildingElementProxy,Handtag skåp1:Handtag skåp:711011,0JBeWf23HFRgZonzHC5mk3,1 - First Floor,252.5515343900175,332.81699023822296,4.482679491924311,252.60164437551546,332.8586578456454,4.637320508075689
2m6FhmO0r2OgRBRP7hD428,IfcBuildingElementProxy,Handtag skåp1:Handtag skåp:711013,0JBeWf23HFRgZonzHC5mk3,1 - First Floor,252.16311541574936,334.07995154557665,4.482679491924311,252.21361943525847,334.1203379341534,4.637320508075689
2m6FhmO0r2OgRBRP7hD42B,IfcBuildingElementProxy,Handtag skåp1:Handtag skåp:711014,0JBeWf23HFRgZonzHC5mk3,1 - First Floor,252.1987844443295,333.96397213686697,4.482679491924311,252.24889442982746,334.0056397442894,4.637320508075689
2m6FhmO0r2OgRBRP7hD425,IfcBuildingElementProxy,Handtag skåp1:Handtag skåp:711016,0JBeWf23HFRgZonzHC5mk3,1 - First Floor,252.86861530712537,331.7859877482886,4.482679491924311,252.91911932663447,331.82637413686535,4.637320508075689
2m6FhmO0r2OgRBRP7hD424,IfcBuildingElementProxy,Handtag skåp1:Handtag skåp:711017,0JBeWf23HFRgZonzHC5mk3,1 - First Floor,252.9042843357055,331.67000833957894,4.482679491924311,252.95439432120347,331.71167594700137,4.637320508075689
2m6FhmO0r2OgRBRP7hD42V,IfcBuildingElementProxy,Handtag skåp1:Handtag skåp:711026,0JBeWf23HFRgZonzHC5mk3,1 - First Floor,251.80047203780737,335.22389075654263,4.482679491924311,251.85097605731647,335.26427714511937,4.637320508075689
2m6FhmO0r2OgRBRP7hD42U,IfcBuildingElementProxy,Handtag skåp1:Handtag skåp:711027,0JBeWf23HFRgZonzHC5mk3,1 - First Floor,251.83614106638748,335.10791134783295,4.482679491924311,251.88625105188544,335.1495789552554,4.637320508075689
2m6FhmO0r2OgRBRP7hD4Bu,IfcBuildingElementProxy,Serena bench with three drawers:Serena bench with three drawers:711445,0JBeWf23HFRgZonzHC5mk3,1 - First Floor,252.7653039775241,323.88786222378013,3.5,253.43754595576192,325.1028058006038,3.9274999999999984
2m6FhmO0r2OgRBRP7hD4Bx,IfcBuildingElementProxy,"Display-LCD-Panasonic-Standard:47"", 1080p Full HD LCD w/ built-in speaker:711446",0JBeWf23HFRgZonzHC4iVK,Level 2,252.81327905519132,324.5484937468764,4.452119000000084,253.22270091239557,325.5949469067761,5.078228999999925
2m6FhmO0r2OgRBRP7hD4V6,IfcBuildingElementProxy,Kök - Kyl frys-en dörr:Frys:712235,0JBeWf23HFRgZonzHC5mk3,1 - First Floor,254.8071995244765,327.0906802075168,3.5,255.5575310294923,327.84101171253263,5.618000000000005
2m6FhmO0r2OgRBRP7hD4V1,IfcBuildingElementProxy,Handtag kylfrys:Handtag kyl/frys:712236,0JBeWf23HFRgZonzHC5mk3,1 - First Floor,255.51826925111652,327.2309105472127,4.495431711610118,255.54668232824392,327.2621486454161,4.617007176291947
2m6FhmO0r2OgRBRP7hD4OV,IfcBuildingElementProxy,Serena bench with three drawers:Serena bench with three drawers:712690,0JBeWf23HFRgZonzHC5mk3,1 - First Floor,252.4243154408661,324.99661233898416,3.5,253.09655741910393,326.2115559158078,3.9274999999999984
2v8sGyGFXDsRc80mj95l5K,IfcBuildingElementProxy,Serena bench with three drawers:Serena bench with three drawers:725312,0JBeWf23HFRgZonzHC5mk3,1 - First Floor,246.29824831738918,376.7044593934611,3.5,247.51319189421287,377.3767013716989,3.9274999999999984
2v8sGyGFXDsRc80mj95l5L,IfcBuildingElementProxy,"Display-LCD-Panasonic-Standard:47"", 1080p Full HD LCD w/ built-in speaker:725313",0JBeWf23HFRgZonzHC4iVK,Level 2,246.95887984048545,376.9193044368275,4.452119000000084,248.00533300038515,377.32872629403175,5.078228999999925
2v8sGyGFXDsRc80mj95l5H,IfcBuildingElementProxy,Serena bench with three drawers:Serena bench with three drawers:725317,0JBeWf23HFRgZonzHC5mk3,1 - First Floor,247.40699843259318,377.0454479301191,3.5,248.62194200941687,377.71768990835693,3.9274999999999984
2v8sGyGFXDsRc80mj95i02,IfcBuildingElementProxy,Handtag skåp1:Handtag skåp:729110,0JBeWf23HFRgZonzHC5mk3,1 - First Floor,243.63597854711355,375.45251231639463,4.482679491924311,243.6860885326115,375.49417992381706,4.637320508075689
2v8sGyGFXDsRc80mj95i03,IfcBuildingElementProxy,Handtag skåp1:Handtag skåp:729111,0JBeWf23HFRgZonzHC5mk3,1 - First Floor,243.67125354168255,375.3378141265306,4.482679491924311,243.72175756119165,375.3782005151073,4.637320508075689
2v8sGyGFXDsRc80mj95i26,IfcBuildingElementProxy,Handtag skåp1:Handtag skåp:729234,0JBeWf23HFRgZonzHC5mk3,1 - First Floor,246.44064098795357,373.6910069376516,4.482679491924311,246.49075097345153,373.732674545074,4.637320508075689
2v8sGyGFXDsRc80mj95i27,IfcBuildingElementProxy,Handtag skåp1:Handtag skåp:729235,0JBeWf23HFRgZonzHC5mk3,1 - First Floor,246.47591598252254,373.5763087477876,4.482679491924311,246.52642000203164,373.61669513636434,4.637320508075689
2v8sGyGFXDsRc80mj95i21,IfcBuildingElementProxy,Handtag skåp1:Handtag skåp:729237,0JBeWf23HFRgZonzHC5mk3,1 - First Floor,246.79339080094954,372.5440254704606,4.482679491924311,246.8435007864475,372.58569307788304,4.637320508075689
2v8sGyGFXDsRc80mj95i22,IfcBuildingElementProxy,Handtag skåp1:Handtag skåp:729238,0JBeWf23HFRgZonzHC5mk3,1 - First Floor,246.82866579551853,372.4293272805966,4.482679491924311,246.87916981502764,372.46971366917336,4.637320508075689
2v8sGyGFXDsRc80mj95i8k,IfcBuildingElementProxy,Handtag skåp1:Handtag skåp:729658,0JBeWf23HFRgZonzHC5mk3,1 - First Floor,246.15253548691754,374.6277007088676,4.482679491924311,246.2026454724155,374.66936831629005,4.637320508075689
2v8sGyGFXDsRc80mj95iGc,IfcBuildingElementProxy,Handtag skåp1:Handtag skåp:730162,0JBeWf23HFRgZonzHC5mk3,1 - First Floor,234.8389860212396,372.5374573448465,4.482679491924311,234.8806536286621,372.5875673303445,4.637320508075689
2v8sGyGFXDsRc80mj95iGd,IfcBuildingElementProxy,Handtag skåp1:Handtag skåp:730163,0JBeWf23HFRgZonzHC5mk3,1 - First Floor,234.7242878313746,372.5017883162663,4.482679491924311,234.76467421995133,372.55229233577546,4.637320508075689
2v8sGyGFXDsRc80mj95iGX,IfcBuildingElementProxy,Handtag skåp1:Handtag skåp:730165,0JBeWf23HFRgZonzHC5mk3,1 - First Floor,233.69201223527259,372.1846810204344,4.482679491924311,233.73367984269507,372.23479100593244,4.637320508075689
2v8sGyGFXDsRc80mj95iGY,IfcBuildingElementProxy,Handtag skåp1:Handtag skåp:730166,0JBeWf23HFRgZonzHC5mk3,1 - First Floor,233.57731404540758,372.14901199185437,4.482679491924311,233.6177004339843,372.1995160113635,4.637320508075689
2v8sGyGFXDsRc80mj95iIq,IfcBuildingElementProxy,Handtag skåp1:Handtag skåp:730272,0JBeWf23HFRgZonzHC5mk3,1 - First Floor,233.27239516736094,373.58029844744993,4.482679491924311,233.3127830067616,373.6308031321638,4.637320508075689
2v8sGyGFXDsRc80mj95iIr,IfcBuildingElementProxy,Handtag skåp1:Handtag skåp:730273,0JBeWf23HFRgZonzHC5mk3,1 - First Floor,233.15641739943288,373.545018177174,4.482679491924311,233.19808643955363,373.5951287689452,4.637320508075689
3Icxn5iZD46RLnvfRjDRHb,IfcBuildingElementProxy,Handtag skåp1:Handtag skåp:731730,0JBeWf23HFRgZonzHC5mk3,1 - First Floor,234.5652430976842,375.35005257069696,4.482679491924311,234.61574778239807,375.39044041009765,4.637320508075689
3Icxn5iZD46RLnvfRjDRHa,IfcBuildingElementProxy,Handtag skåp1:Handtag skåp:731731,0JBeWf23HFRgZonzHC5mk3,1 - First Floor,234.60091746090387,375.2340748027688,4.482679491924311,234.6510280526751,375.2757438428896,4.637320508075689
0xKelnDbLBsf$3TAffmU3X,IfcBuildingElementProxy,M_RPC Beetle:M_RPC Beetle:746861,0JBeWf23HFRgZonzHC4iHL,Level 1,268.38640217563005,343.34506520374504,1.51172672813118e-06,270.80579090778343,347.27479690969335,1.51049980659485
1KMtYLyv9CyfGv8UjnM8dU,IfcBuildingElementProxy,M_RPC Beetle:M_RPC Beetle:795965,0JBeWf23HFRgZonzHC5mYt,-1 - Garage,246.6102426119251,345.494403229172,-2.4999984882732718,249.02963134407847,349.4241349351204,-0.9895001934051499
2dAxltRn524vY2d5KNMrcT,IfcBuildingElementProxy,M_RPC Beetle:M_RPC Beetle:807634,0JBeWf23HFRgZonzHC5mYt,-1 - Garage,238.9279754353834,368.5932407961519,-2.4999984882732718,241.3518532343867,372.52244862954325,-0.9895001934051499
1cFRppLhj948bTrzz_An7g,IfcBuildingElementProxy,M_RPC Beetle:M_RPC Beetle:810760,0JBeWf23HFRgZonzHC5mYt,-1 - Garage,235.44924621999098,365.2125806131305,-2.4999984882732718,239.37897792593935,367.63196934528384,-0.9895001934051499
1cFRppLhj948bTrzz_An7i,IfcBuildingElementProxy,M_RPC Beetle:M_RPC Beetle:810766,0JBeWf23HFRgZonzHC5mYt,-1 - Garage,234.71435049980798,367.60212623530555,-2.4999984882732718,238.64408220575635,370.02151496745887,-0.9895001934051499
1cFRppLhj948bTrzz_An7Q,IfcBuildingElementProxy,M_RPC Beetle:M_RPC Beetle:810808,0JBeWf23HFRgZonzHC5mYt,-1 - Garage,236.184648190632,362.82319071339055,-2.4999984882732718,240.11437989658037,365.24257944554387,-0.9895001934051499
1cFRppLhj948bTrzz_An6e,IfcBuildingElementProxy,M_RPC Beetle:M_RPC Beetle:810826,0JBeWf23HFRgZonzHC5mYt,-1 - Garage,248.506997885735,356.85225081114254,-2.4999984882732718,252.43672959168336,359.27163954329586,-0.9895001934051499
1cFRppLhj948bTrzz_An6o,IfcBuildingElementProxy,M_RPC Beetle:M_RPC Beetle:810832,0JBeWf23HFRgZonzHC5mYt,-1 - Garage,247.771224046335,359.2415261944446,-2.4999984882732718,251.70095575228336,361.6609149265979,-0.9895001934051499
1cFRppLhj948bTrzz_An6q,IfcBuildingElementProxy,M_RPC Beetle:M_RPC Beetle:810838,0JBeWf23HFRgZonzHC5mYt,-1 - Garage,247.03632832615202,361.63107181661957,-2.4999984882732718,250.9660600321004,364.0504605487729,-0.9895001934051499
1cFRppLhj948bTrzz_An6_,IfcBuildingElementProxy,M_RPC Beetle:M_RPC Beetle:810844,0JBeWf23HFRgZonzHC5mYt,-1 - Garage,246.301432605968,364.0206174387946,-2.4999984882732718,250.23116431191636,366.4400061709479,-0.9895001934051499
1cFRppLhj948bTrzz_An60,IfcBuildingElementProxy,M_RPC Beetle:M_RPC Beetle:810850,0JBeWf23HFRgZonzHC5mYt,-1 - Garage,245.568468748061,366.4107575864895,-2.4999984882732718,249.49820045400938,368.83014631864285,-0.9895001934051499
1cFRppLhj948bTrzz_An6O,IfcBuildingElementProxy,M_RPC Beetle:M_RPC Beetle:810874,0JBeWf23HFRgZonzHC5mYt,-1 - Garage,249.242771725134,354.4629754278396,-2.4999984882732718,253.17250343108236,356.8823641599929,-0.9895001934051499
1cFRppLhj948bTrzz_Aoxm,IfcBuildingElementProxy,M_RPC Beetle:M_RPC Beetle:811026,0JBeWf23HFRgZonzHC5mYt,-1 - Garage,233.978576660408,369.9914016186076,-2.4999984882732718,237.90830836635638,372.4107903507609,-0.9895001934051499
1cFRppLhj948bTrzz_Aoxw,IfcBuildingElementProxy,M_RPC Beetle:M_RPC Beetle:811032,0JBeWf23HFRgZonzHC5mYt,-1 - Garage,233.243680940225,372.38094724078354,-2.4999984882732718,237.17341264617338,374.80033597293686,-0.9895001934051499
1cFRppLhj948bTrzz_Aoxy,IfcBuildingElementProxy,M_RPC Beetle:M_RPC Beetle:811038,0JBeWf23HFRgZonzHC5mYt,-1 - Garage,232.508785220041,374.7704928629586,-2.4999984882732718,236.43851692598938,377.1898815951119,-0.9895001934051499
1cFRppLhj948bTrzz_AoxP,IfcBuildingElementProxy,M_RPC Beetle:M_RPC Beetle:811067,0JBeWf23HFRgZonzHC5mYt,-1 - Garage,243.56109160335401,372.93690691664256,-2.4999984882732718,247.49082330930239,375.3562956487959,-0.9895001934051499
1cFRppLhj948bTrzz_AowZ,IfcBuildingElementProxy,M_RPC Beetle:M_RPC Beetle:811073,0JBeWf23HFRgZonzHC5mYt,-1 - Garage,242.826195883171,375.32645253881753,-2.4999984882732718,246.75592758911938,377.74584127097086,-0.9895001934051499
1cFRppLhj948bTrzz_Aowb,IfcBuildingElementProxy,M_RPC Beetle:M_RPC Beetle:811079,0JBeWf23HFRgZonzHC5mYt,-1 - Garage,242.091300162988,377.71599816099257,-2.4999984882732718,246.02103186893638,380.1353868931459,-0.9895001934051499
2BLn4xX2vF_gM9G5wfbVWH,IfcBuildingElementProxy,M_RPC Beetle:M_RPC Beetle:829245,0JBeWf23HFRgZonzHC4iHL,Level 1,251.27682711510153,337.7987367311827,1.51172672813118e-06,255.12291908429617,340.71282945935224,1.51049980659485
2BLn4xX2vF_gM9G5wfbV3X,IfcBuildingElementProxy,M_RPC Beetle:M_RPC Beetle:831437,0JBeWf23HFRgZonzHC4iHL,Level 1,245.28854476405854,341.0184987145057,1.51172672813118e-06,249.1346367332532,343.93259144267523,1.51049980659485
2BLn4xX2vF_gM9G5wfbPcq,IfcBuildingElementProxy,Handtag skåp1:Handtag skåp:837272,0JBeWf23HFRgZonzHC4iHL,Level 1,249.45332958812068,346.3006966541715,0.9826794919243111,249.49371597669742,346.35120067368064,1.1373205080756887
2BLn4xX2vF_gM9G5wfbPcr,IfcBuildingElementProxy,Handtag skåp1:Handtag skåp:837273,0JBeWf23HFRgZonzHC4iHL,Level 1,249.33735017941092,346.2654216596025,0.9826794919243111,249.3790177868334,346.3155316451005,1.1373205080756887
2BLn4xX2vF_gM9G5wfbPYf,IfcBuildingElementProxy,Handtag skåp1:Handtag skåp:837509,0JBeWf23HFRgZonzHC4iHL,Level 1,246.60112524255368,345.4235119931245,0.9826794919243111,246.6415116311304,345.4740160126337,1.1373205080756887
2BLn4xX2vF_gM9G5wfbPYg,IfcBuildingElementProxy,Handtag skåp1:Handtag skåp:837510,0JBeWf23HFRgZonzHC4iHL,Level 1,246.48514583384292,345.38823699855556,0.9826794919243111,246.5268134412654,345.43834698405357,1.1373205080756887
2BLn4xX2vF_gM9G5wfbPVn,IfcBuildingElementProxy,Handtag skåp1:Handtag skåp:837853,0JBeWf23HFRgZonzHC4iHL,Level 1,248.0067542713926,348.46123763586246,0.9826794919243111,248.04842187881508,348.51134762136047,1.1373205080756887
2BLn4xX2vF_gM9G5wfbPVo,IfcBuildingElementProxy,Handtag skåp1:Handtag skåp:837854,0JBeWf23HFRgZonzHC4iHL,Level 1,247.8920560815286,348.42556860728234,0.9826794919243111,247.93244247010534,348.4760726267915,1.1373205080756887
2BLn4xX2vF_gM9G5wfbPMI,IfcBuildingElementProxy,Kök - Kyl frys-en dörr:Frys:838334,0JBeWf23HFRgZonzHC4iHL,Level 1,245.4507503141927,348.6261057799703,0.0,246.20108181920853,349.37643728498614,2.118000000000004
2BLn4xX2vF_gM9G5wfbPMJ,IfcBuildingElementProxy,Handtag kylfrys:Handtag kyl/frys:838335,0JBeWf23HFRgZonzHC4iHL,Level 1,245.46159901544212,349.20496884708587,0.995431711610118,245.49001209256951,349.23620694528927,1.1170071762919471
2BLn4xX2vF_gM9G5wfbPNj,IfcBuildingElementProxy,Handtag skåp1:Handtag skåp:838337,0JBeWf23HFRgZonzHC4iHL,Level 1,246.33914904302267,349.46982765530555,0.6826794919243111,246.3795354315994,349.5203316748147,0.8373205080756888
2BLn4xX2vF_gM9G5wfbPNk,IfcBuildingElementProxy,Handtag skåp1:Handtag skåp:838338,0JBeWf23HFRgZonzHC4iHL,Level 1,246.43473086790968,349.4992234841125,0.6826794919243111,246.4751172564864,349.5497275036217,0.8373205080756888
2BLn4xX2vF_gM9G5wfbPNz,IfcBuildingElementProxy,Handtag skåp1:Handtag skåp:838353,0JBeWf23HFRgZonzHC4iHL,Level 1,247.10252242327292,349.7049942857635,0.6826794919243111,247.1441900306954,349.75510427126153,0.8373205080756888
2BLn4xX2vF_gM9G5wfbPN_,IfcBuildingElementProxy,Handtag skåp1:Handtag skåp:838354,0JBeWf23HFRgZonzHC4iHL,Level 1,247.19810424815992,349.7343901145715,0.6826794919243111,247.2397718555824,349.7845001000695,0.8373205080756888
3kW2in6T58YuHUVjUiIHHY,IfcBuildingElementProxy,M_Electric Lift-4 person wall based:MockUp A:847967,0JBeWf23HFRgZonzHC5mYt,-1 - Garage,243.64429865912277,368.2386589197456,-2.3899999999999997,245.15887184921237,369.70518455682316,0.7000000000000002
1N4ygrFWX08Q8J7Fws7pYK,IfcBuildingElementProxy,M_Electric Lift-4 person wall based:MockUp A:865497,0JBeWf23HFRgZonzHC5mYt,-1 - Garage,249.15604999417783,350.16834926379795,-2.3899999999999997,250.66975847157227,351.63389453235186,0.7000000000000002
3U8bdGexDEOw9DXBmULrPa,IfcBuildingElementProxy,Handtag skåp1:Handtag skåp:874479,0JBeWf23HFRgZonzHC5mk3,1 - First Floor,256.3483952191256,327.4765868796845,4.182679491924311,256.39006282654805,327.5266968651825,4.337320508075689
3U8bdGexDEOw9DXBmULrPx,IfcBuildingElementProxy,Handtag skåp1:Handtag skåp:874480,0JBeWf23HFRgZonzHC5mk3,1 - First Floor,256.4439770440126,327.50598270849144,4.182679491924311,256.48564465143505,327.55609269398946,4.337320508075689
3U8bdGexDEOw9DXBmULrqF,IfcBuildingElementProxy,Handtag skåp1:Handtag skåp:875652,0JBeWf23HFRgZonzHC5mk3,1 - First Floor,254.82407984875192,336.1169656280255,4.182679491924311,254.8657474561744,336.16707561352354,4.337320508075689
3U8bdGexDEOw9DXBmULrqE,IfcBuildingElementProxy,Handtag skåp1:Handtag skåp:875653,0JBeWf23HFRgZonzHC5mk3,1 - First Floor,254.72849802386494,336.08756979921856,4.182679491924311,254.77016563128743,336.13767978471657,4.337320508075689
1q9pLykVT2tOtz_4Xjbv1L,IfcBuildingElementProxy,M_RPC Beetle:M_RPC Beetle:879248,0JBeWf23HFRgZonzHC5mYt,-1 - Garage,237.655317750214,358.0443697079135,-2.4999984882732718,241.58504945616238,360.46375844006684,-0.9895001934051499
1q9pLykVT2tOtz_4Xjbv1J,IfcBuildingElementProxy,M_RPC Beetle:M_RPC Beetle:879254,0JBeWf23HFRgZonzHC5mYt,-1 - Garage,236.92042203003098,360.43391533008855,-2.4999984882732718,240.85015373597935,362.8533040622419,-0.9895001934051499
1q9pLykVT2tOtz_4Xjbv1P,IfcBuildingElementProxy,M_RPC Beetle:M_RPC Beetle:879260,0JBeWf23HFRgZonzHC5mYt,-1 - Garage,238.39071972085497,355.65497980817355,-2.4999984882732718,242.32045142680334,358.0743685403269,-0.9895001934051499
1q9pLykVT2tOtz_4Xjbv75,IfcBuildingElementProxy,M_RPC Beetle:M_RPC Beetle:879360,0JBeWf23HFRgZonzHC5mYt,-1 - Garage,239.126493560255,353.26570442487053,-2.4999984882732718,243.05622526620337,355.68509315702386,-0.9895001934051499
1q9pLykVT2tOtz_4Xjbv7l,IfcBuildingElementProxy,M_RPC Beetle:M_RPC Beetle:879402,0JBeWf23HFRgZonzHC5mYt,-1 - Garage,243.1292436037051,361.95496174472703,-2.4999984882732718,245.54863233585849,365.8846934506754,-0.9895001934051499
3pFbansyD0KOHFtJHrTtxh,IfcBuildingElementProxy,Handtag skåp1:Handtag skåp:887772,0JBeWf23HFRgZonzHC4iHL,Level 1,245.08787920541155,359.1171132700796,0.9826794919243111,245.13838322492066,359.1574996586563,1.1373205080756887
3pFbansyD0KOHFtJHrTtxg,IfcBuildingElementProxy,Handtag skåp1:Handtag skåp:887773,0JBeWf23HFRgZonzHC4iHL,Level 1,245.05260421084256,359.23181145994465,0.9826794919243111,245.10271419634051,359.27347906736713,1.1373205080756887
3pFbansyD0KOHFtJHrTtaZ,IfcBuildingElementProxy,Handtag skåp1:Handtag skåp:887828,0JBeWf23HFRgZonzHC4iHL,Level 1,244.73485385747156,360.2649906512086,0.9826794919243111,244.78535787698067,360.30537703978536,1.1373205080756887
3pFbansyD0KOHFtJHrTtaY,IfcBuildingElementProxy,Handtag skåp1:Handtag skåp:887829,0JBeWf23HFRgZonzHC4iHL,Level 1,244.69957886290354,360.3796888410726,0.9826794919243111,244.7496888484015,360.4213564484951,1.1373205080756887
3pFbansyD0KOHFtJHrTtYe,IfcBuildingElementProxy,Handtag skåp1:Handtag skåp:888223,0JBeWf23HFRgZonzHC4iHL,Level 1,241.60807778736236,365.2868018443376,0.6826794919243111,241.65858180687147,365.32718823291435,0.8373205080756888
3pFbansyD0KOHFtJHrTtYN,IfcBuildingElementProxy,Handtag skåp1:Handtag skåp:888224,0JBeWf23HFRgZonzHC4iHL,Level 1,241.57868195855536,365.3823836692247,0.6826794919243111,241.62918597806447,365.4227700578014,0.8373205080756888
3pFbansyD0KOHFtJHrTtYM,IfcBuildingElementProxy,Kök - Kyl frys-en dörr:Frys:888225,0JBeWf23HFRgZonzHC4iHL,Level 1,241.98941330360677,363.6290864192179,0.0,242.73881260990936,364.37848572552053,2.118000000000004
3pFbansyD0KOHFtJHrTtYL,IfcBuildingElementProxy,Handtag kylfrys:Handtag kyl/frys:888226,0JBeWf23HFRgZonzHC4iHL,Level 1,241.97023530403803,364.1563308617417,0.995431711610118,242.00144637665616,364.1847043633054,1.1170071762919471
3pFbansyD0KOHFtJHrTtYI,IfcBuildingElementProxy,Handtag skåp1:Handtag skåp:888229,0JBeWf23HFRgZonzHC4iHL,Level 1,239.73485568416362,365.8106040633973,0.6826794919243111,239.77524207274035,365.86110808290647,0.8373205080756888
3pFbansyD0KOHFtJHrTtYH,IfcBuildingElementProxy,Handtag skåp1:Handtag skåp:888230,0JBeWf23HFRgZonzHC4iHL,Level 1,239.8304375090506,365.83999989220433,0.6826794919243111,239.87082389762733,365.8905039117135,0.8373205080756888
3pFbansyD0KOHFtJHrTtYV,IfcBuildingElementProxy,Handtag skåp1:Handtag skåp:888232,0JBeWf23HFRgZonzHC4iHL,Level 1,242.13805493171753,363.55049057608886,0.9826794919243111,242.18854194087868,363.5908399147161,1.1373205080756887
3pFbansyD0KOHFtJHrTtYT,IfcBuildingElementProxy,Handtag skåp1:Handtag skåp:888234,0JBeWf23HFRgZonzHC4iHL,Level 1,239.1670429327376,365.6359585558253,0.6826794919243111,239.20742932131432,365.6864625753345,0.8373205080756888
3pFbansyD0KOHFtJHrTtYS,IfcBuildingElementProxy,Handtag skåp1:Handtag skåp:888235,0JBeWf23HFRgZonzHC4iHL,Level 1,239.0714611078506,365.6065627270173,0.6826794919243111,239.11184749642734,365.6570667465265,0.8373205080756888
3pFbansyD0KOHFtJHrTtYQ,IfcBuildingElementProxy,Handtag skåp1:Handtag skåp:888237,0JBeWf23HFRgZonzHC4iHL,Level 1,241.84072813427835,364.53032905139366,0.6826794919243111,241.89123215378746,364.5707154399704,0.8373205080756888
3pFbansyD0KOHFtJHrTtYP,IfcBuildingElementProxy,Handtag skåp1:Handtag skåp:888238,0JBeWf23HFRgZonzHC4iHL,Level 1,241.81133230547036,364.62591087628067,0.6826794919243111,241.86183632497946,364.6662972648574,0.8373205080756888
3pFbansyD0KOHFtJHrTtjl,IfcBuildingElementProxy,Handtag skåp1:Handtag skåp:888408,0JBeWf23HFRgZonzHC4iHL,Level 1,246.82093443833156,353.4420082734446,0.9826794919243111,246.87143845784067,353.48239466202136,1.1373205080756887
3pFbansyD0KOHFtJHrTtjk,IfcBuildingElementProxy,Handtag skåp1:Handtag skåp:888409,0JBeWf23HFRgZonzHC4iHL,Level 1,246.78565944376254,353.55670646330964,0.9826794919243111,246.8357694292605,353.5983740707321,1.1373205080756887
3pFbansyD0KOHFtJHrTtji,IfcBuildingElementProxy,Handtag skåp1:Handtag skåp:888411,0JBeWf23HFRgZonzHC4iHL,Level 1,246.46790909039154,354.5898856545736,0.9826794919243111,246.51841310990065,354.63027204315034,1.1373205080756887
3pFbansyD0KOHFtJHrTtjh,IfcBuildingElementProxy,Handtag skåp1:Handtag skåp:888412,0JBeWf23HFRgZonzHC4iHL,Level 1,246.43263409582255,354.70458384443765,0.9826794919243111,246.4827440813205,354.74625145186013,1.1373205080756887
3pFbansyD0KOHFtJHrTtey,IfcBuildingElementProxy,Handtag skåp1:Handtag skåp:888587,0JBeWf23HFRgZonzHC4iHL,Level 1,243.4914339296096,359.94344684205345,0.6826794919243111,243.53310153703208,359.99355682755146,0.8373205080756888
3pFbansyD0KOHFtJHrTtex,IfcBuildingElementProxy,Handtag skåp1:Handtag skåp:888588,0JBeWf23HFRgZonzHC4iHL,Level 1,243.5870157544966,359.9728426708605,0.6826794919243111,243.6286833619191,360.0229526563585,0.8373205080756888
3pFbansyD0KOHFtJHrTtev,IfcBuildingElementProxy,Handtag skåp1:Handtag skåp:888590,0JBeWf23HFRgZonzHC4iHL,Level 1,242.72677933051358,359.7082802115945,0.6826794919243111,242.76844693793606,359.7583901970925,0.8373205080756888
3pFbansyD0KOHFtJHrTteu,IfcBuildingElementProxy,Handtag skåp1:Handtag skåp:888591,0JBeWf23HFRgZonzHC4iHL,Level 1,242.82236115540059,359.73767604040245,0.6826794919243111,242.86402876282307,359.78778602590046,0.8373205080756888
3pFbansyD0KOHFtJHrTtec,IfcBuildingElementProxy,Handtag skåp1:Handtag skåp:888593,0JBeWf23HFRgZonzHC4iHL,Level 1,241.9703065375696,359.4756298646795,0.6826794919243111,242.01197414499208,359.5257398501775,0.8373205080756888
3pFbansyD0KOHFtJHrTteb,IfcBuildingElementProxy,Handtag skåp1:Handtag skåp:888594,0JBeWf23HFRgZonzHC4iHL,Level 1,242.06588836245658,359.50502569348646,0.6826794919243111,242.10755596987906,359.55513567898447,0.8373205080756888
3pFbansyD0KOHFtJHrTsKe,IfcBuildingElementProxy,Handtag skåp1:Handtag skåp:888863,0JBeWf23HFRgZonzHC4iHL,Level 1,247.49220771708252,357.85755097559297,0.9826794919243111,247.54231770258048,357.8992185830154,1.1373205080756887
3pFbansyD0KOHFtJHrTsKN,IfcBuildingElementProxy,Handtag skåp1:Handtag skåp:888864,0JBeWf23HFRgZonzHC4iHL,Level 1,247.45653868850235,357.97353038430265,0.9826794919243111,247.50704270801145,358.0139167728794,1.1373205080756887
3pFbansyD0KOHFtJHrTsKL,IfcBuildingElementProxy,Handtag skåp1:Handtag skåp:888866,0JBeWf23HFRgZonzHC4iHL,Level 1,247.1391823691425,359.005428356721,0.9826794919243111,247.18929235464046,359.0470959641434,1.1373205080756887
3pFbansyD0KOHFtJHrTsKK,IfcBuildingElementProxy,Handtag skåp1:Handtag skåp:888867,0JBeWf23HFRgZonzHC4iHL,Level 1,247.10351334056335,359.1214077654316,0.9826794919243111,247.15401736007246,359.16179415400836,1.1373205080756887
3pFbansyD0KOHFtJHrTsVO,IfcBuildingElementProxy,Handtag skåp1:Handtag skåp:889583,0JBeWf23HFRgZonzHC4iHL,Level 1,241.2056519384736,359.2404632342205,0.6826794919243111,241.2473195458961,359.2905732197185,0.8373205080756888
3pFbansyD0KOHFtJHrTsV7,IfcBuildingElementProxy,Handtag skåp1:Handtag skåp:889584,0JBeWf23HFRgZonzHC4iHL,Level 1,241.3012337633606,359.2698590630285,0.6826794919243111,241.3429013707831,359.3199690485265,0.8373205080756888
3pFbansyD0KOHFtJHrTsV5,IfcBuildingElementProxy,Handtag skåp1:Handtag skåp:889586,0JBeWf23HFRgZonzHC4iHL,Level 1,240.4409973393776,359.0052966037625,0.6826794919243111,240.48266494680007,359.0554065892605,0.8373205080756888
3pFbansyD0KOHFtJHrTsV4,IfcBuildingElementProxy,Handtag skåp1:Handtag skåp:889587,0JBeWf23HFRgZonzHC4iHL,Level 1,240.5365791642636,359.0346924325695,0.6826794919243111,240.57824677168608,359.0848024180675,0.8373205080756888
3pFbansyD0KOHFtJHrTsPI,IfcBuildingElementProxy,Handtag skåp1:Handtag skåp:889701,0JBeWf23HFRgZonzHC4iHL,Level 1,245.4497212241215,352.9354211826449,0.6826794919243111,245.49983120961946,352.97708879006734,0.8373205080756888
3pFbansyD0KOHFtJHrTsPH,IfcBuildingElementProxy,Handtag skåp1:Handtag skåp:889702,0JBeWf23HFRgZonzHC4iHL,Level 1,245.4791170529285,352.83983935775797,0.6826794919243111,245.52922703842646,352.8815069651804,0.8373205080756888
3pFbansyD0KOHFtJHrTsPV,IfcBuildingElementProxy,Handtag skåp1:Handtag skåp:889704,0JBeWf23HFRgZonzHC4iHL,Level 1,245.21455459366248,353.70007578174096,0.6826794919243111,245.26466457916044,353.7417433891634,0.8373205080756888
3pFbansyD0KOHFtJHrTsPU,IfcBuildingElementProxy,Handtag skåp1:Handtag skåp:889705,0JBeWf23HFRgZonzHC4iHL,Level 1,245.24395042246948,353.60449395685396,0.6826794919243111,245.29406040796744,353.6461615642764,0.8373205080756888
3pFbansyD0KOHFtJHrTsPS,IfcBuildingElementProxy,Handtag skåp1:Handtag skåp:889707,0JBeWf23HFRgZonzHC4iHL,Level 1,244.9819042467465,354.456548574685,0.6826794919243111,245.03201423224445,354.4982161821074,0.8373205080756888
3pFbansyD0KOHFtJHrTsPR,IfcBuildingElementProxy,Handtag skåp1:Handtag skåp:889708,0JBeWf23HFRgZonzHC4iHL,Level 1,245.01130007555452,354.36096674979797,0.6826794919243111,245.06141006105247,354.4026343572204,0.8373205080756888
0qKJYWbnv5I8o6vyLfHiOe,IfcBuildingElementProxy,Handtag skåp1:Handtag skåp:894783,0JBeWf23HFRgZonzHC5mk3,1 - First Floor,242.2936265449276,372.13418091124436,4.182679491924311,242.33401293350434,372.1846849307535,4.337320508075689
0qKJYWbnv5I8o6vyLfHiPN,IfcBuildingElementProxy,Handtag skåp1:Handtag skåp:894784,0JBeWf23HFRgZonzHC5mk3,1 - First Floor,242.19804472004057,372.10478508243733,4.182679491924311,242.2384311086173,372.1552891019465,4.337320508075689
0qKJYWbnv5I8o6vyLfHiPM,IfcBuildingElementProxy,Kök - Kyl frys-en dörr:Frys:894785,0JBeWf23HFRgZonzHC5mk3,1 - First Floor,239.31816263233455,371.30906061744776,3.5,240.06756193863708,372.0584599237504,5.618000000000005
0qKJYWbnv5I8o6vyLfHiPL,IfcBuildingElementProxy,Handtag kylfrys:Handtag kyl/frys:894786,0JBeWf23HFRgZonzHC5mk3,1 - First Floor,239.5119439945507,371.289882617879,4.495431711610118,239.54031749611437,371.32109369049715,4.617007176291947
0qKJYWbnv5I8o6vyLfHiPI,IfcBuildingElementProxy,Handtag skåp1:Handtag skåp:894789,0JBeWf23HFRgZonzHC5mk3,1 - First Floor,241.52896710980858,371.8990127934853,4.182679491924311,241.5693534983853,371.9495168129945,4.337320508075689
0qKJYWbnv5I8o6vyLfHiPH,IfcBuildingElementProxy,Handtag skåp1:Handtag skåp:894790,0JBeWf23HFRgZonzHC5mk3,1 - First Floor,241.6245489346956,371.92840862229235,4.182679491924311,241.66493532327235,371.9789126418015,4.337320508075689
0qKJYWbnv5I8o6vyLfHiPT,IfcBuildingElementProxy,Handtag skåp1:Handtag skåp:894794,0JBeWf23HFRgZonzHC5mk3,1 - First Floor,240.1057809084809,371.45779215113953,4.482679491924311,240.14613024710815,371.5082791603006,4.637320508075689
0qKJYWbnv5I8o6vyLfHiQj,IfcBuildingElementProxy,Handtag skåp1:Handtag skåp:894906,0JBeWf23HFRgZonzHC5mk3,1 - First Floor,243.4406216329806,372.48693491311934,4.182679491924311,243.48100802155733,372.5374389326285,4.337320508075689
0qKJYWbnv5I8o6vyLfHiQi,IfcBuildingElementProxy,Handtag skåp1:Handtag skåp:894907,0JBeWf23HFRgZonzHC5mk3,1 - First Floor,243.34503980809362,372.4575390843123,4.182679491924311,243.38542619667035,372.5080431038215,4.337320508075689
0qKJYWbnv5I8o6vyLfHipc,IfcBuildingElementProxy,Handtag skåp1:Handtag skåp:896497,0JBeWf23HFRgZonzHC5mk3,1 - First Floor,249.11018765084538,368.71546242907425,4.482679491924311,249.15057549024604,368.7659671137881,4.637320508075689
0qKJYWbnv5I8o6vyLfHipb,IfcBuildingElementProxy,Handtag skåp1:Handtag skåp:896498,0JBeWf23HFRgZonzHC5mk3,1 - First Floor,249.2248839054654,368.7511367922928,4.482679491924311,249.26655294558614,368.801247384064,4.637320508075689
0qKJYWbnv5I8o6vyLfHjHk,IfcBuildingElementProxy,Handtag skåp1:Handtag skåp:898425,0JBeWf23HFRgZonzHC5mk3,1 - First Floor,244.94188963737892,362.1908268262241,4.482679491924311,244.9835615426317,362.2409386302237,4.637320508075689
0qKJYWbnv5I8o6vyLfHjHj,IfcBuildingElementProxy,Handtag skåp1:Handtag skåp:898426,0JBeWf23HFRgZonzHC5mk3,1 - First Floor,245.05786412300662,362.22611819642214,4.482679491924311,245.09825486379873,362.2766242112249,4.637320508075689
0qKJYWbnv5I8o6vyLfHjHh,IfcBuildingElementProxy,Handtag skåp1:Handtag skåp:898428,0JBeWf23HFRgZonzHC5mk3,1 - First Floor,243.79495642571595,361.8379186115501,4.482679491924311,243.83662833096872,361.8880304155497,4.637320508075689
0qKJYWbnv5I8o6vyLfHjHg,IfcBuildingElementProxy,Handtag skåp1:Handtag skåp:898429,0JBeWf23HFRgZonzHC5mk3,1 - First Floor,243.91093091134263,361.8732094330171,4.482679491924311,243.95132165213474,361.92371544781986,4.637320508075689
0qKJYWbnv5I8o6vyLfHjHe,IfcBuildingElementProxy,Handtag skåp1:Handtag skåp:898431,0JBeWf23HFRgZonzHC5mk3,1 - First Floor,246.08882284904195,362.5437350408981,4.482679491924311,246.13049475429472,362.5938468448977,4.637320508075689
0qKJYWbnv5I8o6vyLfHjIN,IfcBuildingElementProxy,Handtag skåp1:Handtag skåp:898432,0JBeWf23HFRgZonzHC5mk3,1 - First Floor,246.2047973346696,362.57902586236514,4.482679491924311,246.2451880754617,362.6295318771679,4.637320508075689
0qKJYWbnv5I8o6vyLfHjir,IfcBuildingElementProxy,Handtag skåp1:Handtag skåp:899618,0JBeWf23HFRgZonzHC5mk3,1 - First Floor,244.95898552072634,366.36150220846463,4.182679491924311,245.00948954023545,366.40188859704136,4.337320508075689
0qKJYWbnv5I8o6vyLfHjiq,IfcBuildingElementProxy,Handtag skåp1:Handtag skåp:899619,0JBeWf23HFRgZonzHC5mk3,1 - First Floor,244.92958969191935,366.45708403335163,4.182679491924311,244.98009371142845,366.49747042192837,4.337320508075689
0qKJYWbnv5I8o6vyLfHjip,IfcBuildingElementProxy,Kök - Kyl frys-en dörr:Frys:899620,0JBeWf23HFRgZonzHC5mk3,1 - First Floor,239.35362491457047,365.7990873671978,3.5,240.10302422087307,366.54848667350035,5.618000000000005
0qKJYWbnv5I8o6vyLfHjio,IfcBuildingElementProxy,Handtag kylfrys:Handtag kyl/frys:899621,0JBeWf23HFRgZonzHC5mk3,1 - First Floor,239.5474062767867,365.77990936762905,4.495431711610118,239.57577977835035,365.8111204402472,4.617007176291947
0qKJYWbnv5I8o6vyLfHji$,IfcBuildingElementProxy,Handtag skåp1:Handtag skåp:899624,0JBeWf23HFRgZonzHC5mk3,1 - First Floor,243.0937385902366,366.8593728041523,4.182679491924311,243.13412497881333,366.9098768236615,4.337320508075689
0qKJYWbnv5I8o6vyLfHji_,IfcBuildingElementProxy,Handtag skåp1:Handtag skåp:899625,0JBeWf23HFRgZonzHC5mk3,1 - First Floor,243.1893204151236,366.88876863295934,4.182679491924311,243.22970680370034,366.9392726524685,4.337320508075689
0qKJYWbnv5I8o6vyLfHjiw,IfcBuildingElementProxy,Handtag skåp1:Handtag skåp:899629,0JBeWf23HFRgZonzHC5mk3,1 - First Floor,240.1412431907169,365.94781890088956,4.482679491924311,240.18159252934413,365.99830591005065,4.637320508075689
0qKJYWbnv5I8o6vyLfHjiu,IfcBuildingElementProxy,Handtag skåp1:Handtag skåp:899631,0JBeWf23HFRgZonzHC5mk3,1 - First Floor,241.85117486670558,366.4772270296563,4.182679491924311,241.8915612552823,366.5277310491655,4.337320508075689
0qKJYWbnv5I8o6vyLfHjid,IfcBuildingElementProxy,Handtag skåp1:Handtag skåp:899632,0JBeWf23HFRgZonzHC5mk3,1 - First Floor,241.7555930418186,366.4478312008493,4.182679491924311,241.79597943039533,366.49833522035846,4.337320508075689
0qKJYWbnv5I8o6vyLfHje7,IfcBuildingElementProxy,Serena bench with three drawers:Serena bench with three drawers:899856,0JBeWf23HFRgZonzHC5mk3,1 - First Floor,237.3736628732032,362.58960989439714,3.5,238.58860645002687,363.26185187263496,3.9274999999999984
0qKJYWbnv5I8o6vyLfHje6,IfcBuildingElementProxy,"Display-LCD-Panasonic-Standard:47"", 1080p Full HD LCD w/ built-in speaker:899857",0JBeWf23HFRgZonzHC4iVK,Level 2,237.47753420450843,362.6332114303345,4.452119000000084,238.52398736440813,363.04263328753876,5.078228999999925
0qKJYWbnv5I8o6vyLfHjnp,IfcBuildingElementProxy,Handtag skåp1:Handtag skåp:900452,0JBeWf23HFRgZonzHC5mk3,1 - First Floor,240.9353562983735,360.885632200993,4.482679491924311,240.98546628387146,360.9272998084154,4.637320508075689
0qKJYWbnv5I8o6vyLfHjno,IfcBuildingElementProxy,Handtag skåp1:Handtag skåp:900453,0JBeWf23HFRgZonzHC5mk3,1 - First Floor,240.89968726979336,361.0016116097027,4.482679491924311,240.95019128930247,361.0419979982794,4.637320508075689
0qKJYWbnv5I8o6vyLfHj$1,IfcBuildingElementProxy,Handtag skåp1:Handtag skåp:900822,0JBeWf23HFRgZonzHC5mk3,1 - First Floor,241.08652026760961,366.2420603991983,4.182679491924311,241.12690665618635,366.29256441870746,4.337320508075689
0qKJYWbnv5I8o6vyLfHj$0,IfcBuildingElementProxy,Handtag skåp1:Handtag skåp:900823,0JBeWf23HFRgZonzHC5mk3,1 - First Floor,240.9909384427226,366.21266457039036,4.182679491924311,241.03132483129934,366.2631685898995,4.337320508075689
0qdpkovdH5RgxJU7gsxrr1,IfcBuildingElementProxy,Serena bench with three drawers:Serena bench with three drawers:902854,0JBeWf23HFRgZonzHC5mk3,1 - First Floor,235.17932640115518,368.0946550218791,3.5,236.39426997797887,368.7668970001169,3.9274999999999984
0qdpkovdH5RgxJU7gsxrnL,IfcBuildingElementProxy,Handtag skåp1:Handtag skåp:903122,0JBeWf23HFRgZonzHC5mk3,1 - First Floor,242.99070466589393,370.1645296963445,4.182679491924311,243.0323722733164,370.2146396818425,4.337320508075689
0qdpkovdH5RgxJU7gsxrnK,IfcBuildingElementProxy,Handtag skåp1:Handtag skåp:903123,0JBeWf23HFRgZonzHC5mk3,1 - First Floor,242.89512284100692,370.1351338675365,4.182679491924311,242.9367904484294,370.18524385303454,4.337320508075689
0qdpkovdH5RgxJU7gsxr5u,IfcBuildingElementProxy,Handtag skåp1:Handtag skåp:903935,0JBeWf23HFRgZonzHC5mk3,1 - First Floor,236.78983556345193,366.40938308123594,4.482679491924311,236.8302234028526,366.4598877659498,4.637320508075689
0qdpkovdH5RgxJU7gsxr27,IfcBuildingElementProxy,Handtag skåp1:Handtag skåp:903936,0JBeWf23HFRgZonzHC5mk3,1 - First Floor,236.67385779552387,366.37410281095896,4.482679491924311,236.71552683564462,366.4242134027302,4.637320508075689
0qdpkovdH5RgxJU7gsxr25,IfcBuildingElementProxy,Handtag skåp1:Handtag skåp:903938,0JBeWf23HFRgZonzHC5mk3,1 - First Floor,235.64287032282195,366.05658051118394,4.482679491924311,235.68325816222261,366.1070851958978,4.637320508075689
0qdpkovdH5RgxJU7gsxr24,IfcBuildingElementProxy,Handtag skåp1:Handtag skåp:903939,0JBeWf23HFRgZonzHC5mk3,1 - First Floor,235.52689255489386,366.0213002409069,4.482679491924311,235.56856159501461,366.0714108326781,4.637320508075689
2IzmleSW1Dlx86K0hfkLXi,IfcBuildingElementProxy,Handtag skåp1:Handtag skåp:904342,0JBeWf23HFRgZonzHC5mk3,1 - First Floor,251.5359878854286,356.7467917970123,4.482679491924311,251.57637427400533,356.79729581652145,4.637320508075689
2IzmleSW1Dlx86K0hfkLXj,IfcBuildingElementProxy,Handtag skåp1:Handtag skåp:904343,0JBeWf23HFRgZonzHC5mk3,1 - First Floor,251.6506860752936,356.78246082559247,4.482679491924311,251.6923536827161,356.8325708110905,4.637320508075689
2IzmleSW1Dlx86K0hfkLg2,IfcBuildingElementProxy,Handtag skåp1:Handtag skåp:904824,0JBeWf23HFRgZonzHC5mk3,1 - First Floor,246.06173830503135,349.76788455812664,4.482679491924311,246.11224232454046,349.8082709467034,4.637320508075689
2IzmleSW1Dlx86K0hfkLfJ,IfcBuildingElementProxy,Handtag skåp1:Handtag skåp:904873,0JBeWf23HFRgZonzHC5mk3,1 - First Floor,245.91475916099535,350.2457936825616,4.482679491924311,245.96526318050445,350.28618007113835,4.637320508075689
2IzmleSW1Dlx86K0hfkLe_,IfcBuildingElementProxy,Handtag skåp1:Handtag skåp:904900,0JBeWf23HFRgZonzHC5mk3,1 - First Floor,246.20871744906833,349.28997543369167,4.482679491924311,246.25922146857744,349.3303618222684,4.637320508075689
0fjrUmmzDB4fngo1stt0Lp,IfcBuildingElementProxy,Kök - Kyl frys-en dörr:Frys:908878,0JBeWf23HFRgZonzHC5mk3,1 - First Floor,240.03036815999351,378.3903103923139,3.5,240.7806996650093,379.1406418973297,5.618000000000005
0fjrUmmzDB4fngo1stt0Lo,IfcBuildingElementProxy,Handtag kylfrys:Handtag kyl/frys:908879,0JBeWf23HFRgZonzHC5mk3,1 - First Floor,240.7414378866335,378.53054073200974,4.495431711610118,240.7698509637609,378.56177883021314,4.617007176291947
0fjrUmmzDB4fngo1stt0Ll,IfcBuildingElementProxy,Handtag skåp1:Handtag skåp:908882,0JBeWf23HFRgZonzHC5mk3,1 - First Floor,238.7077823927716,377.8948451563005,4.182679491924311,238.7494500001941,377.9449551417985,4.337320508075689
0fjrUmmzDB4fngo1stt0Lk,IfcBuildingElementProxy,Handtag skåp1:Handtag skåp:908883,0JBeWf23HFRgZonzHC5mk3,1 - First Floor,238.6122005678846,377.8654493274935,4.182679491924311,238.65386817530708,377.9155593129915,4.337320508075689
0fjrUmmzDB4fngo1stt0Lh,IfcBuildingElementProxy,Handtag skåp1:Handtag skåp:908886,0JBeWf23HFRgZonzHC5mk3,1 - First Floor,237.51555400227386,376.226809936277,4.482679491924311,237.56567942503645,376.26851407464824,4.637320508075689
0fjrUmmzDB4fngo1stt0Lb,IfcBuildingElementProxy,Handtag skåp1:Handtag skåp:908888,0JBeWf23HFRgZonzHC5mk3,1 - First Floor,239.3740310933376,378.0993533907713,4.182679491924311,239.41441748191434,378.14985741028045,4.337320508075689
0fjrUmmzDB4fngo1stt0La,IfcBuildingElementProxy,Handtag skåp1:Handtag skåp:908889,0JBeWf23HFRgZonzHC5mk3,1 - First Floor,239.2784492684506,378.06995756196335,4.182679491924311,239.31883565702734,378.1204615814725,4.337320508075689
0fjrUmmzDB4fngo1stt0Lc,IfcBuildingElementProxy,Handtag skåp1:Handtag skåp:908891,0JBeWf23HFRgZonzHC5mk3,1 - First Floor,239.94752204265959,378.27572836361435,4.182679491924311,239.98790843123632,378.3262323831235,4.337320508075689
0fjrUmmzDB4fngo1stt0LX,IfcBuildingElementProxy,Handtag skåp1:Handtag skåp:908892,0JBeWf23HFRgZonzHC5mk3,1 - First Floor,239.8519402177726,378.2463325348073,4.182679491924311,239.89232660634934,378.2968365543165,4.337320508075689
0fjrUmmzDB4fngo1stt0Md,IfcBuildingElementProxy,Handtag skåp1:Handtag skåp:908954,0JBeWf23HFRgZonzHC5mk3,1 - First Floor,237.39116296509556,376.6174919307286,4.182679491924311,237.44166698460467,376.6578783193053,4.337320508075689
0fjrUmmzDB4fngo1stt0Mc,IfcBuildingElementProxy,Handtag skåp1:Handtag skåp:908955,0JBeWf23HFRgZonzHC5mk3,1 - First Floor,237.42055879390256,376.52191010584164,4.182679491924311,237.47106281341166,376.5622964944184,4.337320508075689
0fjrUmmzDB4fngo1stt0Na,IfcBuildingElementProxy,Handtag skåp1:Handtag skåp:909017,0JBeWf23HFRgZonzHC5mk3,1 - First Floor,240.42150444652398,377.07160836639895,4.182679491924311,240.46189228592462,377.1221130511128,4.337320508075689
0fjrUmmzDB4fngo1stt0Nd,IfcBuildingElementProxy,Handtag skåp1:Handtag skåp:909018,0JBeWf23HFRgZonzHC5mk3,1 - First Floor,240.51708491919698,377.10100859163,4.182679491924311,240.5574727585976,377.15151327634385,4.337320508075689
0fjrUmmzDB4fngo1stt0NW,IfcBuildingElementProxy,Handtag skåp1:Handtag skåp:909021,0JBeWf23HFRgZonzHC5mk3,1 - First Floor,239.75244113781199,376.86580678978794,4.182679491924311,239.79282897721262,376.9163114745018,4.337320508075689
0fjrUmmzDB4fngo1stt0NZ,IfcBuildingElementProxy,Handtag skåp1:Handtag skåp:909022,0JBeWf23HFRgZonzHC5mk3,1 - First Floor,239.84802161048498,376.89520701501795,4.182679491924311,239.88840944988561,376.9457116997318,4.337320508075689
0fjrUmmzDB4fngo1stt0NT,IfcBuildingElementProxy,Handtag skåp1:Handtag skåp:909024,0JBeWf23HFRgZonzHC5mk3,1 - First Floor,241.09056775523496,377.2774099430109,4.182679491924311,241.1309555946356,377.3279146277248,4.337320508075689
0fjrUmmzDB4fngo1stt0NS,IfcBuildingElementProxy,Handtag skåp1:Handtag skåp:909025,0JBeWf23HFRgZonzHC5mk3,1 - First Floor,241.18614822790798,377.30681016824093,4.182679491924311,241.22653606730861,377.3573148529548,4.337320508075689
0fjrUmmzDB4fngo1stt3am,IfcBuildingElementProxy,Handtag skåp1:Handtag skåp:909837,0JBeWf23HFRgZonzHC5mk3,1 - First Floor,248.93282673677393,378.11642698161694,4.482679491924311,248.9732145761746,378.1669316663308,4.637320508075689
0fjrUmmzDB4fngo1stt3Z5,IfcBuildingElementProxy,Kök - Kyl frys-en dörr:Frys:910328,0JBeWf23HFRgZonzHC5mk3,1 - First Floor,240.6036517010655,378.5673583562579,3.5,241.3539832060813,379.3176898612737,5.618000000000005
0fjrUmmzDB4fngo1stt3Z4,IfcBuildingElementProxy,Handtag kylfrys:Handtag kyl/frys:910329,0JBeWf23HFRgZonzHC5mk3,1 - First Floor,241.3147214277045,378.7075886959547,4.495431711610118,241.3431345048319,378.7388267941581,4.617007176291947
0fjrUmmzDB4fngo1stt3rz,IfcBuildingElementProxy,Handtag skåp1:Handtag skåp:910912,0JBeWf23HFRgZonzHC5mk3,1 - First Floor,250.1719088248516,327.7791879666055,4.482679491924311,250.2135764322741,327.8292979521035,4.637320508075689
0fjrUmmzDB4fngo1stt3ry,IfcBuildingElementProxy,Handtag skåp1:Handtag skåp:910913,0JBeWf23HFRgZonzHC5mk3,1 - First Floor,250.05721063498657,327.7435189380253,4.482679491924311,250.0975970235633,327.7940229575345,4.637320508075689
0fjrUmmzDB4fngo1stt3Fi,IfcBuildingElementProxy,Handtag skåp1:Handtag skåp:911569,0JBeWf23HFRgZonzHC5mk3,1 - First Floor,254.59807487438036,328.27375078504366,4.482679491924311,254.64857889388946,328.3141371736204,4.637320508075689
0fjrUmmzDB4fngo1stt3FL,IfcBuildingElementProxy,Handtag skåp1:Handtag skåp:911592,0JBeWf23HFRgZonzHC5mk3,1 - First Floor,254.42234663582838,328.84744063505167,4.482679491924311,254.47285065533748,328.8878270236284,4.637320508075689
0fjrUmmzDB4fngo1stt38_,IfcBuildingElementProxy,Handtag skåp1:Handtag skåp:911619,0JBeWf23HFRgZonzHC5mk3,1 - First Floor,254.27449872121235,329.32508257237964,4.482679491924311,254.32500274072146,329.3654689609564,4.637320508075689
0fjrUmmzDB4fngo1stt393,IfcBuildingElementProxy,Handtag skåp1:Handtag skåp:911742,0JBeWf23HFRgZonzHC5mk3,1 - First Floor,255.7755769878346,327.3004187987275,4.182679491924311,255.81724459525708,327.3505287842255,4.337320508075689
0fjrUmmzDB4fngo1stt392,IfcBuildingElementProxy,Handtag skåp1:Handtag skåp:911743,0JBeWf23HFRgZonzHC5mk3,1 - First Floor,255.87115881272157,327.3298146275345,4.182679491924311,255.91282642014406,327.37992461303253,4.337320508075689
0fjrUmmzDB4fngo1stt3AF,IfcBuildingElementProxy,Kök - Kyl frys-en dörr:Frys:911794,0JBeWf23HFRgZonzHC5mk3,1 - First Floor,254.23391598340547,326.91363224357184,3.5,254.9842474884213,327.66396374858766,5.618000000000005
0fjrUmmzDB4fngo1stt3AE,IfcBuildingElementProxy,Handtag kylfrys:Handtag kyl/frys:911795,0JBeWf23HFRgZonzHC5mk3,1 - First Floor,254.94498571004553,327.05386258326774,4.495431711610118,254.97339878717293,327.08510068147115,4.617007176291947
0fjrUmmzDB4fngo1stt3Ty,IfcBuildingElementProxy,Kök - Kyl frys-en dörr:Frys:912449,0JBeWf23HFRgZonzHC5mk3,1 - First Floor,250.53465510667232,343.3546773562685,3.5,251.28498661168814,344.1050088612843,5.618000000000005
0fjrUmmzDB4fngo1stt3T$,IfcBuildingElementProxy,Handtag kylfrys:Handtag kyl/frys:912450,0JBeWf23HFRgZonzHC5mk3,1 - First Floor,251.11351817378787,344.0657470829085,4.495431711610118,251.14475627199127,344.0941601600359,4.617007176291947
0fjrUmmzDB4fngo1stt3Ub,IfcBuildingElementProxy,Handtag skåp1:Handtag skåp:912536,0JBeWf23HFRgZonzHC5mk3,1 - First Floor,250.8429124987436,347.7507138323535,4.182679491924311,250.88458010616608,347.8008238178515,4.337320508075689
0fjrUmmzDB4fngo1stt3Ua,IfcBuildingElementProxy,Handtag skåp1:Handtag skåp:912537,0JBeWf23HFRgZonzHC5mk3,1 - First Floor,250.93849432363058,347.78010966116045,4.182679491924311,250.98016193105306,347.83021964665846,4.337320508075689
2X_OhCV2r4iwXNvH5Dk$Fj,IfcBuildingElementProxy,Handtag skåp1:Handtag skåp:919956,0JBeWf23HFRgZonzHC5mk3,1 - First Floor,258.13323749177766,335.1953007449433,4.482679491924311,258.1736238803544,335.2458047644525,4.637320508075689
2X_OhCV2r4iwXNvH5Dk$Fi,IfcBuildingElementProxy,Handtag skåp1:Handtag skåp:919957,0JBeWf23HFRgZonzHC5mk3,1 - First Floor,258.2479356816426,335.2309697735235,4.482679491924311,258.28960328906504,335.2810797590215,4.637320508075689
0Um_J2ClP45uPRcRbJqe3T,IfcBuildingElementProxy,Electrical_Solar-Panels_Soprema_Soprasolar_Fix-Evo-Tilt_EN:REC PE 260 HD:957782,0JBeWf23HFRgZonzHC5nGM,6 - Sixth Floor,238.07907256220693,359.16564294938337,18.833,243.5384601936205,361.84864861434346,19.170836637648183
0Um_J2ClP45uPRcRbJqeCt,IfcBuildingElementProxy,Electrical_Solar-Panels_Soprema_Soprasolar_Fix-Evo-Tilt_EN:REC PE 260 HD:958140,0JBeWf23HFRgZonzHC5nGM,6 - Sixth Floor,235.88096091005536,365.93866418132575,18.833,241.3403593920273,368.6215584782664,19.170836637648183
0Um_J2ClP45uPRcRbJqeAt,IfcBuildingElementProxy,Electrical_Solar-Panels_Soprema_Soprasolar_Fix-Evo-Tilt_EN:REC PE 260 HD:958268,0JBeWf23HFRgZonzHC5nGM,6 - Sixth Floor,236.9199345861174,362.84017915779674,18.833,242.37933306808932,365.5230734547374,19.170836637648183
0Um_J2ClP45uPRcRbJqeBQ,IfcBuildingElementProxy,Electrical_Solar-Panels_Soprema_Soprasolar_Fix-Evo-Tilt_EN:REC PE 260 HD:958289,0JBeWf23HFRgZonzHC5nGM,6 - Sixth Floor,245.13041820182139,361.17307588557276,18.833,250.58981668379332,363.85597018251343,19.170836637648183
0Um_J2ClP45uPRcRbJqeBj,IfcBuildingElementProxy,Electrical_Solar-Panels_Soprema_Soprasolar_Fix-Evo-Tilt_EN:REC PE 260 HD:958310,0JBeWf23HFRgZonzHC5nGM,6 - Sixth Floor,239.00381367639739,355.96337815987175,18.833,244.46321215836932,358.6462724568124,19.170836637648183
0Um_J2ClP45uPRcRbJqeBm,IfcBuildingElementProxy,Electrical_Solar-Panels_Soprema_Soprasolar_Fix-Evo-Tilt_EN:REC PE 260 HD:958331,0JBeWf23HFRgZonzHC5nGM,6 - Sixth Floor,245.67222676529437,357.96390208654077,18.833,251.1316252472663,360.64679638348144,19.170836637648183
0Um_J2ClP45uPRcRbJqe8R,IfcBuildingElementProxy,Electrical_Solar-Panels_Soprema_Soprasolar_Fix-Evo-Tilt_EN:REC PE 260 HD:958352,0JBeWf23HFRgZonzHC5nGM,6 - Sixth Floor,240.08743080334338,352.79588194264676,18.833,245.5468292853153,355.47877623958743,19.170836637648183
0Um_J2ClP45uPRcRbJqe8k,IfcBuildingElementProxy,Electrical_Solar-Panels_Soprema_Soprasolar_Fix-Evo-Tilt_EN:REC PE 260 HD:958373,0JBeWf23HFRgZonzHC5nGM,6 - Sixth Floor,247.08926454668438,354.8380834511207,18.833,252.5486630286563,357.5209777480614,19.170836637648183
0Um_J2ClP45uPRcRbJqe8n,IfcBuildingElementProxy,Electrical_Solar-Panels_Soprema_Soprasolar_Fix-Evo-Tilt_EN:REC PE 260 HD:958394,0JBeWf23HFRgZonzHC5nGM,6 - Sixth Floor,243.90953108291916,349.65025774751314,18.833,247.7583756604483,351.8378328333544,19.170836637580507
0Um_J2ClP45uPRcRbJqhsP,IfcBuildingElementProxy,Electrical_Solar-Panels_Soprema_Soprasolar_Fix-Evo-Tilt_EN:REC PE 260 HD:958482,0JBeWf23HFRgZonzHC5nGM,6 - Sixth Floor,249.00643330974316,351.1704562522281,18.833,252.8552778872723,353.3580313380694,19.170836637580507
0Um_J2ClP45uPRcRbJqhsw,IfcBuildingElementProxy,Electrical_Solar-Panels_Soprema_Soprasolar_Fix-Evo-Tilt_EN:REC PE 260 HD:958513,0JBeWf23HFRgZonzHC5nGM,6 - Sixth Floor,244.93650013445117,346.2245816006951,18.833,248.78534471198031,348.4121566865364,19.170836637580507
0Um_J2ClP45uPRcRbJqhsv,IfcBuildingElementProxy,Electrical_Solar-Panels_Soprema_Soprasolar_Fix-Evo-Tilt_EN:REC PE 260 HD:958514,0JBeWf23HFRgZonzHC5nGM,6 - Sixth Floor,250.03340236127417,347.7447801054102,18.833,253.88224693880332,349.9323551912515,19.170836637580507
0Um_J2ClP45uPRcRbJqhsm,IfcBuildingElementProxy,Electrical_Solar-Panels_Soprema_Soprasolar_Fix-Evo-Tilt_EN:REC PE 260 HD:958523,0JBeWf23HFRgZonzHC5nGM,6 - Sixth Floor,246.23058904951515,342.72574860811517,18.833,250.0794336270443,344.91332369395644,19.170836637580507
0Um_J2ClP45uPRcRbJqhst,IfcBuildingElementProxy,Electrical_Solar-Panels_Soprema_Soprasolar_Fix-Evo-Tilt_EN:REC PE 260 HD:958524,0JBeWf23HFRgZonzHC5nGM,6 - Sixth Floor,251.32749127633815,344.24594711283015,18.833,255.1763358538673,346.4335221986714,19.170836637580507
0Um_J2ClP45uPRcRbJqhtE,IfcBuildingElementProxy,Electrical_Solar-Panels_Soprema_Soprasolar_Fix-Evo-Tilt_EN:REC PE 260 HD:958533,0JBeWf23HFRgZonzHC5nGM,6 - Sixth Floor,247.40113980329417,338.78139974456815,18.833,251.24998438082332,340.9689748304094,19.170836637580507
0Um_J2ClP45uPRcRbJqhtD,IfcBuildingElementProxy,Electrical_Solar-Panels_Soprema_Soprasolar_Fix-Evo-Tilt_EN:REC PE 260 HD:958534,0JBeWf23HFRgZonzHC5nGM,6 - Sixth Floor,252.49804203011718,340.30159824928313,18.833,256.3468866076463,342.4891733351244,19.170836637580507
0Um_J2ClP45uPRcRbJqhtO,IfcBuildingElementProxy,Electrical_Solar-Panels_Soprema_Soprasolar_Fix-Evo-Tilt_EN:REC PE 260 HD:958547,0JBeWf23HFRgZonzHC5nGM,6 - Sixth Floor,248.65856735912817,335.2606025882311,18.833,252.50741193665732,337.4481776740724,19.170836637580507
0Um_J2ClP45uPRcRbJqhtV,IfcBuildingElementProxy,Electrical_Solar-Panels_Soprema_Soprasolar_Fix-Evo-Tilt_EN:REC PE 260 HD:958548,0JBeWf23HFRgZonzHC5nGM,6 - Sixth Floor,253.75546958595214,336.78080109294615,18.833,257.60431416348126,338.9683761787874,19.170836637580507
0Um_J2ClP45uPRcRbJqhtg,IfcBuildingElementProxy,Electrical_Solar-Panels_Soprema_Soprasolar_Fix-Evo-Tilt_EN:REC PE 260 HD:958561,0JBeWf23HFRgZonzHC5nGM,6 - Sixth Floor,249.41302389262916,331.4883199207271,18.833,253.2618684701583,333.6758950065684,19.170836637580507
0Um_J2ClP45uPRcRbJqhtf,IfcBuildingElementProxy,Electrical_Solar-Panels_Soprema_Soprasolar_Fix-Evo-Tilt_EN:REC PE 260 HD:958562,0JBeWf23HFRgZonzHC5nGM,6 - Sixth Floor,254.50992611945213,333.0085184254421,18.833,258.35877069698125,335.1960935112834,19.170836637580507
0Um_J2ClP45uPRcRbJqhta,IfcBuildingElementProxy,Electrical_Solar-Panels_Soprema_Soprasolar_Fix-Evo-Tilt_EN:REC PE 260 HD:958575,0JBeWf23HFRgZonzHC5nGM,6 - Sixth Floor,251.00576546335316,327.71603725322217,18.833,254.8546100408823,329.90361233906344,19.170836637580507
0Um_J2ClP45uPRcRbJqhtx,IfcBuildingElementProxy,Electrical_Solar-Panels_Soprema_Soprasolar_Fix-Evo-Tilt_EN:REC PE 260 HD:958576,0JBeWf23HFRgZonzHC5nGM,6 - Sixth Floor,256.10266769017613,329.23623575793715,18.833,259.95151226770525,331.4238108437784,19.170836637580507
0Um_J2ClP45uPRcRbJqhts,IfcBuildingElementProxy,Electrical_Solar-Panels_Soprema_Soprasolar_Fix-Evo-Tilt_EN:REC PE 260 HD:958589,0JBeWf23HFRgZonzHC5nGM,6 - Sixth Floor,252.9338210489666,324.0275830894404,18.833,260.0037734353813,327.20579659748046,19.170836637648183
2I1hX40SDEbAFJeZO_2_Bt,IfcBuildingElementProxy,M_RPC Tree - Deciduous:Fraxinus - 5.6 Meters:963647,0JBeWf23HFRgZonzHC4iHL,Level 1,271.72772225726015,344.2444898150979,0.0,278.37198152468574,350.0197056163369,5.600000042724609
2I1hX40SDEbAFJeZO_2_A2,IfcBuildingElementProxy,M_RPC Tree - Deciduous:Fraxinus - 5.6 Meters:963658,0JBeWf23HFRgZonzHC4iHL,Level 1,274.49838631697617,336.4299980963029,0.0,281.14264558440175,342.2052138975419,5.600000042724609
2I1hX40SDEbAFJeZO_2_AT,IfcBuildingElementProxy,M_RPC Tree - Deciduous:Fraxinus - 5.6 Meters:963669,0JBeWf23HFRgZonzHC4iHL,Level 1,277.05685181966817,329.3939821011869,0.0,283.70111108709375,335.16919790242594,5.600000042724609
2I1hX40SDEbAFJeZO_2_AY,IfcBuildingElementProxy,M_RPC Tree - Deciduous:Fraxinus - 5.6 Meters:963690,0JBeWf23HFRgZonzHC4iHL,Level 1,278.91235703258917,321.8548092179529,0.0,285.55661630001475,327.6300250191919,5.600000042724609
2I1hX40SDEbAFJeZO_2_99,IfcBuildingElementProxy,M_RPC Tree - Deciduous:Fraxinus - 5.6 Meters:963713,0JBeWf23HFRgZonzHC4iHL,Level 1,282.21260704716116,309.93812087111485,0.0,288.85686631458674,315.7133366723539,5.600000042724609
2I1hX40SDEbAFJeZO_2_9Q,IfcBuildingElementProxy,M_RPC Tree - Deciduous:Fraxinus - 5.6 Meters:963730,0JBeWf23HFRgZonzHC4iHL,Level 1,286.5452897852892,295.8159043606049,0.0,293.18954905271477,301.59112016184395,5.600000042724609
2I1hX40SDEbAFJeZO_2_9L,IfcBuildingElementProxy,M_RPC Tree - Deciduous:Fraxinus - 5.6 Meters:963741,0JBeWf23HFRgZonzHC4iHL,Level 1,288.51866646224914,290.5535665553789,0.0,295.1629257296747,296.3287823566179,5.600000042724609
2I1hX40SDEbAFJeZO_2_9W,IfcBuildingElementProxy,M_RPC Tree - Deciduous:Fraxinus - 5.6 Meters:963752,0JBeWf23HFRgZonzHC4iHL,Level 1,290.96189472896117,283.59976302704484,0.0,297.60615399638675,289.3749788282839,5.600000042724609
2I1hX40SDEbAFJeZO_2_9r,IfcBuildingElementProxy,M_RPC Tree - Deciduous:Fraxinus - 5.6 Meters:963773,0JBeWf23HFRgZonzHC4iHL,Level 1,267.79111985048814,357.1866007347809,0.0,274.4353791179137,362.9618165360199,5.600000042724609
2I1hX40SDEbAFJeZO_2_80,IfcBuildingElementProxy,M_RPC Tree - Deciduous:Fraxinus - 5.6 Meters:963784,0JBeWf23HFRgZonzHC4iHL,Level 1,265.7305230863572,363.9368315138319,0.0,272.3747823537828,369.71204731507095,5.600000042724609
2I1hX40SDEbAFJeZO_2_8R,IfcBuildingElementProxy,M_RPC Tree - Deciduous:Fraxinus - 5.6 Meters:963795,0JBeWf23HFRgZonzHC4iHL,Level 1,262.72524928846315,374.97079427279687,0.0,269.36950855588873,380.7460100740359,5.600000042724609
2I1hX40SDEbAFJeZO_2_8M,IfcBuildingElementProxy,M_RPC Tree - Deciduous:Fraxinus - 5.6 Meters:963806,0JBeWf23HFRgZonzHC4iHL,Level 1,261.22172420125514,381.54871652932985,0.0,267.8659834686807,387.3239323305689,5.600000042724609
2I1hX40SDEbAFJeZO_2_F8,IfcBuildingElementProxy,M_RPC Tree - Deciduous:Kousa Dogwood - 3.0 Meters:963840,0JBeWf23HFRgZonzHC4iHL,Level 1,231.6558978456374,377.4527969456236,0.0,236.89754301775653,382.89595467229293,2.99999886016846
2I1hX40SDEbAFJeZO_2_F7,IfcBuildingElementProxy,M_RPC Tree - Deciduous:Kousa Dogwood - 3.0 Meters:963855,0JBeWf23HFRgZonzHC4iHL,Level 1,241.55486580436744,380.4184095596046,0.0,246.79651097648656,385.8615672862739,2.99999886016846
2I1hX40SDEbAFJeZO_2_Fu,IfcBuildingElementProxy,M_RPC Tree - Deciduous:Kousa Dogwood - 3.0 Meters:963888,0JBeWf23HFRgZonzHC4iHL,Level 1,225.6060437288044,375.5837376529326,0.0,230.84768890092352,381.0268953796019,2.99999886016846
2I1hX40SDEbAFJeZO_2_EE,IfcBuildingElementProxy,M_RPC Tree - Deciduous:Lombardy Poplar - 12.2 Meters:963910,0JBeWf23HFRgZonzHC4iHL,Level 1,247.28362803096,304.56578388428255,0.0,255.02349891184986,312.23021838135287,12.1999809082031
2I1hX40SDEbAFJeZO_2_EP,IfcBuildingElementProxy,M_RPC Tree - Deciduous:Lombardy Poplar - 12.2 Meters:963921,0JBeWf23HFRgZonzHC4iHL,Level 1,235.33502870962297,304.56578388428255,0.0,243.07489959051284,312.23021838135287,12.1999809082031
2I1hX40SDEbAFJeZO_2_Ev,IfcBuildingElementProxy,M_RPC Tree - Deciduous:Siberian Crab Apple - 6.1 Meters:963953,0JBeWf23HFRgZonzHC4iHL,Level 1,242.68362704395958,391.09239784530956,6.07758743171871e-08,250.90437467732139,399.3131454786714,6.10000498809815
2I1hX40SDEbAFJeZO_2_DX,IfcBuildingElementProxy,M_RPC Tree - Deciduous:Largetooth Aspen - 7.6 Meters:964009,0JBeWf23HFRgZonzHC4iHL,Level 1,232.87318785630836,309.85652458677464,0.0,238.76120607453956,315.74829199476414,7.599992500305181
2I1hX40SDEbAFJeZO_2_Dy,IfcBuildingElementProxy,M_RPC Tree - Deciduous:Largetooth Aspen - 7.6 Meters:964020,0JBeWf23HFRgZonzHC4iHL,Level 1,231.89816477679136,318.4286024942007,0.0,237.78618299502256,324.3203699021902,7.599992500305181
2I1hX40SDEbAFJeZO_2_Dt,IfcBuildingElementProxy,M_RPC Tree - Deciduous:Largetooth Aspen - 7.6 Meters:964031,0JBeWf23HFRgZonzHC4iHL,Level 1,226.57616380109036,318.10359480102863,0.0,232.46418201932156,323.99536220901814,7.599992500305181
2I1hX40SDEbAFJeZO_2_C2,IfcBuildingElementProxy,M_RPC Tree - Deciduous:Largetooth Aspen - 7.6 Meters:964042,0JBeWf23HFRgZonzHC4iHL,Level 1,239.80139908784133,317.9450822470406,0.0,245.68941730607253,323.8368496550301,7.599992500305181
2I1hX40SDEbAFJeZO_2_CV,IfcBuildingElementProxy,M_RPC Tree - Deciduous:Largetooth Aspen - 7.6 Meters:964055,0JBeWf23HFRgZonzHC4iHL,Level 1,219.71589908624836,309.13333446819365,0.0,225.60391730447955,315.02510187618316,7.599992500305181
2fypDDb212M80XzLYYLej3,IfcBuildingElementProxy,kappa_cycle_shelter_5_5m:Default:968306,0JBeWf23HFRgZonzHC4iHL,Level 1,229.67361254645374,351.5291377604208,0.054793590868742595,235.54640974764533,355.02304422038054,2.4798375480076764
2SEl4sI2X1JhqYqQydYucp,IfcBuildingElementProxy,M_RPC Female:Tina:969384,0JBeWf23HFRgZonzHC4iHL,Level 1,239.42697511564234,381.0008362026673,0.0,240.01791777590842,381.5917788629334,1.72720096893311
2SEl4sI2X1JhqYqQydYudQ,IfcBuildingElementProxy,M_RPC Female:YinYin:969409,0JBeWf23HFRgZonzHC4iHL,Level 1,250.47500900283683,381.11827416316754,0.0,251.15319719600276,381.79646232013533,1.7526
2SEl4sI2X1JhqYqQydYu$M,IfcBuildingElementProxy,M_RPC Male:Dwayne:969933,0JBeWf23HFRgZonzHC4iHL,Level 1,231.14482936942795,378.27775873282593,0.0,231.7573386355829,378.8902678743426,1.77799903106689
2SEl4sI2X1JhqYqQydYu$f,IfcBuildingElementProxy,M_RPC Male:LaRon:969970,0JBeWf23HFRgZonzHC4iHL,Level 1,263.40410251099587,378.88009634759214,0.0,264.0602490632305,379.52710399508373,1.87960096893311
2SEl4sI2X1JhqYqQydYuun,IfcBuildingElementProxy,M_RPC Male:Jay:970026,0JBeWf23HFRgZonzHC4iHL,Level 1,264.5501605204809,338.0720736265914,0.0,265.20092950390796,338.7228425944402,1.72720096893311
2SEl4sI2X1JhqYqQydYuuW,IfcBuildingElementProxy,M_RPC Male:Dwayne:970043,0JBeWf23HFRgZonzHC4iHL,Level 1,265.90852434676884,320.8118361536978,0.0,266.51421065371017,321.4175225847735,1.77799903106689
2SEl4sI2X1JhqYqQydYuv1,IfcBuildingElementProxy,M_RPC Female:Lisa:970074,0JBeWf23HFRgZonzHC4iHL,Level 1,258.4531208595742,316.82088341506204,0.0,259.0866257963153,317.45438835484254,1.65100096893311
2SEl4sI2X1JhqYqQydYuvW,IfcBuildingElementProxy,M_RPC Female:Cynthia:970107,0JBeWf23HFRgZonzHC4iHL,Level 1,236.41004017628654,350.50241727378585,0.0,237.27244348321415,351.30768054144824,1.49860096893311
2SEl4sI2X1JhqYqQydYuw7,IfcBuildingElementProxy,M_RPC Male:Dwayne:970140,0JBeWf23HFRgZonzHC4iHL,Level 1,232.87611535176245,350.21812132030436,0.0,233.45097047861697,350.7929763262521,1.77799903106689
2SEl4sI2X1JhqYqQydYuwW,IfcBuildingElementProxy,M_RPC Male:Jay:970171,0JBeWf23HFRgZonzHC4iHL,Level 1,230.82417534254765,348.2570008736461,0.0,231.42507038491595,348.85789597337026,1.72720096893311
2SEl4sI2X1JhqYqQydYux7,IfcBuildingElementProxy,M_RPC Male:Alex:970204,0JBeWf23HFRgZonzHC4iHL,Level 1,254.17442622119782,359.8740483924588,0.0,254.89676160721015,360.59638377847114,1.77799903106689
2SEl4sI2X1JhqYqQydYuxc,IfcBuildingElementProxy,M_RPC Male:Jay:970237,0JBeWf23HFRgZonzHC5mk3,1 - First Floor,243.21195047216185,376.2518110247319,3.5,243.8138952844362,376.85375577968915,5.22720096893311
2SEl4sI2X1JhqYqQydYuq4,IfcBuildingElementProxy,M_RPC Female:Florence:970271,0JBeWf23HFRgZonzHC5mk3,1 - First Floor,246.59158769856518,377.9234308182972,3.5,247.17355391566844,378.50539696557786,5.1764
2SEl4sI2X1JhqYqQydYurV,IfcBuildingElementProxy,M_RPC Beetle:M_RPC Beetle:970308,0JBeWf23HFRgZonzHC4iHL,Level 1,254.16004692029824,381.1926267654128,1.51172672813118e-06,256.4928890029901,385.1303752796793,1.51049980659485
2SEl4sI2X1JhqYqQydYv4D,IfcBuildingElementProxy,M_Hood-Island:1100mm:971286,0JBeWf23HFRgZonzHC5mk3,1 - First Floor,239.99718816047806,376.3821835574548,5.5,241.23593436587183,377.32310560127456,6.452399999999999
2SEl4sI2X1JhqYqQydYviQ,IfcBuildingElementProxy,Handtag skåp1:Handtag skåp:972801,0JBeWf23HFRgZonzHC5mk3,1 - First Floor,243.98872849280156,374.3055304177507,4.482679491924311,244.0388384782995,374.3471980251731,4.637320508075689
2SEl4sI2X1JhqYqQydYviP,IfcBuildingElementProxy,Handtag skåp1:Handtag skåp:972802,0JBeWf23HFRgZonzHC5mk3,1 - First Floor,244.02400348737055,374.19083222788663,4.482679491924311,244.07450750687966,374.23121861646337,4.637320508075689
2SEl4sI2X1JhqYqQydYvhp,IfcBuildingElementProxy,M_RPC Female:Florence:973288,0JBeWf23HFRgZonzHC4iHL,Level 1,234.69158159784877,381.8620344203773,0.0,235.3465810458138,382.51703387485765,1.6764000000000001
2SEl4sI2X1JhqYqQydYva7,IfcBuildingElementProxy,M_RPC Female:Cynthia:973340,0JBeWf23HFRgZonzHC4iHL,Level 1,235.57113057061315,381.56191329878993,0.0,236.42943887573722,382.5410026916467,1.49860096893311
2SEl4sI2X1JhqYqQydYv$Y,IfcBuildingElementProxy,M_RPC Male:Dwayne:974073,0JBeWf23HFRgZonzHC4iHL,Level 1,249.50857790127128,385.29128680775887,0.0,250.12341859172633,385.90612737343565,1.77799903106689
0ifV7awIzBlRVUTYG1zpXQ,IfcBuildingElementProxy,M_RPC Tree - Deciduous:Kousa Dogwood - 3.0 Meters:975079,0JBeWf23HFRgZonzHC4iHL,Level 1,266.3253714758234,388.1103892324716,0.0,271.5670166479425,393.55354695914093,2.99999886016846
0ifV7awIzBlRVUTYG1zpcr,IfcBuildingElementProxy,M_RPC Tree - Deciduous:Kousa Dogwood - 3.0 Meters:975112,0JBeWf23HFRgZonzHC4iHL,Level 1,278.23453931320637,391.77628040253353,0.0,283.4761844853255,397.21943812920284,2.99999886016846
0ifV7awIzBlRVUTYG1zpc8,IfcBuildingElementProxy,M_RPC Male:Alex:975157,0JBeWf23HFRgZonzHC4iHL,Level 1,261.629969067864,382.98536911888004,0.0,262.2876384900103,383.643039087438,1.77799903106689
0ifV7awIzBlRVUTYG1zpd3,IfcBuildingElementProxy,M_RPC Female:YinYin:975230,0JBeWf23HFRgZonzHC4iHL,Level 1,259.24039402604217,394.61115488107845,0.0,259.89271943925,395.2634803098679,1.7526
0ifV7awIzBlRVUTYG1zpa9,IfcBuildingElementProxy,M_RPC Male:Dwayne:975284,0JBeWf23HFRgZonzHC4iHL,Level 1,258.3957454226889,395.3256229983382,0.0,259.04152558972834,395.97140324553044,1.77799903106689
0ifV7awIzBlRVUTYG1zpbQ,IfcBuildingElementProxy,M_RPC Female:Cathy:975335,0JBeWf23HFRgZonzHC4iHL,Level 1,248.23036399060751,390.19573430796356,0.0,248.99974975307578,390.9238346348795,1.7526
0ifV7awIzBlRVUTYG1zpbL,IfcBuildingElementProxy,M_RPC Male:Alex:975336,0JBeWf23HFRgZonzHC4iHL,Level 1,247.8277074083072,391.25725705564105,0.0,248.52263561336105,391.9521861691031,1.77799903106689
0ifV7awIzBlRVUTYG1zpg5,IfcBuildingElementProxy,M_RPC Male:Alex:975416,0JBeWf23HFRgZonzHC4iHL,Level 1,256.4509573059465,391.44774526290644,0.0,257.1368515800292,392.1336404186063,1.77799903106689
0ifV7awIzBlRVUTYG1zpg4,IfcBuildingElementProxy,M_RPC Female:Florence:975417,0JBeWf23HFRgZonzHC4iHL,Level 1,256.731580976171,390.3989678066682,0.0,257.3645664189612,391.0319532649803,1.6764000000000001
0ifV7awIzBlRVUTYG1zpuT,IfcBuildingElementProxy,M_RPC Female:Cynthia:976544,0JBeWf23HFRgZonzHC4iHL,Level 1,262.2972028258367,344.22768404950574,0.0,263.1651962547965,345.2303848244489,1.49860096893311
0ifV7awIzBlRVUTYG1zpvk,IfcBuildingElementProxy,M_RPC Male:Alex:976595,0JBeWf23HFRgZonzHC4iHL,Level 1,251.1937414283629,394.7109889439826,0.0,251.8724664238374,395.3897130765028,1.77799903106689
0ifV7awIzBlRVUTYG1zp2K,IfcBuildingElementProxy,M_RPC Tree - Deciduous:Gray Birch - 3.1 Meters:976937,0JBeWf23HFRgZonzHC5nGM,6 - Sixth Floor,234.96960595797492,375.54032532315927,18.5,236.9832385713477,377.3206055376597,21.5999988609314
0ifV7awIzBlRVUTYG1zp29,IfcBuildingElementProxy,M_RPC Tree - Deciduous:Gray Birch - 3.1 Meters:976948,0JBeWf23HFRgZonzHC5nGM,6 - Sixth Floor,243.3902582077969,377.9332871166232,18.5,245.40389082116968,379.7135673311236,21.5999988609314
0ifV7awIzBlRVUTYG1zp3v,IfcBuildingElementProxy,M_RPC Female:Cathy:976964,0JBeWf23HFRgZonzHC5nGM,6 - Sixth Floor,236.6663173162085,372.1178821208791,18.5,237.38977958856646,372.8862526622609,20.2526
0ifV7awIzBlRVUTYG1zp3s,IfcBuildingElementProxy,M_RPC Female:Cynthia:976971,0JBeWf23HFRgZonzHC5nGM,6 - Sixth Floor,245.8223896487091,373.5911927519475,18.5,246.67994256788967,374.5657465402148,19.99860096893311
0ifV7awIzBlRVUTYG1zp3l,IfcBuildingElementProxy,M_RPC Male:LaRon:976978,0JBeWf23HFRgZonzHC5nGM,6 - Sixth Floor,241.17711634489876,378.0819445593821,18.5,241.81151756758965,378.68796973873765,20.37960096893311
0ifV7awIzBlRVUTYG1zp3a,IfcBuildingElementProxy,M_RPC Male:Dwayne:976985,0JBeWf23HFRgZonzHC5nGM,6 - Sixth Floor,237.67155433364826,377.3125768480734,18.5,238.3366590834913,377.97768152441057,20.27799903106689
0ifV7awIzBlRVUTYG1zp0F,IfcBuildingElementProxy,M_RPC Male:LaRon:977074,0JBeWf23HFRgZonzHC5nGM,6 - Sixth Floor,241.33414117739255,373.17574222067003,18.5,242.03917522660498,373.8807763023146,20.37960096893311
0ifV7awIzBlRVUTYG1zp7Z,IfcBuildingElementProxy,M_RPC Female:YinYin:977246,0JBeWf23HFRgZonzHC5nGM,6 - Sixth Floor,247.58803275396002,378.46964041477514,18.5,248.18984671070407,379.0714544033358,20.2526
2sG0Vcmgb1Uverjtj49zir,IfcFlowTerminal,M_Shower Stall with Seat - Rectangular:1220 mmx915 mm - Private:592773,0JBeWf23HFRgZonzHC5mk3,1 - First Floor,241.076599544523,358.92136286927513,3.5,242.30982298581597,360.3564448319932,5.329
3DRhHSTRP15ukUYu1G74bs,IfcFlowTerminal,M_Lavatory - Vanity:760 mmx455 mm - Private:596031,0JBeWf23HFRgZonzHC5mk3,1 - First Floor,244.3859266078766,358.9660636192796,3.5,245.06928212750793,359.8339418188752,4.382649999999962
3DRhHSTRP15ukUYu1G74a9,IfcFlowTerminal,M_Water Closet - Flush Tank:Public - Flushing Greater than 6.1 Lpf:596032,0JBeWf23HFRgZonzHC5mk3,1 - First Floor,244.37546550052951,358.3652923956952,3.5,245.15272364368843,358.9431141702375,4.268349999999966
0Zs4aBjAr5AggJ3MVmSIIU,IfcFlowTerminal,M_Shower Stall with Seat - Rectangular:1220 mmx915 mm - Private:598159,0JBeWf23HFRgZonzHC5mk3,1 - First Floor,248.94010324088978,339.393411088446,3.5,250.3751852036079,340.62663452973896,5.329
0Zs4aBjAr5AggJ3MVmSII5,IfcFlowTerminal,M_Water Closet - Flush Tank:Public - Flushing Greater than 6.1 Lpf:598164,0JBeWf23HFRgZonzHC5mk3,1 - First Floor,250.4231419601725,340.97293282837217,3.5,251.20040010333142,341.5507546029145,4.268349999999966
0Zs4aBjAr5AggJ3MVmSII4,IfcFlowTerminal,M_Lavatory - Vanity:760 mmx455 mm - Private:598165,0JBeWf23HFRgZonzHC5mk3,1 - First Floor,250.3449678246726,341.56916092419164,3.5,251.02832334430394,342.4370391237872,4.382649999999962
0Zs4aBjAr5AggJ3MVmSIFO,IfcFlowTerminal,M_Shower Stall with Seat - Rectangular:1220 mmx915 mm - Private:600009,0JBeWf23HFRgZonzHC5mk3,1 - First Floor,252.57274497375175,340.51070776436296,3.5,254.00782693646988,341.74393120565594,5.329
02b4vxvtD5HBo2EeUI65Me,IfcFlowTerminal,Kök - Diskmaskin 6m:Diskmaskin:635924,0JBeWf23HFRgZonzHC5mk3,1 - First Floor,245.67215094802322,354.55857663312753,3.5,246.41179242669045,355.3021310733945,4.37
1KGNuJkf5FjQZDFQ6We993,IfcFlowTerminal,Kök - Diskmaskin 6m:Diskmaskin:671270,0JBeWf23HFRgZonzHC5mk3,1 - First Floor,245.17466301485356,358.7799510244076,3.5,245.9143044935208,359.52350546467454,4.37
1KGNuJkf5FjQZDFQ6WeEBc,IfcFlowTerminal,M_Lavatory - Vanity:760 mmx455 mm - Private:675459,0JBeWf23HFRgZonzHC5mk3,1 - First Floor,246.2457523035704,355.1588901989121,3.5,246.92908091643338,356.026757519103,4.382649999999962
1KGNuJkf5FjQZDFQ6WeEBX,IfcFlowTerminal,M_Water Closet - Flush Tank:Public - Flushing Greater than 6.1 Lpf:675460,0JBeWf23HFRgZonzHC5mk3,1 - First Floor,246.54512074593737,354.5155348445198,3.5,247.3182804874322,355.09212939749324,4.268349999999966
1KGNuJkf5FjQZDFQ6WeEFB,IfcFlowTerminal,M_Shower Stall with Seat - Rectangular:1220 mmx915 mm - Private:675758,0JBeWf23HFRgZonzHC5mk3,1 - First Floor,246.761541765064,353.04598165408015,3.5,247.994765206357,354.4810636167982,5.329
0X2$ayW0v5dBNxK3e4nw7Y,IfcFlowTerminal,Kök - Diskmaskin 6m:Diskmaskin:681811,0JBeWf23HFRgZonzHC5mk3,1 - First Floor,249.2554175756824,344.9284796494445,3.5,249.98476143801443,345.6720340897114,4.37
11MreptMzBDAizZWBG8_sl,IfcFlowTerminal,Kök - Diskmaskin 6m:Diskmaskin:686908,0JBeWf23HFRgZonzHC5mk3,1 - First Floor,249.82998086119858,345.6494256268406,3.5,250.56962233986582,346.3929800671075,4.37
11MreptMzBDAizZWBG8mO0,IfcFlowTerminal,M_Water Closet - Flush Tank:Public - Flushing Greater than 6.1 Lpf:692371,0JBeWf23HFRgZonzHC5mk3,1 - First Floor,251.25474000643536,341.1876471197308,3.5,252.02790292149166,341.7642604273043,4.268349999999966
11MreptMzBDAizZWBG8mO7,IfcFlowTerminal,M_Lavatory - Vanity:760 mmx455 mm - Private:692372,0JBeWf23HFRgZonzHC5mk3,1 - First Floor,250.93725702640106,341.89257353501876,3.5,251.6206125460324,342.7604517346144,4.382649999999962
3GzoWuxxn4WO8bCtw8H3GU,IfcFlowTerminal,Kök - Diskmaskin 6m:Diskmaskin:697563,0JBeWf23HFRgZonzHC5mk3,1 - First Floor,251.84759034302556,337.3217531930596,3.5,252.5872318216928,338.06530763332654,4.37
3GzoWuxxn4WO8bCtw8H3Gu,IfcFlowTerminal,M_Lavatory - Vanity:760 mmx455 mm - Private:697597,0JBeWf23HFRgZonzHC5mk3,1 - First Floor,252.93856341046842,333.6368141166521,3.5,253.62189202333138,334.504681436843,4.382649999999962
3GzoWuxxn4WO8bCtw8H3Gx,IfcFlowTerminal,M_Water Closet - Flush Tank:Public - Flushing Greater than 6.1 Lpf:697598,0JBeWf23HFRgZonzHC5mk3,1 - First Floor,253.23793185283438,332.9934587622598,3.5,254.0110915943292,333.5700533152333,4.268349999999966
3GzoWuxxn4WO8bCtw8H3Gw,IfcFlowTerminal,M_Shower Stall with Seat - Rectangular:1220 mmx915 mm - Private:697599,0JBeWf23HFRgZonzHC5mk3,1 - First Floor,253.454352871961,331.52390557182014,3.5,254.68757631325397,332.9589875345382,5.329
2m6FhmO0r2OgRBRP7hD2KW,IfcFlowTerminal,M_Lavatory - Vanity:760 mmx455 mm - Private:703693,0JBeWf23HFRgZonzHC5mk3,1 - First Floor,251.2956321575857,336.70938682229405,3.5,251.97896077044854,337.57725414248495,4.382649999999962
2m6FhmO0r2OgRBRP7hD2KZ,IfcFlowTerminal,M_Water Closet - Flush Tank:Public - Flushing Greater than 6.1 Lpf:703694,0JBeWf23HFRgZonzHC5mk3,1 - First Floor,250.87997237737878,337.7337803153719,3.5,251.65313211887357,338.31037486834526,4.268349999999966
2m6FhmO0r2OgRBRP7hD2KY,IfcFlowTerminal,M_Shower Stall with Seat - Rectangular:1220 mmx915 mm - Private:703695,0JBeWf23HFRgZonzHC5mk3,1 - First Floor,250.2034876584542,338.34484609606693,3.5,251.436711099747,339.77992805878495,5.329
2m6FhmO0r2OgRBRP7hD4nW,IfcFlowTerminal,Kök - Diskmaskin 6m:Diskmaskin:710029,0JBeWf23HFRgZonzHC5mk3,1 - First Floor,257.88051980088517,325.3049836108255,3.5,258.62016127955246,326.04853805109246,4.37
2m6FhmO0r2OgRBRP7hD4Ix,IfcFlowTerminal,M_Lavatory - Vanity:760 mmx455 mm - Private:712022,0JBeWf23HFRgZonzHC5mk3,1 - First Floor,250.19750395172707,329.66484924955864,3.5,251.06537127191794,330.3481778624215,4.382649999999962
2m6FhmO0r2OgRBRP7hD4Iw,IfcFlowTerminal,M_Water Closet - Flush Tank:Public - Flushing Greater than 6.1 Lpf:712023,0JBeWf23HFRgZonzHC5mk3,1 - First Floor,249.07369341828445,328.81272184206375,3.5,249.84685315977924,329.3893163950371,4.268349999999966
2v8sGyGFXDsRc80mj95lHO,IfcFlowTerminal,M_Lavatory - Vanity:760 mmx455 mm - Private:726092,0JBeWf23HFRgZonzHC5mk3,1 - First Floor,240.9518667075576,373.6079153910636,3.5,241.63522222718893,374.4757935906592,4.382649999999962
2v8sGyGFXDsRc80mj95lIw,IfcFlowTerminal,M_Shower Stall with Seat - Rectangular:1220 mmx915 mm - Public:726190,0JBeWf23HFRgZonzHC5mk3,1 - First Floor,237.57095994014298,372.87773581344317,3.5,238.80418338143596,374.31281777616124,5.329
1cFRppLhj948bTrzz_Apvj,IfcFlowTerminal,M_Lavatory - Vanity:760 mmx455 mm - Private:815247,0JBeWf23HFRgZonzHC5mYt,-1 - Garage,259.34164594462766,325.22123237207404,-2.5,260.2095241442232,325.9045878917054,-1.6173500000000378
1q9pLykVT2tOtz_4XjbvQn,IfcFlowTerminal,M_Lavatory - Vanity:760 mmx455 mm - Private:879732,0JBeWf23HFRgZonzHC5mYt,-1 - Garage,259.82781243000665,324.4018904927217,-2.5,260.511167949638,325.2697686923173,-1.6173500000000378
1q9pLykVT2tOtz_4XjbvQm,IfcFlowTerminal,M_Water Closet - Flush Tank:Public - Flushing Greater than 6.1 Lpf:879733,0JBeWf23HFRgZonzHC5mYt,-1 - Garage,259.21257922301317,323.52618471309563,-2.5,259.7904009975555,324.30344285625455,-1.7316500000000339
1q9pLykVT2tOtz_4XjbvMR,IfcFlowTerminal,M_Lavatory - Vanity:760 mmx455 mm - Private:880478,0JBeWf23HFRgZonzHC5mYt,-1 - Garage,255.7792563528918,327.2904919889106,-2.5,256.6471345524874,327.9738475085419,-1.6173500000000378
1q9pLykVT2tOtz_4XjbvLy,IfcFlowTerminal,M_Lavatory - Vanity:760 mmx455 mm - Private:880569,0JBeWf23HFRgZonzHC5mYt,-1 - Garage,260.25245411698074,328.66631965375365,-2.5,261.12033231657637,329.3496751733849,-1.6173500000000378
3pFbansyD0KOHFtJHrTtyw,IfcFlowTerminal,M_Lavatory - Vanity:760 mmx455 mm - Private:887309,0JBeWf23HFRgZonzHC4iHL,Level 1,253.4491907595806,354.66790269796763,0.0,254.13254627921194,355.53578089756326,0.8826499999999621
3pFbansyD0KOHFtJHrTtyv,IfcFlowTerminal,M_Water Closet - Flush Tank:Public - Flushing Greater than 6.1 Lpf:887310,0JBeWf23HFRgZonzHC4iHL,Level 1,252.83395755258718,353.7921969183416,0.0,253.41177932712952,354.5694550615005,0.768349999999966
3pFbansyD0KOHFtJHrTt_f,IfcFlowTerminal,M_Lavatory - Vanity:760 mmx455 mm - Private:887454,0JBeWf23HFRgZonzHC4iHL,Level 1,251.16202274263063,353.96462322572563,0.0,251.84537826226196,354.83250142532125,0.8826499999999621
3pFbansyD0KOHFtJHrTt_e,IfcFlowTerminal,M_Water Closet - Flush Tank:Public - Flushing Greater than 6.1 Lpf:887455,0JBeWf23HFRgZonzHC4iHL,Level 1,250.54678953563715,353.0889174460986,0.0,251.1246113101795,353.8661755892575,0.768349999999966
0qKJYWbnv5I8o6vyLfHiPG,IfcFlowTerminal,Kök - Diskmaskin 6m:Diskmaskin:894791,0JBeWf23HFRgZonzHC5mk3,1 - First Floor,240.4651195232316,371.68022245028243,3.5,241.20867396349854,372.4095663126144,4.37
0qKJYWbnv5I8o6vyLfHjMt,IfcFlowTerminal,M_Lavatory - Vanity:760 mmx455 mm - Private:898208,0JBeWf23HFRgZonzHC5mk3,1 - First Floor,247.51321355426884,362.3962707910099,3.5,248.38110263143304,363.079653215964,4.382649999999962
0qKJYWbnv5I8o6vyLfHjMs,IfcFlowTerminal,M_Water Closet - Flush Tank:Public - Flushing Greater than 6.1 Lpf:898209,0JBeWf23HFRgZonzHC5mk3,1 - First Floor,248.82953595463567,362.81257866306356,3.5,249.40737563042606,363.5898380469843,4.268349999999966
0qKJYWbnv5I8o6vyLfHjMr,IfcFlowTerminal,M_Shower Stall with Seat - Rectangular:1220 mmx915 mm - Private:898210,0JBeWf23HFRgZonzHC5mk3,1 - First Floor,249.580892364843,364.3685348012933,3.5,251.0159743275611,365.6017582425863,5.329
0qKJYWbnv5I8o6vyLfHjiz,IfcFlowTerminal,Kök - Diskmaskin 6m:Diskmaskin:899626,0JBeWf23HFRgZonzHC5mk3,1 - First Floor,242.0298910036596,366.6405824609494,3.5,242.77344544392653,367.3699263232815,4.37
0qKJYWbnv5I8o6vyLfHg1B,IfcFlowTerminal,M_Water Closet - Flush Tank:Public - Flushing Greater than 6.1 Lpf:901468,0JBeWf23HFRgZonzHC5mk3,1 - First Floor,242.35679974860452,367.7328066083101,3.5,243.13405789176343,368.3106283828524,4.268349999999966
0qKJYWbnv5I8o6vyLfHg2K,IfcFlowTerminal,M_Lavatory - Vanity:760 mmx455 mm - Private:901507,0JBeWf23HFRgZonzHC5mk3,1 - First Floor,242.09085674650763,368.93406978293064,3.5,242.77421226613896,369.8019479825262,4.382649999999962
0qKJYWbnv5I8o6vyLfHg2z,IfcFlowTerminal,M_Shower Stall with Seat - Rectangular:1220 mmx915 mm - Private:901546,0JBeWf23HFRgZonzHC5mk3,1 - First Floor,239.573199023444,366.73033458065714,3.5,240.80642246473698,368.1654165433752,5.329
3XuKtrI0jD5PlAb3LVW6T3,IfcFlowTerminal,M_Lavatory - Vanity:760 mmx455 mm - Private:905517,0JBeWf23HFRgZonzHC5mk3,1 - First Floor,235.79557517595663,376.70450511777364,3.5,236.47893069558796,377.5723833173692,4.382649999999962
3XuKtrI0jD5PlAb3LVW6T0,IfcFlowTerminal,M_Water Closet - Flush Tank:Public - Flushing Greater than 6.1 Lpf:905518,0JBeWf23HFRgZonzHC5mk3,1 - First Floor,235.9359742062165,375.90561779584016,3.5,236.71323234937543,376.4834395703825,4.268349999999966
3XuKtrI0jD5PlAb3LVW6Hv,IfcFlowTerminal,M_Water Closet - Flush Tank:Public - Flushing Greater than 6.1 Lpf:905751,0JBeWf23HFRgZonzHC5mk3,1 - First Floor,241.03795439435558,372.98578132152204,3.5,241.8152125375145,373.56360309606447,4.268349999999966
0fjrUmmzDB4fngo1stt0Lf,IfcFlowTerminal,Kök - Diskmaskin 6m:Diskmaskin:908884,0JBeWf23HFRgZonzHC5mk3,1 - First Floor,238.8866683212996,378.04695685250925,3.5,239.63022276156653,378.78659833117644,4.37
