IFC_GUID,Entity_Type,Anomaly_Score,Rank,Source_File,Feature_Error,Structural_Error,Storey,Element_Name,Is_Anomaly
0JBeWf23HFRgZonzHC5mk3,IfcBuildingStorey,8.992279,1,AdvancedProject.ifc,12.835149,0.025584383,,1 - First Floor,True
0JBeWf23HFRgZonzHC4iHL,IfcBuildingStorey,8.279126,2,AdvancedProject.ifc,11.827305,4.5023215e-05,,Level 1,True
0JBeWf23HFRgZonzHC5mYt,IfcBuildingStorey,3.4140897,3,AdvancedProject.ifc,4.84257,0.0809694,,-1 - Garage,True
0JBeWf23HFRgZonzIpxJgJ,IfcBuilding,1.9306931,4,AdvancedProject.ifc,2.6355326,0.2860677,,Building Name,True
0JBeWf23HFRgZonzHC5mgM,IfcBuildingStorey,1.5717736,5,AdvancedProject.ifc,2.1736124,0.16748364,,2 - Second Floor,True
0JBeWf23HFRgZonzHC5nNU,IfcBuildingStorey,1.5462729,6,AdvancedProject.ifc,2.1677232,0.09622214,,4 - Fourth Floor,True
0JBeWf23HFRgZonzHC5nK0,IfcBuildingStorey,1.5192769,7,AdvancedProject.ifc,2.130001,0.09425376,,3 - Third Floor,True
0JBeWf23HFRgZonzHC5nGM,IfcBuildingStorey,1.5163091,8,AdvancedProject.ifc,2.0309286,0.31553024,,6 - Sixth Floor,True
0JBeWf23HFRgZonzHC5nHq,IfcBuildingStorey,1.4924725,9,AdvancedProject.ifc,2.0628743,0.16153498,,5 - Fifth Floor,True
0Um_J2ClP45uPRcRbJqhpS,IfcSite,1.0773273,10,AdvancedProject.ifc,0.7300246,1.8877001,,M_Park Bench:1800mm:958807,True
0JBeWf23HFRgZonzHC4iVK,IfcBuildingStorey,0.97665405,11,AdvancedProject.ifc,1.1351333,0.6068692,,Level 2,True
2v8sGyGFXDsRc80mj95iac,IfcSpace,0.925617,12,AdvancedProject.ifc,0.5706391,1.7538986,,27,True
1cFRppLhj948bTrzz_An6_,IfcBuildingElementProxy,0.8845732,13,AdvancedProject.ifc,0.044152644,2.8455544,-1 - Garage,M_RPC Beetle:M_RPC Beetle:810844,True
0ifV7awIzBlRVUTYG1zpXk,IfcSite,0.8715281,14,AdvancedProject.ifc,0.7300246,1.201703,,M_Trash Can:M_Trash Can:975059,True
0cRoQU_sD5R8MkkMkeodCe,IfcWallStandardCase,0.84697264,15,AdvancedProject.ifc,0.14412922,2.4869406,Level 1,Basic Wall:Generic - 200mm:309964,True
0ikA9YOKrBaRArRnE24rkF,IfcStair,0.83001393,16,AdvancedProject.ifc,0.8114972,0.8732195,1 - First Floor,Assembled Stair:Stair:937135,True
0_mZcEaVzC7Pg5JAExyJF6,IfcRoof,0.8289048,17,AdvancedProject.ifc,0.81195104,0.86846364,6 - Sixth Floor,Basic Roof:Warm Roof - Concrete:788927,True
0Um_J2ClP45uPRcRbJqhmV,IfcSite,0.81651986,18,AdvancedProject.ifc,0.7300246,1.018342,,M_Park Bench:1800mm:958868,True
0ifV7awIzBlRVUTYG1zpXi,IfcSite,0.8090339,19,AdvancedProject.ifc,0.7300246,0.9933887,,M_Park Bench:2400mm:975057,True
0JBeWf23HFRgZonzIpxJgI,IfcProject,0.8079622,20,AdvancedProject.ifc,0.7971913,0.8330941,,Project Number,True
175SJZNMbBABiZ2bXgMZA3,IfcStair,0.8047514,21,AdvancedProject.ifc,0.8121627,0.7874584,5 - Fifth Floor,Assembled Stair:Stair:937135:5,True
2SEl4sI2X1JhqYqQydYvzP,IfcSite,0.80083317,22,AdvancedProject.ifc,0.7300246,0.9660532,,M_Trash Can:M_Trash Can:973890,True
0ifV7awIzBlRVUTYG1zpXo,IfcSite,0.79744756,23,AdvancedProject.ifc,0.7300246,0.95476794,,M_Park Bench:2400mm:975055,True
2SEl4sI2X1JhqYqQydYvfU,IfcSite,0.7970918,24,AdvancedProject.ifc,0.7300246,0.95358187,,M_Park Bench:2400mm:973125,True
0Um_J2ClP45uPRcRbJqhrc,IfcSite,0.7968439,25,AdvancedProject.ifc,0.7300246,0.9527556,,M_Park Bench:1800mm:958701,True
2SEl4sI2X1JhqYqQydYvgl,IfcSite,0.79678375,26,AdvancedProject.ifc,0.7300246,0.9525551,,M_Park Bench:2400mm:973236,True
0JBeWf23HFRgZonzIpxJgG,IfcSite,0.79319686,27,AdvancedProject.ifc,0.8894943,0.56850296,,Surface:932744,True
0ifV7awIzBlRVUTYG1zpXl,IfcSite,0.79293454,28,AdvancedProject.ifc,0.7300246,0.9397243,,M_Trash Can:M_Trash Can:975058,True
0Um_J2ClP45uPRcRbJqhmO,IfcSite,0.79281235,29,AdvancedProject.ifc,0.7300246,0.9393172,,M_Park Bench:1800mm:958867,True
0ifV7awIzBlRVUTYG1zpXj,IfcSite,0.7926016,30,AdvancedProject.ifc,0.7300246,0.93861455,,M_Park Bench:2400mm:975056,True
0Um_J2ClP45uPRcRbJqhor,IfcSite,0.78996176,31,AdvancedProject.ifc,0.7300246,0.9298152,,M_Park Bench:1800mm:958782,False
2SEl4sI2X1JhqYqQydYv$9,IfcSite,0.7866688,32,AdvancedProject.ifc,0.7300246,0.9188385,,M_Trash Can:M_Trash Can:974034,False
0JBeWf23HFRgZonzHC7iqs,IfcBuildingStorey,0.7837517,33,AdvancedProject.ifc,0.9108628,0.48715925,,7- ROOF,False
2SEl4sI2X1JhqYqQydYvfh,IfcSite,0.7741446,34,AdvancedProject.ifc,0.7300246,0.8770912,,M_Park Bench:2400mm:973168,False
0Um_J2ClP45uPRcRbJqhme,IfcRoof,0.757904,35,AdvancedProject.ifc,0.7933988,0.6750828,7- ROOF,Basic Roof:Cold Roof - Concrete:958883,False
2jMg7KKh9BngwDP$rL2Wdy,IfcStair,0.75471354,36,AdvancedProject.ifc,0.8118913,0.62129873,2 - Second Floor,Assembled Stair:Stair:937135:2,False
0vD9RialTD9QxDNUJU2vYx,IfcStair,0.74956846,37,AdvancedProject.ifc,0.81852716,0.58866477,4 - Fourth Floor,Assembled Stair:Stair:937135:4,False
0Um_J2ClP45uPRcRbJqhmP,IfcSite,0.7471975,38,AdvancedProject.ifc,0.7300246,0.78726774,,M_Park Bench:1800mm:958866,False
3naw$9in55$v8L5CpxnK2i,IfcStair,0.7384129,39,AdvancedProject.ifc,0.81196195,0.56679845,-1 - Garage,Assembled Stair:Stair:712862,False
0ikA9YOKrBaRArRnE24qDK,IfcStair,0.7317415,40,AdvancedProject.ifc,0.81313163,0.54183125,Level 1,Assembled Stair:Stair:939124,False
3GzoWuxxn4WO8bCtw8H3B6,IfcStair,0.7310569,41,AdvancedProject.ifc,0.81196195,0.54227835,-1 - Garage,Assembled Stair:Stair:696835,False
3T2n8kPiTBtA2RCLGKoqPy,IfcSpace,0.7239456,42,AdvancedProject.ifc,0.5499665,1.1298968,,20,False
3GzoWuxxn4WO8bCtw8H2nu,IfcSpace,0.6839472,43,AdvancedProject.ifc,0.60685253,0.86383486,,24,False
2sG0Vcmgb1Uverjtj49YU1,IfcSpace,0.65959966,44,AdvancedProject.ifc,0.5518106,0.91110754,,19,False
0qKJYWbnv5I8o6vyLfHjRu,IfcWallStandardCase,0.64164025,45,AdvancedProject.ifc,0.05318855,2.0146942,1 - First Floor,Basic Wall:MockUp Interior:899055,False
3pFbansyD0KOHFtJHrTtwh,IfcWallStandardCase,0.6284444,46,AdvancedProject.ifc,0.043978002,1.9921992,Level 1,Basic Wall:MockUp Interior:887708,False
1k8pVOGqX51f_yJjFvAcTR,IfcWallStandardCase,0.60494363,47,AdvancedProject.ifc,0.13054307,1.7118782,Level 1,Basic Wall:Generic - 200mm:312541,False
3ktY1kg3rAwgNBX_XWRV7w,IfcWindow,0.5967732,48,AdvancedProject.ifc,0.05284619,1.8659363,5 - Fifth Floor,BALANS Fixed Single Window:BALANS 20M PRIVATE:940918,False
0cRoQU_sD5R8MkkMkeod7U,IfcWallStandardCase,0.59487396,49,AdvancedProject.ifc,0.07468866,1.8086396,Level 1,Basic Wall:Generic - 200mm:309306,False
3p6DR19bjD_PWb8lZMRTIN,IfcDoor,0.5789761,50,AdvancedProject.ifc,0.047518533,1.8190436,Level 1,M_Single-Flush:Generic Door:735028,False
2BLn4xX2vF_gM9G5wfbPLu,IfcWindow,0.57840836,51,AdvancedProject.ifc,0.046238817,1.8201371,Level 1,BALANS Fixed Single Window:BALANS 15M PRIVATE:838228,False
03V7Txha10JAsPO1eunWrl,IfcStair,0.57791954,52,AdvancedProject.ifc,0.81413317,0.026754469,3 - Third Floor,Assembled Stair:Stair:937135:3,False
3GzoWuxxn4WO8bCtw8H2m5,IfcSpace,0.5752747,53,AdvancedProject.ifc,0.5493464,0.6357742,,25,False
3T2n8kPiTBtA2RCLGKoqPs,IfcSpace,0.5750669,54,AdvancedProject.ifc,0.5538164,0.6246516,,22,False
0MOEoDTm9EnO9yKsXjjlgV,IfcStair,0.5690656,55,AdvancedProject.ifc,0.81196195,0.0023073736,-1 - Garage,Assembled Stair:Stair:585292,False
3T2n8kPiTBtA2RCLGKoqPx,IfcSpace,0.565609,56,AdvancedProject.ifc,0.5510334,0.5996186,,21,False
3T2n8kPiTBtA2RCLGKorWP,IfcSpace,0.56122005,57,AdvancedProject.ifc,0.5376456,0.6162272,,23,False
3NlCHdPGXFUvkKekQzm3FY,IfcSlab,0.56080055,58,AdvancedProject.ifc,0.30974594,1.1465946,2 - Second Floor,Floor:Concrete-Domestic 425mm:982177,False
0SYs3s__10NgRHjGtRj2b4,IfcWallStandardCase,0.5578658,59,AdvancedProject.ifc,0.1212075,1.5767351,Level 1,Basic Wall:Generic - 200mm:316044,False
1p5u6RKD9AXOYfaTdtdJhh,IfcSlab,0.5489381,60,AdvancedProject.ifc,0.3301817,1.0593697,Level 1,Floor:Generic 150mm:318101,False
3NlCHdPGXFUvkKekQzm3CK,IfcSlab,0.54275244,61,AdvancedProject.ifc,0.3317538,1.0350826,-1 - Garage,Floor:Concrete-Domestic 425mm:982103,False
0ducQKkW5EGQM9rQ5zdP$j,IfcDoor,0.5156397,62,AdvancedProject.ifc,0.04707402,1.6089596,-1 - Garage,M_Single-Flush:0762 x 2032mm:819415,False
1KGNuJkf5FjQZDFQ6We99w,IfcBuildingElementProxy,0.51498383,63,AdvancedProject.ifc,0.051293768,1.5969273,1 - First Floor,Handtag skåp1:Handtag skåp:671263,False
0ifV7awIzBlRVUTYG1zp4Y,IfcSite,0.5110172,64,AdvancedProject.ifc,0.7300246,0.0,,M_Trash Can:M_Trash Can:977311,False
0cRoQU_sD5R8MkkMkeoWcq,IfcWallStandardCase,0.5069447,65,AdvancedProject.ifc,0.22619922,1.1620176,Level 1,Basic Wall:Generic - 200mm:311376,False
1KMtYLyv9CyfGv8UjnMBCG,IfcWallStandardCase,0.50605947,66,AdvancedProject.ifc,0.23296192,1.1432871,-1 - Garage,Basic Wall:MockUp Exterior Garage:794611,False
3NlCHdPGXFUvkKekQzm3FC,IfcSlab,0.4995972,67,AdvancedProject.ifc,0.31942073,0.92000884,1 - First Floor,Floor:Concrete-Domestic 425mm:982159,False
0cRoQU_sD5R8MkkMkeodIA,IfcWallStandardCase,0.48780316,68,AdvancedProject.ifc,0.3154971,0.8898506,Level 1,Basic Wall:Generic - 200mm:310638,False
0_mZcEaVzC7Pg5JA6xyJF6,IfcSlab,0.48663482,69,AdvancedProject.ifc,0.24408118,1.0525932,6 - Sixth Floor,Basic Roof:Warm Roof - Concrete:788927,False
1k8pVOGqX51f_yJjFvAc0s,IfcWallStandardCase,0.47669166,70,AdvancedProject.ifc,0.20213513,1.1173236,Level 1,Basic Wall:Generic - 200mm:312240,False
1k8pVOGqX51f_yJjFvAcS4,IfcWallStandardCase,0.47220886,71,AdvancedProject.ifc,0.19041425,1.1297296,Level 1,Basic Wall:Generic - 200mm:312450,False
1p5u6RKD9AXOYfaTdtdJp6,IfcSlab,0.46830088,72,AdvancedProject.ifc,0.222497,1.0418432,Level 1,Floor:Generic 150mm:318648,False
1k8pVOGqX51f_yJjFvAc3i,IfcWallStandardCase,0.46827084,73,AdvancedProject.ifc,0.19947025,1.0954721,Level 1,Basic Wall:Generic - 200mm:312170,False
0cRoQU_sD5R8MkkMkeoWbM,IfcWallStandardCase,0.46619344,74,AdvancedProject.ifc,0.21996978,1.0407152,Level 1,Basic Wall:Generic - 200mm:311474,False
1k8pVOGqX51f_yJjFvAc5u,IfcWallStandardCase,0.46320522,75,AdvancedProject.ifc,0.2675231,0.91979676,Level 1,Basic Wall:Generic - 200mm:312062,False
0ducQKkW5EGQM9rQ5zdM2q,IfcDoor,0.46109527,76,AdvancedProject.ifc,0.047036998,1.4272312,-1 - Garage,M_Single-Flush:0762 x 2032mm:819086,False
0cRoQU_sD5R8MkkMkeodTg,IfcWallStandardCase,0.45737538,77,AdvancedProject.ifc,0.22650409,0.99607503,Level 1,Basic Wall:Generic - 200mm:310926,False
1KMtYLyv9CyfGv8UjnMBSD,IfcWallStandardCase,0.4546851,78,AdvancedProject.ifc,0.28956705,0.8399604,1 - First Floor,Basic Wall:MockUp Exterior:793582,False
1KMtYLyv9CyfGv8UjnMBSE,IfcWallStandardCase,0.45458382,79,AdvancedProject.ifc,0.18625858,1.0806761,1 - First Floor,Basic Wall:MockUp Exterior:793581,False
1k8pVOGqX51f_yJjFvAcUe,IfcWallStandardCase,0.45211592,80,AdvancedProject.ifc,0.19443998,1.0533597,Level 1,Basic Wall:Generic - 200mm:312366,False
1k8pVOGqX51f_yJjFvAcBx,IfcWallStandardCase,0.44924664,81,AdvancedProject.ifc,0.18334305,1.0696883,Level 1,Basic Wall:Generic - 200mm:311677,False
0cRoQU_sD5R8MkkMkeodUY,IfcWallStandardCase,0.44265318,82,AdvancedProject.ifc,0.2374804,0.92138964,Level 1,Basic Wall:Generic - 200mm:310854,False
0SYs3s__10NgRHjGtRj2ax,IfcWallStandardCase,0.43362403,83,AdvancedProject.ifc,0.18625087,1.010828,Level 1,Basic Wall:Generic - 200mm:316147,False
0cRoQU_sD5R8MkkMkeodUx,IfcWallStandardCase,0.4314536,84,AdvancedProject.ifc,0.23692113,0.8853626,Level 1,Basic Wall:Generic - 200mm:310879,False
1k8pVOGqX51f_yJjFvAcxy,IfcWallStandardCase,0.43036935,85,AdvancedProject.ifc,0.1403988,1.1069673,Level 1,Basic Wall:Generic - 200mm:314746,False
1p5u6RKD9AXOYfaTdtdJpe,IfcSlab,0.4268878,86,AdvancedProject.ifc,0.13398926,1.1103177,Level 1,Floor:Generic 150mm:318614,False
1KMtYLyv9CyfGv8UjnMBCH,IfcWallStandardCase,0.42640516,87,AdvancedProject.ifc,0.13561645,1.1049122,-1 - Garage,Basic Wall:MockUp Exterior Garage:794610,False
0cRoQU_sD5R8MkkMkeoWcS,IfcWallStandardCase,0.4200852,88,AdvancedProject.ifc,0.16436926,1.0167557,Level 1,Basic Wall:Generic - 200mm:311416,False
3NlCHdPGXFUvkKekQzm3EP,IfcSlab,0.42007554,89,AdvancedProject.ifc,0.31035283,0.6760952,5 - Fifth Floor,Floor:Concrete-Domestic 425mm:982234,False
114bk7BJ1AQATn9feajA8O,IfcWallStandardCase,0.41810355,90,AdvancedProject.ifc,0.17032382,0.99625623,Level 1,Basic Wall:Generic - 200mm:315409,False
0cRoQU_sD5R8MkkMkeodT3,IfcWallStandardCase,0.41760936,91,AdvancedProject.ifc,0.13194565,1.084158,Level 1,Basic Wall:Generic - 200mm:310951,False
1KMtYLyv9CyfGv8UjnMBSG,IfcWallStandardCase,0.41746113,92,AdvancedProject.ifc,0.1683122,0.99880856,1 - First Floor,Basic Wall:MockUp Exterior:793587,False
0t7TVxPGL1fBrLXU9rUqSH,IfcSlab,0.41593438,93,AdvancedProject.ifc,0.30453715,0.6758613,Level 1,Floor:MockUp 300mm:923894,False
3ktY1kg3rAwgNBX_XWRV1R,IfcWindow,0.4156783,94,AdvancedProject.ifc,0.052625097,1.2628024,4 - Fourth Floor,BALANS Fixed Single Window:BALANS 10M PRIVATE:940759,False
1KMtYLyv9CyfGv8UjnM8dU,IfcBuildingElementProxy,0.4151349,95,AdvancedProject.ifc,0.04122825,1.2875837,-1 - Garage,M_RPC Beetle:M_RPC Beetle:795965,False
1k8pVOGqX51f_yJjFvAcNa,IfcWallStandardCase,0.4149049,96,AdvancedProject.ifc,0.31519714,0.64755636,Level 1,Basic Wall:Generic - 200mm:312930,False
0SYs3s__10NgRHjGtRj2cm,IfcWallStandardCase,0.4140311,97,AdvancedProject.ifc,0.15748397,1.012641,Level 1,Basic Wall:Generic - 200mm:316024,False
0cRoQU_sD5R8MkkMkeodzx,IfcWallStandardCase,0.41397706,98,AdvancedProject.ifc,0.17524384,0.9710212,Level 1,Basic Wall:Generic - 200mm:308895,False
1k8pVOGqX51f_yJjFvAcPJ,IfcWallStandardCase,0.4139363,99,AdvancedProject.ifc,0.19646454,0.9213703,Level 1,Basic Wall:Generic - 200mm:312789,False
0cRoQU_sD5R8MkkMkeodKz,IfcWallStandardCase,0.41372877,100,AdvancedProject.ifc,0.18329632,0.9514044,Level 1,Basic Wall:Generic - 200mm:310489,False
3ktY1kg3rAwgNBX_XWRS4C,IfcWindow,0.41327533,101,AdvancedProject.ifc,0.04415422,1.2745578,2 - Second Floor,BALANS Fixed Single Window:BALANS 10M FLOOR (SH = 0):945024,False
1k8pVOGqX51f_yJjFvAc4P,IfcWallStandardCase,0.4124281,102,AdvancedProject.ifc,0.27223718,0.7395403,Level 1,Basic Wall:Generic - 200mm:311967,False
1k8pVOGqX51f_yJjFvAcVO,IfcWallStandardCase,0.41217887,103,AdvancedProject.ifc,0.12784147,1.0756328,Level 1,Basic Wall:Generic - 200mm:312414,False
1k8pVOGqX51f_yJjFvAchc,IfcWallStandardCase,0.4118391,104,AdvancedProject.ifc,0.16120218,0.99665856,Level 1,Basic Wall:Generic - 200mm:313696,False
0cRoQU_sD5R8MkkMkeod8d,IfcWallStandardCase,0.41034377,105,AdvancedProject.ifc,0.16475461,0.9833851,Level 1,Basic Wall:Generic - 200mm:310211,False
1k8pVOGqX51f_yJjFvAcRD,IfcWallStandardCase,0.41011366,106,AdvancedProject.ifc,0.18572254,0.93369293,Level 1,Basic Wall:Generic - 200mm:312651,False
2I1hX40SDEbAFJeZO_2_A2,IfcBuildingElementProxy,0.40863085,107,AdvancedProject.ifc,0.07228587,1.1934358,Level 1,M_RPC Tree - Deciduous:Fraxinus - 5.6 Meters:963658,False
1p5u6RKD9AXOYfaTdtdJlw,IfcSlab,0.4060619,108,AdvancedProject.ifc,0.13618264,1.0357801,Level 1,Floor:Generic 150mm:318340,False
0cRoQU_sD5R8MkkMkeodIb,IfcWallStandardCase,0.40427738,109,AdvancedProject.ifc,0.17764185,0.9330936,Level 1,Basic Wall:Generic - 200mm:310593,False
114bk7BJ1AQATn9feajBrC,IfcWallStandardCase,0.4040178,110,AdvancedProject.ifc,0.1466435,1.0045578,Level 1,Basic Wall:Generic - 200mm:315205,False
3ktY1kg3rAwgNBX_XWRV0F,IfcWindow,0.4029195,111,AdvancedProject.ifc,0.04804495,1.23096,3 - Third Floor,BALANS Fixed Single Window:BALANS 15M PRIVATE:940675,False
114bk7BJ1AQATn9feajA9X,IfcWallStandardCase,0.40162775,112,AdvancedProject.ifc,0.12441254,1.0484632,Level 1,Basic Wall:Generic - 200mm:315496,False
3ktY1kg3rAwgNBX_XWRV0h,IfcWindow,0.40007877,113,AdvancedProject.ifc,0.05216115,1.2118865,3 - Third Floor,BALANS Fixed Single Window:BALANS 10M PRIVATE:940711,False
3ktY1kg3rAwgNBX_XWRS7$,IfcWindow,0.39864883,114,AdvancedProject.ifc,0.044597812,1.2247678,2 - Second Floor,BALANS Fixed Single Window:BALANS 25M FLOOR (SH = 0):945011,False
1k8pVOGqX51f_yJjFvAcOc,IfcWallStandardCase,0.39855134,115,AdvancedProject.ifc,0.17651354,0.9166395,Level 1,Basic Wall:Generic - 200mm:312736,False
1k8pVOGqX51f_yJjFvAclL,IfcWallStandardCase,0.39851937,116,AdvancedProject.ifc,0.14329915,0.9940332,Level 1,Basic Wall:Generic - 200mm:313427,False
2I1hX40SDEbAFJeZO_2_Bt,IfcBuildingElementProxy,0.398129,117,AdvancedProject.ifc,0.07286792,1.1570715,Level 1,M_RPC Tree - Deciduous:Fraxinus - 5.6 Meters:963647,False
2fypDDb212M80XzLYYLlSG,IfcRailing,0.39741188,118,AdvancedProject.ifc,0.0795613,1.1390632,Level 1,Railing:Glass Panel - Bottom Fill:965153,False
1cFRppLhj948bTrzz_Ao4n,IfcDoor,0.39658225,119,AdvancedProject.ifc,0.04652326,1.2133865,-1 - Garage,M_Single-Flush:0762 x 2032mm:815059,False
1k8pVOGqX51f_yJjFvActC,IfcWallStandardCase,0.39539984,120,AdvancedProject.ifc,0.15220526,0.9628538,Level 1,Basic Wall:Generic - 200mm:314954,False
1p5u6RKD9AXOYfaTdtdJeC,IfcSlab,0.39483047,121,AdvancedProject.ifc,0.093810014,1.0972115,Level 1,Floor:Generic 150mm:318066,False
2I1hX40SDEbAFJeZO_2_8R,IfcBuildingElementProxy,0.39424002,122,AdvancedProject.ifc,0.07658247,1.135441,Level 1,M_RPC Tree - Deciduous:Fraxinus - 5.6 Meters:963795,False
1k8pVOGqX51f_yJjFvAcc0,IfcWallStandardCase,0.39409828,123,AdvancedProject.ifc,0.19293222,0.8634858,Level 1,Basic Wall:Generic - 200mm:313862,False
0qKJYWbnv5I8o6vyLfHjiz,IfcFlowTerminal,0.39221308,124,AdvancedProject.ifc,0.052917477,1.1839027,1 - First Floor,Kök - Diskmaskin 6m:Diskmaskin:899626,False
114bk7BJ1AQATn9feajBs3,IfcWallStandardCase,0.3917467,125,AdvancedProject.ifc,0.17359282,0.9007724,Level 1,Basic Wall:Generic - 200mm:315274,False
1cFRppLhj948bTrzz_ApSU,IfcWall,0.3906919,126,AdvancedProject.ifc,0.054320235,1.1755592,-1 - Garage,Basic Wall:MockUp Storage Wall:817660,False
0Um_J2ClP45uPRcRbJqhst,IfcBuildingElementProxy,0.38951102,127,AdvancedProject.ifc,0.046438877,1.1900127,6 - Sixth Floor,Electrical_Solar-Panels_Soprema_Soprasolar_Fix-Evo-Tilt_EN:REC PE 260 HD:958524,False
1k8pVOGqX51f_yJjFvAcqU,IfcWallStandardCase,0.38926417,128,AdvancedProject.ifc,0.13604549,0.9801078,Level 1,Basic Wall:Generic - 200mm:315032,False
0ducQKkW5EGQM9rQ5zdP9Z,IfcWallStandardCase,0.38831514,129,AdvancedProject.ifc,0.041054722,1.1985894,-1 - Garage,Basic Wall:MockUp Storage Wall:822617,False
1k8pVOGqX51f_yJjFvAci9,IfcWallStandardCase,0.38817456,130,AdvancedProject.ifc,0.13331951,0.9828363,Level 1,Basic Wall:Generic - 200mm:313487,False
3WghND$tL64OKayb9VHFSn,IfcBuildingElementProxy,0.38761288,131,AdvancedProject.ifc,0.04854714,1.1787663,Level 1,M_RPC Female:Florence:482513,False
0cRoQU_sD5R8MkkMkeodM9,IfcWallStandardCase,0.38739043,132,AdvancedProject.ifc,0.16731544,0.90089875,Level 1,Basic Wall:Generic - 200mm:310381,False
3ktY1kg3rAwgNBX_XWRV41,IfcWindow,0.38736022,133,AdvancedProject.ifc,0.050115883,1.1742636,5 - Fifth Floor,BALANS Fixed Single Window:BALANS 15M PRIVATE:940941,False
1KMtYLyv9CyfGv8UjnMBSC,IfcWallStandardCase,0.38721865,134,AdvancedProject.ifc,0.106609076,1.0419743,1 - First Floor,Basic Wall:MockUp Exterior:793583,False
1cFRppLhj948bTrzz_An6q,IfcBuildingElementProxy,0.38672552,135,AdvancedProject.ifc,0.0438573,1.1867512,-1 - Garage,M_RPC Beetle:M_RPC Beetle:810838,False
3ktY1kg3rAwgNBX_XWRV7p,IfcWindow,0.3864611,136,AdvancedProject.ifc,0.04906536,1.1737179,5 - Fifth Floor,BALANS Fixed Single Window:BALANS 10M PRIVATE:940927,False
2SEl4sI2X1JhqYqQydYuuW,IfcBuildingElementProxy,0.38628283,137,AdvancedProject.ifc,0.045132507,1.1823002,Level 1,M_RPC Male:Dwayne:970043,False
3ktY1kg3rAwgNBX_XWRV0R,IfcWindow,0.3862779,138,AdvancedProject.ifc,0.0438485,1.1852798,3 - Third Floor,BALANS Fixed Single Window:BALANS 15M PRIVATE:940695,False
2BLn4xX2vF_gM9G5wfbPmS,IfcWallStandardCase,0.38597572,139,AdvancedProject.ifc,0.044163488,1.1835376,Level 1,Basic Wall:MockUp Interior between App:836400,False
0ducQKkW5EGQM9rQ5zdM8G,IfcDoor,0.3858751,140,AdvancedProject.ifc,0.046151698,1.178563,-1 - Garage,M_Single-Flush:0762 x 2032mm:818474,False
0SYs3s__10NgRHjGtRj2X7,IfcSlab,0.3853402,141,AdvancedProject.ifc,0.09852285,1.0545807,Level 1,Floor:Generic 150mm:316303,False
0Um_J2ClP45uPRcRbJqe8n,IfcBuildingElementProxy,0.38531616,142,AdvancedProject.ifc,0.046083547,1.1768589,6 - Sixth Floor,Electrical_Solar-Panels_Soprema_Soprasolar_Fix-Evo-Tilt_EN:REC PE 260 HD:958394,False
0cRoQU_sD5R8MkkMkeod2W,IfcWallStandardCase,0.3852299,143,AdvancedProject.ifc,0.16804872,0.89198583,Level 1,Basic Wall:Generic - 200mm:309572,False
0Um_J2ClP45uPRcRbJqeBQ,IfcBuildingElementProxy,0.38513842,144,AdvancedProject.ifc,0.047839396,1.1721694,6 - Sixth Floor,Electrical_Solar-Panels_Soprema_Soprasolar_Fix-Evo-Tilt_EN:REC PE 260 HD:958289,False
11MreptMzBDAizZWBG8nuN,IfcBuildingElementProxy,0.38507837,145,AdvancedProject.ifc,0.050392017,1.1660131,1 - First Floor,Handtag skåp1:Handtag skåp:690308,False
0ducQKkW5EGQM9rQ5zdM3v,IfcDoor,0.38469276,146,AdvancedProject.ifc,0.047177073,1.1722293,-1 - Garage,M_Single-Flush:0762 x 2032mm:819139,False
3ktY1kg3rAwgNBX_XWRS7z,IfcWindow,0.38408193,147,AdvancedProject.ifc,0.045767903,1.1734813,2 - Second Floor,BALANS Fixed Single Window:BALANS 10M PRIVATE:945009,False
0ikA9YOKrBaRArRnE24qDL,IfcStairFlight,0.3839367,148,AdvancedProject.ifc,0.055381395,1.1505657,Level 1,Assembled Stair:Stair:939124 Run 1,False
3GzoWuxxn4WO8bCtw8H3AT,IfcWallStandardCase,0.38367406,149,AdvancedProject.ifc,0.06046468,1.1378292,-1 - Garage,Basic Wall:MockUp Elavator:696920,False
0qKJYWbnv5I8o6vyLfHj8w,IfcWallStandardCase,0.38353756,150,AdvancedProject.ifc,0.052685246,1.1555263,1 - First Floor,Basic Wall:MockUp Interior:897837,False
2BLn4xX2vF_gM9G5wfbOzp,IfcWallStandardCase,0.38329554,151,AdvancedProject.ifc,0.04517037,1.1722542,Level 1,Basic Wall:MockUp Interior:839775,False
1p5u6RKD9AXOYfaTdtdJeQ,IfcSlab,0.38326606,152,AdvancedProject.ifc,0.102021486,1.0395033,Level 1,Floor:Generic 150mm:318052,False
1k8pVOGqX51f_yJjFvAcff,IfcWallStandardCase,0.383045,153,AdvancedProject.ifc,0.14352408,0.9419271,Level 1,Basic Wall:Generic - 200mm:313839,False
0cRoQU_sD5R8MkkMkeodFw,IfcWallStandardCase,0.38298357,154,AdvancedProject.ifc,0.15496558,0.91502553,Level 1,Basic Wall:Generic - 200mm:309790,False
0cRoQU_sD5R8MkkMkeod1I,IfcWallStandardCase,0.38241798,155,AdvancedProject.ifc,0.1595622,0.9024148,Level 1,Basic Wall:Generic - 200mm:309686,False
0ifV7awIzBlRVUTYG1zp3s,IfcBuildingElementProxy,0.38140807,156,AdvancedProject.ifc,0.05182082,1.1504449,6 - Sixth Floor,M_RPC Female:Cynthia:976971,False
3ktY1kg3rAwgNBX_XWRS7G,IfcWindow,0.3810224,157,AdvancedProject.ifc,0.039575838,1.177731,2 - Second Floor,BALANS Fixed Single Window:BALANS TRAPPHUS:944988,False
1cFRppLhj948bTrzz_ApRD,IfcDoor,0.38091034,158,AdvancedProject.ifc,0.04733732,1.1592473,-1 - Garage,M_Single-Flush:0762 x 2032mm:817199,False
3ktY1kg3rAwgNBX_XWRS7Z,IfcWindow,0.38064653,159,AdvancedProject.ifc,0.037642606,1.180989,2 - Second Floor,BALANS Fixed Single Window:BALANS 30M FLOOR (SH = 0):945007,False
3ktY1kg3rAwgNBX_XWRV1f,IfcWindow,0.38057154,160,AdvancedProject.ifc,0.04655564,1.1599419,4 - Fourth Floor,BALANS Fixed Single Window:BALANS 15M PRIVATE:940773,False
0Um_J2ClP45uPRcRbJqhtE,IfcBuildingElementProxy,0.38042808,161,AdvancedProject.ifc,0.04501958,1.1630478,6 - Sixth Floor,Electrical_Solar-Panels_Soprema_Soprasolar_Fix-Evo-Tilt_EN:REC PE 260 HD:958533,False
3ktY1kg3rAwgNBX_XWRV1x,IfcWindow,0.3804043,162,AdvancedProject.ifc,0.052919645,1.1445351,4 - Fourth Floor,BALANS Fixed Single Window:BALANS 10M PRIVATE:940791,False
2v8sGyGFXDsRc80mj95i27,IfcBuildingElementProxy,0.38033104,163,AdvancedProject.ifc,0.05444537,1.140731,1 - First Floor,Handtag skåp1:Handtag skåp:729235,False
1k8pVOGqX51f_yJjFvAcO4,IfcWallStandardCase,0.3798064,164,AdvancedProject.ifc,0.11284509,1.0027161,Level 1,Basic Wall:Generic - 200mm:312706,False
1J$rsPA_b6vv2Ufgcd5gAV,IfcRailing,0.37976268,165,AdvancedProject.ifc,0.04955905,1.1502378,3 - Third Floor,Railing:1100mm:938790,False
3GzoWuxxn4WO8bCtw8H3Gz,IfcBuildingElementProxy,0.378581,166,AdvancedProject.ifc,0.055724174,1.1319135,Level 2,"Display-LCD-Panasonic-Standard:47"", 1080p Full HD LCD w/ built-in speaker:697592",False
3pFbansyD0KOHFtJHrTsSA,IfcWindow,0.37849304,167,AdvancedProject.ifc,0.047110803,1.1517183,Level 1,BALANS Fixed Single Window:BALANS 30M FLOOR (SH = 0):889405,False
0pHBx4qSPCfPLZRKuUIKG1,IfcWindow,0.37848958,168,AdvancedProject.ifc,0.052042875,1.1401986,1 - First Floor,BALANS Fixed Single Window:BALANS 10M PRIVATE:907191,False
0cRoQU_sD5R8MkkMkeod2T,IfcWallStandardCase,0.37846506,169,AdvancedProject.ifc,0.16153789,0.8846285,Level 1,Basic Wall:Generic - 200mm:309625,False
1cFRppLhj948bTrzz_An6e,IfcBuildingElementProxy,0.377468,170,AdvancedProject.ifc,0.043295953,1.1572027,-1 - Garage,M_RPC Beetle:M_RPC Beetle:810826,False
3WghND$tL64OKayb9VHFRW,IfcBuildingElementProxy,0.37734634,171,AdvancedProject.ifc,0.04921444,1.1429874,Level 1,M_RPC Male:Jay:482560,False
3GzoWuxxn4WO8bCtw8H0zk,IfcBuildingElementProxy,0.37720838,172,AdvancedProject.ifc,0.050391275,1.1397816,1 - First Floor,Handtag skåp1:Handtag skåp:696235,False
3ktY1kg3rAwgNBX_XWRV1c,IfcWindow,0.37707207,173,AdvancedProject.ifc,0.047936264,1.1450555,4 - Fourth Floor,BALANS Fixed Single Window:BALANS 10M PRIVATE:940778,False
0qKJYWbnv5I8o6vyLfHj$0,IfcBuildingElementProxy,0.37704942,174,AdvancedProject.ifc,0.05198686,1.1355287,1 - First Floor,Handtag skåp1:Handtag skåp:900823,False
1cFRppLhj948bTrzz_An6o,IfcBuildingElementProxy,0.3770312,175,AdvancedProject.ifc,0.0435717,1.1551033,-1 - Garage,M_RPC Beetle:M_RPC Beetle:810832,False
0ifV7awIzBlRVUTYG1zpg4,IfcBuildingElementProxy,0.37695557,176,AdvancedProject.ifc,0.05591249,1.1260561,Level 1,M_RPC Female:Florence:975417,False
2I1hX40SDEbAFJeZO_2_9Q,IfcBuildingElementProxy,0.37660256,177,AdvancedProject.ifc,0.07037874,1.0911248,Level 1,M_RPC Tree - Deciduous:Fraxinus - 5.6 Meters:963730,False
3pFbansyD0KOHFtJHrTsVO,IfcBuildingElementProxy,0.37620574,178,AdvancedProject.ifc,0.052225545,1.1321595,Level 1,Handtag skåp1:Handtag skåp:889583,False
1k8pVOGqX51f_yJjFvAcjy,IfcWallStandardCase,0.3756885,179,AdvancedProject.ifc,0.12371961,0.96361583,Level 1,Basic Wall:Generic - 200mm:313594,False
1k8pVOGqX51f_yJjFvAcSa,IfcWallStandardCase,0.37560377,180,AdvancedProject.ifc,0.1003201,1.0179323,Level 1,Basic Wall:Generic - 200mm:312482,False
2I1hX40SDEbAFJeZO_2_F7,IfcBuildingElementProxy,0.3751513,181,AdvancedProject.ifc,0.061753944,1.1064118,Level 1,M_RPC Tree - Deciduous:Kousa Dogwood - 3.0 Meters:963855,False
3ktY1kg3rAwgNBX_XWRV0l,IfcWindow,0.37497562,182,AdvancedProject.ifc,0.0498339,1.1336396,3 - Third Floor,BALANS Fixed Single Window:BALANS 10M PRIVATE:940707,False
3ktY1kg3rAwgNBX_XWRS7j,IfcWindow,0.37467065,183,AdvancedProject.ifc,0.046164278,1.1411855,2 - Second Floor,BALANS Fixed Single Window:BALANS 20M FLOOR (SH = 0):944993,False
1k8pVOGqX51f_yJjFvAcZg,IfcWallStandardCase,0.37444225,184,AdvancedProject.ifc,0.11792314,0.9729868,Level 1,Basic Wall:Generic - 200mm:314220,False
0cRoQU_sD5R8MkkMkeodOr,IfcWallStandardCase,0.37441838,185,AdvancedProject.ifc,0.25270313,0.65842056,Level 1,Basic Wall:Generic - 200mm:311249,False
3ktY1kg3rAwgNBX_XWRV1W,IfcWindow,0.3741666,186,AdvancedProject.ifc,0.04715063,1.1372038,4 - Fourth Floor,BALANS Fixed Single Window:BALANS 25M FLOOR (SH = 0):940780,False
0MOEoDTm9EnO9yKsXjjlj9,IfcWallStandardCase,0.37364057,187,AdvancedProject.ifc,0.06303535,1.098386,-1 - Garage,Basic Wall:MockUp Elavator:585626,False
3ktY1kg3rAwgNBX_XWRS7M,IfcWindow,0.37362477,188,AdvancedProject.ifc,0.047142703,1.1354162,2 - Second Floor,BALANS Fixed Single Window:BALANS 10M PRIVATE:944986,False
1k8pVOGqX51f_yJjFvAcjU,IfcWallStandardCase,0.3732901,189,AdvancedProject.ifc,0.10854592,0.9910264,Level 1,Basic Wall:Generic - 200mm:313560,False
3ktY1kg3rAwgNBX_XWRV4D,IfcWindow,0.3732385,190,AdvancedProject.ifc,0.050048817,1.1273477,5 - Fifth Floor,BALANS Fixed Single Window:BALANS 20M PRIVATE:940929,False
0ducQKkW5EGQM9rQ5zdPDs,IfcWallStandardCase,0.37277547,191,AdvancedProject.ifc,0.04147659,1.1458062,-1 - Garage,Basic Wall:MockUp Storage Wall:822348,False
2V6UQJFc92sfDYeuDKgYBU,IfcWallStandardCase,0.3727374,192,AdvancedProject.ifc,0.23633955,0.69099903,Level 1,Basic Wall:MockUp Exterior Ground Floor:451705,False
3ktY1kg3rAwgNBX_XWRV1v,IfcWindow,0.37240142,193,AdvancedProject.ifc,0.04766443,1.130121,4 - Fourth Floor,BALANS Fixed Single Window:BALANS 30M FLOOR (SH = 0):940789,False
0ducQKkW5EGQM9rQ5zdPdI,IfcWallStandardCase,0.37237534,194,AdvancedProject.ifc,0.038982153,1.1502928,-1 - Garage,Basic Wall:MockUp Storage Wall:820968,False
3pFbansyD0KOHFtJHrTteh,IfcDoor,0.3717666,195,AdvancedProject.ifc,0.04885452,1.125228,Level 1,M_Single-Flush:Generic Door:888604,False
2I1hX40SDEbAFJeZO_2_Fu,IfcBuildingElementProxy,0.37159124,196,AdvancedProject.ifc,0.058533754,1.1020586,Level 1,M_RPC Tree - Deciduous:Kousa Dogwood - 3.0 Meters:963888,False
2SEl4sI2X1JhqYqQydYu$M,IfcBuildingElementProxy,0.3715652,197,AdvancedProject.ifc,0.049041897,1.1241195,Level 1,M_RPC Male:Dwayne:969933,False
0qKJYWbnv5I8o6vyLfHg5$,IfcWallStandardCase,0.37152633,198,AdvancedProject.ifc,0.054220844,1.1119057,1 - First Floor,Basic Wall:MockUp Interior:901224,False
3p6DR19bjD_PWb8lZMRTML,IfcWallStandardCase,0.37129915,199,AdvancedProject.ifc,0.053970568,1.1117325,-1 - Garage,Basic Wall:MockUp Elavator:734774,False
1p5u6RKD9AXOYfaTdtdJiq,IfcSlab,0.37012577,200,AdvancedProject.ifc,0.15325312,0.8761619,Level 1,Floor:Generic 150mm:318282,False
11MreptMzBDAizZWBG8_sf,IfcBuildingElementProxy,0.37008834,201,AdvancedProject.ifc,0.04975192,1.11754,1 - First Floor,Handtag skåp1:Handtag skåp:686906,False
2BLn4xX2vF_gM9G5wfbU7b,IfcWallStandardCase,0.36997396,202,AdvancedProject.ifc,0.047603503,1.1221716,Level 1,Basic Wall:MockUp Interior:835273,False
0eY_JNYBL07QlN_H9INGtf,IfcStairFlight,0.36995935,203,AdvancedProject.ifc,0.053605117,1.1081191,4 - Fourth Floor,Assembled Stair:Stair:937135 Run 1:4,False
3XuKtrI0jD5PlAb3LVW6T0,IfcFlowTerminal,0.36978143,204,AdvancedProject.ifc,0.05463608,1.1051205,1 - First Floor,M_Water Closet - Flush Tank:Public - Flushing Greater than 6.1 Lpf:905518,False
3ktY1kg3rAwgNBX_XWRV0A,IfcWindow,0.3696568,205,AdvancedProject.ifc,0.047188465,1.1220828,3 - Third Floor,BALANS Fixed Single Window:BALANS 15M PRIVATE:940678,False
1KMtYLyv9CyfGv8UjnMBSN,IfcWindow,0.36959594,206,AdvancedProject.ifc,0.047036435,1.1222347,1 - First Floor,BALANS Fixed Single Window:BALANS 20M PRIVATE:793588,False
1cFRppLhj948bTrzz_An5M,IfcWallStandardCase,0.36956388,207,AdvancedProject.ifc,0.04073209,1.1368381,-1 - Garage,Basic Wall:MockUp Interior between App:810932,False
3GzoWuxxn4WO8bCtw8H3GM,IfcBuildingElementProxy,0.3695294,208,AdvancedProject.ifc,0.048807878,1.1178796,1 - First Floor,Handtag skåp1:Handtag skåp:697555,False
1q9pLykVT2tOtz_4XjbvDJ,IfcWallStandardCase,0.36940587,209,AdvancedProject.ifc,0.045361217,1.12551,-1 - Garage,Basic Wall:MockUp Interior between App:878998,False
1cFRppLhj948bTrzz_Apiw,IfcDoor,0.36927295,210,AdvancedProject.ifc,0.048098516,1.1186799,-1 - Garage,M_Single-Flush:0762 x 2032mm:816600,False
2m6FhmO0r2OgRBRP7hD42U,IfcBuildingElementProxy,0.3688918,211,AdvancedProject.ifc,0.04818566,1.1172061,1 - First Floor,Handtag skåp1:Handtag skåp:711027,False
1k8pVOGqX51f_yJjFvAcZJ,IfcWallStandardCase,0.3688086,212,AdvancedProject.ifc,0.1222258,0.94416845,Level 1,Basic Wall:Generic - 200mm:314197,False
1ebX2H7F12su$wtPbeYAP4,IfcWindow,0.36866534,213,AdvancedProject.ifc,0.049307004,1.1138347,Level 1,BALANS Fixed Single Window:BALANS TRAPPHUS GROUND:773888,False
1cFRppLhj948bTrzz_Aowb,IfcBuildingElementProxy,0.3681979,214,AdvancedProject.ifc,0.046030555,1.1199217,-1 - Garage,M_RPC Beetle:M_RPC Beetle:811079,False
3pFbansyD0KOHFtJHrTtO7,IfcDoor,0.36815977,215,AdvancedProject.ifc,0.05130508,1.1074873,Level 1,M_Single-Flush:Generic Door:885552,False
2I1hX40SDEbAFJeZO_2_AT,IfcBuildingElementProxy,0.368022,216,AdvancedProject.ifc,0.07186995,1.0590434,Level 1,M_RPC Tree - Deciduous:Fraxinus - 5.6 Meters:963669,False
0ifV7awIzBlRVUTYG1zpbQ,IfcBuildingElementProxy,0.36783728,217,AdvancedProject.ifc,0.05314877,1.1021104,Level 1,M_RPC Female:Cathy:975335,False
3ktY1kg3rAwgNBX_XWRV48,IfcWindow,0.36763194,218,AdvancedProject.ifc,0.049904037,1.108997,5 - Fifth Floor,BALANS Fixed Single Window:BALANS 10M PRIVATE:940932,False
0ducQKkW5EGQM9rQ5zdPUw,IfcWallStandardCase,0.3675963,219,AdvancedProject.ifc,0.04046776,1.1308962,-1 - Garage,Basic Wall:MockUp Storage Wall:821376,False
2BLn4xX2vF_gM9G5wfbP7V,IfcDoor,0.3675499,220,AdvancedProject.ifc,0.049189277,1.1103913,Level 1,M_Single-Flush:Generic Door:839411,False
1KMtYLyv9CyfGv8UjnMBSV,IfcWindow,0.36748368,221,AdvancedProject.ifc,0.04617898,1.1171945,1 - First Floor,BALANS Fixed Single Window:BALANS 15M PRIVATE:793596,False
1KMtYLyv9CyfGv8UjnMBSI,IfcWallStandardCase,0.3673623,222,AdvancedProject.ifc,0.060474712,1.0834333,1 - First Floor,Basic Wall:MockUp Exterior:793585,False
3DRhHSTRP15ukUYu1G74Jn,IfcWallStandardCase,0.3671017,223,AdvancedProject.ifc,0.04922401,1.1088163,1 - First Floor,Basic Wall:MockUp Interior:595384,False
1q9pLykVT2tOtz_4Xjbv1L,IfcBuildingElementProxy,0.36695352,224,AdvancedProject.ifc,0.04195577,1.1252816,-1 - Garage,M_RPC Beetle:M_RPC Beetle:879248,False
28WUkjJ1r5wPzZDX9W1k71,IfcDoor,0.36673695,225,AdvancedProject.ifc,0.04784163,1.110826,1 - First Floor,M_Single-Flush:Generic Door:661041,False
0HFJ4FEcn5UhECI1IyBq10,IfcDoor,0.36668763,226,AdvancedProject.ifc,0.045865037,1.1152736,Level 1,M_Single-Flush:Generic Door:918202,False
0Um_J2ClP45uPRcRbJqhsv,IfcBuildingElementProxy,0.36633626,227,AdvancedProject.ifc,0.046747338,1.1120437,6 - Sixth Floor,Electrical_Solar-Panels_Soprema_Soprasolar_Fix-Evo-Tilt_EN:REC PE 260 HD:958514,False
2v8sGyGFXDsRc80mj95kzZ,IfcWallStandardCase,0.36620384,228,AdvancedProject.ifc,0.05497618,1.0924017,1 - First Floor,Basic Wall:MockUp Interior:724855,False
1KMtYLyv9CyfGv8UjnMBCM,IfcWallStandardCase,0.36596254,229,AdvancedProject.ifc,0.060869556,1.0778462,-1 - Garage,Basic Wall:MockUp Exterior Garage:794613,False
0SYs3s__10NgRHjGtRj2g3,IfcWallStandardCase,0.36578977,230,AdvancedProject.ifc,0.12421441,0.9294656,Level 1,Basic Wall:Generic - 200mm:315723,False
1p5u6RKD9AXOYfaTdtdJla,IfcSlab,0.3657196,231,AdvancedProject.ifc,0.12797973,0.9204459,Level 1,Floor:Generic 150mm:318362,False
3ktY1kg3rAwgNBX_XWRV12,IfcWindow,0.36560088,232,AdvancedProject.ifc,0.05155522,1.0983741,4 - Fourth Floor,BALANS Fixed Single Window:BALANS 10M PRIVATE:940750,False
38cogzaoHFsA14BvyabQTI,IfcRailing,0.36508363,233,AdvancedProject.ifc,0.052255634,1.0950155,2 - Second Floor,Railing:1100mm:938786,False
3ktY1kg3rAwgNBX_XWRS7q,IfcWindow,0.36466104,234,AdvancedProject.ifc,0.043026797,1.1151409,2 - Second Floor,BALANS Fixed Single Window:BALANS 20M PRIVATE:945016,False
3ktY1kg3rAwgNBX_XWRV08,IfcWindow,0.36465046,235,AdvancedProject.ifc,0.047706164,1.1041871,3 - Third Floor,BALANS Fixed Single Window:BALANS 15M PRIVATE:940676,False
01KIiV8XP6ngaLp$2u62CV,IfcRailing,0.3643192,236,AdvancedProject.ifc,0.047086243,1.1045294,2 - Second Floor,Railing:1100mm:938790,False
0ducQKkW5EGQM9rQ5zdPm_,IfcDoor,0.36420453,237,AdvancedProject.ifc,0.046119068,1.106404,-1 - Garage,M_Single-Flush:0762 x 2032mm:819972,False
0fjrUmmzDB4fngo1stt0NS,IfcBuildingElementProxy,0.3641944,238,AdvancedProject.ifc,0.054398045,1.0870525,1 - First Floor,Handtag skåp1:Handtag skåp:909025,False
3ktY1kg3rAwgNBX_XWRV1U,IfcWindow,0.36385134,239,AdvancedProject.ifc,0.047418416,1.1021948,4 - Fourth Floor,BALANS Fixed Single Window:BALANS 15M PRIVATE:940754,False
2BLn4xX2vF_gM9G5wfbUBM,IfcWallStandardCase,0.36357674,240,AdvancedProject.ifc,0.04940039,1.0966549,Level 1,Basic Wall:MockUp Interior:835066,False
2IzmleSW1Dlx86K0hfkLXi,IfcBuildingElementProxy,0.36343852,241,AdvancedProject.ifc,0.051934607,1.090281,1 - First Floor,Handtag skåp1:Handtag skåp:904342,False
0fjrUmmzDB4fngo1stt0Lp,IfcBuildingElementProxy,0.36343187,242,AdvancedProject.ifc,0.047418248,1.1007969,1 - First Floor,Kök - Kyl frys-en dörr:Frys:908878,False
3XuKtrI0jD5PlAb3LVW6Sm,IfcDoor,0.3633483,243,AdvancedProject.ifc,0.05027444,1.093854,1 - First Floor,M_Single-Flush:Generic Door:905566,False
3naw$9in55$v8L5CpxnK31,IfcWallStandardCase,0.36330113,244,AdvancedProject.ifc,0.063916974,1.0618641,-1 - Garage,Basic Wall:MockUp Elavator:712947,False
2BLn4xX2vF_gM9G5wfbPbw,IfcWallStandardCase,0.36323762,245,AdvancedProject.ifc,0.044803128,1.1062515,Level 1,Basic Wall:MockUp Interior:837206,False
3ktY1kg3rAwgNBX_XWRV1q,IfcWindow,0.3631495,246,AdvancedProject.ifc,0.04528298,1.104838,4 - Fourth Floor,BALANS Fixed Single Window:BALANS 15M PRIVATE:940792,False
2I1hX40SDEbAFJeZO_2_DX,IfcBuildingElementProxy,0.36300495,247,AdvancedProject.ifc,0.063320205,1.0622693,Level 1,M_RPC Tree - Deciduous:Largetooth Aspen - 7.6 Meters:964009,False
2BLn4xX2vF_gM9G5wfbPR8,IfcDoor,0.36282584,248,AdvancedProject.ifc,0.047781307,1.0979297,Level 1,M_Single-Flush:Generic Door:838116,False
3pFbansyD0KOHFtJHrTuoC,IfcWallStandardCase,0.36279902,249,AdvancedProject.ifc,0.04145171,1.1126094,-1 - Garage,Basic Wall:MockUp Storage Wall:883131,False
1k8pVOGqX51f_yJjFvAcuQ,IfcWallStandardCase,0.36276752,250,AdvancedProject.ifc,0.16080512,0.83401304,Level 1,Basic Wall:Generic - 200mm:314780,False
0qKJYWbnv5I8o6vyLfHje7,IfcBuildingElementProxy,0.3624909,251,AdvancedProject.ifc,0.048020795,1.0962545,1 - First Floor,Serena bench with three drawers:Serena bench with three drawers:899856,False
3Icxn5iZD46RLnvfRjDRU9,IfcWallStandardCase,0.36227882,252,AdvancedProject.ifc,0.05059915,1.0895313,1 - First Floor,Basic Wall:MockUp Interior:731582,False
0ducQKkW5EGQM9rQ5zdPsI,IfcDoor,0.36207372,253,AdvancedProject.ifc,0.045996737,1.0995866,-1 - Garage,M_Single-Flush:0762 x 2032mm:819880,False
0Um_J2ClP45uPRcRbJqhbu,IfcWindow,0.36198115,254,AdvancedProject.ifc,0.059121143,1.0686545,6 - Sixth Floor,BALANS Fixed Single Window:BALANS 10M BATHROOM:959731,False
3ktY1kg3rAwgNBX_XWRV1g,IfcWindow,0.36173105,255,AdvancedProject.ifc,0.04850356,1.0925952,4 - Fourth Floor,BALANS Fixed Single Window:BALANS 10M PRIVATE:940774,False
1k8pVOGqX51f_yJjFvAcGC,IfcWallStandardCase,0.36158344,256,AdvancedProject.ifc,0.13866548,0.8817253,Level 1,Basic Wall:Generic - 200mm:313226,False
2I1hX40SDEbAFJeZO_2_99,IfcBuildingElementProxy,0.3615525,257,AdvancedProject.ifc,0.07069378,1.0402228,Level 1,M_RPC Tree - Deciduous:Fraxinus - 5.6 Meters:963713,False
0HFJ4FEcn5UhECI1IyBBLe,IfcWindow,0.3614517,258,AdvancedProject.ifc,0.052490067,1.082362,1 - First Floor,BALANS Fixed Single Window:BALANS 10M PRIVATE:915346,False
0qKJYWbnv5I8o6vyLfHjHg,IfcBuildingElementProxy,0.36126864,259,AdvancedProject.ifc,0.05156507,1.0839102,1 - First Floor,Handtag skåp1:Handtag skåp:898429,False
3ktY1kg3rAwgNBX_XWRV1M,IfcWindow,0.36108303,260,AdvancedProject.ifc,0.04877276,1.0898069,4 - Fourth Floor,BALANS Fixed Single Window:BALANS 20M FLOOR (SH = 0):940762,False
2I1hX40SDEbAFJeZO_2_9L,IfcBuildingElementProxy,0.36105573,261,AdvancedProject.ifc,0.070443526,1.0391508,Level 1,M_RPC Tree - Deciduous:Fraxinus - 5.6 Meters:963741,False
3ktY1kg3rAwgNBX_XWRS7R,IfcWindow,0.36097443,262,AdvancedProject.ifc,0.045587987,1.0968761,2 - Second Floor,BALANS Fixed Single Window:BALANS 15M PRIVATE:944983,False
3ktY1kg3rAwgNBX_XWRS7l,IfcWindow,0.3608874,263,AdvancedProject.ifc,0.044295043,1.0996029,2 - Second Floor,BALANS Fixed Single Window:BALANS 15M PRIVATE:944995,False
3ktY1kg3rAwgNBX_XWRV0B,IfcWindow,0.3608533,264,AdvancedProject.ifc,0.04924727,1.087934,3 - Third Floor,BALANS Fixed Single Window:BALANS 10M PRIVATE:940679,False
1k8pVOGqX51f_yJjFvAcdu,IfcWallStandardCase,0.3607841,265,AdvancedProject.ifc,0.097533695,0.9750351,Level 1,Basic Wall:Generic - 200mm:313982,False
3ktY1kg3rAwgNBX_XWRS7X,IfcWindow,0.3607559,266,AdvancedProject.ifc,0.04628194,1.0945284,2 - Second Floor,BALANS Fixed Single Window:BALANS 10M PRIVATE:945005,False
3Icxn5iZD46RLnvfRjDRUz,IfcWallStandardCase,0.36063558,267,AdvancedProject.ifc,0.056240227,1.0708914,1 - First Floor,Basic Wall:MockUp Interior:731530,False
28WUkjJ1r5wPzZDX9W1jtX,IfcBuildingElementProxy,0.36033434,268,AdvancedProject.ifc,0.050477494,1.0833336,1 - First Floor,Handtag skåp1:Handtag skåp:666129,False
3ktY1kg3rAwgNBX_XWRV0e,IfcWindow,0.35980758,269,AdvancedProject.ifc,0.04715539,1.0893292,3 - Third Floor,BALANS Fixed Single Window:BALANS 15M PRIVATE:940708,False
3ktY1kg3rAwgNBX_XWRV0j,IfcWindow,0.3597741,270,AdvancedProject.ifc,0.05044874,1.0815333,3 - Third Floor,BALANS Fixed Single Window:BALANS 10M PRIVATE:940705,False
2I1hX40SDEbAFJeZO_2_Dy,IfcBuildingElementProxy,0.35967255,271,AdvancedProject.ifc,0.06426933,1.0489466,Level 1,M_RPC Tree - Deciduous:Largetooth Aspen - 7.6 Meters:964020,False
1cFRppLhj948bTrzz_An7i,IfcBuildingElementProxy,0.35964417,272,AdvancedProject.ifc,0.043215614,1.0979774,-1 - Garage,M_RPC Beetle:M_RPC Beetle:810766,False
1cFRppLhj948bTrzz_AoxP,IfcBuildingElementProxy,0.35957393,273,AdvancedProject.ifc,0.045339223,1.0927882,-1 - Garage,M_RPC Beetle:M_RPC Beetle:811067,False
3ktY1kg3rAwgNBX_XWRV1X,IfcWindow,0.35956317,274,AdvancedProject.ifc,0.05068139,1.0802872,4 - Fourth Floor,BALANS Fixed Single Window:BALANS 10M PRIVATE:940781,False
2sG0Vcmgb1Uverjtj49YTd,IfcDoor,0.35928795,275,AdvancedProject.ifc,0.046982348,1.088001,1 - First Floor,M_Single-Flush:Generic Door:587735,False
3GdhC2lQD5ifjmLdQ3yoTZ,IfcWall,0.359262,276,AdvancedProject.ifc,0.05225963,1.0756009,-1 - Garage,Basic Wall:MockUp Storage Wall:798283,False
0fjrUmmzDB4fngo1stt393,IfcBuildingElementProxy,0.35887706,277,AdvancedProject.ifc,0.047797494,1.0847294,1 - First Floor,Handtag skåp1:Handtag skåp:911742,False
0fjrUmmzDB4fngo1stt3AF,IfcBuildingElementProxy,0.3587368,278,AdvancedProject.ifc,0.040452812,1.1013994,1 - First Floor,Kök - Kyl frys-en dörr:Frys:911794,False
3pFbansyD0KOHFtJHrTtlJ,IfcWallStandardCase,0.35867548,279,AdvancedProject.ifc,0.044166826,1.0925289,Level 1,Basic Wall:MockUp Interior:888548,False
1cFRppLhj948bTrzz_Ao_1,IfcDoor,0.35867292,280,AdvancedProject.ifc,0.046886362,1.0861748,-1 - Garage,M_Single-Flush:0762 x 2032mm:811363,False
2v8sGyGFXDsRc80mj95lE_,IfcDoor,0.3584045,281,AdvancedProject.ifc,0.05130663,1.0749662,1 - First Floor,M_Single-Flush:Generic Door:725930,False
0fjrUmmzDB4fngo1stt3Ty,IfcBuildingElementProxy,0.35838047,282,AdvancedProject.ifc,0.042352214,1.0957797,1 - First Floor,Kök - Kyl frys-en dörr:Frys:912449,False
3ktY1kg3rAwgNBX_XWRS7g,IfcWindow,0.35837823,283,AdvancedProject.ifc,0.04366908,1.0926995,2 - Second Floor,BALANS Fixed Single Window:BALANS 15M PRIVATE:944998,False
0X2$ayW0v5dBNxK3e4nw7Z,IfcBuildingElementProxy,0.35828686,284,AdvancedProject.ifc,0.049358472,1.0791197,1 - First Floor,Handtag skåp1:Handtag skåp:681810,False
0fjrUmmzDB4fngo1stt0NT,IfcBuildingElementProxy,0.35811728,285,AdvancedProject.ifc,0.05437587,1.0668472,1 - First Floor,Handtag skåp1:Handtag skåp:909024,False
0qKJYWbnv5I8o6vyLfHipc,IfcBuildingElementProxy,0.35798737,286,AdvancedProject.ifc,0.053881995,1.0675665,1 - First Floor,Handtag skåp1:Handtag skåp:896497,False
11MreptMzBDAizZWBG8n79,IfcDoor,0.3578459,287,AdvancedProject.ifc,0.047965176,1.0809009,1 - First Floor,M_Single-Flush:Generic Door:690010,False
3ktY1kg3rAwgNBX_XWRV0a,IfcWindow,0.35766667,288,AdvancedProject.ifc,0.05436287,1.0653754,3 - Third Floor,BALANS Fixed Single Window:BALANS 10M BATHROOM:940712,False
1KMtYLyv9CyfGv8UjnMB3W,IfcWindow,0.35761708,289,AdvancedProject.ifc,0.049571857,1.0763892,1 - First Floor,BALANS Fixed Single Window:BALANS 20M FLOOR (SH = 0):793603,False
0ducQKkW5EGQM9rQ5zdPbh,IfcDoor,0.35721198,290,AdvancedProject.ifc,0.047417663,1.0800654,-1 - Garage,M_Single-Flush:0762 x 2032mm:820817,False
0X2$ayW0v5dBNxK3e4nw7W,IfcBuildingElementProxy,0.35707453,291,AdvancedProject.ifc,0.049369674,1.0750525,1 - First Floor,Handtag skåp1:Handtag skåp:681809,False
0qKJYWbnv5I8o6vyLfHgDX,IfcWallStandardCase,0.35668895,292,AdvancedProject.ifc,0.04952036,1.0734156,1 - First Floor,Basic Wall:MockUp Interior:901750,False
3pFbansyD0KOHFtJHrTtde,IfcDoor,0.35627073,293,AdvancedProject.ifc,0.048917834,1.0734274,Level 1,M_Single-Flush:Generic Door:888031,False
3ktY1kg3rAwgNBX_XWRV0G,IfcWindow,0.35624748,294,AdvancedProject.ifc,0.039686657,1.0948894,3 - Third Floor,BALANS Fixed Single Window:BALANS 30M FLOOR (SH = 0):940700,False
1KMtYLyv9CyfGv8UjnMBCL,IfcWallStandardCase,0.35624403,295,AdvancedProject.ifc,0.044945147,1.0826081,-1 - Garage,Basic Wall:MockUp Exterior Garage:794614,False
1k8pVOGqX51f_yJjFvAcLC,IfcWallStandardCase,0.35619184,296,AdvancedProject.ifc,0.22032647,0.67321104,Level 1,Basic Wall:Generic - 200mm:313034,False
3ktY1kg3rAwgNBX_XWRV0K,IfcWindow,0.35609275,297,AdvancedProject.ifc,0.047026057,1.0772483,3 - Third Floor,BALANS Fixed Single Window:BALANS 20M PRIVATE:940696,False
0qKJYWbnv5I8o6vyLfHj$1,IfcBuildingElementProxy,0.35605794,298,AdvancedProject.ifc,0.052008804,1.0655059,1 - First Floor,Handtag skåp1:Handtag skåp:900822,False
3ktY1kg3rAwgNBX_XWRV1j,IfcWindow,0.35601225,299,AdvancedProject.ifc,0.048930187,1.0725371,4 - Fourth Floor,BALANS Fixed Single Window:BALANS 10M BATHROOM:940769,False
34Ni6yH0HDjQqrjEsXb0JF,IfcWallStandardCase,0.35592592,300,AdvancedProject.ifc,0.055851262,1.0561001,-1 - Garage,Basic Wall:MockUp Elavator:865874,False
1KMtYLyv9CyfGv8UjnMBSF,IfcWallStandardCase,0.3555501,301,AdvancedProject.ifc,0.13009454,0.8816131,1 - First Floor,Basic Wall:MockUp Exterior:793580,False
28WUkjJ1r5wPzZDX9W1jtY,IfcBuildingElementProxy,0.35552207,302,AdvancedProject.ifc,0.050460476,1.0673324,1 - First Floor,Handtag skåp1:Handtag skåp:666130,False
2v8sGyGFXDsRc80mj95klY,IfcWallStandardCase,0.35549027,303,AdvancedProject.ifc,0.07238892,1.0160601,1 - First Floor,Basic Wall:MockUp Interior:723958,False
1cFRppLhj948bTrzz_Apug,IfcWallStandardCase,0.35524735,304,AdvancedProject.ifc,0.04443238,1.0804822,-1 - Garage,Basic Wall:MockUp Interior between App:815304,False
28WUkjJ1r5wPzZDX9W1kx7,IfcBuildingElementProxy,0.35524696,305,AdvancedProject.ifc,0.0504568,1.066424,1 - First Floor,Handtag skåp1:Handtag skåp:661815,False
3ktY1kg3rAwgNBX_XWRV40,IfcWindow,0.35524032,306,AdvancedProject.ifc,0.052775104,1.0609925,5 - Fifth Floor,BALANS Fixed Single Window:BALANS 10M PRIVATE:940940,False
3Icxn5iZD46RLnvfRjDRHb,IfcBuildingElementProxy,0.35522836,307,AdvancedProject.ifc,0.0528868,1.0606921,1 - First Floor,Handtag skåp1:Handtag skåp:731730,False
2I1hX40SDEbAFJeZO_2_F8,IfcBuildingElementProxy,0.35522002,308,AdvancedProject.ifc,0.059704535,1.0447562,Level 1,M_RPC Tree - Deciduous:Kousa Dogwood - 3.0 Meters:963840,False
3GzoWuxxn4WO8bCtw8H3BH,IfcRailing,0.35510764,309,AdvancedProject.ifc,0.044561848,1.0797144,-1 - Garage,Railing:1100mm:696852,False
0fjrUmmzDB4fngo1stt0NZ,IfcBuildingElementProxy,0.35502607,310,AdvancedProject.ifc,0.054089114,1.0572122,1 - First Floor,Handtag skåp1:Handtag skåp:909022,False
0ifV7awIzBlRVUTYG1zpd3,IfcBuildingElementProxy,0.35477102,311,AdvancedProject.ifc,0.056991067,1.0495908,Level 1,M_RPC Female:YinYin:975230,False
0ducQKkW5EGQM9rQ5zdM0J,IfcWallStandardCase,0.3546743,312,AdvancedProject.ifc,0.039560426,1.0899401,-1 - Garage,Basic Wall:MockUp Storage Wall:818985,False
3ktY1kg3rAwgNBX_XWRV01,IfcWindow,0.35466737,313,AdvancedProject.ifc,0.049667258,1.0663342,3 - Third Floor,BALANS Fixed Single Window:BALANS 20M PRIVATE:940685,False
1KMtYLyv9CyfGv8UjnMBCN,IfcWallStandardCase,0.35453755,314,AdvancedProject.ifc,0.06812317,1.0228378,-1 - Garage,Basic Wall:MockUp Exterior Garage:794612,False
0fjrUmmzDB4fngo1stt0Ll,IfcBuildingElementProxy,0.35412422,315,AdvancedProject.ifc,0.054128945,1.0541131,1 - First Floor,Handtag skåp1:Handtag skåp:908882,False
2I1hX40SDEbAFJeZO_2_9W,IfcBuildingElementProxy,0.35411626,316,AdvancedProject.ifc,0.070562065,1.0157427,Level 1,M_RPC Tree - Deciduous:Fraxinus - 5.6 Meters:963752,False
2BLn4xX2vF_gM9G5wfbPB_,IfcDoor,0.35405082,317,AdvancedProject.ifc,0.048380494,1.0672815,Level 1,M_Single-Flush:Generic Door:839122,False
0ducQKkW5EGQM9rQ5zdOpb,IfcDoor,0.35398462,318,AdvancedProject.ifc,0.04652854,1.0713822,-1 - Garage,M_Single-Flush:0762 x 2032mm:824287,False
28WUkjJ1r5wPzZDX9W1jKw,IfcWallStandardCase,0.35396212,319,AdvancedProject.ifc,0.047315996,1.0694697,1 - First Floor,Basic Wall:MockUp Kitchen:664266,False
0qKJYWbnv5I8o6vyLfHjio,IfcBuildingElementProxy,0.3539268,320,AdvancedProject.ifc,0.05165521,1.0592271,1 - First Floor,Handtag kylfrys:Handtag kyl/frys:899621,False
0cRoQU_sD5R8MkkMkeoWdX,IfcWallStandardCase,0.3538605,321,AdvancedProject.ifc,0.22995019,0.64298457,Level 1,Basic Wall:Generic - 200mm:311301,False
1cFRppLhj948bTrzz_An7g,IfcBuildingElementProxy,0.35377422,322,AdvancedProject.ifc,0.04288608,1.0791798,-1 - Garage,M_RPC Beetle:M_RPC Beetle:810760,False
0MgESf4zL2juYwctbhVsxF,IfcWallStandardCase,0.35375455,323,AdvancedProject.ifc,0.11412192,0.91289735,1 - First Floor,Basic Wall:MockUp Interior between App:575972,False
3pFbansyD0KOHFtJHrTsV5,IfcBuildingElementProxy,0.35366246,324,AdvancedProject.ifc,0.05205797,1.0574062,Level 1,Handtag skåp1:Handtag skåp:889586,False
2V6UQJFc92sfDYeuDKgYFi,IfcWallStandardCase,0.35364714,325,AdvancedProject.ifc,0.071962364,1.0109116,Level 1,Basic Wall:MockUp Exterior Ground Floor:451915,False
0HFJ4FEcn5UhECI1IyBBz0,IfcWindow,0.3535338,326,AdvancedProject.ifc,0.05252368,1.0558908,Level 1,BALANS Fixed Single Window:BALANS 10M FLOOR (SH = 0):916922,False
2BLn4xX2vF_gM9G5wfbPhn,IfcDoor,0.35350242,327,AdvancedProject.ifc,0.04616996,1.0706115,Level 1,M_Single-Flush:Generic Door:837085,False
3GdhC2lQD5ifjmLdQ3yoHJ,IfcDoor,0.35339636,328,AdvancedProject.ifc,0.047144644,1.0679836,-1 - Garage,M_Single-Flush:Generic Door:798075,False
2dAxltRn524vY2d5KNMrWy,IfcWallStandardCase,0.35317037,329,AdvancedProject.ifc,0.051260646,1.0576264,-1 - Garage,Basic Wall:MockUp Interior between App:807795,False
2dAxltRn524vY2d5KNMr$K,IfcWallStandardCase,0.3530293,330,AdvancedProject.ifc,0.041233283,1.0805533,-1 - Garage,Basic Wall:MockUp Interior between App:808091,False
0MOEoDTm9EnO9yKsXjjkUX,IfcWallStandardCase,0.35283452,331,AdvancedProject.ifc,0.06901844,1.015072,1 - First Floor,Basic Wall:MockUp Interior between App:586610,False
2v8sGyGFXDsRc80mj95k$a,IfcWallStandardCase,0.35271278,332,AdvancedProject.ifc,0.07329947,1.0046772,1 - First Floor,Basic Wall:MockUp Interior:724976,False
0ducQKkW5EGQM9rQ5zdOTG,IfcWallStandardCase,0.35259658,333,AdvancedProject.ifc,0.051215004,1.0558202,Level 1,Basic Wall:MockUp Interior between App:825450,False
2I1hX40SDEbAFJeZO_2_Ev,IfcBuildingElementProxy,0.35249814,334,AdvancedProject.ifc,0.090132706,0.9646841,Level 1,M_RPC Tree - Deciduous:Siberian Crab Apple - 6.1 Meters:963953,False
0Zs4aBjAr5AggJ3MVmSIIU,IfcFlowTerminal,0.3524797,335,AdvancedProject.ifc,0.04393014,1.0724286,1 - First Floor,M_Shower Stall with Seat - Rectangular:1220 mmx915 mm - Private:598159,False
1p5u6RKD9AXOYfaTdtdJhr,IfcSlab,0.35241455,336,AdvancedProject.ifc,0.1430946,0.8408277,Level 1,Floor:Generic 150mm:318091,False
114bk7BJ1AQATn9feajABR,IfcWallStandardCase,0.35234392,337,AdvancedProject.ifc,0.12112648,0.89185125,Level 1,Basic Wall:Generic - 200mm:315602,False
0ducQKkW5EGQM9rQ5zdPFU,IfcDoor,0.35227582,338,AdvancedProject.ifc,0.049216423,1.0594144,-1 - Garage,M_Single-Flush:0762 x 2032mm:822500,False
2BLn4xX2vF_gM9G5wfbVWH,IfcBuildingElementProxy,0.3519573,339,AdvancedProject.ifc,0.042569928,1.0738611,Level 1,M_RPC Beetle:M_RPC Beetle:829245,False
3ktY1kg3rAwgNBX_XWRV4B,IfcWindow,0.3519051,340,AdvancedProject.ifc,0.050554965,1.0550554,5 - Fifth Floor,BALANS Fixed Single Window:BALANS 10M PRIVATE:940935,False
3ktY1kg3rAwgNBX_XWRV49,IfcWindow,0.3519022,341,AdvancedProject.ifc,0.042193342,1.0745561,5 - Fifth Floor,BALANS Fixed Single Window:BALANS 30M FLOOR (SH = 0):940933,False
3ktY1kg3rAwgNBX_XWRV4S,IfcWindow,0.35176814,342,AdvancedProject.ifc,0.05524511,1.0436552,5 - Fifth Floor,BALANS Fixed Single Window:BALANS 10M PRIVATE:940944,False
3U8bdGexDEOw9DXBmULq6a,IfcWallStandardCase,0.3515317,343,AdvancedProject.ifc,0.04550465,1.0655948,-1 - Garage,Basic Wall:MockUp Interior between App:868399,False
0MOEoDTm9EnO9yKsXjjk26,IfcWallStandardCase,0.3514827,344,AdvancedProject.ifc,0.048201147,1.0591395,1 - First Floor,Basic Wall:MockUp Interior between App:586837,False
1p5u6RKD9AXOYfaTdtdJe3,IfcSlab,0.35146973,345,AdvancedProject.ifc,0.08828883,0.9655584,Level 1,Floor:Generic 150mm:318077,False
3ktY1kg3rAwgNBX_XWRS7u,IfcWindow,0.35127214,346,AdvancedProject.ifc,0.04834714,1.058097,2 - Second Floor,BALANS Fixed Single Window:BALANS 10M PRIVATE:945012,False
1q9pLykVT2tOtz_4Xjbv1J,IfcBuildingElementProxy,0.35125467,347,AdvancedProject.ifc,0.042256285,1.0722508,-1 - Garage,M_RPC Beetle:M_RPC Beetle:879254,False
114bk7BJ1AQATn9feajACD,IfcWallStandardCase,0.35117227,348,AdvancedProject.ifc,0.13866936,0.84701234,Level 1,Basic Wall:Generic - 200mm:315652,False
1gdfXOIAf8ZBJUgAp$8e7h,IfcRailing,0.35103816,349,AdvancedProject.ifc,0.04863764,1.0566393,-1 - Garage,Railing:1100mm:919142,False
0Um_J2ClP45uPRcRbJqeBm,IfcBuildingElementProxy,0.35102996,350,AdvancedProject.ifc,0.047380976,1.0595442,6 - Sixth Floor,Electrical_Solar-Panels_Soprema_Soprasolar_Fix-Evo-Tilt_EN:REC PE 260 HD:958331,False
1cFRppLhj948bTrzz_ApAd,IfcWallStandardCase,0.35087729,351,AdvancedProject.ifc,0.03946308,1.0775104,-1 - Garage,Basic Wall:MockUp Storage Wall:818245,False
114bk7BJ1AQATn9feajAAY,IfcWallStandardCase,0.35083717,352,AdvancedProject.ifc,0.13709305,0.84957343,Level 1,Basic Wall:Generic - 200mm:315563,False
1KMtYLyv9CyfGv8UjnMB3o,IfcWindow,0.35083365,353,AdvancedProject.ifc,0.047027983,1.0597135,1 - First Floor,BALANS Fixed Single Window:BALANS 10M BATHROOM:793617,False
1k8pVOGqX51f_yJjFvAcab,IfcWallStandardCase,0.35063243,354,AdvancedProject.ifc,0.13077907,0.8636236,Level 1,Basic Wall:Generic - 200mm:314019,False
1k8pVOGqX51f_yJjFvAcT5,IfcWallStandardCase,0.35052794,355,AdvancedProject.ifc,0.20296055,0.6948519,Level 1,Basic Wall:Generic - 200mm:312515,False
3ktY1kg3rAwgNBX_XWRV4A,IfcWindow,0.3501548,356,AdvancedProject.ifc,0.042937525,1.066995,5 - Fifth Floor,BALANS Fixed Single Window:BALANS 30M FLOOR (SH = 0):940934,False
3GdhC2lQD5ifjmLdQ3yo2f,IfcWallStandardCase,0.34985656,357,AdvancedProject.ifc,0.04288351,1.066127,-1 - Garage,Basic Wall:MockUp Interior between App:797057,False
0qKJYWbnv5I8o6vyLfHjnp,IfcBuildingElementProxy,0.34958282,358,AdvancedProject.ifc,0.050864406,1.0465925,1 - First Floor,Handtag skåp1:Handtag skåp:900452,False
1q9pLykVT2tOtz_4XjbuzE,IfcWallStandardCase,0.34941423,359,AdvancedProject.ifc,0.039228067,1.0731819,-1 - Garage,Basic Wall:MockUp Storage Wall:882059,False
3ktY1kg3rAwgNBX_XWRS7a,IfcWindow,0.3492813,360,AdvancedProject.ifc,0.046753697,1.055179,2 - Second Floor,BALANS Fixed Single Window:BALANS 10M BATHROOM:945000,False
1p5u6RKD9AXOYfaTdtdJi4,IfcSlab,0.34901422,361,AdvancedProject.ifc,0.120166816,0.88299155,Level 1,Floor:Generic 150mm:318330,False
0MOEoDTm9EnO9yKsXjjiky,IfcWallStandardCase,0.34895244,362,AdvancedProject.ifc,0.12346885,0.87508076,Level 1,Basic Wall:MockUp Exterior Ground Floor:581487,False
3pFbansyD0KOHFtJHrTukr,IfcWallStandardCase,0.3486297,363,AdvancedProject.ifc,0.04202796,1.0640337,Level 1,Basic Wall:MockUp Interior between App:884354,False
1q9pLykVT2tOtz_4XjbvWj,IfcWallStandardCase,0.3486129,364,AdvancedProject.ifc,0.04491425,1.0572431,-1 - Garage,Basic Wall:MockUp Interior between App:877288,False
0SYs3s__10NgRHjGtRj2eO,IfcWallStandardCase,0.34853148,365,AdvancedProject.ifc,0.12990803,0.8586529,Level 1,Basic Wall:Generic - 200mm:315856,False
1KGNuJkf5FjQZDFQ6WeE5w,IfcBuildingElementProxy,0.3482957,366,AdvancedProject.ifc,0.049702037,1.0450143,1 - First Floor,Serena bench with three drawers:Serena bench with three drawers:675103,False
1k8pVOGqX51f_yJjFvAcPr,IfcWallStandardCase,0.3482536,367,AdvancedProject.ifc,0.09328106,0.94318956,Level 1,Basic Wall:Generic - 200mm:312819,False
1ebX2H7F12su$wtPbeYATe,IfcWindow,0.34814587,368,AdvancedProject.ifc,0.050156064,1.0434554,Level 1,BALANS Fixed Single Window:BALANS 20M FLOOR (SH = 0):773676,False
2v8sGyGFXDsRc80mj95iIq,IfcBuildingElementProxy,0.348044,369,AdvancedProject.ifc,0.052303795,1.0381044,1 - First Floor,Handtag skåp1:Handtag skåp:730272,False
3ktY1kg3rAwgNBX_XWRV1Y,IfcWindow,0.3476828,370,AdvancedProject.ifc,0.04807887,1.0467587,4 - Fourth Floor,BALANS Fixed Single Window:BALANS 15M PRIVATE:940782,False
3ktY1kg3rAwgNBX_XWRV1y,IfcWindow,0.3475292,371,AdvancedProject.ifc,0.04738166,1.0478735,4 - Fourth Floor,BALANS Fixed Single Window:BALANS 15M PRIVATE:940784,False
2I1hX40SDEbAFJeZO_2_8M,IfcBuildingElementProxy,0.34716532,372,AdvancedProject.ifc,0.07766651,0.97599584,Level 1,M_RPC Tree - Deciduous:Fraxinus - 5.6 Meters:963806,False
0ducQKkW5EGQM9rQ5zdPJh,IfcWallStandardCase,0.34707132,373,AdvancedProject.ifc,0.041104466,1.0609939,-1 - Garage,Basic Wall:MockUp Storage Wall:822225,False
1q9pLykVT2tOtz_4Xjbucy,IfcWallStandardCase,0.3465378,374,AdvancedProject.ifc,0.040054843,1.0616647,-1 - Garage,Basic Wall:MockUp Storage Wall:881529,False
1KGNuJkf5FjQZDFQ6WeEBX,IfcFlowTerminal,0.34647542,375,AdvancedProject.ifc,0.052006606,1.0335693,1 - First Floor,M_Water Closet - Flush Tank:Public - Flushing Greater than 6.1 Lpf:675460,False
2v8sGyGFXDsRc80mj95i21,IfcBuildingElementProxy,0.34628397,376,AdvancedProject.ifc,0.05427873,1.0276295,1 - First Floor,Handtag skåp1:Handtag skåp:729237,False
0ducQKkW5EGQM9rQ5zdM1T,IfcDoor,0.34621727,377,AdvancedProject.ifc,0.046911143,1.0445982,-1 - Garage,M_Single-Flush:0762 x 2032mm:819047,False
3pFbansyD0KOHFtJHrTtxh,IfcBuildingElementProxy,0.34525537,378,AdvancedProject.ifc,0.05277318,1.0277138,Level 1,Handtag skåp1:Handtag skåp:887772,False
2IzmleSW1Dlx86K0hfkLg2,IfcBuildingElementProxy,0.3450535,379,AdvancedProject.ifc,0.049628362,1.0343788,1 - First Floor,Handtag skåp1:Handtag skåp:904824,False
3ktY1kg3rAwgNBX_XWRV7X,IfcWindow,0.34502646,380,AdvancedProject.ifc,0.05068785,1.0318166,5 - Fifth Floor,BALANS Fixed Single Window:BALANS 15M PRIVATE:940909,False
0Zs4aBjAr5AggJ3MVmSIAn,IfcWallStandardCase,0.34479535,381,AdvancedProject.ifc,0.054976497,1.0210392,1 - First Floor,Basic Wall:MockUp Interior:599712,False
0ikA9YOKrBaRArRnE24qG6,IfcRailing,0.3446899,382,AdvancedProject.ifc,0.049793348,1.0327818,1 - First Floor,Railing:1100mm:938790,False
0Um_J2ClP45uPRcRbJqhtg,IfcBuildingElementProxy,0.34466776,383,AdvancedProject.ifc,0.044365518,1.045373,6 - Sixth Floor,Electrical_Solar-Panels_Soprema_Soprasolar_Fix-Evo-Tilt_EN:REC PE 260 HD:958561,False
2v8sGyGFXDsRc80mj95luL,IfcWallStandardCase,0.3446416,384,AdvancedProject.ifc,0.06373559,1.0000889,1 - First Floor,Basic Wall:MockUp Interior:728577,False
0qKJYWbnv5I8o6vyLfHje6,IfcBuildingElementProxy,0.3446156,385,AdvancedProject.ifc,0.05631417,1.017319,Level 2,"Display-LCD-Panasonic-Standard:47"", 1080p Full HD LCD w/ built-in speaker:899857",False
3ktY1kg3rAwgNBX_XWRV7_,IfcWindow,0.34434086,386,AdvancedProject.ifc,0.044594225,1.0437496,5 - Fifth Floor,BALANS Fixed Single Window:BALANS TRAPPHUS:940914,False
3pFbansyD0KOHFtJHrTugD,IfcWallStandardCase,0.34411022,387,AdvancedProject.ifc,0.046377923,1.038819,Level 1,Basic Wall:MockUp Interior between App:884666,False
1KMtYLyv9CyfGv8UjnMBSK,IfcWindow,0.34397417,388,AdvancedProject.ifc,0.047813676,1.0350152,1 - First Floor,BALANS Fixed Single Window:BALANS 15M PRIVATE:793591,False
3ktY1kg3rAwgNBX_XWRV0k,IfcWindow,0.34377727,389,AdvancedProject.ifc,0.047840428,1.0342965,3 - Third Floor,BALANS Fixed Single Window:BALANS 15M PRIVATE:940706,False
02b4vxvtD5HBo2EeUI62mV,IfcBuildingElementProxy,0.34278795,390,AdvancedProject.ifc,0.050295852,1.0252695,1 - First Floor,Handtag skåp1:Handtag skåp:642467,False
2sG0Vcmgb1Uverjtj49zXt,IfcDoor,0.34271947,391,AdvancedProject.ifc,0.047488984,1.0315906,1 - First Floor,M_Single-Flush:Generic Door:592071,False
3GzoWuxxn4WO8bCtw8H3Gq,IfcWallStandardCase,0.3425084,392,AdvancedProject.ifc,0.05379239,1.0161791,1 - First Floor,Basic Wall:MockUp Interior:697585,False
0ducQKkW5EGQM9rQ5zdPMt,IfcWallStandardCase,0.34249973,393,AdvancedProject.ifc,0.04363024,1.0398619,-1 - Garage,Basic Wall:MockUp Storage Wall:821901,False
0HFJ4FEcn5UhECI1IyBBr8,IfcWindow,0.34243867,394,AdvancedProject.ifc,0.051015098,1.022427,Level 1,BALANS Fixed Single Window:BALANS GROUND SMALL A:917426,False
0cRoQU_sD5R8MkkMkeod5P,IfcWallStandardCase,0.342239,395,AdvancedProject.ifc,0.09784435,0.91249317,Level 1,Basic Wall:Generic - 200mm:309437,False
2BLn4xX2vF_gM9G5wfbVaT,IfcWindow,0.34217736,396,AdvancedProject.ifc,0.049027212,1.0261943,Level 1,BALANS Fixed Single Window:BALANS 30M FLOOR (SH = 0):828977,False
3pFbansyD0KOHFtJHrTsPV,IfcBuildingElementProxy,0.34217054,397,AdvancedProject.ifc,0.051848225,1.0195893,Level 1,Handtag skåp1:Handtag skåp:889704,False
0xyFL4ySP5TexORi78qDB1,IfcWindow,0.34202883,398,AdvancedProject.ifc,0.04285071,1.0401111,Level 1,BALANS Fixed Single Window:BALANS 25M FLOOR (SH = 0):780926,False
2m6FhmO0r2OgRBRP7hD4rW,IfcBuildingElementProxy,0.3417067,399,AdvancedProject.ifc,0.0482958,1.026332,1 - First Floor,Handtag skåp1:Handtag skåp:709773,False
0ducQKkW5EGQM9rQ5zdPNY,IfcWallStandardCase,0.34164944,400,AdvancedProject.ifc,0.040416747,1.0445256,-1 - Garage,Basic Wall:MockUp Storage Wall:821976,False
0Um_J2ClP45uPRcRbJqe8k,IfcBuildingElementProxy,0.3416261,401,AdvancedProject.ifc,0.04708767,1.0288824,6 - Sixth Floor,Electrical_Solar-Panels_Soprema_Soprasolar_Fix-Evo-Tilt_EN:REC PE 260 HD:958373,False
1q9pLykVT2tOtz_4Xjbupo,IfcWallStandardCase,0.3416067,402,AdvancedProject.ifc,0.039633524,1.0462108,-1 - Garage,Basic Wall:MockUp Storage Wall:882231,False
0MOEoDTm9EnO9yKsXjjk2Z,IfcDoor,0.34154359,403,AdvancedProject.ifc,0.04776807,1.0270197,1 - First Floor,M_Single-Flush:Generic Door:586864,False
0qKJYWbnv5I8o6vyLfHiPH,IfcBuildingElementProxy,0.34150106,404,AdvancedProject.ifc,0.05329599,1.0139794,1 - First Floor,Handtag skåp1:Handtag skåp:894790,False
0qKJYWbnv5I8o6vyLfHiPM,IfcBuildingElementProxy,0.34144372,405,AdvancedProject.ifc,0.04577208,1.0313442,1 - First Floor,Kök - Kyl frys-en dörr:Frys:894785,False
1cFRppLhj948bTrzz_Apb_,IfcWallStandardCase,0.34138784,406,AdvancedProject.ifc,0.040606398,1.0432112,-1 - Garage,Basic Wall:MockUp Storage Wall:817052,False
3pFbansyD0KOHFtJHrTsV7,IfcBuildingElementProxy,0.34133986,407,AdvancedProject.ifc,0.052246585,1.0158908,Level 1,Handtag skåp1:Handtag skåp:889584,False
0qKJYWbnv5I8o6vyLfHjno,IfcBuildingElementProxy,0.3412198,408,AdvancedProject.ifc,0.05088165,1.0186756,1 - First Floor,Handtag skåp1:Handtag skåp:900453,False
2v8sGyGFXDsRc80mj95l5L,IfcBuildingElementProxy,0.34082398,409,AdvancedProject.ifc,0.05993383,0.99623424,Level 2,"Display-LCD-Panasonic-Standard:47"", 1080p Full HD LCD w/ built-in speaker:725313",False
3pFbansyD0KOHFtJHrTtex,IfcBuildingElementProxy,0.3407652,410,AdvancedProject.ifc,0.052755013,1.012789,Level 1,Handtag skåp1:Handtag skåp:888588,False
02b4vxvtD5HBo2EeUI69zy,IfcBuildingElementProxy,0.3407526,411,AdvancedProject.ifc,0.050622508,1.0177227,1 - First Floor,Handtag skåp1:Handtag skåp:622272,False
1k8pVOGqX51f_yJjFvAcwv,IfcWallStandardCase,0.34073734,412,AdvancedProject.ifc,0.104740396,0.8913968,Level 1,Basic Wall:Generic - 200mm:314687,False
1k8pVOGqX51f_yJjFvAc1t,IfcWallStandardCase,0.3404863,413,AdvancedProject.ifc,0.20062841,0.66682136,Level 1,Basic Wall:Generic - 200mm:312305,False
0xKelnDbLBsf$3TAffmU$u,IfcDoor,0.34032235,414,AdvancedProject.ifc,0.04854105,1.0211453,Level 1,Swedoor_Interior_Door_SD4220_P65_EI60_Single-LeftRightOver_1.0:1990 mm (M10) x 2390 mm (M21) - EI60 - Right-handed:748148,False
1KGNuJkf5FjQZDFQ6We993,IfcFlowTerminal,0.3401339,415,AdvancedProject.ifc,0.05183693,1.0128268,1 - First Floor,Kök - Diskmaskin 6m:Diskmaskin:671270,False
2v8sGyGFXDsRc80mj95i22,IfcBuildingElementProxy,0.34009513,416,AdvancedProject.ifc,0.054260436,1.0070426,1 - First Floor,Handtag skåp1:Handtag skåp:729238,False
0o1QfH3m18FQ$FuQf8VgKi,IfcSlab,0.3400144,417,AdvancedProject.ifc,0.059847176,0.9937379,Level 1,Floor:Generic 150mm:317127,False
1KMtYLyv9CyfGv8UjnMBSJ,IfcWallStandardCase,0.33922243,418,AdvancedProject.ifc,0.09417295,0.91100454,1 - First Floor,Basic Wall:MockUp Exterior:793584,False
2m6FhmO0r2OgRBRP7hD2KZ,IfcFlowTerminal,0.33903432,419,AdvancedProject.ifc,0.049806952,1.0138981,1 - First Floor,M_Water Closet - Flush Tank:Public - Flushing Greater than 6.1 Lpf:703694,False
0SYs3s__10NgRHjGtRj2ub,IfcSlab,0.33896554,420,AdvancedProject.ifc,0.12029539,0.8491958,Level 1,Floor:Generic 150mm:316909,False
0MOEoDTm9EnO9yKsXjjl4H,IfcWallStandardCase,0.33883372,421,AdvancedProject.ifc,0.050116897,1.0125062,1 - First Floor,Basic Wall:MockUp Interior between App:583106,False
3pFbansyD0KOHFtJHrTtYe,IfcBuildingElementProxy,0.33843967,422,AdvancedProject.ifc,0.05347712,1.0033523,Level 1,Handtag skåp1:Handtag skåp:888223,False
1k8pVOGqX51f_yJjFvAc8g,IfcWallStandardCase,0.33841223,423,AdvancedProject.ifc,0.18138835,0.70480126,Level 1,Basic Wall:Generic - 200mm:311724,False
3GzoWuxxn4WO8bCtw8H3Q3,IfcWallStandardCase,0.33828318,424,AdvancedProject.ifc,0.08314905,0.9335962,1 - First Floor,Basic Wall:MockUp Interior between App:697926,False
3pFbansyD0KOHFtJHrTsKN,IfcBuildingElementProxy,0.33824593,425,AdvancedProject.ifc,0.052960787,1.0039113,Level 1,Handtag skåp1:Handtag skåp:888864,False
11MreptMzBDAizZWBG8nhd,IfcWallStandardCase,0.33820078,426,AdvancedProject.ifc,0.04728615,1.0170015,1 - First Floor,Basic Wall:MockUp Kitchen:691316,False
1KGNuJkf5FjQZDFQ6We994,IfcBuildingElementProxy,0.33810642,427,AdvancedProject.ifc,0.051715933,1.0063509,1 - First Floor,Handtag kylfrys:Handtag kyl/frys:671265,False
1KGNuJkf5FjQZDFQ6WeFhN,IfcBuildingElementProxy,0.33800778,428,AdvancedProject.ifc,0.05158291,1.0063324,1 - First Floor,Handtag skåp1:Handtag skåp:677554,False
0fjrUmmzDB4fngo1stt0Lc,IfcBuildingElementProxy,0.3379337,429,AdvancedProject.ifc,0.05441271,0.99948263,1 - First Floor,Handtag skåp1:Handtag skåp:908891,False
2v8sGyGFXDsRc80mj95i03,IfcBuildingElementProxy,0.33789167,430,AdvancedProject.ifc,0.05434585,0.9994985,1 - First Floor,Handtag skåp1:Handtag skåp:729111,False
0o1QfH3m18FQ$FuQf8VgiA,IfcWallStandardCase,0.33785093,431,AdvancedProject.ifc,0.06357419,0.97783,Level 1,Basic Wall:Generic - 200mm:317665,False
2SEl4sI2X1JhqYqQydYucp,IfcBuildingElementProxy,0.33754092,432,AdvancedProject.ifc,0.051159892,1.0057633,Level 1,M_RPC Female:Tina:969384,False
0qKJYWbnv5I8o6vyLfHiOe,IfcBuildingElementProxy,0.3375337,433,AdvancedProject.ifc,0.05345151,1.0003922,1 - First Floor,Handtag skåp1:Handtag skåp:894783,False
1KMtYLyv9CyfGv8UjnMB3b,IfcWindow,0.33749282,434,AdvancedProject.ifc,0.04561723,1.0185359,1 - First Floor,BALANS Fixed Single Window:BALANS 15M PRIVATE:793606,False
0fjrUmmzDB4fngo1stt0Lk,IfcBuildingElementProxy,0.33749047,435,AdvancedProject.ifc,0.05410719,0.99871814,1 - First Floor,Handtag skåp1:Handtag skåp:908883,False
0xKelnDbLBsf$3TAffmUXs,IfcDoor,0.33731666,436,AdvancedProject.ifc,0.05190372,1.0032802,Level 1,Swedoor_Interior_Door_SD4220_P65_EI60_Single-LeftRightOver_1.0:1990 mm (M10) x 2390 mm (M21) - EI60 - Right-handed:749050,False
1q9pLykVT2tOtz_4XjbvQm,IfcFlowTerminal,0.33730778,437,AdvancedProject.ifc,0.049840614,1.0080645,-1 - Garage,M_Water Closet - Flush Tank:Public - Flushing Greater than 6.1 Lpf:879733,False
2X_OhCV2r4iwXNvH5Dk$Fj,IfcBuildingElementProxy,0.3372896,438,AdvancedProject.ifc,0.04945809,1.0088964,1 - First Floor,Handtag skåp1:Handtag skåp:919956,False
3ktY1kg3rAwgNBX_XWRV0d,IfcWindow,0.33720288,439,AdvancedProject.ifc,0.05264098,1.0011805,3 - Third Floor,BALANS Fixed Single Window:BALANS 10M PRIVATE:940715,False
2m6FhmO0r2OgRBRP7hD4V1,IfcBuildingElementProxy,0.33700728,440,AdvancedProject.ifc,0.047723815,1.012002,1 - First Floor,Handtag kylfrys:Handtag kyl/frys:712236,False
3GzoWuxxn4WO8bCtw8H3Go,IfcBuildingElementProxy,0.3369702,441,AdvancedProject.ifc,0.047140583,1.0132393,1 - First Floor,Serena bench with three drawers:Serena bench with three drawers:697591,False
1KMtYLyv9CyfGv8UjnMB3x,IfcWindow,0.3368526,442,AdvancedProject.ifc,0.04702754,1.013111,1 - First Floor,BALANS Fixed Single Window:BALANS 20M PRIVATE:793624,False
2SEl4sI2X1JhqYqQydYuwW,IfcBuildingElementProxy,0.33684802,443,AdvancedProject.ifc,0.043276258,1.0218488,Level 1,M_RPC Male:Jay:970171,False
3pFbansyD0KOHFtJHrTtyw,IfcFlowTerminal,0.3366933,444,AdvancedProject.ifc,0.0542277,0.99577963,Level 1,M_Lavatory - Vanity:760 mmx455 mm - Private:887309,False
3ktY1kg3rAwgNBX_XWRV07,IfcWindow,0.33666432,445,AdvancedProject.ifc,0.052348416,1.0000681,3 - Third Floor,BALANS Fixed Single Window:BALANS 10M PRIVATE:940683,False
0MOEoDTm9EnO9yKsXjjkL6,IfcWallStandardCase,0.3365445,446,AdvancedProject.ifc,0.048602037,1.0084102,1 - First Floor,Basic Wall:MockUp Interior between App:586133,False
2Bm1R3arDAW8kJznnV4FrS,IfcWindow,0.3364168,447,AdvancedProject.ifc,0.045508873,1.0152019,1 - First Floor,BALANS Fixed Single Window:BALANS 10M FLOOR (SH = 0):922531,False
1k8pVOGqX51f_yJjFvAcev,IfcWallStandardCase,0.33637992,448,AdvancedProject.ifc,0.11317733,0.8571859,Level 1,Basic Wall:Generic - 200mm:313791,False
3pFbansyD0KOHFtJHrTsPR,IfcBuildingElementProxy,0.3362805,449,AdvancedProject.ifc,0.051935326,0.9997525,Level 1,Handtag skåp1:Handtag skåp:889708,False
3ktY1kg3rAwgNBX_XWRV1w,IfcWindow,0.33622628,450,AdvancedProject.ifc,0.0416287,1.0236206,4 - Fourth Floor,BALANS Fixed Single Window:BALANS 15M FLOOR (SH = 0):940790,False
3ktY1kg3rAwgNBX_XWRV1d,IfcWindow,0.3361822,451,AdvancedProject.ifc,0.05496198,0.9923627,4 - Fourth Floor,BALANS Fixed Single Window:BALANS 10M BATHROOM:940779,False
1NL4ZXkFP2thNiMT9sECsi,IfcWallStandardCase,0.33598348,452,AdvancedProject.ifc,0.091757774,0.90584344,Level 1,Basic Wall:MockUp Exterior Ground Floor:379538,False
3U8bdGexDEOw9DXBmULrUn,IfcWallStandardCase,0.33597052,453,AdvancedProject.ifc,0.04429911,1.0165371,1 - First Floor,Basic Wall:MockUp Kitchen:874042,False
3U8bdGexDEOw9DXBmULrIO,IfcWallStandardCase,0.3358006,454,AdvancedProject.ifc,0.065881334,0.9656122,1 - First Floor,Basic Wall:MockUp Interior:873747,False
3GzoWuxxn4WO8bCtw8H3N2,IfcWallStandardCase,0.33577895,455,AdvancedProject.ifc,0.045502864,1.0130898,1 - First Floor,Basic Wall:MockUp Kitchen:697607,False
3ktY1kg3rAwgNBX_XWRS7_,IfcWindow,0.33567798,456,AdvancedProject.ifc,0.052402813,0.99665326,2 - Second Floor,BALANS Fixed Single Window:BALANS 10M BATHROOM:945010,False
2BLn4xX2vF_gM9G5wfbPe3,IfcWallStandardCase,0.33565727,457,AdvancedProject.ifc,0.04749746,1.0080302,Level 1,Basic Wall:MockUp Interior between App:836911,False
0cRoQU_sD5R8MkkMkeodUV,IfcWallStandardCase,0.3355826,458,AdvancedProject.ifc,0.17357413,0.7136023,Level 1,Basic Wall:Generic - 200mm:310907,False
0pHBx4qSPCfPLZRKuUIKhq,IfcWindow,0.33554044,459,AdvancedProject.ifc,0.05383161,0.9928611,1 - First Floor,BALANS Fixed Single Window:BALANS 10M BATHROOM:907586,False
1k8pVOGqX51f_yJjFvAce7,IfcWallStandardCase,0.3353956,460,AdvancedProject.ifc,0.058724325,0.9809619,Level 1,Basic Wall:Generic - 200mm:313729,False
2I1hX40SDEbAFJeZO_2_EE,IfcBuildingElementProxy,0.33520728,461,AdvancedProject.ifc,0.08688337,0.9146297,Level 1,M_RPC Tree - Deciduous:Lombardy Poplar - 12.2 Meters:963910,False
2m6FhmO0r2OgRBRP7hD4nW,IfcFlowTerminal,0.33516186,462,AdvancedProject.ifc,0.048511326,1.0040131,1 - First Floor,Kök - Diskmaskin 6m:Diskmaskin:710029,False
3pFbansyD0KOHFtJHrTtYN,IfcBuildingElementProxy,0.33500236,463,AdvancedProject.ifc,0.05349157,0.9918609,Level 1,Handtag skåp1:Handtag skåp:888224,False
2BLn4xX2vF_gM9G5wfbP1t,IfcWallStandardCase,0.3349458,464,AdvancedProject.ifc,0.045311436,1.0107592,Level 1,Basic Wall:MockUp Interior:839515,False
3pFbansyD0KOHFtJHrTt4G,IfcDoor,0.33492807,465,AdvancedProject.ifc,0.04664709,1.0075836,Level 1,M_Single-Flush:Generic Door:885799,False
0fjrUmmzDB4fngo1stt3rz,IfcBuildingElementProxy,0.3349233,466,AdvancedProject.ifc,0.046722624,1.0073915,1 - First Floor,Handtag skåp1:Handtag skåp:910912,False
3p6DR19bjD_PWb8lZMRTlD,IfcDoor,0.33484572,467,AdvancedProject.ifc,0.042958017,1.0159171,Level 1,Swedoor_Interior_Door_SD4220_P65_EI60_Single-LeftRightOver_1.0:1990 mm (M10) x 2390 mm (M21) - EI60 - Left-handed:735342,False
0HFJ4FEcn5UhECI1IyBq3s,IfcWindow,0.33465046,468,AdvancedProject.ifc,0.039670963,1.0229359,Level 1,BALANS Fixed Single Window:BALANS 25M FLOOR (SH = 0):918028,False
28WUkjJ1r5wPzZDX9W1kx8,IfcBuildingElementProxy,0.334598,469,AdvancedProject.ifc,0.050444007,0.997624,1 - First Floor,Handtag skåp1:Handtag skåp:661816,False
1ebX2H7F12su$wtPbeYBaq,IfcWindow,0.33440056,470,AdvancedProject.ifc,0.044718172,1.0103261,Level 1,BALANS Fixed Single Window:BALANS TRAPPHUS GROUND:774256,False
2I1hX40SDEbAFJeZO_2_80,IfcBuildingElementProxy,0.3343569,471,AdvancedProject.ifc,0.075017884,0.93948126,Level 1,M_RPC Tree - Deciduous:Fraxinus - 5.6 Meters:963784,False
2X_OhCV2r4iwXNvH5Dk$Fi,IfcBuildingElementProxy,0.3340852,472,AdvancedProject.ifc,0.049487315,0.9981469,1 - First Floor,Handtag skåp1:Handtag skåp:919957,False
1KMtYLyv9CyfGv8UjnMBSQ,IfcWindow,0.33406174,473,AdvancedProject.ifc,0.04559118,1.0071597,1 - First Floor,BALANS Fixed Single Window:BALANS 20M PRIVATE:793593,False
0o1QfH3m18FQ$FuQf8VgMN,IfcSlab,0.33388758,474,AdvancedProject.ifc,0.07987592,0.9265814,Level 1,Floor:Generic 150mm:317052,False
3pFbansyD0KOHFtJHrTtjl,IfcBuildingElementProxy,0.33384708,475,AdvancedProject.ifc,0.052007303,0.9914732,Level 1,Handtag skåp1:Handtag skåp:888408,False
1KMtYLyv9CyfGv8UjnMB3X,IfcWindow,0.33370003,476,AdvancedProject.ifc,0.050277676,0.99501884,1 - First Floor,BALANS Fixed Single Window:BALANS 20M PRIVATE:793602,False
1KGNuJkf5FjQZDFQ6We995,IfcBuildingElementProxy,0.33362535,477,AdvancedProject.ifc,0.04446862,1.0083244,1 - First Floor,Kök - Kyl frys-en dörr:Frys:671264,False
3pFbansyD0KOHFtJHrTt$5,IfcWindow,0.33331874,478,AdvancedProject.ifc,0.048223723,0.9985404,Level 1,BALANS Fixed Single Window:BALANS 15M FLOOR (SH = 0):887538,False
02b4vxvtD5HBo2EeUI64u_,IfcBuildingElementProxy,0.33331493,479,AdvancedProject.ifc,0.05063686,0.992897,1 - First Floor,Handtag skåp1:Handtag skåp:634754,False
0qKJYWbnv5I8o6vyLfHg2z,IfcFlowTerminal,0.33325896,480,AdvancedProject.ifc,0.047413956,1.0002306,1 - First Floor,M_Shower Stall with Seat - Rectangular:1220 mmx915 mm - Private:901546,False
3pFbansyD0KOHFtJHrTsUB,IfcWindow,0.3332023,481,AdvancedProject.ifc,0.04630269,1.0026348,Level 1,BALANS Fixed Single Window:BALANS 30M FLOOR (SH = 0):889532,False
1k8pVOGqX51f_yJjFvAcXu,IfcWallStandardCase,0.33295974,482,AdvancedProject.ifc,0.20090134,0.64109594,Level 1,Basic Wall:Generic - 200mm:314366,False
3U8bdGexDEOw9DXBmULrD3,IfcWallStandardCase,0.33287475,483,AdvancedProject.ifc,0.053594626,0.98452836,-1 - Garage,Basic Wall:MockUp Elavator:873160,False
3bptS3GYj4Qv2__W5Ei$Tc,IfcBuildingElementProxy,0.33281067,484,AdvancedProject.ifc,0.046487678,1.0008976,1 - First Floor,"Display-LCD-Panasonic-Standard:47"", 1080p Full HD LCD w/ built-in speaker:654546",False
3naw$9in55$v8L5CpxnK9t,IfcWallStandardCase,0.33271158,485,AdvancedProject.ifc,0.05268668,0.98610294,1 - First Floor,Basic Wall:MockUp Interior between App:713285,False
2m6FhmO0r2OgRBRP7hD424,IfcBuildingElementProxy,0.33250335,486,AdvancedProject.ifc,0.047850408,0.99669355,1 - First Floor,Handtag skåp1:Handtag skåp:711017,False
0cRoQU_sD5R8MkkMkeoduF,IfcWallStandardCase,0.33246043,487,AdvancedProject.ifc,0.075539365,0.93194294,Level 1,Basic Wall:Generic - 200mm:309227,False
0MOEoDTm9EnO9yKsXjjlOO,IfcWallStandardCase,0.33241695,488,AdvancedProject.ifc,0.10000031,0.8747224,1 - First Floor,Basic Wall:MockUp Interior between App:582347,False
3DRhHSTRP15ukUYu1G74bs,IfcFlowTerminal,0.332131,489,AdvancedProject.ifc,0.051523488,0.9868818,1 - First Floor,M_Lavatory - Vanity:760 mmx455 mm - Private:596031,False
1KMtYLyv9CyfGv8UjnMB3Y,IfcWindow,0.33211815,490,AdvancedProject.ifc,0.046646826,0.9982179,1 - First Floor,BALANS Fixed Single Window:BALANS TRAPPHUS:793601,False
2m6FhmO0r2OgRBRP7hD4D3,IfcWallStandardCase,0.33210003,491,AdvancedProject.ifc,0.04955729,0.9913664,1 - First Floor,Basic Wall:MockUp Interior:711342,False
3ktY1kg3rAwgNBX_XWRV0O,IfcWindow,0.33206594,492,AdvancedProject.ifc,0.04290509,1.0067745,3 - Third Floor,BALANS Fixed Single Window:BALANS 20M PRIVATE:940692,False
28WUkjJ1r5wPzZDX9W1jMA,IfcBuildingElementProxy,0.33202153,493,AdvancedProject.ifc,0.050081104,0.98988247,1 - First Floor,Handtag skåp1:Handtag skåp:664186,False
1KMtYLyv9CyfGv8UjnMB3m,IfcWindow,0.33184752,494,AdvancedProject.ifc,0.042668797,1.0065979,1 - First Floor,BALANS Fixed Single Window:BALANS 15M PRIVATE:793619,False
2v8sGyGFXDsRc80mj95lIw,IfcFlowTerminal,0.33159825,495,AdvancedProject.ifc,0.04839562,0.99240434,1 - First Floor,M_Shower Stall with Seat - Rectangular:1220 mmx915 mm - Public:726190,False
0ifV7awIzBlRVUTYG1zpcr,IfcBuildingElementProxy,0.331523,496,AdvancedProject.ifc,0.07108367,0.93921477,Level 1,M_RPC Tree - Deciduous:Kousa Dogwood - 3.0 Meters:975112,False
0X2$ayW0v5dBNxK3e4nw7Y,IfcFlowTerminal,0.3314783,497,AdvancedProject.ifc,0.050016195,0.9882232,1 - First Floor,Kök - Diskmaskin 6m:Diskmaskin:681811,False
3GzoWuxxn4WO8bCtw8H3GW,IfcDoor,0.3314123,498,AdvancedProject.ifc,0.04642036,0.99639344,1 - First Floor,M_Single-Flush:Generic Door:697573,False
1q9pLykVT2tOtz_4XjbvBZ,IfcDoor,0.33137208,499,AdvancedProject.ifc,0.04794006,0.9927134,-1 - Garage,M_Single-Flush:Generic Door:878630,False
3p6DR19bjD_PWb8lZMRTT8,IfcWallStandardCase,0.33133137,500,AdvancedProject.ifc,0.057042867,0.9713378,-1 - Garage,Basic Wall:MockUp Elavator:734443,False
0HFJ4FEcn5UhECI1IyBBWG,IfcWindow,0.33128506,501,AdvancedProject.ifc,0.047694497,0.99299634,Level 1,BALANS Fixed Single Window:BALANS GROUND SMALL A:916202,False
3ktY1kg3rAwgNBX_XWRV13,IfcWindow,0.33108705,502,AdvancedProject.ifc,0.048300195,0.99092305,4 - Fourth Floor,BALANS Fixed Single Window:BALANS 15M PRIVATE:940751,False
3GzoWuxxn4WO8bCtw8H3B1,IfcStairFlight,0.3309531,503,AdvancedProject.ifc,0.046775527,0.9940341,-1 - Garage,Assembled Stair:Stair:696835 Run 1,False
3ktY1kg3rAwgNBX_XWRV4Q,IfcWindow,0.33091018,504,AdvancedProject.ifc,0.048937615,0.9888461,5 - Fifth Floor,BALANS Fixed Single Window:BALANS 10M FLOOR (SH = 0):940950,False
3ktY1kg3rAwgNBX_XWRS7O,IfcWindow,0.3306777,505,AdvancedProject.ifc,0.045403887,0.9963165,2 - Second Floor,BALANS Fixed Single Window:BALANS 20M PRIVATE:944980,False
2fypDDb212M80XzLYYLlJg,IfcDoor,0.33053616,506,AdvancedProject.ifc,0.046435624,0.99343735,Level 1,Swedoor_Interior_Door_SD4220_P65_EI60_Single-LeftRightOver_1.0:1990 mm (M10) x 2390 mm (M21) - EI60 - Left-handed:965083,False
1KMtYLyv9CyfGv8UjnMB3z,IfcWindow,0.33040506,507,AdvancedProject.ifc,0.039339423,1.0095582,1 - First Floor,BALANS Fixed Single Window:BALANS 30M FLOOR (SH = 0):793630,False
28WUkjJ1r5wPzZDX9W1iEk,IfcWallStandardCase,0.3303552,508,AdvancedProject.ifc,0.04846464,0.9880999,1 - First Floor,Basic Wall:MockUp Interior:668766,False
2BLn4xX2vF_gM9G5wfbPd3,IfcDoor,0.33034688,509,AdvancedProject.ifc,0.04734401,0.9906869,Level 1,M_Single-Flush:Generic Door:837359,False
0fjrUmmzDB4fngo1stt392,IfcBuildingElementProxy,0.3299509,510,AdvancedProject.ifc,0.04782126,0.9882533,1 - First Floor,Handtag skåp1:Handtag skåp:911743,False
3ktY1kg3rAwgNBX_XWRV7x,IfcWindow,0.32979357,511,AdvancedProject.ifc,0.051632468,0.9788361,5 - Fifth Floor,BALANS Fixed Single Window:BALANS 20M FLOOR (SH = 0):940919,False
3ktY1kg3rAwgNBX_XWRS7L,IfcWindow,0.32968515,512,AdvancedProject.ifc,0.045096558,0.9937251,2 - Second Floor,BALANS Fixed Single Window:BALANS 15M PRIVATE:944985,False
3ktY1kg3rAwgNBX_XWRV4U,IfcWindow,0.32966846,513,AdvancedProject.ifc,0.050455097,0.98116636,5 - Fifth Floor,BALANS Fixed Single Window:BALANS 30M FLOOR (SH = 0):940946,False
1k8pVOGqX51f_yJjFvAc54,IfcWallStandardCase,0.32954794,514,AdvancedProject.ifc,0.15961586,0.7260561,Level 1,Basic Wall:Generic - 200mm:312002,False
0qdpkovdH5RgxJU7gsxr27,IfcBuildingElementProxy,0.3294126,515,AdvancedProject.ifc,0.05129048,0.9783642,1 - First Floor,Handtag skåp1:Handtag skåp:903936,False
2BLn4xX2vF_gM9G5wfbOe6,IfcWallStandardCase,0.32930747,516,AdvancedProject.ifc,0.047860455,0.9860171,Level 1,Basic Wall:MockUp Interior:841002,False
1KMtYLyv9CyfGv8UjnMB3e,IfcWindow,0.32905042,517,AdvancedProject.ifc,0.044508725,0.992981,1 - First Floor,BALANS Fixed Single Window:BALANS 15M PRIVATE:793611,False
3p6DR19bjD_PWb8lZMRTs5,IfcWallStandardCase,0.3290011,518,AdvancedProject.ifc,0.04061251,1.0019077,Level 1,Basic Wall:MockUp Interior between App:736806,False
1KGNuJkf5FjQZDFQ6We96A,IfcWallStandardCase,0.32893443,519,AdvancedProject.ifc,0.056623157,0.9643274,-1 - Garage,Basic Wall:MockUp Elavator:671215,False
11MreptMzBDAizZWBG8nTq,IfcBuildingElementProxy,0.32890052,520,AdvancedProject.ifc,0.0498037,0.9801264,1 - First Floor,Handtag skåp1:Handtag skåp:688615,False
3ktY1kg3rAwgNBX_XWRV7n,IfcWindow,0.32863793,521,AdvancedProject.ifc,0.04568685,0.9888571,5 - Fifth Floor,BALANS Fixed Single Window:BALANS 20M PRIVATE:940925,False
1k8pVOGqX51f_yJjFvAc9J,IfcWallStandardCase,0.32863414,522,AdvancedProject.ifc,0.1762058,0.6843003,Level 1,Basic Wall:Generic - 200mm:311765,False
3ktY1kg3rAwgNBX_XWRS7W,IfcWindow,0.32848838,523,AdvancedProject.ifc,0.044338882,0.9915039,2 - Second Floor,BALANS Fixed Single Window:BALANS 15M PRIVATE:945004,False
3GzoWuxxn4WO8bCtw8H3Hm,IfcWallStandardCase,0.32842386,524,AdvancedProject.ifc,0.04865219,0.9812243,1 - First Floor,Basic Wall:MockUp Interior:697525,False
0cRoQU_sD5R8MkkMkeodxk,IfcWallStandardCase,0.32837746,525,AdvancedProject.ifc,0.17354506,0.68965304,Level 1,Basic Wall:Generic - 200mm:309002,False
3ktY1kg3rAwgNBX_XWRV1b,IfcWindow,0.3283255,526,AdvancedProject.ifc,0.040483456,0.9999569,4 - Fourth Floor,BALANS Fixed Single Window:BALANS 30M FLOOR (SH = 0):940777,False
0ducQKkW5EGQM9rQ5zdMAQ,IfcWall,0.3281173,527,AdvancedProject.ifc,0.04930373,0.97868234,-1 - Garage,Basic Wall:MockUp Storage Wall:818592,False
3ktY1kg3rAwgNBX_XWRV09,IfcWindow,0.32806307,528,AdvancedProject.ifc,0.04576265,0.98676395,3 - Third Floor,BALANS Fixed Single Window:BALANS 20M PRIVATE:940677,False
3ktY1kg3rAwgNBX_XWRS7f,IfcWindow,0.32787114,529,AdvancedProject.ifc,0.04172215,0.99555206,2 - Second Floor,BALANS Fixed Single Window:BALANS 15M FLOOR (SH = 0):944997,False
11MreptMzBDAizZWBG8_se,IfcBuildingElementProxy,0.32774574,530,AdvancedProject.ifc,0.049740676,0.9764242,1 - First Floor,Handtag skåp1:Handtag skåp:686907,False
28WUkjJ1r5wPzZDX9W1jI_,IfcWallStandardCase,0.3275759,531,AdvancedProject.ifc,0.046753686,0.98282766,1 - First Floor,Basic Wall:MockUp Kitchen:664398,False
3U8bdGexDEOw9DXBmULrCi,IfcWallStandardCase,0.3275372,532,AdvancedProject.ifc,0.053568836,0.9667967,-1 - Garage,Basic Wall:MockUp Elavator:873127,False
0fjrUmmzDB4fngo1stt0Mc,IfcBuildingElementProxy,0.32748455,533,AdvancedProject.ifc,0.05361998,0.9665018,1 - First Floor,Handtag skåp1:Handtag skåp:908955,False
3ktY1kg3rAwgNBX_XWRSHc,IfcWallStandardCase,0.32740298,534,AdvancedProject.ifc,0.056698024,0.95904785,6 - Sixth Floor,Basic Wall:MockUp Roof Wall:945898,False
0HFJ4FEcn5UhECI1IyBq0G,IfcDoor,0.3273004,535,AdvancedProject.ifc,0.04324757,0.9900903,Level 1,M_Single-Flush:Generic Door:918250,False
3ktY1kg3rAwgNBX_XWRS7r,IfcWindow,0.32728952,536,AdvancedProject.ifc,0.046113793,0.98336625,2 - Second Floor,BALANS Fixed Single Window:BALANS 10M PRIVATE:945017,False
3p6DR19bjD_PWb8lZMRTOE,IfcWallStandardCase,0.32677534,537,AdvancedProject.ifc,0.06522833,0.9370516,-1 - Garage,Basic Wall:MockUp Elavator:734637,False
0SYs3s__10NgRHjGtRj2W7,IfcSlab,0.32642,538,AdvancedProject.ifc,0.09754886,0.8604527,Level 1,Floor:Generic 150mm:316367,False
0cRoQU_sD5R8MkkMkeodVk,IfcWallStandardCase,0.326249,539,AdvancedProject.ifc,0.0670099,0.9311401,Level 1,Basic Wall:Generic - 200mm:310794,False
2v8sGyGFXDsRc80mj95lD8,IfcDoor,0.32608598,540,AdvancedProject.ifc,0.050650846,0.96876794,1 - First Floor,M_Single-Flush:Generic Door:725852,False
3ktY1kg3rAwgNBX_XWRV02,IfcWindow,0.3259402,541,AdvancedProject.ifc,0.04848843,0.9733276,3 - Third Floor,BALANS Fixed Single Window:BALANS 20M FLOOR (SH = 0):940686,False
3ktY1kg3rAwgNBX_XWRV0M,IfcWindow,0.32578707,542,AdvancedProject.ifc,0.04831592,0.9732197,3 - Third Floor,BALANS Fixed Single Window:BALANS 10M PRIVATE:940698,False
3GdhC2lQD5ifjmLdQ3yo9v,IfcWallStandardCase,0.3255455,543,AdvancedProject.ifc,0.044687636,0.98088044,-1 - Garage,Basic Wall:MockUp Interior between App:797521,False
2m6FhmO0r2OgRBRP7hD4rZ,IfcBuildingElementProxy,0.32553643,544,AdvancedProject.ifc,0.048286565,0.97245276,1 - First Floor,Handtag skåp1:Handtag skåp:709774,False
0SYs3s__10NgRHjGtRj2gk,IfcWallStandardCase,0.32549188,545,AdvancedProject.ifc,0.09787161,0.8566058,Level 1,Basic Wall:Generic - 200mm:315750,False
0cRoQU_sD5R8MkkMkeodNN,IfcWallStandardCase,0.3254052,546,AdvancedProject.ifc,0.08470732,0.88703364,Level 1,Basic Wall:Generic - 200mm:310323,False
2I1hX40SDEbAFJeZO_2_AY,IfcBuildingElementProxy,0.3251516,547,AdvancedProject.ifc,0.07130848,0.91745216,Level 1,M_RPC Tree - Deciduous:Fraxinus - 5.6 Meters:963690,False
0SYs3s__10NgRHjGtRj2u$,IfcSlab,0.32488132,548,AdvancedProject.ifc,0.09794714,0.8543944,Level 1,Floor:Generic 150mm:316919,False
0ifV7awIzBlRVUTYG1zp3v,IfcBuildingElementProxy,0.32471287,549,AdvancedProject.ifc,0.051029816,0.9633067,6 - Sixth Floor,M_RPC Female:Cathy:976964,False
0Um_J2ClP45uPRcRbJqhsP,IfcBuildingElementProxy,0.32459307,550,AdvancedProject.ifc,0.04710909,0.9720557,6 - Sixth Floor,Electrical_Solar-Panels_Soprema_Soprasolar_Fix-Evo-Tilt_EN:REC PE 260 HD:958482,False
1cFRppLhj948bTrzz_An6O,IfcBuildingElementProxy,0.32456544,551,AdvancedProject.ifc,0.043029886,0.98148173,-1 - Garage,M_RPC Beetle:M_RPC Beetle:810874,False
3ktY1kg3rAwgNBX_XWRS7k,IfcWindow,0.32451266,552,AdvancedProject.ifc,0.041219328,0.9855304,2 - Second Floor,BALANS Fixed Single Window:BALANS TRAPPHUS:944994,False
0cRoQU_sD5R8MkkMkeodyq,IfcWallStandardCase,0.32430348,553,AdvancedProject.ifc,0.16380206,0.69880676,Level 1,Basic Wall:Generic - 200mm:308944,False
3ktY1kg3rAwgNBX_XWRSMp,IfcWallStandardCase,0.32414,554,AdvancedProject.ifc,0.05937106,0.9419341,6 - Sixth Floor,Basic Wall:MockUp Roof Wall:945983,False
3ktY1kg3rAwgNBX_XWRV0f,IfcWindow,0.32409516,555,AdvancedProject.ifc,0.045057807,0.9751823,3 - Third Floor,BALANS Fixed Single Window:BALANS 20M PRIVATE:940709,False
1KMtYLyv9CyfGv8UjnM8y$,IfcWallStandardCase,0.3239863,556,AdvancedProject.ifc,0.060848,0.9379756,-1 - Garage,Basic Wall:MockUp Interior between App:795612,False
0ducQKkW5EGQM9rQ5zdP1J,IfcWallStandardCase,0.32351947,557,AdvancedProject.ifc,0.043434363,0.9770513,-1 - Garage,Basic Wall:MockUp Storage Wall:823145,False
1cFRppLhj948bTrzz_Aoxm,IfcBuildingElementProxy,0.32333153,558,AdvancedProject.ifc,0.043554667,0.97614413,-1 - Garage,M_RPC Beetle:M_RPC Beetle:811026,False
2m6FhmO0r2OgRBRP7hD44Y,IfcDoor,0.32310385,559,AdvancedProject.ifc,0.044687126,0.9727428,1 - First Floor,M_Single-Flush:Generic Door:710863,False
3GzoWuxxn4WO8bCtw8H3ES,IfcWallStandardCase,0.32296205,560,AdvancedProject.ifc,0.045426946,0.9705439,1 - First Floor,Basic Wall:MockUp Interior between App:697177,False
0X2$ayW0v5dBNxK3e4nw7y,IfcBuildingElementProxy,0.32290334,561,AdvancedProject.ifc,0.042524457,0.9771207,1 - First Floor,Kök - Kyl frys-en dörr:Frys:681805,False
3ktY1kg3rAwgNBX_XWRV1N,IfcWindow,0.3227485,562,AdvancedProject.ifc,0.043723293,0.97380733,4 - Fourth Floor,BALANS Fixed Single Window:BALANS TRAPPHUS:940763,False
3ktY1kg3rAwgNBX_XWRV0N,IfcWindow,0.3226169,563,AdvancedProject.ifc,0.047113944,0.96545714,3 - Third Floor,BALANS Fixed Single Window:BALANS 10M PRIVATE:940699,False
3ktY1kg3rAwgNBX_XWRV0c,IfcWindow,0.3225979,564,AdvancedProject.ifc,0.041568737,0.9783325,3 - Third Floor,BALANS Fixed Single Window:BALANS 15M FLOOR (SH = 0):940714,False
1KMtYLyv9CyfGv8UjnMB3u,IfcWindow,0.32253194,565,AdvancedProject.ifc,0.047404706,0.96449536,1 - First Floor,BALANS Fixed Single Window:BALANS 10M PRIVATE:793627,False
0HFJ4FEcn5UhECI1IyBAm7,IfcWindow,0.32231846,566,AdvancedProject.ifc,0.040594526,0.97967434,1 - First Floor,BALANS Fixed Single Window:BALANS 15M FLOOR (SH = 0):913149,False
3ktY1kg3rAwgNBX_XWRS7b,IfcWindow,0.32215837,567,AdvancedProject.ifc,0.04438614,0.9702935,2 - Second Floor,BALANS Fixed Single Window:BALANS 10M PRIVATE:945001,False
3ktY1kg3rAwgNBX_XWRS7e,IfcWindow,0.32213295,568,AdvancedProject.ifc,0.043327793,0.9726782,2 - Second Floor,BALANS Fixed Single Window:BALANS 15M PRIVATE:944996,False
0ifV7awIzBlRVUTYG1zpa9,IfcBuildingElementProxy,0.32202715,569,AdvancedProject.ifc,0.05700218,0.9404187,Level 1,M_RPC Male:Dwayne:975284,False
0qKJYWbnv5I8o6vyLfHiut,IfcWallStandardCase,0.3219784,570,AdvancedProject.ifc,0.05950155,0.9344242,1 - First Floor,Basic Wall:MockUp Interior between App:896800,False
0ducQKkW5EGQM9rQ5zdPiu,IfcWallStandardCase,0.3218314,571,AdvancedProject.ifc,0.043632265,0.9709627,-1 - Garage,Basic Wall:MockUp Storage Wall:820226,False
3ktY1kg3rAwgNBX_XWRV1S,IfcWindow,0.32171616,572,AdvancedProject.ifc,0.04795185,0.96049947,4 - Fourth Floor,BALANS Fixed Single Window:BALANS 15M PRIVATE:940752,False
0X2$ayW0v5dBNxK3e4nwvt,IfcWallStandardCase,0.3214364,573,AdvancedProject.ifc,0.047221754,0.9612706,1 - First Floor,Basic Wall:MockUp Kitchen:682182,False
0ducQKkW5EGQM9rQ5zdPrw,IfcDoor,0.32139662,574,AdvancedProject.ifc,0.046098046,0.9637599,-1 - Garage,M_Single-Flush:0762 x 2032mm:819776,False
3ktY1kg3rAwgNBX_XWRS7V,IfcWindow,0.32118738,575,AdvancedProject.ifc,0.044755857,0.9661942,2 - Second Floor,BALANS Fixed Single Window:BALANS 20M PRIVATE:944979,False
0ducQKkW5EGQM9rQ5zdPEJ,IfcWallStandardCase,0.32104865,576,AdvancedProject.ifc,0.044461656,0.96641827,-1 - Garage,Basic Wall:MockUp Storage Wall:822441,False
2BLn4xX2vF_gM9G5wfbP3_,IfcDoor,0.32087302,577,AdvancedProject.ifc,0.049673658,0.95367146,Level 1,M_Single-Flush:Generic Door:839634,False
1cFRppLhj948bTrzz_ApJS,IfcWall,0.32084855,578,AdvancedProject.ifc,0.055183817,0.94073296,-1 - Garage,Basic Wall:MockUp Storage Wall:817726,False
3ktY1kg3rAwgNBX_XWRS7v,IfcWindow,0.32083645,579,AdvancedProject.ifc,0.045784082,0.9626253,2 - Second Floor,BALANS Fixed Single Window:BALANS 15M PRIVATE:945013,False
0MOEoDTm9EnO9yKsXjjlBg,IfcWallStandardCase,0.32080752,580,AdvancedProject.ifc,0.0637024,0.92071944,1 - First Floor,Basic Wall:MockUp Interior between App:583225,False
3ktY1kg3rAwgNBX_XWRV1e,IfcWindow,0.32066905,581,AdvancedProject.ifc,0.047286812,0.958561,4 - Fourth Floor,BALANS Fixed Single Window:BALANS 20M PRIVATE:940772,False
3GzoWuxxn4WO8bCtw8H3AS,IfcWallStandardCase,0.32062724,582,AdvancedProject.ifc,0.060680438,0.9271698,-1 - Garage,Basic Wall:MockUp Elavator:696921,False
0SYs3s__10NgRHjGtRj2sh,IfcSlab,0.3205998,583,AdvancedProject.ifc,0.09435988,0.8484928,Level 1,Floor:Generic 150mm:317027,False
3ktY1kg3rAwgNBX_XWRV7r,IfcWindow,0.32047614,584,AdvancedProject.ifc,0.04920134,0.9534507,5 - Fifth Floor,BALANS Fixed Single Window:BALANS 15M PRIVATE:940921,False
1ZALKQvcX0ShuOf9ECPpog,IfcStairFlight,0.32025418,585,AdvancedProject.ifc,0.056153648,0.9364887,5 - Fifth Floor,Assembled Stair:Stair:937135 Run 1:5,False
3kW2in6T58YuHUVjUiIHHY,IfcBuildingElementProxy,0.3201794,586,AdvancedProject.ifc,0.04136723,0.9707411,-1 - Garage,M_Electric Lift-4 person wall based:MockUp A:847967,False
1KMtYLyv9CyfGv8UjnMBCK,IfcWallStandardCase,0.31941965,587,AdvancedProject.ifc,0.03989511,0.9716436,-1 - Garage,Basic Wall:MockUp Exterior Garage:794615,False
0o1QfH3m18FQ$FuQf8Vgg3,IfcWallStandardCase,0.3193658,588,AdvancedProject.ifc,0.06930622,0.90283805,Level 1,Basic Wall:Generic - 200mm:317800,False
0fjrUmmzDB4fngo1stt0Lb,IfcBuildingElementProxy,0.3192811,589,AdvancedProject.ifc,0.05428109,0.93761444,1 - First Floor,Handtag skåp1:Handtag skåp:908888,False
3ktY1kg3rAwgNBX_XWRS7H,IfcWindow,0.3192281,590,AdvancedProject.ifc,0.044192843,0.9609771,2 - Second Floor,BALANS Fixed Single Window:BALANS 15M PRIVATE:944989,False
3ktY1kg3rAwgNBX_XWRS7p,IfcWindow,0.31893128,591,AdvancedProject.ifc,0.043134477,0.9624571,2 - Second Floor,BALANS Fixed Single Window:BALANS 15M PRIVATE:945023,False
0ifV7awIzBlRVUTYG1zp7Z,IfcBuildingElementProxy,0.3187731,592,AdvancedProject.ifc,0.055143632,0.93390846,6 - Sixth Floor,M_RPC Female:YinYin:977246,False
2BLn4xX2vF_gM9G5wfbP4L,IfcWall,0.31862226,593,AdvancedProject.ifc,0.056274295,0.93076754,Level 1,Basic Wall:MockUp Interior:839225,False
1cFRppLhj948bTrzz_AowZ,IfcBuildingElementProxy,0.3185598,594,AdvancedProject.ifc,0.045680057,0.9552792,-1 - Garage,M_RPC Beetle:M_RPC Beetle:811073,False
2BLn4xX2vF_gM9G5wfbVb4,IfcWindow,0.31842458,595,AdvancedProject.ifc,0.048388567,0.94850856,Level 1,BALANS Fixed Single Window:BALANS 25M FLOOR (SH = 0):829032,False
3ktY1kg3rAwgNBX_XWRS7y,IfcWindow,0.3182523,596,AdvancedProject.ifc,0.038305975,0.97146034,2 - Second Floor,BALANS Fixed Single Window:BALANS 30M FLOOR (SH = 0):945008,False
1q9pLykVT2tOtz_4Xjbv1P,IfcBuildingElementProxy,0.31791148,597,AdvancedProject.ifc,0.041665033,0.96248645,-1 - Garage,M_RPC Beetle:M_RPC Beetle:879260,False
0ducQKkW5EGQM9rQ5zdPSm,IfcWallStandardCase,0.3176929,598,AdvancedProject.ifc,0.040614817,0.9642084,-1 - Garage,Basic Wall:MockUp Storage Wall:821258,False
0Um_J2ClP45uPRcRbJqhtf,IfcBuildingElementProxy,0.31763974,599,AdvancedProject.ifc,0.045426685,0.95280343,6 - Sixth Floor,Electrical_Solar-Panels_Soprema_Soprasolar_Fix-Evo-Tilt_EN:REC PE 260 HD:958562,False
3pFbansyD0KOHFtJHrTteb,IfcBuildingElementProxy,0.31749508,600,AdvancedProject.ifc,0.052415524,0.936014,Level 1,Handtag skåp1:Handtag skåp:888594,False
0ifV7awIzBlRVUTYG1zp3a,IfcBuildingElementProxy,0.31744826,601,AdvancedProject.ifc,0.05285242,0.9348385,6 - Sixth Floor,M_RPC Male:Dwayne:976985,False
3pFbansyD0KOHFtJHrTtNC,IfcWallStandardCase,0.3172488,602,AdvancedProject.ifc,0.048505537,0.9443164,Level 1,Basic Wall:MockUp Interior between App:884987,False
3pFbansyD0KOHFtJHrTtYM,IfcBuildingElementProxy,0.31720966,603,AdvancedProject.ifc,0.045583416,0.9510042,Level 1,Kök - Kyl frys-en dörr:Frys:888225,False
0cRoQU_sD5R8MkkMkeodwY,IfcWallStandardCase,0.31715846,604,AdvancedProject.ifc,0.15779285,0.6890116,Level 1,Basic Wall:Generic - 200mm:309062,False
3ktY1kg3rAwgNBX_XWRS7J,IfcWindow,0.31712034,605,AdvancedProject.ifc,0.043215428,0.9562318,2 - Second Floor,BALANS Fixed Single Window:BALANS TRAPPHUS:944991,False
0qKJYWbnv5I8o6vyLfHjXL,IfcWallStandardCase,0.31707698,606,AdvancedProject.ifc,0.06640014,0.90198964,1 - First Floor,Basic Wall:MockUp Interior:899394,False
0ifV7awIzBlRVUTYG1zpc8,IfcBuildingElementProxy,0.31696048,607,AdvancedProject.ifc,0.054685548,0.9289353,Level 1,M_RPC Male:Alex:975157,False
2v8sGyGFXDsRc80mj95lu5,IfcDoor,0.31690633,608,AdvancedProject.ifc,0.04996934,0.93975925,1 - First Floor,M_Single-Flush:Generic Door:728593,False
0ifV7awIzBlRVUTYG1zpvk,IfcBuildingElementProxy,0.31682098,609,AdvancedProject.ifc,0.055265166,0.9271178,Level 1,M_RPC Male:Alex:976595,False
0qKJYWbnv5I8o6vyLfHjHj,IfcBuildingElementProxy,0.3167098,610,AdvancedProject.ifc,0.05183409,0.93475306,1 - First Floor,Handtag skåp1:Handtag skåp:898426,False
3ktY1kg3rAwgNBX_XWRV4C,IfcWindow,0.31654364,611,AdvancedProject.ifc,0.04659185,0.9464311,5 - Fifth Floor,BALANS Fixed Single Window:BALANS 15M PRIVATE:940928,False
2BLn4xX2vF_gM9G5wfbObm,IfcWall,0.31628928,612,AdvancedProject.ifc,0.054990277,0.92598695,Level 1,Basic Wall:MockUp Interior:841308,False
0ducQKkW5EGQM9rQ5zdOOx,IfcWallStandardCase,0.31628886,613,AdvancedProject.ifc,0.06393687,0.90511006,Level 1,Basic Wall:MockUp Interior between App:825601,False
0MOEoDTm9EnO9yKsXjjkME,IfcDoor,0.31603265,614,AdvancedProject.ifc,0.048560075,0.9401353,1 - First Floor,M_Single-Flush:Generic Door:586077,False
3ktY1kg3rAwgNBX_XWRV0H,IfcWindow,0.31601724,615,AdvancedProject.ifc,0.0403905,0.9591463,3 - Third Floor,BALANS Fixed Single Window:BALANS 30M FLOOR (SH = 0):940701,False
3ktY1kg3rAwgNBX_XWRV4P,IfcWindow,0.315992,616,AdvancedProject.ifc,0.04793991,0.9414468,5 - Fifth Floor,BALANS Fixed Single Window:BALANS 15M PRIVATE:940949,False
3pFbansyD0KOHFtJHrTtSF,IfcWallStandardCase,0.31590304,617,AdvancedProject.ifc,0.045732267,0.9463015,Level 1,Basic Wall:MockUp Interior:885304,False
1cFRppLhj948bTrzz_An4w,IfcWallStandardCase,0.3158883,618,AdvancedProject.ifc,0.042207073,0.9544777,-1 - Garage,Basic Wall:MockUp Interior between App:810968,False
3ktY1kg3rAwgNBX_XWRV7Z,IfcWindow,0.31579867,619,AdvancedProject.ifc,0.050132047,0.93568736,5 - Fifth Floor,BALANS Fixed Single Window:BALANS 15M PRIVATE:940911,False
0Um_J2ClP45uPRcRbJqhis,IfcWindow,0.3153458,620,AdvancedProject.ifc,0.057915255,0.91601706,6 - Sixth Floor,BALANS Fixed Single Window:BALANS 10M BATHROOM:960189,False
2I1hX40SDEbAFJeZO_2_CV,IfcBuildingElementProxy,0.3151449,621,AdvancedProject.ifc,0.061366834,0.9072936,Level 1,M_RPC Tree - Deciduous:Largetooth Aspen - 7.6 Meters:964055,False
3ktY1kg3rAwgNBX_XWRV06,IfcWindow,0.31509888,622,AdvancedProject.ifc,0.046223346,0.9424751,3 - Third Floor,BALANS Fixed Single Window:BALANS 15M PRIVATE:940682,False
1cFRppLhj948bTrzz_Apxb,IfcDoor,0.31507313,623,AdvancedProject.ifc,0.046942398,0.9407115,-1 - Garage,M_Single-Flush:0762 x 2032mm:815111,False
3ktY1kg3rAwgNBX_XWRS7c,IfcWindow,0.31483266,624,AdvancedProject.ifc,0.041950915,0.95155674,2 - Second Floor,BALANS Fixed Single Window:BALANS 15M PRIVATE:945002,False
3ktY1kg3rAwgNBX_XWRV03,IfcWindow,0.31458163,625,AdvancedProject.ifc,0.043537486,0.9470179,3 - Third Floor,BALANS Fixed Single Window:BALANS TRAPPHUS:940687,False
2BLn4xX2vF_gM9G5wfbPcq,IfcBuildingElementProxy,0.31457052,626,AdvancedProject.ifc,0.05120236,0.9290962,Level 1,Handtag skåp1:Handtag skåp:837272,False
3GzoWuxxn4WO8bCtw8H3GU,IfcFlowTerminal,0.31452462,627,AdvancedProject.ifc,0.049176063,0.9336713,1 - First Floor,Kök - Diskmaskin 6m:Diskmaskin:697563,False
3ktY1kg3rAwgNBX_XWRS7w,IfcWindow,0.3144836,628,AdvancedProject.ifc,0.047749452,0.93686324,2 - Second Floor,BALANS Fixed Single Window:BALANS 10M PRIVATE:945014,False
3ktY1kg3rAwgNBX_XWRS7h,IfcWindow,0.31445584,629,AdvancedProject.ifc,0.040939588,0.9526604,2 - Second Floor,BALANS Fixed Single Window:BALANS 20M PRIVATE:944999,False
1cFRppLhj948bTrzz_Aoxw,IfcBuildingElementProxy,0.31426272,630,AdvancedProject.ifc,0.043903533,0.9451007,-1 - Garage,M_RPC Beetle:M_RPC Beetle:811032,False
11MreptMzBDAizZWBG8mO0,IfcFlowTerminal,0.31413215,631,AdvancedProject.ifc,0.0504707,0.92934215,1 - First Floor,M_Water Closet - Flush Tank:Public - Flushing Greater than 6.1 Lpf:692371,False
1q9pLykVT2tOtz_4XjbvA1,IfcDoor,0.31395587,632,AdvancedProject.ifc,0.04825566,0.933923,-1 - Garage,M_Single-Flush:Generic Door:878660,False
2BLn4xX2vF_gM9G5wfbPNk,IfcBuildingElementProxy,0.31380454,633,AdvancedProject.ifc,0.051299617,0.92631596,Level 1,Handtag skåp1:Handtag skåp:838338,False
0Zs4aBjAr5AggJ3MVmSIRv,IfcWallStandardCase,0.31368843,634,AdvancedProject.ifc,0.058757965,0.9085261,1 - First Floor,Basic Wall:MockUp Interior:598760,False
0ducQKkW5EGQM9rQ5zdPfL,IfcWall,0.313601,635,AdvancedProject.ifc,0.045300044,0.9396365,-1 - Garage,Basic Wall:MockUp Storage Wall:820591,False
2SEl4sI2X1JhqYqQydYuw7,IfcBuildingElementProxy,0.3134111,636,AdvancedProject.ifc,0.04404857,0.9419236,Level 1,M_RPC Male:Dwayne:970140,False
0fjrUmmzDB4fngo1stt0Lo,IfcBuildingElementProxy,0.31333143,637,AdvancedProject.ifc,0.054594565,0.91705066,1 - First Floor,Handtag kylfrys:Handtag kyl/frys:908879,False
2SEl4sI2X1JhqYqQydYudQ,IfcBuildingElementProxy,0.31317616,638,AdvancedProject.ifc,0.05210317,0.92234635,Level 1,M_RPC Female:YinYin:969409,False
2BLn4xX2vF_gM9G5wfbPYg,IfcBuildingElementProxy,0.313038,639,AdvancedProject.ifc,0.050519858,0.92558026,Level 1,Handtag skåp1:Handtag skåp:837510,False
3pFbansyD0KOHFtJHrTtji,IfcBuildingElementProxy,0.31298485,640,AdvancedProject.ifc,0.05215731,0.92158246,Level 1,Handtag skåp1:Handtag skåp:888411,False
2m6FhmO0r2OgRBRP7hD4Bx,IfcBuildingElementProxy,0.3128076,641,AdvancedProject.ifc,0.053413127,0.91806126,Level 2,"Display-LCD-Panasonic-Standard:47"", 1080p Full HD LCD w/ built-in speaker:711446",False
11MreptMzBDAizZWBG8m1P,IfcBuildingElementProxy,0.31280282,642,AdvancedProject.ifc,0.049928967,0.9261751,1 - First Floor,Handtag skåp1:Handtag skåp:693962,False
3ktY1kg3rAwgNBX_XWRV46,IfcWindow,0.31276974,643,AdvancedProject.ifc,0.05341929,0.91792077,5 - Fifth Floor,BALANS Fixed Single Window:BALANS 10M PRIVATE:940938,False
1cFRppLhj948bTrzz_ApiD,IfcDoor,0.3125482,644,AdvancedProject.ifc,0.047701947,0.93052274,-1 - Garage,M_Single-Flush:0762 x 2032mm:816623,False
3pFbansyD0KOHFtJHrTtxg,IfcBuildingElementProxy,0.31225306,645,AdvancedProject.ifc,0.052789062,0.917669,Level 1,Handtag skåp1:Handtag skåp:887773,False
02b4vxvtD5HBo2EeUI66Ue,IfcBuildingElementProxy,0.31219703,646,AdvancedProject.ifc,0.043225504,0.9397972,1 - First Floor,Kök - Kyl frys-en dörr:Frys:624148,False
3ktY1kg3rAwgNBX_XWRV0P,IfcWindow,0.31212115,647,AdvancedProject.ifc,0.048756633,0.9266383,3 - Third Floor,BALANS Fixed Single Window:BALANS 10M BATHROOM:940693,False
3ktY1kg3rAwgNBX_XWRV7d,IfcWindow,0.31210136,648,AdvancedProject.ifc,0.054340236,0.913544,5 - Fifth Floor,BALANS Fixed Single Window:BALANS 10M PRIVATE:940907,False
3ktY1kg3rAwgNBX_XWRV1G,IfcWindow,0.31204867,649,AdvancedProject.ifc,0.046532184,0.93158704,4 - Fourth Floor,BALANS Fixed Single Window:BALANS 15M PRIVATE:940764,False
3pFbansyD0KOHFtJHrTtaZ,IfcBuildingElementProxy,0.31202537,650,AdvancedProject.ifc,0.052934434,0.91657084,Level 1,Handtag skåp1:Handtag skåp:887828,False
0xyFL4ySP5TexORi78qEKF,IfcWindow,0.31169254,651,AdvancedProject.ifc,0.04976675,0.9228527,Level 1,BALANS Fixed Single Window:BALANS GROUND SMALL A:777648,False
0Um_J2ClP45uPRcRjJqhme,IfcSlab,0.31167316,652,AdvancedProject.ifc,0.17048815,0.6411048,7- ROOF,Basic Roof:Cold Roof - Concrete:958883,False
2v8sGyGFXDsRc80mj95l5H,IfcBuildingElementProxy,0.31153378,653,AdvancedProject.ifc,0.052728236,0.9154134,1 - First Floor,Serena bench with three drawers:Serena bench with three drawers:725317,False
3pFbansyD0KOHFtJHrTtYL,IfcBuildingElementProxy,0.3114078,654,AdvancedProject.ifc,0.05327477,0.9137182,Level 1,Handtag kylfrys:Handtag kyl/frys:888226,False
0SYs3s__10NgRHjGtRj2bX,IfcWallStandardCase,0.31133407,655,AdvancedProject.ifc,0.15365475,0.6792525,Level 1,Basic Wall:Generic - 200mm:316073,False
0fjrUmmzDB4fngo1stt0Nd,IfcBuildingElementProxy,0.3112544,656,AdvancedProject.ifc,0.054243147,0.9109473,1 - First Floor,Handtag skåp1:Handtag skåp:909018,False
0ducQKkW5EGQM9rQ5zdPNP,IfcDoor,0.3111751,657,AdvancedProject.ifc,0.048385274,0.9243514,-1 - Garage,M_Single-Flush:0762 x 2032mm:821987,False
3ktY1kg3rAwgNBX_XWRV1V,IfcWindow,0.31106073,658,AdvancedProject.ifc,0.04944489,0.92149764,4 - Fourth Floor,BALANS Fixed Single Window:BALANS 10M PRIVATE:940755,False
2SEl4sI2X1JhqYqQydYvhp,IfcBuildingElementProxy,0.3110503,659,AdvancedProject.ifc,0.050182033,0.9197429,Level 1,M_RPC Female:Florence:973288,False
1q9pLykVT2tOtz_4XjbvqA,IfcWallStandardCase,0.31101838,660,AdvancedProject.ifc,0.04065495,0.94186634,-1 - Garage,Basic Wall:MockUp Interior between App:878543,False
0o1QfH3m18FQ$FuQf8VgJQ,IfcSlab,0.3109464,661,AdvancedProject.ifc,0.08790872,0.8313677,Level 1,Floor:Generic 150mm:317233,False
0ducQKkW5EGQM9rQ5zdPqd,IfcDoor,0.31088278,662,AdvancedProject.ifc,0.046231847,0.92840165,-1 - Garage,M_Single-Flush:0762 x 2032mm:819741,False
3GdhC2lQD5ifjmLdQ3ype4,IfcWallStandardCase,0.3107274,663,AdvancedProject.ifc,0.040462416,0.9413457,-1 - Garage,Basic Wall:MockUp Interior between App:799532,False
3ktY1kg3rAwgNBX_XWRV1T,IfcWindow,0.3107176,664,AdvancedProject.ifc,0.046003066,0.9283848,4 - Fourth Floor,BALANS Fixed Single Window:BALANS 20M PRIVATE:940753,False
1KMtYLyv9CyfGv8UjnMBSR,IfcWindow,0.3104992,665,AdvancedProject.ifc,0.047394138,0.924411,1 - First Floor,BALANS Fixed Single Window:BALANS 15M PRIVATE:793592,False
02b4vxvtD5HBo2EeUI66Uf,IfcBuildingElementProxy,0.31034762,666,AdvancedProject.ifc,0.050248295,0.91724604,1 - First Floor,Handtag kylfrys:Handtag kyl/frys:624149,False
1cFRppLhj948bTrzz_ApO1,IfcWallStandardCase,0.31033576,667,AdvancedProject.ifc,0.039837323,0.9414987,-1 - Garage,Basic Wall:MockUp Storage Wall:817379,False
0Zs4aBjAr5AggJ3MVmSII5,IfcFlowTerminal,0.31027007,668,AdvancedProject.ifc,0.05025666,0.91696805,1 - First Floor,M_Water Closet - Flush Tank:Public - Flushing Greater than 6.1 Lpf:598164,False
3pFbansyD0KOHFtJHrTtYQ,IfcBuildingElementProxy,0.31024593,669,AdvancedProject.ifc,0.053363312,0.9096387,Level 1,Handtag skåp1:Handtag skåp:888237,False
3GzoWuxxn4WO8bCtw8H3GX,IfcDoor,0.31024513,670,AdvancedProject.ifc,0.04623276,0.9262739,1 - First Floor,M_Single-Flush:Generic Door:697572,False
0qKJYWbnv5I8o6vyLfHi8K,IfcWallStandardCase,0.3101606,671,AdvancedProject.ifc,0.05257482,0.911194,1 - First Floor,Basic Wall:MockUp Interior between App:893699,False
3p6DR19bjD_PWb8lZMRTI1,IfcWallStandardCase,0.31015238,672,AdvancedProject.ifc,0.060511578,0.89264756,Level 1,Basic Wall:MockUp Interior between App:735010,False
0ducQKkW5EGQM9rQ5zdM4W,IfcWall,0.31005177,673,AdvancedProject.ifc,0.046065778,0.926019,-1 - Garage,Basic Wall:MockUp Storage Wall:818714,False
3pFbansyD0KOHFtJHrTulz,IfcWallStandardCase,0.30964977,674,AdvancedProject.ifc,0.041986972,0.9341963,Level 1,Basic Wall:MockUp Interior between App:884426,False
3ktY1kg3rAwgNBX_XWRV1a,IfcWindow,0.30947486,675,AdvancedProject.ifc,0.03976037,0.9388086,4 - Fourth Floor,BALANS Fixed Single Window:BALANS 30M FLOOR (SH = 0):940776,False
3ktY1kg3rAwgNBX_XWRV0W,IfcWindow,0.3092699,676,AdvancedProject.ifc,0.045097288,0.9256726,3 - Third Floor,BALANS Fixed Single Window:BALANS 15M PRIVATE:940716,False
3pFbansyD0KOHFtJHrTt_f,IfcFlowTerminal,0.3092102,677,AdvancedProject.ifc,0.053670652,0.9054691,Level 1,M_Lavatory - Vanity:760 mmx455 mm - Private:887454,False
3GzoWuxxn4WO8bCtw8H3Gx,IfcFlowTerminal,0.30882984,678,AdvancedProject.ifc,0.049496688,0.9139405,1 - First Floor,M_Water Closet - Flush Tank:Public - Flushing Greater than 6.1 Lpf:697598,False
1KGNuJkf5FjQZDFQ6WeFl3,IfcWallStandardCase,0.3086961,679,AdvancedProject.ifc,0.048518036,0.91577816,1 - First Floor,Basic Wall:MockUp Kitchen:677798,False
1KGNuJkf5FjQZDFQ6WeEa4,IfcBuildingElementProxy,0.30868778,680,AdvancedProject.ifc,0.05224756,0.9070482,1 - First Floor,Handtag skåp1:Handtag skåp:673121,False
3pFbansyD0KOHFtJHrTuq$,IfcWallStandardCase,0.30854073,681,AdvancedProject.ifc,0.040149003,0.93478805,-1 - Garage,Basic Wall:MockUp Interior between App:882696,False
1k8pVOGqX51f_yJjFvAcbd,IfcWallStandardCase,0.3084682,682,AdvancedProject.ifc,0.08074979,0.83981115,Level 1,Basic Wall:Generic - 200mm:314081,False
2m6FhmO0r2OgRBRP7hD4CZ,IfcDoor,0.30845174,683,AdvancedProject.ifc,0.044332262,0.9247305,1 - First Floor,M_Single-Flush:Generic Door:711374,False
2m6FhmO0r2OgRBRP7hD4GE,IfcWallStandardCase,0.3083142,684,AdvancedProject.ifc,0.049781457,0.9115572,1 - First Floor,Basic Wall:MockUp Interior:712163,False
0ducQKkW5EGQM9rQ5zdOcN,IfcDoor,0.30812186,685,AdvancedProject.ifc,0.045239273,0.9215145,Level 1,Swedoor_Interior_Door_SD4220_P65_EI60_Single-LeftRightOver_1.0:1990 mm (M10) x 2390 mm (M21) - EI60 - Right-handed:825005,False
2v8sGyGFXDsRc80mj95l9U,IfcWallStandardCase,0.30800214,686,AdvancedProject.ifc,0.051269397,0.9070452,1 - First Floor,Basic Wall:MockUp Interior:725578,False
2v8sGyGFXDsRc80mj95iGc,IfcBuildingElementProxy,0.30799904,687,AdvancedProject.ifc,0.05231315,0.90459937,1 - First Floor,Handtag skåp1:Handtag skåp:730162,False
3pFbansyD0KOHFtJHrTsPH,IfcBuildingElementProxy,0.30796984,688,AdvancedProject.ifc,0.05173597,0.9058488,Level 1,Handtag skåp1:Handtag skåp:889702,False
0ikA9YOKrBaRArRnE24qG2,IfcRailing,0.3079577,689,AdvancedProject.ifc,0.05663688,0.8943729,1 - First Floor,Railing:1100mm:938786,False
2SEl4sI2X1JhqYqQydYuv1,IfcBuildingElementProxy,0.30789787,690,AdvancedProject.ifc,0.0431047,0.9257485,Level 1,M_RPC Female:Lisa:970074,False
1k8pVOGqX51f_yJjFvAch0,IfcWallStandardCase,0.30788964,691,AdvancedProject.ifc,0.060441382,0.88526887,Level 1,Basic Wall:Generic - 200mm:313670,False
0MOEoDTm9EnO9yKsXjjk39,IfcWallStandardCase,0.3078641,692,AdvancedProject.ifc,0.049543984,0.910611,1 - First Floor,Basic Wall:MockUp Interior between App:586778,False
1k8pVOGqX51f_yJjFvAcVr,IfcWallStandardCase,0.30785212,693,AdvancedProject.ifc,0.15864643,0.65599865,Level 1,Basic Wall:Generic - 200mm:312435,False
0Um_J2ClP45uPRcRbJqhxe,IfcWindow,0.3078008,694,AdvancedProject.ifc,0.050698955,0.9077051,6 - Sixth Floor,BALANS Fixed Single Window:BALANS TRAPPHUS TOP:959331,False
0cRoQU_sD5R8MkkMkeodLp,IfcWallStandardCase,0.3077712,695,AdvancedProject.ifc,0.14829993,0.67987084,Level 1,Basic Wall:Generic - 200mm:310423,False
0qKJYWbnv5I8o6vyLfHjiu,IfcBuildingElementProxy,0.30765817,696,AdvancedProject.ifc,0.0521849,0.9037624,1 - First Floor,Handtag skåp1:Handtag skåp:899631,False
0qKJYWbnv5I8o6vyLfHjJv,IfcWallStandardCase,0.3074006,697,AdvancedProject.ifc,0.05733212,0.8908937,1 - First Floor,Basic Wall:MockUp Interior:898542,False
2BLn4xX2vF_gM9G5wfbPiL,IfcDoor,0.30729586,698,AdvancedProject.ifc,0.04893142,0.91014624,Level 1,M_Single-Flush:Generic Door:836665,False
3pFbansyD0KOHFtJHrTtjk,IfcBuildingElementProxy,0.30712414,699,AdvancedProject.ifc,0.052022044,0.90236235,Level 1,Handtag skåp1:Handtag skåp:888409,False
3ktY1kg3rAwgNBX_XWRV11,IfcWindow,0.30703586,700,AdvancedProject.ifc,0.04789546,0.9116967,4 - Fourth Floor,BALANS Fixed Single Window:BALANS 20M PRIVATE:940749,False
0Pw4h9cu11p8EzOFUdpTBE,IfcDoor,0.30695048,701,AdvancedProject.ifc,0.049952526,0.90661234,Level 1,Swedoor_Interior_Door_SD4220_P65_EI60_Single-LeftRightOver_1.0:1990 mm (M10) x 2390 mm (M21) - EI60 - Right-handed:741400,False
11MreptMzBDAizZWBG8_si,IfcBuildingElementProxy,0.30694532,702,AdvancedProject.ifc,0.049604475,0.9074073,1 - First Floor,Handtag skåp1:Handtag skåp:686911,False
3pFbansyD0KOHFtJHrTtNs,IfcWallStandardCase,0.30660734,703,AdvancedProject.ifc,0.046579793,0.9133382,Level 1,Basic Wall:MockUp Interior between App:884929,False
2m6FhmO0r2OgRBRP7hD42E,IfcBuildingElementProxy,0.30649877,704,AdvancedProject.ifc,0.04796073,0.9097541,1 - First Floor,Handtag skåp1:Handtag skåp:711011,False
2sG0Vcmgb1Uverjtj49zPS,IfcWallStandardCase,0.3064373,705,AdvancedProject.ifc,0.059804156,0.8819147,1 - First Floor,Basic Wall:MockUp Interior:591596,False
0fjrUmmzDB4fngo1stt3am,IfcBuildingElementProxy,0.3063516,706,AdvancedProject.ifc,0.05587384,0.8907997,1 - First Floor,Handtag skåp1:Handtag skåp:909837,False
3pFbansyD0KOHFtJHrTteu,IfcBuildingElementProxy,0.30610228,707,AdvancedProject.ifc,0.05258382,0.8976453,Level 1,Handtag skåp1:Handtag skåp:888591,False
1KGNuJkf5FjQZDFQ6WeFjc,IfcWallStandardCase,0.30600014,708,AdvancedProject.ifc,0.047844447,0.9083634,1 - First Floor,Basic Wall:MockUp Kitchen:677635,False
3xIzzWNOf80wb5fUMgFFvY,IfcRailing,0.30590838,709,AdvancedProject.ifc,0.052503567,0.8971863,5 - Fifth Floor,Railing:1100mm:938790,False
0qKJYWbnv5I8o6vyLfHiQi,IfcBuildingElementProxy,0.3058846,710,AdvancedProject.ifc,0.053697634,0.8943207,1 - First Floor,Handtag skåp1:Handtag skåp:894907,False
02b4vxvtD5HBo2EeUI69y3,IfcBuildingElementProxy,0.30588424,711,AdvancedProject.ifc,0.050600294,0.9015468,1 - First Floor,Handtag skåp1:Handtag skåp:622271,False
2m6FhmO0r2OgRBRP7hD47b,IfcWallStandardCase,0.3058805,712,AdvancedProject.ifc,0.04976562,0.9034818,1 - First Floor,Basic Wall:MockUp Interior:710664,False
0fjrUmmzDB4fngo1stt3Ua,IfcBuildingElementProxy,0.3057098,713,AdvancedProject.ifc,0.05019923,0.90190107,1 - First Floor,Handtag skåp1:Handtag skåp:912537,False
1KMtYLyv9CyfGv8UjnMBCR,IfcWallStandardCase,0.3055173,714,AdvancedProject.ifc,0.11921173,0.74023026,-1 - Garage,Basic Wall:MockUp Exterior Garage:794616,False
3bptS3GYj4Qv2__W5Ei$UA,IfcBuildingElementProxy,0.30550614,715,AdvancedProject.ifc,0.046260223,0.91041327,1 - First Floor,Serena bench with three drawers:Serena bench with three drawers:654398,False
1k8pVOGqX51f_yJjFvAczG,IfcWallStandardCase,0.30526912,716,AdvancedProject.ifc,0.1563781,0.6526814,Level 1,Basic Wall:Generic - 200mm:314582,False
0MOEoDTm9EnO9yKsXjjkNr,IfcWallStandardCase,0.30518228,717,AdvancedProject.ifc,0.047822278,0.90568894,1 - First Floor,Basic Wall:MockUp Interior between App:586022,False
0Zs4aBjAr5AggJ3MVmSI9v,IfcWallStandardCase,0.30516553,718,AdvancedProject.ifc,0.049730774,0.90117985,1 - First Floor,Basic Wall:MockUp Interior:599656,False
3GzoWuxxn4WO8bCtw8H3Bx,IfcBuildingElementProxy,0.30512252,719,AdvancedProject.ifc,0.038313575,0.9276767,Level 1,M_Electric Lift-4 person:1000 x 880mm:696894,False
3U8bdGexDEOw9DXBmULrPx,IfcBuildingElementProxy,0.30505696,720,AdvancedProject.ifc,0.047964074,0.90494037,1 - First Floor,Handtag skåp1:Handtag skåp:874480,False
0cRoQU_sD5R8MkkMkeodGL,IfcWallStandardCase,0.30493408,721,AdvancedProject.ifc,0.15104787,0.6640019,Level 1,Basic Wall:Generic - 200mm:310769,False
0pHBx4qSPCfPLZRKuUIKNz,IfcWindow,0.3049259,722,AdvancedProject.ifc,0.04722597,0.9062257,1 - First Floor,BALANS Fixed Single Window:BALANS 10M PRIVATE:906827,False
3pFbansyD0KOHFtJHrTtev,IfcBuildingElementProxy,0.30492547,723,AdvancedProject.ifc,0.052562494,0.89377236,Level 1,Handtag skåp1:Handtag skåp:888590,False
0fjrUmmzDB4fngo1stt38_,IfcBuildingElementProxy,0.30477098,724,AdvancedProject.ifc,0.04776119,0.90446043,1 - First Floor,Handtag skåp1:Handtag skåp:911619,False
0fjrUmmzDB4fngo1stt0NW,IfcBuildingElementProxy,0.3047577,725,AdvancedProject.ifc,0.05406717,0.8897023,1 - First Floor,Handtag skåp1:Handtag skåp:909021,False
0fjrUmmzDB4fngo1stt3ry,IfcBuildingElementProxy,0.30455762,726,AdvancedProject.ifc,0.046695292,0.90623635,1 - First Floor,Handtag skåp1:Handtag skåp:910913,False
0X2$ayW0v5dBNxK3e4nxzo,IfcBuildingElementProxy,0.30448425,727,AdvancedProject.ifc,0.054489635,0.887805,Level 2,"Display-LCD-Panasonic-Standard:47"", 1080p Full HD LCD w/ built-in speaker:686531",False
3pFbansyD0KOHFtJHrTsPU,IfcBuildingElementProxy,0.30444723,728,AdvancedProject.ifc,0.051835705,0.89387417,Level 1,Handtag skåp1:Handtag skåp:889705,False
3pFbansyD0KOHFtJHrTtec,IfcBuildingElementProxy,0.3044091,729,AdvancedProject.ifc,0.052394353,0.8924434,Level 1,Handtag skåp1:Handtag skåp:888593,False
0SYs3s__10NgRHjGtRj2t6,IfcSlab,0.30440226,730,AdvancedProject.ifc,0.06806183,0.8558633,Level 1,Floor:Generic 150mm:316942,False
0ducQKkW5EGQM9rQ5zdP$n,IfcWallStandardCase,0.3043661,731,AdvancedProject.ifc,0.04114745,0.9185429,-1 - Garage,Basic Wall:MockUp Storage Wall:819403,False
2v8sGyGFXDsRc80mj95lnq,IfcWallStandardCase,0.30427858,732,AdvancedProject.ifc,0.056193765,0.8831431,1 - First Floor,Basic Wall:MockUp Interior:728160,False
2BLn4xX2vF_gM9G5wfbPWX,IfcWindow,0.30414805,733,AdvancedProject.ifc,0.04576592,0.90703964,Level 1,BALANS Fixed Single Window:BALANS 15M PRIVATE:837389,False
3pFbansyD0KOHFtJHrTt4i,IfcWallStandardCase,0.30410948,734,AdvancedProject.ifc,0.040320046,0.9196181,Level 1,Basic Wall:MockUp Interior between App:885787,False
11MreptMzBDAizZWBG8_Wt,IfcDoor,0.30407897,735,AdvancedProject.ifc,0.04775864,0.9021597,1 - First Floor,M_Single-Flush:Generic Door:687780,False
0HFJ4FEcn5UhECI1IyBBv9,IfcWindow,0.30386618,736,AdvancedProject.ifc,0.04429049,0.90954274,Level 1,BALANS Fixed Single Window:BALANS 30M FLOOR (SH = 0):916659,False
2BLn4xX2vF_gM9G5wfbOeO,IfcDoor,0.3037682,737,AdvancedProject.ifc,0.047781076,0.90107137,Level 1,M_Single-Flush:Generic Door:841012,False
0qKJYWbnv5I8o6vyLfHiZW,IfcWallStandardCase,0.30365506,738,AdvancedProject.ifc,0.057304658,0.8784726,1 - First Floor,Basic Wall:MockUp Interior:895479,False
0qKJYWbnv5I8o6vyLfHjHe,IfcBuildingElementProxy,0.30359635,739,AdvancedProject.ifc,0.052078035,0.8904724,1 - First Floor,Handtag skåp1:Handtag skåp:898431,False
3pFbansyD0KOHFtJHrTtyv,IfcFlowTerminal,0.3035498,740,AdvancedProject.ifc,0.055003542,0.88349104,Level 1,M_Water Closet - Flush Tank:Public - Flushing Greater than 6.1 Lpf:887310,False
1q9pLykVT2tOtz_4XjbvQn,IfcFlowTerminal,0.30354297,741,AdvancedProject.ifc,0.049058095,0.897341,-1 - Garage,M_Lavatory - Vanity:760 mmx455 mm - Private:879732,False
3pFbansyD0KOHFtJHrTtYI,IfcBuildingElementProxy,0.30333894,742,AdvancedProject.ifc,0.053285502,0.88679695,Level 1,Handtag skåp1:Handtag skåp:888229,False
1q9pLykVT2tOtz_4XjbuoS,IfcDoor,0.30332473,743,AdvancedProject.ifc,0.047024205,0.90135926,-1 - Garage,M_Single-Flush:0762 x 2032mm:882265,False
1KMtYLyv9CyfGv8UjnMB3v,IfcWindow,0.3032408,744,AdvancedProject.ifc,0.0457502,0.90405226,1 - First Floor,BALANS Fixed Single Window:BALANS 15M PRIVATE:793626,False
0HFJ4FEcn5UhECI1IyBBXX,IfcWindow,0.30319402,745,AdvancedProject.ifc,0.049112517,0.89605075,Level 1,BALANS Fixed Single Window:BALANS GROUND SMALL B:916123,False
0qKJYWbnv5I8o6vyLfHiPI,IfcBuildingElementProxy,0.30317786,746,AdvancedProject.ifc,0.05327383,0.8862872,1 - First Floor,Handtag skåp1:Handtag skåp:894789,False
0cRoQU_sD5R8MkkMkeod06,IfcWallStandardCase,0.30314374,747,AdvancedProject.ifc,0.12939486,0.7085578,Level 1,Basic Wall:Generic - 200mm:309730,False
02b4vxvtD5HBo2EeUI64uz,IfcBuildingElementProxy,0.30312866,748,AdvancedProject.ifc,0.05062384,0.89230657,1 - First Floor,Handtag skåp1:Handtag skåp:634753,False
2BLn4xX2vF_gM9G5wfbPMI,IfcBuildingElementProxy,0.30291584,749,AdvancedProject.ifc,0.043385193,0.9084873,Level 1,Kök - Kyl frys-en dörr:Frys:838334,False
1KMtYLyv9CyfGv8UjnMB3Z,IfcWindow,0.3029139,750,AdvancedProject.ifc,0.05226233,0.88776755,1 - First Floor,BALANS Fixed Single Window:BALANS 10M PRIVATE:793600,False
0o1QfH3m18FQ$FuQf8VgL$,IfcSlab,0.30277684,751,AdvancedProject.ifc,0.05507018,0.88075906,Level 1,Floor:Generic 150mm:317076,False
0xKelnDbLBsf$3TAffmU3X,IfcBuildingElementProxy,0.30259693,752,AdvancedProject.ifc,0.04602582,0.9012628,Level 1,M_RPC Beetle:M_RPC Beetle:746861,False
2m6FhmO0r2OgRBRP7hD4OV,IfcBuildingElementProxy,0.3025841,753,AdvancedProject.ifc,0.044159804,0.90557414,1 - First Floor,Serena bench with three drawers:Serena bench with three drawers:712690,False
1KMtYLyv9CyfGv8UjnMB3d,IfcWindow,0.3022295,754,AdvancedProject.ifc,0.044184104,0.9043353,1 - First Floor,BALANS Fixed Single Window:BALANS TRAPPHUS:793604,False
0qKJYWbnv5I8o6vyLfHjiw,IfcBuildingElementProxy,0.30222523,755,AdvancedProject.ifc,0.05175906,0.8866463,1 - First Floor,Handtag skåp1:Handtag skåp:899629,False
3pFbansyD0KOHFtJHrTtYP,IfcBuildingElementProxy,0.30219644,756,AdvancedProject.ifc,0.053377632,0.8827737,Level 1,Handtag skåp1:Handtag skåp:888238,False
0Zs4aBjAr5AggJ3MVmSII4,IfcFlowTerminal,0.3021494,757,AdvancedProject.ifc,0.04939578,0.89190775,1 - First Floor,M_Lavatory - Vanity:760 mmx455 mm - Private:598165,False
2sG0Vcmgb1Uverjtj49zb3,IfcWallStandardCase,0.30214417,758,AdvancedProject.ifc,0.050521325,0.8892641,1 - First Floor,Basic Wall:MockUp Interior:592371,False
3pFbansyD0KOHFtJHrTsPI,IfcBuildingElementProxy,0.30201972,759,AdvancedProject.ifc,0.05174839,0.88598615,Level 1,Handtag skåp1:Handtag skåp:889701,False
1KGNuJkf5FjQZDFQ6We990,IfcBuildingElementProxy,0.3020023,760,AdvancedProject.ifc,0.051307026,0.8869579,1 - First Floor,Handtag skåp1:Handtag skåp:671269,False
2BLn4xX2vF_gM9G5wfbU4T,IfcDoor,0.3018806,761,AdvancedProject.ifc,0.050265595,0.8889823,Level 1,M_Single-Flush:Generic Door:835121,False
2sG0Vcmgb1Uverjtj49za9,IfcWallStandardCase,0.30186838,762,AdvancedProject.ifc,0.051247947,0.8866493,1 - First Floor,Basic Wall:MockUp Interior:592313,False
2sG0Vcmgb1Uverjtj49zir,IfcFlowTerminal,0.30154952,763,AdvancedProject.ifc,0.046083402,0.89763707,1 - First Floor,M_Shower Stall with Seat - Rectangular:1220 mmx915 mm - Private:592773,False
1k8pVOGqX51f_yJjFvAcvS,IfcWallStandardCase,0.30152756,764,AdvancedProject.ifc,0.16721825,0.6149159,Level 1,Basic Wall:Generic - 200mm:314842,False
1cFRppLhj948bTrzz_ApV0,IfcWallStandardCase,0.30149177,765,AdvancedProject.ifc,0.038841423,0.9143426,-1 - Garage,Basic Wall:MockUp Storage Wall:817442,False
0Pw4h9cu11p8EzOFUdpSqt,IfcWallStandardCase,0.30112952,766,AdvancedProject.ifc,0.043969397,0.9011698,Level 1,Basic Wall:MockUp Interior between App:741345,False
1KMtYLyv9CyfGv8UjnMB3y,IfcWindow,0.30096084,767,AdvancedProject.ifc,0.040189132,0.9094282,1 - First Floor,BALANS Fixed Single Window:BALANS 30M FLOOR (SH = 0):793631,False
0Zs4aBjAr5AggJ3MVmSIFO,IfcFlowTerminal,0.30086988,768,AdvancedProject.ifc,0.044817872,0.8983245,1 - First Floor,M_Shower Stall with Seat - Rectangular:1220 mmx915 mm - Private:600009,False
11MreptMzBDAizZWBG8n$m,IfcWallStandardCase,0.3008569,769,AdvancedProject.ifc,0.046823006,0.8936026,1 - First Floor,Basic Wall:MockUp Kitchen:690531,False
1k8pVOGqX51f_yJjFvActY,IfcWallStandardCase,0.3007604,770,AdvancedProject.ifc,0.15062541,0.6510753,Level 1,Basic Wall:Generic - 200mm:314980,False
1KMtYLyv9CyfGv8UjnMB31,IfcWindow,0.3004429,771,AdvancedProject.ifc,0.047947556,0.88959867,1 - First Floor,BALANS Fixed Single Window:BALANS 25M FLOOR (SH = 0):793634,False
0qKJYWbnv5I8o6vyLfHji$,IfcBuildingElementProxy,0.3003602,772,AdvancedProject.ifc,0.052473474,0.87876254,1 - First Floor,Handtag skåp1:Handtag skåp:899624,False
3U8bdGexDEOw9DXBmULrqE,IfcBuildingElementProxy,0.30030385,773,AdvancedProject.ifc,0.04894918,0.8867981,1 - First Floor,Handtag skåp1:Handtag skåp:875653,False
0qdpkovdH5RgxJU7gsxr25,IfcBuildingElementProxy,0.30027103,774,AdvancedProject.ifc,0.051063642,0.88175493,1 - First Floor,Handtag skåp1:Handtag skåp:903938,False
0qdpkovdH5RgxJU7gsxrtm,IfcDoor,0.30023938,775,AdvancedProject.ifc,0.049216025,0.8859605,1 - First Floor,M_Single-Flush:Generic Door:902775,False
2m6FhmO0r2OgRBRP7hD42F,IfcBuildingElementProxy,0.3001837,776,AdvancedProject.ifc,0.04797213,0.8886774,1 - First Floor,Handtag skåp1:Handtag skåp:711010,False
3GzoWuxxn4WO8bCtw8H3Pm,IfcDoor,0.30009392,777,AdvancedProject.ifc,0.046124086,0.8926902,1 - First Floor,M_Single-Flush:Generic Door:698037,False
3pFbansyD0KOHFtJHrTuhb,IfcDoor,0.29999208,778,AdvancedProject.ifc,0.05181672,0.87906796,Level 1,M_Single-Flush:Generic Door:884690,False
0ikA9YOKrBaRArRnE24qV3,IfcStairFlight,0.2998332,779,AdvancedProject.ifc,0.054246526,0.8728687,1 - First Floor,Assembled Stair:Stair:937135 Run 1,False
2SEl4sI2X1JhqYqQydYuun,IfcBuildingElementProxy,0.2997599,780,AdvancedProject.ifc,0.047032043,0.8894582,Level 1,M_RPC Male:Jay:970026,False
11MreptMzBDAizZWBG8_ZS,IfcBuildingElementProxy,0.2997118,781,AdvancedProject.ifc,0.04790555,0.8872597,1 - First Floor,Serena bench with three drawers:Serena bench with three drawers:687695,False
0ducQKkW5EGQM9rQ5zdOVk,IfcWallStandardCase,0.29960635,782,AdvancedProject.ifc,0.044022385,0.8959689,Level 1,Basic Wall:MockUp Interior between App:825556,False
0qKJYWbnv5I8o6vyLfHjJW,IfcDoor,0.2994699,783,AdvancedProject.ifc,0.0502458,0.8809927,1 - First Floor,M_Single-Flush:Generic Door:898551,False
3GzoWuxxn4WO8bCtw8H3GH,IfcBuildingElementProxy,0.29933032,784,AdvancedProject.ifc,0.048784237,0.88393784,1 - First Floor,Handtag skåp1:Handtag skåp:697556,False
2BLn4xX2vF_gM9G5wfbPnV,IfcWallStandardCase,0.299007,785,AdvancedProject.ifc,0.04282071,0.89677495,Level 1,Basic Wall:MockUp Interior between App:836467,False
28WUkjJ1r5wPzZDX9W1jMB,IfcBuildingElementProxy,0.2989158,786,AdvancedProject.ifc,0.050053667,0.8795941,1 - First Floor,Handtag skåp1:Handtag skåp:664187,False
0fjrUmmzDB4fngo1stt3T$,IfcBuildingElementProxy,0.2989124,787,AdvancedProject.ifc,0.049571257,0.8807084,1 - First Floor,Handtag kylfrys:Handtag kyl/frys:912450,False
0fjrUmmzDB4fngo1stt0La,IfcBuildingElementProxy,0.2986621,788,AdvancedProject.ifc,0.054259215,0.8689354,1 - First Floor,Handtag skåp1:Handtag skåp:908889,False
0MOEoDTm9EnO9yKsXjjkTj,IfcWallStandardCase,0.29829454,789,AdvancedProject.ifc,0.049319208,0.8792369,1 - First Floor,Basic Wall:MockUp Interior:586686,False
0qKJYWbnv5I8o6vyLfHiO9,IfcWallStandardCase,0.29819652,790,AdvancedProject.ifc,0.06714153,0.83732486,1 - First Floor,Basic Wall:MockUp Interior between App:894750,False
1KGNuJkf5FjQZDFQ6WeEw3,IfcDoor,0.29816234,791,AdvancedProject.ifc,0.048763007,0.8800941,1 - First Floor,M_Single-Flush:Generic Door:672486,False
2sG0Vcmgb1Uverjtj49YsP,IfcWallStandardCase,0.29792246,792,AdvancedProject.ifc,0.05913726,0.85508794,1 - First Floor,Basic Wall:MockUp Interior:589097,False
3pFbansyD0KOHFtJHrTuxk,IfcDoor,0.29787895,793,AdvancedProject.ifc,0.04930169,0.87789255,Level 1,M_Single-Flush:Generic Door:883673,False
1KGNuJkf5FjQZDFQ6We99E,IfcBuildingElementProxy,0.29746628,794,AdvancedProject.ifc,0.051496033,0.87139684,1 - First Floor,Handtag skåp1:Handtag skåp:671275,False
0qKJYWbnv5I8o6vyLfHjMr,IfcFlowTerminal,0.29724535,795,AdvancedProject.ifc,0.048682272,0.8772259,1 - First Floor,M_Shower Stall with Seat - Rectangular:1220 mmx915 mm - Private:898210,False
2BLn4xX2vF_gM9G5wfbPHV,IfcWallStandardCase,0.297,796,AdvancedProject.ifc,0.044628125,0.8858676,Level 1,Basic Wall:MockUp Interior:838515,False
1KGNuJkf5FjQZDFQ6WeEzz,IfcDoor,0.29684132,797,AdvancedProject.ifc,0.049017414,0.8750971,1 - First Floor,M_Single-Flush:Generic Door:672536,False
0fjrUmmzDB4fngo1stt0Lf,IfcFlowTerminal,0.29653084,798,AdvancedProject.ifc,0.054857794,0.8604346,1 - First Floor,Kök - Diskmaskin 6m:Diskmaskin:908884,False
2m6FhmO0r2OgRBRP7hD4vi,IfcWallStandardCase,0.29648194,799,AdvancedProject.ifc,0.049913686,0.87180775,1 - First Floor,Basic Wall:MockUp Interior:710529,False
2sG0Vcmgb1Uverjtj49zPp,IfcWallStandardCase,0.2964775,800,AdvancedProject.ifc,0.060158152,0.84788924,1 - First Floor,Basic Wall:MockUp Interior:591555,False
2BLn4xX2vF_gM9G5wfbPNj,IfcBuildingElementProxy,0.2963089,801,AdvancedProject.ifc,0.051277883,0.8680479,Level 1,Handtag skåp1:Handtag skåp:838337,False
0HFJ4FEcn5UhECI1IyBBbs,IfcWindow,0.2963003,802,AdvancedProject.ifc,0.04407391,0.88482857,Level 1,BALANS Fixed Single Window:BALANS 20M FLOOR (SH = 0):916364,False
2m6FhmO0r2OgRBRP7hD4Iw,IfcFlowTerminal,0.29590073,803,AdvancedProject.ifc,0.04800257,0.87432975,1 - First Floor,M_Water Closet - Flush Tank:Public - Flushing Greater than 6.1 Lpf:712023,False
0HFJ4FEcn5UhECI1IyBq6E,IfcWindow,0.29566732,804,AdvancedProject.ifc,0.043883257,0.88316345,Level 1,BALANS Fixed Single Window:BALANS 15M PRIVATE:918388,False
0qKJYWbnv5I8o6vyLfHjIN,IfcBuildingElementProxy,0.2956335,805,AdvancedProject.ifc,0.052105643,0.8638651,1 - First Floor,Handtag skåp1:Handtag skåp:898432,False
114bk7BJ1AQATn9feajBst,IfcWallStandardCase,0.29561847,806,AdvancedProject.ifc,0.14920874,0.63724124,Level 1,Basic Wall:Generic - 200mm:315326,False
3pFbansyD0KOHFtJHrTtfb,IfcWallStandardCase,0.29517663,807,AdvancedProject.ifc,0.043657742,0.88205403,Level 1,Basic Wall:MockUp Interior:888658,False
0qKJYWbnv5I8o6vyLfHiQj,IfcBuildingElementProxy,0.29496604,808,AdvancedProject.ifc,0.05372011,0.85787326,1 - First Floor,Handtag skåp1:Handtag skåp:894906,False
0pHBx4qSPCfPLZRKuUIKOJ,IfcWindow,0.29491213,809,AdvancedProject.ifc,0.04669887,0.87407637,1 - First Floor,BALANS Fixed Single Window:BALANS 15M PRIVATE:906661,False
0fjrUmmzDB4fngo1stt3Fi,IfcBuildingElementProxy,0.294751,810,AdvancedProject.ifc,0.047666818,0.8712807,1 - First Floor,Handtag skåp1:Handtag skåp:911569,False
0Zs4aBjAr5AggJ3MVmSIn8,IfcWallStandardCase,0.29471034,811,AdvancedProject.ifc,0.055754468,0.852274,1 - First Floor,Basic Wall:MockUp Interior:600153,False
3ktY1kg3rAwgNBX_XWRV1J,IfcWindow,0.29448035,812,AdvancedProject.ifc,0.045855116,0.87460583,4 - Fourth Floor,BALANS Fixed Single Window:BALANS 15M PRIVATE:940767,False
1p5u6RKD9AXOYfaTdtdJom,IfcSlab,0.29424632,813,AdvancedProject.ifc,0.14194576,0.6496143,Level 1,Floor:Generic 150mm:318670,False
28WUkjJ1r5wPzZDX9W1jK4,IfcBuildingElementProxy,0.29415753,814,AdvancedProject.ifc,0.04981228,0.86429644,1 - First Floor,Handtag skåp1:Handtag skåp:664308,False
0fjrUmmzDB4fngo1stt34i,IfcWallStandardCase,0.2940016,815,AdvancedProject.ifc,0.04459559,0.87594897,1 - First Floor,Basic Wall:MockUp Kitchen:911889,False
3GzoWuxxn4WO8bCtw8H3UC,IfcDoor,0.2936814,816,AdvancedProject.ifc,0.045764677,0.87215376,1 - First Floor,M_Single-Flush:Generic Door:698185,False
3U8bdGexDEOw9DXBmULrGs,IfcDoor,0.29341662,817,AdvancedProject.ifc,0.045016237,0.8730175,1 - First Floor,M_Single-Flush:Generic Door:873917,False
2m6FhmO0r2OgRBRP7hD425,IfcBuildingElementProxy,0.2929058,818,AdvancedProject.ifc,0.047861595,0.8646756,1 - First Floor,Handtag skåp1:Handtag skåp:711016,False
0cRoQU_sD5R8MkkMkeodS1,IfcWallStandardCase,0.29280785,819,AdvancedProject.ifc,0.13015664,0.67232734,Level 1,Basic Wall:Generic - 200mm:311013,False
2m6FhmO0r2OgRBRP7hD456,IfcDoor,0.29253498,820,AdvancedProject.ifc,0.04483775,0.87049514,1 - First Floor,M_Single-Flush:Generic Door:710827,False
1KMtYLyv9CyfGv8UjnMBSU,IfcWindow,0.29214185,821,AdvancedProject.ifc,0.04199136,0.87582636,1 - First Floor,BALANS Fixed Single Window:BALANS TRAPPHUS:793597,False
3GzoWuxxn4WO8bCtw8H3Gu,IfcFlowTerminal,0.29016972,822,AdvancedProject.ifc,0.04857695,0.8538861,1 - First Floor,M_Lavatory - Vanity:760 mmx455 mm - Private:697597,False
1p5u6RKD9AXOYfaTdtdJgh,IfcSlab,0.28993207,823,AdvancedProject.ifc,0.13390954,0.65398455,Level 1,Floor:Generic 150mm:318165,False
0X2$ayW0v5dBNxK3e4nw7$,IfcBuildingElementProxy,0.28986877,824,AdvancedProject.ifc,0.04959641,0.85050434,1 - First Floor,Handtag kylfrys:Handtag kyl/frys:681806,False
0pHBx4qSPCfPLZRKuUIKPy,IfcWindow,0.28954363,825,AdvancedProject.ifc,0.044750333,0.860728,1 - First Floor,BALANS Fixed Single Window:BALANS 20M PRIVATE:906698,False
1cFRppLhj948bTrzz_AoiZ,IfcWallStandardCase,0.2883219,826,AdvancedProject.ifc,0.05500677,0.8327239,-1 - Garage,Basic Wall:MockUp Interior between App:812481,False
2m6FhmO0r2OgRBRP7hD4Ix,IfcFlowTerminal,0.28734708,827,AdvancedProject.ifc,0.047401294,0.8472206,1 - First Floor,M_Lavatory - Vanity:760 mmx455 mm - Private:712022,False
1KMtYLyv9CyfGv8UjnMBSL,IfcWindow,0.28720784,828,AdvancedProject.ifc,0.051026955,0.8382966,1 - First Floor,BALANS Fixed Single Window:BALANS 10M PRIVATE:793590,False
1k8pVOGqX51f_yJjFvAcsf,IfcWallStandardCase,0.2863771,829,AdvancedProject.ifc,0.12959445,0.65220326,Level 1,Basic Wall:Generic - 200mm:314927,False
1k8pVOGqX51f_yJjFvAcyV,IfcWallStandardCase,0.28535032,830,AdvancedProject.ifc,0.13129307,0.64481723,Level 1,Basic Wall:Generic - 200mm:314521,False
2v8sGyGFXDsRc80mj95kjH,IfcWallStandardCase,0.28314742,831,AdvancedProject.ifc,0.09547848,0.7210416,1 - First Floor,Basic Wall:MockUp Interior between App:723781,False
2I1hX40SDEbAFJeZO_2_Pq,IfcSlab,0.28049946,832,AdvancedProject.ifc,0.08365052,0.73981357,6 - Sixth Floor,Floor:MockuUp Terrace:962748,False
11MreptMzBDAizZWBG8_fj,IfcDoor,0.28033784,833,AdvancedProject.ifc,0.04685889,0.82512206,1 - First Floor,M_Single-Flush:Generic Door:687358,False
0fjrUmmzDB4fngo1stt0LX,IfcBuildingElementProxy,0.2803011,834,AdvancedProject.ifc,0.054390732,0.80742526,1 - First Floor,Handtag skåp1:Handtag skåp:908892,False
0o1QfH3m18FQ$FuQf8VgdV,IfcSlab,0.27929235,835,AdvancedProject.ifc,0.065713204,0.7776437,Level 1,Floor:Generic 150mm:318004,False
0SYs3s__10NgRHjGtRj2ez,IfcWallStandardCase,0.27915764,836,AdvancedProject.ifc,0.12792921,0.63202393,Level 1,Basic Wall:Generic - 200mm:315893,False
0SYs3s__10NgRHjGtRj2d7,IfcWallStandardCase,0.27899098,837,AdvancedProject.ifc,0.11693519,0.6571212,Level 1,Basic Wall:Generic - 200mm:315919,False
3ktY1kg3rAwgNBX_XWRV7v,IfcWindow,0.2783682,838,AdvancedProject.ifc,0.04869168,0.81428003,5 - Fifth Floor,BALANS Fixed Single Window:BALANS TRAPPHUS:940917,False
1p5u6RKD9AXOYfaTdtdJh7,IfcSlab,0.27752888,839,AdvancedProject.ifc,0.09093412,0.7129166,Level 1,Floor:Generic 150mm:318137,False
0o1QfH3m18FQ$FuQf8VgjP,IfcWallStandardCase,0.2754689,840,AdvancedProject.ifc,0.099581346,0.68587315,Level 1,Basic Wall:Generic - 200mm:317618,False
0SYs3s__10NgRHjGtRj2ei,IfcWallStandardCase,0.2751496,841,AdvancedProject.ifc,0.114820786,0.6492502,Level 1,Basic Wall:Generic - 200mm:315876,False
0Um_J2ClP45uPRcRbJqeAt,IfcBuildingElementProxy,0.27501014,842,AdvancedProject.ifc,0.04695415,0.80714077,6 - Sixth Floor,Electrical_Solar-Panels_Soprema_Soprasolar_Fix-Evo-Tilt_EN:REC PE 260 HD:958268,False
0ducQKkW5EGQM9rQ5zdM3l,IfcDoor,0.2738925,843,AdvancedProject.ifc,0.04675257,0.80388564,-1 - Garage,M_Single-Flush:0762 x 2032mm:819157,False
1k8pVOGqX51f_yJjFvAcgM,IfcWallStandardCase,0.27386504,844,AdvancedProject.ifc,0.11779885,0.63801944,Level 1,Basic Wall:Generic - 200mm:313616,False
0cRoQU_sD5R8MkkMkeod4L,IfcWallStandardCase,0.27341264,845,AdvancedProject.ifc,0.09511102,0.6894498,Level 1,Basic Wall:Generic - 200mm:309489,False
1KMtYLyv9CyfGv8UjnMBCI,IfcWallStandardCase,0.27246535,846,AdvancedProject.ifc,0.086949766,0.7053351,-1 - Garage,Basic Wall:MockUp Exterior Garage:794609,False
0MOEoDTm9EnO9yKsXjjk5B,IfcWallStandardCase,0.26928422,847,AdvancedProject.ifc,0.08108067,0.7084258,1 - First Floor,Basic Wall:MockUp Interior between App:587160,False
3ktY1kg3rAwgNBX_XWRV0E,IfcWindow,0.26880115,848,AdvancedProject.ifc,0.05130214,0.7762988,3 - Third Floor,BALANS Fixed Single Window:BALANS 10M PRIVATE:940674,False
2dAxltRn524vY2d5KNMrzR,IfcWallStandardCase,0.2687716,849,AdvancedProject.ifc,0.06416214,0.7461936,-1 - Garage,Basic Wall:MockUp Interior between App:807956,False
0MgESf4zL2juYwctbhVsl5,IfcWallStandardCase,0.26876095,850,AdvancedProject.ifc,0.085151844,0.6971822,1 - First Floor,Basic Wall:MockUp Interior between App:576750,False
3p6DR19bjD_PWb8lZMRTPc,IfcWallStandardCase,0.26782057,851,AdvancedProject.ifc,0.06566585,0.7395148,-1 - Garage,Basic Wall:MockUp Elavator:734661,False
3ktY1kg3rAwgNBX_XWRV0J,IfcWindow,0.26736844,852,AdvancedProject.ifc,0.054642513,0.7637289,3 - Third Floor,BALANS Fixed Single Window:BALANS 10M BATHROOM:940703,False
0yDpK_s1HBLPtkRPdXq98I,IfcRailing,0.26684195,853,AdvancedProject.ifc,0.054865267,0.7614541,3 - Third Floor,Railing:1100mm:938786,False
1KGNuJkf5FjQZDFQ6WeEa5,IfcBuildingElementProxy,0.26593342,854,AdvancedProject.ifc,0.05221895,0.7646005,1 - First Floor,Handtag skåp1:Handtag skåp:673120,False
0Um_J2ClP45uPRcRbJqeCt,IfcBuildingElementProxy,0.26477844,855,AdvancedProject.ifc,0.04736553,0.7720752,6 - Sixth Floor,Electrical_Solar-Panels_Soprema_Soprasolar_Fix-Evo-Tilt_EN:REC PE 260 HD:958140,False
2BLn4xX2vF_gM9G5wfbPYf,IfcBuildingElementProxy,0.26466164,856,AdvancedProject.ifc,0.05054629,0.7642641,Level 1,Handtag skåp1:Handtag skåp:837509,False
2BLn4xX2vF_gM9G5wfbPoz,IfcWallStandardCase,0.26392934,857,AdvancedProject.ifc,0.046306413,0.7717161,Level 1,Basic Wall:MockUp Interior between App:836497,False
3ktY1kg3rAwgNBX_XWRS7K,IfcWindow,0.26313674,858,AdvancedProject.ifc,0.043637685,0.7753012,2 - Second Floor,BALANS Fixed Single Window:BALANS 20M PRIVATE:944984,False
3U8bdGexDEOw9DXBmULrPa,IfcBuildingElementProxy,0.26226395,859,AdvancedProject.ifc,0.047940195,0.76235265,1 - First Floor,Handtag skåp1:Handtag skåp:874479,False
3ktY1kg3rAwgNBX_XWRS7P,IfcWindow,0.2621547,860,AdvancedProject.ifc,0.049093165,0.75929826,2 - Second Floor,BALANS Fixed Single Window:BALANS 10M PRIVATE:944981,False
0Um_J2ClP45uPRcRbJqhtV,IfcBuildingElementProxy,0.262075,861,AdvancedProject.ifc,0.045796983,0.7667237,6 - Sixth Floor,Electrical_Solar-Panels_Soprema_Soprasolar_Fix-Evo-Tilt_EN:REC PE 260 HD:958548,False
1k8pVOGqX51f_yJjFvAcqu,IfcWallStandardCase,0.26144522,862,AdvancedProject.ifc,0.10147559,0.6347076,Level 1,Basic Wall:Generic - 200mm:315070,False
3ktY1kg3rAwgNBX_XWRV0X,IfcWindow,0.26142377,863,AdvancedProject.ifc,0.046145417,0.7637399,3 - Third Floor,BALANS Fixed Single Window:BALANS 10M FLOOR (SH = 0):940717,False
1KGNuJkf5FjQZDFQ6WeExu,IfcWallStandardCase,0.2609752,864,AdvancedProject.ifc,0.07163479,0.70276946,1 - First Floor,Basic Wall:MockUp Interior:672413,False
0ifV7awIzBlRVUTYG1zp0F,IfcBuildingElementProxy,0.2607153,865,AdvancedProject.ifc,0.051956322,0.74781954,6 - Sixth Floor,M_RPC Male:LaRon:977074,False
0Um_J2ClP45uPRcRbJqhfw,IfcWallStandardCase,0.2606135,866,AdvancedProject.ifc,0.051993515,0.74739337,6 - Sixth Floor,Basic Wall:MockUp Interior:960497,False
0fjrUmmzDB4fngo1stt3FL,IfcBuildingElementProxy,0.26043874,867,AdvancedProject.ifc,0.047718257,0.7567865,1 - First Floor,Handtag skåp1:Handtag skåp:911592,False
3ktY1kg3rAwgNBX_XWRS7N,IfcWindow,0.2598382,868,AdvancedProject.ifc,0.044687144,0.7618573,2 - Second Floor,BALANS Fixed Single Window:BALANS 15M PRIVATE:944987,False
3ktY1kg3rAwgNBX_XWRV7c,IfcWindow,0.25965267,869,AdvancedProject.ifc,0.05068031,0.7472548,5 - Fifth Floor,BALANS Fixed Single Window:BALANS 20M PRIVATE:940906,False
2sG0Vcmgb1Uverjtj49zLG,IfcWallStandardCase,0.2596486,870,AdvancedProject.ifc,0.06192013,0.721015,1 - First Floor,Basic Wall:MockUp Interior:591328,False
0Um_J2ClP45uPRcRbJqhtD,IfcBuildingElementProxy,0.25937688,871,AdvancedProject.ifc,0.046068702,0.757096,6 - Sixth Floor,Electrical_Solar-Panels_Soprema_Soprasolar_Fix-Evo-Tilt_EN:REC PE 260 HD:958534,False
0cRoQU_sD5R8MkkMkeodGm,IfcWallStandardCase,0.2586127,872,AdvancedProject.ifc,0.08195729,0.67080855,Level 1,Basic Wall:Generic - 200mm:310740,False
0MOEoDTm9EnO9yKsXjjlkV,IfcWallStandardCase,0.25839025,873,AdvancedProject.ifc,0.062725745,0.7149407,-1 - Garage,Basic Wall:MockUp Elavator:585548,False
2I1hX40SDEbAFJeZO_2_9r,IfcBuildingElementProxy,0.2582247,874,AdvancedProject.ifc,0.07420778,0.68759745,Level 1,M_RPC Tree - Deciduous:Fraxinus - 5.6 Meters:963773,False
0Um_J2ClP45uPRcRbJqhce,IfcWallStandardCase,0.2582037,875,AdvancedProject.ifc,0.047141634,0.7506818,6 - Sixth Floor,Basic Wall:MockUp Interior:959523,False
3ktY1kg3rAwgNBX_XWRV7b,IfcWindow,0.2579684,876,AdvancedProject.ifc,0.04996661,0.74330586,5 - Fifth Floor,BALANS Fixed Single Window:BALANS 20M PRIVATE:940905,False
3ktY1kg3rAwgNBX_XWRV7o,IfcWindow,0.25792715,877,AdvancedProject.ifc,0.051501855,0.7395862,5 - Fifth Floor,BALANS Fixed Single Window:BALANS 10M BATHROOM:940926,False
0ducQKkW5EGQM9rQ5zdP8c,IfcDoor,0.2577226,878,AdvancedProject.ifc,0.049380366,0.7438544,-1 - Garage,M_Single-Flush:0762 x 2032mm:822556,False
0Um_J2ClP45uPRcRbJqeBj,IfcBuildingElementProxy,0.25769413,879,AdvancedProject.ifc,0.046071235,0.7514809,6 - Sixth Floor,Electrical_Solar-Panels_Soprema_Soprasolar_Fix-Evo-Tilt_EN:REC PE 260 HD:958310,False
2I1hX40SDEbAFJeZO_2_EP,IfcBuildingElementProxy,0.25768775,880,AdvancedProject.ifc,0.08476916,0.66116446,Level 1,M_RPC Tree - Deciduous:Lombardy Poplar - 12.2 Meters:963921,False
0Um_J2ClP45uPRcRbJqf_I,IfcDoor,0.2575393,881,AdvancedProject.ifc,0.05218452,0.7367005,6 - Sixth Floor,M_Single-Flush:Generic Door:950809,False
1q9pLykVT2tOtz_4Xjbv75,IfcBuildingElementProxy,0.2565739,882,AdvancedProject.ifc,0.04138401,0.7586836,-1 - Garage,M_RPC Beetle:M_RPC Beetle:879360,False
3naw$9in55$v8L5CpxnKAh,IfcWallStandardCase,0.25645122,883,AdvancedProject.ifc,0.067645155,0.6969987,-1 - Garage,Basic Wall:MockUp Elavator:713369,False
0o1QfH3m18FQ$FuQf8VgeR,IfcWallStandardCase,0.25598824,884,AdvancedProject.ifc,0.09582917,0.6296927,Level 1,Basic Wall:Generic - 200mm:317936,False
3ktY1kg3rAwgNBX_XWRV0D,IfcWindow,0.2557348,885,AdvancedProject.ifc,0.04760721,0.74136585,3 - Third Floor,BALANS Fixed Single Window:BALANS 20M PRIVATE:940673,False
3ktY1kg3rAwgNBX_XWRV47,IfcWindow,0.25563425,886,AdvancedProject.ifc,0.050833806,0.7335019,5 - Fifth Floor,BALANS Fixed Single Window:BALANS 15M PRIVATE:940939,False
0ducQKkW5EGQM9rQ5zdPwl,IfcDoor,0.25544268,887,AdvancedProject.ifc,0.046374798,0.74326766,-1 - Garage,M_Single-Flush:0762 x 2032mm:819605,False
1KGNuJkf5FjQZDFQ6WeElF,IfcWallStandardCase,0.2552626,888,AdvancedProject.ifc,0.056184012,0.7197793,1 - First Floor,Basic Wall:MockUp Interior:673706,False
3ktY1kg3rAwgNBX_XWRSTN,IfcWallStandardCase,0.2547225,889,AdvancedProject.ifc,0.060405802,0.7081281,6 - Sixth Floor,Basic Wall:MockUp Roof Wall:945627,False
0ducQKkW5EGQM9rQ5zdPsq,IfcDoor,0.25443158,890,AdvancedProject.ifc,0.045652244,0.74158335,-1 - Garage,M_Single-Flush:0762 x 2032mm:819854,False
1cFRppLhj948bTrzz_Apvj,IfcFlowTerminal,0.25378478,891,AdvancedProject.ifc,0.049079485,0.7314305,-1 - Garage,M_Lavatory - Vanity:760 mmx455 mm - Private:815247,False
3ktY1kg3rAwgNBX_XWRV1H,IfcWindow,0.25378084,892,AdvancedProject.ifc,0.045490265,0.7397922,4 - Fourth Floor,BALANS Fixed Single Window:BALANS 15M PRIVATE:940765,False
3ktY1kg3rAwgNBX_XWRS7o,IfcWindow,0.25355077,893,AdvancedProject.ifc,0.05042514,0.7275106,2 - Second Floor,BALANS Fixed Single Window:BALANS 10M PRIVATE:945022,False
3pFbansyD0KOHFtJHrTsKL,IfcBuildingElementProxy,0.25348866,894,AdvancedProject.ifc,0.053101823,0.72105795,Level 1,Handtag skåp1:Handtag skåp:888866,False
0o1QfH3m18FQ$FuQf8VgfX,IfcWallStandardCase,0.25316563,895,AdvancedProject.ifc,0.07004477,0.6804476,Level 1,Basic Wall:Generic - 200mm:317834,False
2BLn4xX2vF_gM9G5wfbPN_,IfcBuildingElementProxy,0.25307366,896,AdvancedProject.ifc,0.051473796,0.7234733,Level 1,Handtag skåp1:Handtag skåp:838354,False
0ducQKkW5EGQM9rQ5zdP_b,IfcWallStandardCase,0.25298956,897,AdvancedProject.ifc,0.040987037,0.74766207,-1 - Garage,Basic Wall:MockUp Storage Wall:819359,False
3pFbansyD0KOHFtJHrTtYT,IfcBuildingElementProxy,0.2529685,898,AdvancedProject.ifc,0.053161632,0.7191845,Level 1,Handtag skåp1:Handtag skåp:888234,False
0zwF8MQMz4WPTPxCtB$TUQ,IfcStairFlight,0.2528838,899,AdvancedProject.ifc,0.050705653,0.7246328,2 - Second Floor,Assembled Stair:Stair:937135 Run 1:2,False
3ktY1kg3rAwgNBX_XWRV1$,IfcWindow,0.25252986,900,AdvancedProject.ifc,0.052433822,0.71942055,4 - Fourth Floor,BALANS Fixed Single Window:BALANS 10M PRIVATE:940787,False
3ktY1kg3rAwgNBX_XWRV0b,IfcWindow,0.2522432,901,AdvancedProject.ifc,0.047405254,0.7301983,3 - Third Floor,BALANS Fixed Single Window:BALANS 30M FLOOR (SH = 0):940713,False
1KMtYLyv9CyfGv8UjnM8_h,IfcWallStandardCase,0.25214887,902,AdvancedProject.ifc,0.041904774,0.74271834,-1 - Garage,Basic Wall:MockUp Interior between App:795464,False
3ktY1kg3rAwgNBX_XWRV0I,IfcWindow,0.25201297,903,AdvancedProject.ifc,0.047791794,0.728529,3 - Third Floor,BALANS Fixed Single Window:BALANS 10M PRIVATE:940702,False
3ktY1kg3rAwgNBX_XWRS7s,IfcWindow,0.25200647,904,AdvancedProject.ifc,0.049920574,0.72354025,2 - Second Floor,BALANS Fixed Single Window:BALANS 10M PRIVATE:945018,False
3ktY1kg3rAwgNBX_XWRV1P,IfcWindow,0.25197113,905,AdvancedProject.ifc,0.04195255,0.7420144,4 - Fourth Floor,BALANS Fixed Single Window:BALANS TRAPPHUS:940757,False
0qdpkovdH5RgxJU7gsxr5u,IfcBuildingElementProxy,0.25195485,906,AdvancedProject.ifc,0.051316142,0.7201118,1 - First Floor,Handtag skåp1:Handtag skåp:903935,False
3GdhC2lQD5ifjmLdQ3yoT7,IfcWallStandardCase,0.25167584,907,AdvancedProject.ifc,0.041347623,0.74244165,-1 - Garage,Basic Wall:MockUp Storage Wall:798319,False
1q9pLykVT2tOtz_4Xjbup3,IfcDoor,0.25165004,908,AdvancedProject.ifc,0.046476055,0.7303893,-1 - Garage,M_Single-Flush:0762 x 2032mm:882182,False
3GzoWuxxn4WO8bCtw8H3I4,IfcWallStandardCase,0.2516366,909,AdvancedProject.ifc,0.05574136,0.70872545,-1 - Garage,Basic Wall:MockUp Elavator:697409,False
3ktY1kg3rAwgNBX_XWRS7I,IfcWindow,0.25142932,910,AdvancedProject.ifc,0.050101455,0.72119427,2 - Second Floor,BALANS Fixed Single Window:BALANS 10M PRIVATE:944990,False
1q9pLykVT2tOtz_4XjbvMR,IfcFlowTerminal,0.25134408,911,AdvancedProject.ifc,0.048684634,0.7242161,-1 - Garage,M_Lavatory - Vanity:760 mmx455 mm - Private:880478,False
3ktY1kg3rAwgNBX_XWRV1u,IfcWindow,0.25118557,912,AdvancedProject.ifc,0.054681495,0.70969504,4 - Fourth Floor,BALANS Fixed Single Window:BALANS 10M BATHROOM:940788,False
2m6FhmO0r2OgRBRP7hD4wq,IfcWallStandardCase,0.25110087,913,AdvancedProject.ifc,0.07957376,0.65133077,1 - First Floor,Basic Wall:MockUp Interior:710489,False
3pFbansyD0KOHFtJHrTu9y,IfcWallStandardCase,0.251074,914,AdvancedProject.ifc,0.04113678,0.74092746,-1 - Garage,Basic Wall:MockUp Interior between App:882507,False
2SEl4sI2X1JhqYqQydYva7,IfcBuildingElementProxy,0.2509472,915,AdvancedProject.ifc,0.048626475,0.72302884,Level 1,M_RPC Female:Cynthia:973340,False
0Um_J2ClP45uPRcRbJqhdp,IfcDoor,0.25063437,916,AdvancedProject.ifc,0.05507039,0.7069503,6 - Sixth Floor,M_Single-Flush:Generic Door:959608,False
3GdhC2lQD5ifjmLdQ3yoHF,IfcDoor,0.25060585,917,AdvancedProject.ifc,0.0476326,0.7242101,-1 - Garage,M_Single-Flush:Generic Door:798055,False
3ktY1kg3rAwgNBX_XWRV4V,IfcWindow,0.25034237,918,AdvancedProject.ifc,0.044172596,0.73140514,5 - Fifth Floor,BALANS Fixed Single Window:BALANS 15M FLOOR (SH = 0):940947,False
0cRoQU_sD5R8MkkMkeodFT,IfcWallStandardCase,0.25026467,919,AdvancedProject.ifc,0.06355867,0.685912,Level 1,Basic Wall:Generic - 200mm:309817,False
3ktY1kg3rAwgNBX_XWRS7i,IfcWindow,0.25013825,920,AdvancedProject.ifc,0.047381323,0.72323775,2 - Second Floor,BALANS Fixed Single Window:BALANS 20M PRIVATE:944992,False
2BLn4xX2vF_gM9G5wfbU0j,IfcWallStandardCase,0.25012386,921,AdvancedProject.ifc,0.04847437,0.7206392,Level 1,Basic Wall:MockUp Interior:835329,False
0ikA9YOKrBaRArRnE24qEW,IfcRailing,0.2497862,922,AdvancedProject.ifc,0.057074543,0.69944674,Level 1,Railing:1100mm:939136,False
2lAXUFk$H9Ox0zfgaenfdM,IfcRailing,0.24972835,923,AdvancedProject.ifc,0.055273943,0.70345527,4 - Fourth Floor,Railing:1100mm:938786,False
3ktY1kg3rAwgNBX_XWRV7q,IfcWindow,0.24948329,924,AdvancedProject.ifc,0.046482615,0.7231515,5 - Fifth Floor,BALANS Fixed Single Window:BALANS TRAPPHUS:940920,False
3GzoWuxxn4WO8bCtw8H3GS,IfcBuildingElementProxy,0.2494797,925,AdvancedProject.ifc,0.048720833,0.717917,1 - First Floor,Handtag skåp1:Handtag skåp:697561,False
3pFbansyD0KOHFtJHrTtYV,IfcBuildingElementProxy,0.24945043,926,AdvancedProject.ifc,0.053148776,0.7074876,Level 1,Handtag skåp1:Handtag skåp:888232,False
0ducQKkW5EGQM9rQ5zdP1L,IfcDoor,0.24864864,927,AdvancedProject.ifc,0.04883865,0.71487194,-1 - Garage,M_Single-Flush:0762 x 2032mm:823151,False
0MOEoDTm9EnO9yKsXjjlgE,IfcRailing,0.24848077,928,AdvancedProject.ifc,0.046533745,0.71969044,-1 - Garage,Railing:1100mm:585309,False
2fypDDb212M80XzLYYLej3,IfcBuildingElementProxy,0.24832885,929,AdvancedProject.ifc,0.048742898,0.7140294,Level 1,kappa_cycle_shelter_5_5m:Default:968306,False
1k8pVOGqX51f_yJjFvAcxH,IfcWallStandardCase,0.24826843,930,AdvancedProject.ifc,0.081672266,0.63699275,Level 1,Basic Wall:Generic - 200mm:314711,False
3ktY1kg3rAwgNBX_XWRS7t,IfcWindow,0.24826157,931,AdvancedProject.ifc,0.052079666,0.70601934,2 - Second Floor,BALANS Fixed Single Window:BALANS 10M BATHROOM:945019,False
3pFbansyD0KOHFtJHrTsKK,IfcBuildingElementProxy,0.24797535,932,AdvancedProject.ifc,0.053117946,0.70264256,Level 1,Handtag skåp1:Handtag skåp:888867,False
3ktY1kg3rAwgNBX_XWRS7n,IfcWindow,0.24774992,933,AdvancedProject.ifc,0.03966398,0.73328376,2 - Second Floor,BALANS Fixed Single Window:BALANS 15M FLOOR (SH = 0):945021,False
0qKJYWbnv5I8o6vyLfHiAu,IfcWallStandardCase,0.24754381,934,AdvancedProject.ifc,0.053057656,0.70134485,1 - First Floor,Basic Wall:MockUp Interior between App:893871,False
0o1QfH3m18FQ$FuQf8VgfQ,IfcSlab,0.24742362,935,AdvancedProject.ifc,0.06458282,0.6740521,Level 1,Floor:Generic 150mm:317873,False
3ktY1kg3rAwgNBX_XWRV44,IfcWindow,0.24740322,936,AdvancedProject.ifc,0.05770997,0.6900208,5 - Fifth Floor,BALANS Fixed Single Window:BALANS 10M BATHROOM:940936,False
0qdpkovdH5RgxJU7gsxrnK,IfcBuildingElementProxy,0.24739271,937,AdvancedProject.ifc,0.05312606,0.70068157,1 - First Floor,Handtag skåp1:Handtag skåp:903123,False
2SEl4sI2X1JhqYqQydYux7,IfcBuildingElementProxy,0.24731627,938,AdvancedProject.ifc,0.04798192,0.7124297,Level 1,M_RPC Male:Alex:970204,False
3GzoWuxxn4WO8bCtw8H3GR,IfcBuildingElementProxy,0.24718484,939,AdvancedProject.ifc,0.048915546,0.7098132,1 - First Floor,Handtag skåp1:Handtag skåp:697566,False
0qKJYWbnv5I8o6vyLfHiAM,IfcWallStandardCase,0.24703428,940,AdvancedProject.ifc,0.052675053,0.7005391,1 - First Floor,Basic Wall:MockUp Interior between App:893825,False
1k8pVOGqX51f_yJjFvAc_Q,IfcWallStandardCase,0.2469545,941,AdvancedProject.ifc,0.18670623,0.38753378,Level 1,Basic Wall:Generic - 200mm:314396,False
1cFRppLhj948bTrzz_An60,IfcBuildingElementProxy,0.24690711,942,AdvancedProject.ifc,0.044457752,0.7192889,-1 - Garage,M_RPC Beetle:M_RPC Beetle:810850,False
0Um_J2ClP45uPRcRbJqhvg,IfcWallStandardCase,0.2468316,943,AdvancedProject.ifc,0.04774857,0.7113586,6 - Sixth Floor,Basic Wall:MockUp Interior:959457,False
3ktY1kg3rAwgNBX_XWRV0i,IfcWindow,0.2468092,944,AdvancedProject.ifc,0.04691005,0.7132405,3 - Third Floor,BALANS Fixed Single Window:BALANS 25M FLOOR (SH = 0):940704,False
1cFRppLhj948bTrzz_Aoxy,IfcBuildingElementProxy,0.24669765,945,AdvancedProject.ifc,0.044262093,0.71904725,-1 - Garage,M_RPC Beetle:M_RPC Beetle:811038,False
3ktY1kg3rAwgNBX_XWRV1k,IfcWindow,0.246528,946,AdvancedProject.ifc,0.046464197,0.7133435,4 - Fourth Floor,BALANS Fixed Single Window:BALANS 10M PRIVATE:940770,False
2SEl4sI2X1JhqYqQydYuvW,IfcBuildingElementProxy,0.24647005,947,AdvancedProject.ifc,0.043127242,0.7209366,Level 1,M_RPC Female:Cynthia:970107,False
0qKJYWbnv5I8o6vyLfHjip,IfcBuildingElementProxy,0.24642211,948,AdvancedProject.ifc,0.04462818,0.7172746,1 - First Floor,Kök - Kyl frys-en dörr:Frys:899620,False
3pFbansyD0KOHFtJHrTugv,IfcWallStandardCase,0.24641182,949,AdvancedProject.ifc,0.04632198,0.71328807,Level 1,Basic Wall:MockUp Interior between App:884622,False
3ktY1kg3rAwgNBX_XWRV04,IfcWindow,0.24630968,950,AdvancedProject.ifc,0.046753913,0.7119398,3 - Third Floor,BALANS Fixed Single Window:BALANS 15M PRIVATE:940680,False
0qdpkovdH5RgxJU7gsxr24,IfcBuildingElementProxy,0.24618492,951,AdvancedProject.ifc,0.05103822,0.7015272,1 - First Floor,Handtag skåp1:Handtag skåp:903939,False
0ducQKkW5EGQM9rQ5zdOvK,IfcDoor,0.24616538,952,AdvancedProject.ifc,0.049494755,0.70506346,-1 - Garage,M_Single-Flush:0762 x 2032mm:823662,False
0ifV7awIzBlRVUTYG1zp2K,IfcBuildingElementProxy,0.24600737,953,AdvancedProject.ifc,0.047181506,0.70993435,6 - Sixth Floor,M_RPC Tree - Deciduous:Gray Birch - 3.1 Meters:976937,False
3ktY1kg3rAwgNBX_XWRV7z,IfcWindow,0.24555635,954,AdvancedProject.ifc,0.049661458,0.7026444,5 - Fifth Floor,BALANS Fixed Single Window:BALANS 15M PRIVATE:940913,False
0o1QfH3m18FQ$FuQf8VgGm,IfcSlab,0.24554521,955,AdvancedProject.ifc,0.09279344,0.60196596,Level 1,Floor:Generic 150mm:317403,False
3pFbansyD0KOHFtJHrTtey,IfcBuildingElementProxy,0.24541466,956,AdvancedProject.ifc,0.052733548,0.69500387,Level 1,Handtag skåp1:Handtag skåp:888587,False
2v8sGyGFXDsRc80mj95iGA,IfcWallStandardCase,0.24534881,957,AdvancedProject.ifc,0.05793749,0.68264186,1 - First Floor,Basic Wall:MockUp Interior:730142,False
0ducQKkW5EGQM9rQ5zdPmG,IfcDoor,0.24523406,958,AdvancedProject.ifc,0.04623839,0.70955724,-1 - Garage,M_Single-Flush:0762 x 2032mm:820010,False
0X2$ayW0v5dBNxK3e4nwfs,IfcWallStandardCase,0.2451641,959,AdvancedProject.ifc,0.047079254,0.707362,1 - First Floor,Basic Wall:MockUp Kitchen:683207,False
3pFbansyD0KOHFtJHrTucY,IfcWallStandardCase,0.24511714,960,AdvancedProject.ifc,0.04797889,0.7051064,Level 1,Basic Wall:MockUp Interior between App:883861,False
0qKJYWbnv5I8o6vyLfHg6w,IfcDoor,0.2449789,961,AdvancedProject.ifc,0.04979912,0.7003984,1 - First Floor,M_Single-Flush:Generic Door:901293,False
2m6FhmO0r2OgRBRP7hD2Hh,IfcWallStandardCase,0.24497306,962,AdvancedProject.ifc,0.06526971,0.6642809,1 - First Floor,Basic Wall:MockUp Interior:703878,False
2sG0Vcmgb1Uverjtj49YtX,IfcWallStandardCase,0.24477309,963,AdvancedProject.ifc,0.05312684,0.69194764,1 - First Floor,Basic Wall:MockUp Interior:589137,False
0qPq0uZ5vABQlKT8FAVXQn,IfcWallStandardCase,0.24440089,964,AdvancedProject.ifc,0.06470349,0.6636948,Level 1,Basic Wall:MockUp Exterior Ground Floor:525446,False
2dAxltRn524vY2d5KNMrvW,IfcWallStandardCase,0.24420759,965,AdvancedProject.ifc,0.043875296,0.7116496,-1 - Garage,Basic Wall:MockUp Interior between App:808239,False
2m6FhmO0r2OgRBRP7hD4nY,IfcBuildingElementProxy,0.24415626,966,AdvancedProject.ifc,0.047875766,0.702144,1 - First Floor,Handtag skåp1:Handtag skåp:710031,False
1gdfXOIAf8ZBJUgAp$8e7d,IfcRailing,0.24398981,967,AdvancedProject.ifc,0.047583155,0.702272,-1 - Garage,Railing:1100mm:919146,False
3ktY1kg3rAwgNBX_XWRV1h,IfcWindow,0.24388883,968,AdvancedProject.ifc,0.04726827,0.7026701,4 - Fourth Floor,BALANS Fixed Single Window:BALANS 10M PRIVATE:940775,False
2v8sGyGFXDsRc80mj95i4v,IfcWallStandardCase,0.24387491,969,AdvancedProject.ifc,0.06328184,0.6652587,1 - First Floor,Basic Wall:MockUp Interior:729389,False
3ktY1kg3rAwgNBX_XWRV4E,IfcWindow,0.2438587,970,AdvancedProject.ifc,0.04926357,0.69791394,5 - Fifth Floor,BALANS Fixed Single Window:BALANS 15M PRIVATE:940930,False
3pFbansyD0KOHFtJHrTupl,IfcDoor,0.24380803,971,AdvancedProject.ifc,0.049121432,0.6980767,-1 - Garage,M_Single-Flush:0762 x 2032mm:883160,False
2SEl4sI2X1JhqYqQydYu$f,IfcBuildingElementProxy,0.24339658,972,AdvancedProject.ifc,0.05395844,0.68541884,Level 1,M_RPC Male:LaRon:969970,False
3ktY1kg3rAwgNBX_XWRV7W,IfcWindow,0.24324399,973,AdvancedProject.ifc,0.051049516,0.6916977,5 - Fifth Floor,BALANS Fixed Single Window:BALANS 15M PRIVATE:940908,False
3ktY1kg3rAwgNBX_XWRV43,IfcWindow,0.24318099,974,AdvancedProject.ifc,0.05101122,0.6915771,5 - Fifth Floor,BALANS Fixed Single Window:BALANS 10M PRIVATE:940943,False
3ktY1kg3rAwgNBX_XWRV1Q,IfcWindow,0.24313278,975,AdvancedProject.ifc,0.04641633,0.7021378,4 - Fourth Floor,BALANS Fixed Single Window:BALANS 15M PRIVATE:940758,False
31F6eMknj99vYl9fb0Qb7F,IfcWallStandardCase,0.24303505,976,AdvancedProject.ifc,0.04645007,0.7017333,Level 1,Basic Wall:MockUp Exterior Ground Floor:526491,False
3GdhC2lQD5ifjmLdQ3yoB_,IfcWallStandardCase,0.24267265,977,AdvancedProject.ifc,0.047815684,0.6973389,-1 - Garage,Basic Wall:MockUp Interior between App:797654,False
3ktY1kg3rAwgNBX_XWRV7m,IfcWindow,0.24258564,978,AdvancedProject.ifc,0.048536018,0.69536805,5 - Fifth Floor,BALANS Fixed Single Window:BALANS 15M PRIVATE:940924,False
3ktY1kg3rAwgNBX_XWRV1O,IfcWindow,0.24251994,979,AdvancedProject.ifc,0.04696912,0.69880515,4 - Fourth Floor,BALANS Fixed Single Window:BALANS 15M PRIVATE:940756,False
3ktY1kg3rAwgNBX_XWRV7t,IfcWindow,0.24236861,980,AdvancedProject.ifc,0.046506163,0.69938093,5 - Fifth Floor,BALANS Fixed Single Window:BALANS 15M FLOOR (SH = 0):940923,False
3GzoWuxxn4WO8bCtw8H3D2,IfcWallStandardCase,0.24227974,981,AdvancedProject.ifc,0.06100216,0.66526073,1 - First Floor,Basic Wall:MockUp Interior between App:697223,False
2m6FhmO0r2OgRBRP7hD4Bu,IfcBuildingElementProxy,0.24195385,982,AdvancedProject.ifc,0.044066045,0.703692,1 - First Floor,Serena bench with three drawers:Serena bench with three drawers:711445,False
3ktY1kg3rAwgNBX_XWRV7Y,IfcWindow,0.24176171,983,AdvancedProject.ifc,0.04871618,0.69220126,5 - Fifth Floor,BALANS Fixed Single Window:BALANS 20M PRIVATE:940910,False
1_jeQ1u6XFwed$AhVCoJi$,IfcDoor,0.24169895,984,AdvancedProject.ifc,0.046059545,0.69819087,Level 1,Swedoor_Interior_Door_SD4220_P65_EI60_Single-LeftRightOver_1.0:1990 mm (M10) x 2390 mm (M21) - EI60 - Right-handed:473744,False
0ducQKkW5EGQM9rQ5zdPaT,IfcDoor,0.24152842,985,AdvancedProject.ifc,0.046891198,0.6956819,-1 - Garage,M_Single-Flush:0762 x 2032mm:820775,False
0fjrUmmzDB4fngo1stt3Z5,IfcBuildingElementProxy,0.2411955,986,AdvancedProject.ifc,0.047549114,0.69303703,1 - First Floor,Kök - Kyl frys-en dörr:Frys:910328,False
2v8sGyGFXDsRc80mj95lyz,IfcWallStandardCase,0.24109328,987,AdvancedProject.ifc,0.052019726,0.68226486,1 - First Floor,Basic Wall:MockUp Kitchen:728873,False
2dAxltRn524vY2d5KNMrcT,IfcBuildingElementProxy,0.24107489,988,AdvancedProject.ifc,0.043926902,0.7010868,-1 - Garage,M_RPC Beetle:M_RPC Beetle:807634,False
2SEl4sI2X1JhqYqQydYurV,IfcBuildingElementProxy,0.24096002,989,AdvancedProject.ifc,0.050165523,0.68614715,Level 1,M_RPC Beetle:M_RPC Beetle:970308,False
3ktY1kg3rAwgNBX_XWRV45,IfcWindow,0.2407558,990,AdvancedProject.ifc,0.049943577,0.68598425,5 - Fifth Floor,BALANS Fixed Single Window:BALANS 25M FLOOR (SH = 0):940937,False
0ducQKkW5EGQM9rQ5zdPrq,IfcDoor,0.24054363,991,AdvancedProject.ifc,0.04592119,0.69466263,-1 - Garage,M_Single-Flush:0762 x 2032mm:819790,False
0Um_J2ClP45uPRcRbJqe8R,IfcBuildingElementProxy,0.24043678,992,AdvancedProject.ifc,0.045709737,0.69479984,6 - Sixth Floor,Electrical_Solar-Panels_Soprema_Soprasolar_Fix-Evo-Tilt_EN:REC PE 260 HD:958352,False
2BLn4xX2vF_gM9G5wfbUn3,IfcWallStandardCase,0.2404317,993,AdvancedProject.ifc,0.05865656,0.66457367,Level 1,Basic Wall:MockUp Interior:832367,False
1q9pLykVT2tOtz_4Xjbv_z,IfcWallStandardCase,0.24039951,994,AdvancedProject.ifc,0.042807657,0.7014471,-1 - Garage,Basic Wall:MockUp Interior between App:877944,False
0ducQKkW5EGQM9rQ5zdPnm,IfcDoor,0.23982817,995,AdvancedProject.ifc,0.046321206,0.6913444,-1 - Garage,M_Single-Flush:0762 x 2032mm:820042,False
3ktY1kg3rAwgNBX_XWRV1i,IfcWindow,0.23961425,996,AdvancedProject.ifc,0.04307094,0.6982153,4 - Fourth Floor,BALANS Fixed Single Window:BALANS 20M PRIVATE:940768,False
1KMtYLyv9CyfGv8UjnMBST,IfcWindow,0.23944232,997,AdvancedProject.ifc,0.045464102,0.69205815,1 - First Floor,BALANS Fixed Single Window:BALANS 15M PRIVATE:793598,False
2m6FhmO0r2OgRBRP7hD428,IfcBuildingElementProxy,0.23932858,998,AdvancedProject.ifc,0.048084915,0.68556374,1 - First Floor,Handtag skåp1:Handtag skåp:711013,False
2v8sGyGFXDsRc80mj95kax,IfcWallStandardCase,0.23932506,999,AdvancedProject.ifc,0.06029412,0.6570639,1 - First Floor,Basic Wall:MockUp Interior between App:723247,False
1cFRppLhj948bTrzz_Ao2N,IfcWallStandardCase,0.23927519,1000,AdvancedProject.ifc,0.04198115,0.69962794,-1 - Garage,Basic Wall:MockUp Interior between App:814709,False
1q9pLykVT2tOtz_4XjbvqZ,IfcDoor,0.23924273,1001,AdvancedProject.ifc,0.04597483,0.69020116,-1 - Garage,M_Single-Flush:Generic Door:878566,False
0fjrUmmzDB4fngo1stt3Z4,IfcBuildingElementProxy,0.2391838,1002,AdvancedProject.ifc,0.054727968,0.6695807,1 - First Floor,Handtag kylfrys:Handtag kyl/frys:910329,False
1KMtYLyv9CyfGv8UjnMB3$,IfcWindow,0.23899415,1003,AdvancedProject.ifc,0.045959026,0.6894094,1 - First Floor,BALANS Fixed Single Window:BALANS 10M PRIVATE:793628,False
3ktY1kg3rAwgNBX_XWRV1l,IfcWindow,0.23896423,1004,AdvancedProject.ifc,0.04399503,0.69389236,4 - Fourth Floor,BALANS Fixed Single Window:BALANS 15M PRIVATE:940771,False
2v8sGyGFXDsRc80mj95i8k,IfcBuildingElementProxy,0.23884143,1005,AdvancedProject.ifc,0.054616753,0.66869897,1 - First Floor,Handtag skåp1:Handtag skåp:729658,False
3pFbansyD0KOHFtJHrTuXa,IfcWallStandardCase,0.23878396,1006,AdvancedProject.ifc,0.049569324,0.68028474,Level 1,Basic Wall:MockUp Interior between App:884051,False
3pFbansyD0KOHFtJHrTtYS,IfcBuildingElementProxy,0.23876502,1007,AdvancedProject.ifc,0.05314082,0.6718881,Level 1,Handtag skåp1:Handtag skåp:888235,False
1cFRppLhj948bTrzz_AoFF,IfcWallStandardCase,0.23874135,1008,AdvancedProject.ifc,0.042394526,0.6968839,-1 - Garage,Basic Wall:MockUp Interior between App:814381,False
0Um_J2ClP45uPRcRbJqhts,IfcBuildingElementProxy,0.23862776,1009,AdvancedProject.ifc,0.044584636,0.69139504,6 - Sixth Floor,Electrical_Solar-Panels_Soprema_Soprasolar_Fix-Evo-Tilt_EN:REC PE 260 HD:958589,False
0qKJYWbnv5I8o6vyLfHipb,IfcBuildingElementProxy,0.2385254,1010,AdvancedProject.ifc,0.05391012,0.66929436,1 - First Floor,Handtag skåp1:Handtag skåp:896498,False
2v8sGyGFXDsRc80mj95i02,IfcBuildingElementProxy,0.23843521,1011,AdvancedProject.ifc,0.054364927,0.6679325,1 - First Floor,Handtag skåp1:Handtag skåp:729110,False
2v8sGyGFXDsRc80mj95i9$,IfcWallStandardCase,0.23830517,1012,AdvancedProject.ifc,0.051022172,0.6752988,1 - First Floor,Basic Wall:MockUp Kitchen:729707,False
0fjrUmmzDB4fngo1stt38O,IfcWallStandardCase,0.23811081,1013,AdvancedProject.ifc,0.04472087,0.68935394,1 - First Floor,Basic Wall:MockUp Kitchen:911653,False
2v8sGyGFXDsRc80mj95iGY,IfcBuildingElementProxy,0.23809807,1014,AdvancedProject.ifc,0.05203849,0.67223704,1 - First Floor,Handtag skåp1:Handtag skåp:730166,False
1cFRppLhj948bTrzz_ApY4,IfcWallStandardCase,0.23783064,1015,AdvancedProject.ifc,0.040953033,0.6972117,-1 - Garage,Basic Wall:MockUp Storage Wall:816742,False
2SEl4sI2X1JhqYqQydYv$Y,IfcBuildingElementProxy,0.23776877,1016,AdvancedProject.ifc,0.053394657,0.667975,Level 1,M_RPC Male:Dwayne:974073,False
2m6FhmO0r2OgRBRP7hD41n,IfcWallStandardCase,0.23769695,1017,AdvancedProject.ifc,0.044946577,0.6874478,1 - First Floor,Basic Wall:MockUp Kitchen:711068,False
2BLn4xX2vF_gM9G5wfbU8d,IfcWallStandardCase,0.23765156,1018,AdvancedProject.ifc,0.05393619,0.66632074,Level 1,Basic Wall:MockUp Interior:834827,False
3GzoWuxxn4WO8bCtw8H3Hn,IfcWallStandardCase,0.23731172,1019,AdvancedProject.ifc,0.055218242,0.66219646,1 - First Floor,Basic Wall:MockUp Interior:697524,False
1cFRppLhj948bTrzz_ApBx,IfcWallStandardCase,0.23726623,1020,AdvancedProject.ifc,0.040327724,0.6967894,-1 - Garage,Basic Wall:MockUp Storage Wall:818201,False
3pFbansyD0KOHFtJHrTtaY,IfcBuildingElementProxy,0.23712322,1021,AdvancedProject.ifc,0.05295052,0.6668595,Level 1,Handtag skåp1:Handtag skåp:887829,False
2v8sGyGFXDsRc80mj95iGd,IfcBuildingElementProxy,0.23706576,1022,AdvancedProject.ifc,0.052288074,0.66821367,1 - First Floor,Handtag skåp1:Handtag skåp:730163,False
1KMtYLyv9CyfGv8UjnMB32,IfcWindow,0.23705626,1023,AdvancedProject.ifc,0.054029502,0.66411865,1 - First Floor,BALANS Fixed Single Window:BALANS 10M BATHROOM:793633,False
1KGNuJkf5FjQZDFQ6We99x,IfcBuildingElementProxy,0.23703858,1024,AdvancedProject.ifc,0.05131657,0.6703899,1 - First Floor,Handtag skåp1:Handtag skåp:671262,False
0qdpkovdH5RgxJU7gsxrnL,IfcBuildingElementProxy,0.23694336,1025,AdvancedProject.ifc,0.053148415,0.6657982,1 - First Floor,Handtag skåp1:Handtag skåp:903122,False
1cFRppLhj948bTrzz_ApRW,IfcWallStandardCase,0.23669393,1026,AdvancedProject.ifc,0.040264834,0.6950285,-1 - Garage,Basic Wall:MockUp Storage Wall:817154,False
0Zs4aBjAr5AggJ3MVmSImG,IfcWallStandardCase,0.23654886,1027,AdvancedProject.ifc,0.051907476,0.6673787,1 - First Floor,Basic Wall:MockUp Interior:600065,False
3pFbansyD0KOHFtJHrTt_e,IfcFlowTerminal,0.23639373,1028,AdvancedProject.ifc,0.054448437,0.6609327,Level 1,M_Water Closet - Flush Tank:Public - Flushing Greater than 6.1 Lpf:887455,False
0qKJYWbnv5I8o6vyLfHjir,IfcBuildingElementProxy,0.23631993,1029,AdvancedProject.ifc,0.052690506,0.66478854,1 - First Floor,Handtag skåp1:Handtag skåp:899618,False
0qKJYWbnv5I8o6vyLfHiPL,IfcBuildingElementProxy,0.23616782,1030,AdvancedProject.ifc,0.052807465,0.6640086,1 - First Floor,Handtag kylfrys:Handtag kyl/frys:894786,False
2BLn4xX2vF_gM9G5wfbU5X,IfcDoor,0.2361616,1031,AdvancedProject.ifc,0.049408507,0.6719188,Level 1,M_Single-Flush:Generic Door:835149,False
3pFbansyD0KOHFtJHrTtwA,IfcDoor,0.23613821,1032,AdvancedProject.ifc,0.049086064,0.6725932,Level 1,M_Single-Flush:Generic Door:887741,False
3Icxn5iZD46RLnvfRjDRHa,IfcBuildingElementProxy,0.23613256,1033,AdvancedProject.ifc,0.05286651,0.66375333,1 - First Floor,Handtag skåp1:Handtag skåp:731731,False
3pFbansyD0KOHFtJHrTsPS,IfcBuildingElementProxy,0.23612726,1034,AdvancedProject.ifc,0.05194799,0.6658789,Level 1,Handtag skåp1:Handtag skåp:889707,False
3pFbansyD0KOHFtJHrTtjh,IfcBuildingElementProxy,0.23611537,1035,AdvancedProject.ifc,0.05217227,0.6653159,Level 1,Handtag skåp1:Handtag skåp:888412,False
0Pw4h9cu11p8EzOFUdpSlP,IfcDoor,0.23608789,1036,AdvancedProject.ifc,0.0475647,0.6759753,Level 1,Swedoor_Interior_Door_SD4220_P65_EI60_Single-LeftRightOver_1.0:1990 mm (M10) x 2390 mm (M21) - EI60 - Right-handed:739599,False
3U8bdGexDEOw9DXBmULrMs,IfcDoor,0.23601067,1037,AdvancedProject.ifc,0.05089801,0.66794014,1 - First Floor,M_Single-Flush:Generic Door:873533,False
2SEl4sI2X1JhqYqQydYviQ,IfcBuildingElementProxy,0.23594962,1038,AdvancedProject.ifc,0.054174263,0.6600921,1 - First Floor,Handtag skåp1:Handtag skåp:972801,False
2BLn4xX2vF_gM9G5wfbPMJ,IfcBuildingElementProxy,0.23592493,1039,AdvancedProject.ifc,0.05104259,0.66731703,Level 1,Handtag kylfrys:Handtag kyl/frys:838335,False
3GzoWuxxn4WO8bCtw8H0$r,IfcBuildingElementProxy,0.2357511,1040,AdvancedProject.ifc,0.05048265,0.66804415,1 - First Floor,Handtag skåp1:Handtag skåp:696112,False
0qKJYWbnv5I8o6vyLfHjQF,IfcWallStandardCase,0.2356905,1041,AdvancedProject.ifc,0.05264479,0.66279715,1 - First Floor,Basic Wall:MockUp Interior:898968,False
0qKJYWbnv5I8o6vyLfHjMs,IfcFlowTerminal,0.23555642,1042,AdvancedProject.ifc,0.054068383,0.65902853,1 - First Floor,M_Water Closet - Flush Tank:Public - Flushing Greater than 6.1 Lpf:898209,False
0HFJ4FEcn5UhECI1IyBqQx,IfcWindow,0.23549616,1043,AdvancedProject.ifc,0.041771505,0.6875203,Level 1,BALANS Fixed Single Window:BALANS 30M FLOOR (SH = 0):918593,False
3pFbansyD0KOHFtJHrTubo,IfcWallStandardCase,0.2354796,1044,AdvancedProject.ifc,0.04397596,0.68232137,Level 1,Basic Wall:MockUp Interior between App:883781,False
0X2$ayW0v5dBNxK3e4nxzp,IfcBuildingElementProxy,0.23537838,1045,AdvancedProject.ifc,0.045660928,0.6780524,1 - First Floor,Serena bench with three drawers:Serena bench with three drawers:686530,False
1KGNuJkf5FjQZDFQ6We999,IfcBuildingElementProxy,0.23521665,1046,AdvancedProject.ifc,0.051509656,0.6638663,1 - First Floor,Handtag skåp1:Handtag skåp:671276,False
3XuKtrI0jD5PlAb3LVW6T3,IfcFlowTerminal,0.23515813,1047,AdvancedProject.ifc,0.053838797,0.65823656,1 - First Floor,M_Lavatory - Vanity:760 mmx455 mm - Private:905517,False
1KMtYLyv9CyfGv8UjnMB33,IfcWindow,0.23512304,1048,AdvancedProject.ifc,0.046608943,0.6749892,1 - First Floor,BALANS Fixed Single Window:BALANS 10M PRIVATE:793632,False
0fjrUmmzDB4fngo1stt3Ub,IfcBuildingElementProxy,0.2351199,1049,AdvancedProject.ifc,0.050175995,0.6666556,1 - First Floor,Handtag skåp1:Handtag skåp:912536,False
28WUkjJ1r5wPzZDX9W1jK5,IfcBuildingElementProxy,0.23507398,1050,AdvancedProject.ifc,0.049785066,0.6674148,1 - First Floor,Handtag skåp1:Handtag skåp:664309,False
3pFbansyD0KOHFtJHrTtYH,IfcBuildingElementProxy,0.23506673,1051,AdvancedProject.ifc,0.05330642,0.6591741,Level 1,Handtag skåp1:Handtag skåp:888230,False
11MreptMzBDAizZWBG8m1Q,IfcBuildingElementProxy,0.23500943,1052,AdvancedProject.ifc,0.049941506,0.66683453,1 - First Floor,Handtag skåp1:Handtag skåp:693961,False
3GzoWuxxn4WO8bCtw8H3Hp,IfcWallStandardCase,0.23500672,1053,AdvancedProject.ifc,0.05066564,0.6651359,1 - First Floor,Basic Wall:MockUp Interior:697526,False
3GzoWuxxn4WO8bCtw8H0$q,IfcBuildingElementProxy,0.23495981,1054,AdvancedProject.ifc,0.050495762,0.6653759,1 - First Floor,Handtag skåp1:Handtag skåp:696113,False
11MreptMzBDAizZWBG8nTr,IfcBuildingElementProxy,0.23487577,1055,AdvancedProject.ifc,0.04981602,0.6666818,1 - First Floor,Handtag skåp1:Handtag skåp:688614,False
3GzoWuxxn4WO8bCtw8H3Gf,IfcBuildingElementProxy,0.23483461,1056,AdvancedProject.ifc,0.049751725,0.66669464,1 - First Floor,Handtag skåp1:Handtag skåp:697580,False
0X2$ayW0v5dBNxK3e4nxMS,IfcBuildingElementProxy,0.234822,1057,AdvancedProject.ifc,0.049493954,0.6672541,1 - First Floor,Handtag skåp1:Handtag skåp:684845,False
0qKJYWbnv5I8o6vyLfHjHh,IfcBuildingElementProxy,0.23480517,1058,AdvancedProject.ifc,0.051537994,0.66242856,1 - First Floor,Handtag skåp1:Handtag skåp:898428,False
0qKJYWbnv5I8o6vyLfHjMt,IfcFlowTerminal,0.23473951,1059,AdvancedProject.ifc,0.05278551,0.65929884,1 - First Floor,M_Lavatory - Vanity:760 mmx455 mm - Private:898208,False
3pFbansyD0KOHFtJHrTtDE,IfcDoor,0.2347359,1060,AdvancedProject.ifc,0.05027135,0.6651532,Level 1,M_Single-Flush:Generic Door:886393,False
0qKJYWbnv5I8o6vyLfHjHk,IfcBuildingElementProxy,0.23470783,1061,AdvancedProject.ifc,0.05180675,0.661477,1 - First Floor,Handtag skåp1:Handtag skåp:898425,False
11MreptMzBDAizZWBG8n15,IfcWallStandardCase,0.23469204,1062,AdvancedProject.ifc,0.04947927,0.66685516,1 - First Floor,Basic Wall:MockUp Interior between App:689878,False
0X2$ayW0v5dBNxK3e4nxMV,IfcBuildingElementProxy,0.23464948,1063,AdvancedProject.ifc,0.049505338,0.66665244,1 - First Floor,Handtag skåp1:Handtag skåp:684846,False
3GzoWuxxn4WO8bCtw8H3Ge,IfcBuildingElementProxy,0.23447958,1064,AdvancedProject.ifc,0.04978122,0.66544235,1 - First Floor,Handtag skåp1:Handtag skåp:697581,False
1KGNuJkf5FjQZDFQ6WeEBc,IfcFlowTerminal,0.23433498,1065,AdvancedProject.ifc,0.05111443,0.66184956,1 - First Floor,M_Lavatory - Vanity:760 mmx455 mm - Private:675459,False
0Zs4aBjAr5AggJ3MVmSIHS,IfcWallStandardCase,0.23432308,1066,AdvancedProject.ifc,0.051738676,0.66035336,1 - First Floor,Basic Wall:MockUp Interior:598093,False
1KGNuJkf5FjQZDFQ6WeFhK,IfcBuildingElementProxy,0.23400933,1067,AdvancedProject.ifc,0.051598515,0.6596345,1 - First Floor,Handtag skåp1:Handtag skåp:677553,False
3pFbansyD0KOHFtJHrTulG,IfcDoor,0.23392063,1068,AdvancedProject.ifc,0.048033398,0.6676575,Level 1,M_Single-Flush:Generic Door:884455,False
1KGNuJkf5FjQZDFQ6We99C,IfcBuildingElementProxy,0.23389564,1069,AdvancedProject.ifc,0.051598888,0.6592547,1 - First Floor,Handtag skåp1:Handtag skåp:671273,False
2BLn4xX2vF_gM9G5wfbPRX,IfcWallStandardCase,0.23376292,1070,AdvancedProject.ifc,0.04505246,0.67408735,Level 1,Basic Wall:MockUp Interior:838093,False
0fjrUmmzDB4fngo1stt3cw,IfcWindow,0.23375566,1071,AdvancedProject.ifc,0.048773125,0.66538155,1 - First Floor,BALANS Fixed Single Window:BALANS 30M FLOOR (SH = 0):909959,False
0qdpkovdH5RgxJU7gsxrr1,IfcBuildingElementProxy,0.23366877,1072,AdvancedProject.ifc,0.048808638,0.6650091,1 - First Floor,Serena bench with three drawers:Serena bench with three drawers:902854,False
2BLn4xX2vF_gM9G5wfbPcr,IfcBuildingElementProxy,0.23302549,1073,AdvancedProject.ifc,0.051175285,0.6573426,Level 1,Handtag skåp1:Handtag skåp:837273,False
0Zs4aBjAr5AggJ3MVmSISH,IfcDoor,0.23296417,1074,AdvancedProject.ifc,0.046660133,0.6676736,1 - First Floor,M_Single-Flush:Generic Door:598784,False
0ducQKkW5EGQM9rQ5zdOXl,IfcWindow,0.23289174,1075,AdvancedProject.ifc,0.0449338,0.6714603,Level 1,BALANS Fixed Single Window:BALANS 15M FLOOR (SH = 0):825173,False
2IzmleSW1Dlx86K0hfkLfJ,IfcBuildingElementProxy,0.23279694,1076,AdvancedProject.ifc,0.04968951,0.6600476,1 - First Floor,Handtag skåp1:Handtag skåp:904873,False
3GzoWuxxn4WO8bCtw8H3fu,IfcWallStandardCase,0.2327747,1077,AdvancedProject.ifc,0.050243475,0.65868086,1 - First Floor,Basic Wall:MockUp Interior:699069,False
3naw$9in55$v8L5CpxnK7f,IfcWallStandardCase,0.23269403,1078,AdvancedProject.ifc,0.050556056,0.65768266,1 - First Floor,Basic Wall:MockUp Interior between App:713179,False
11MreptMzBDAizZWBG8mO7,IfcFlowTerminal,0.23265746,1079,AdvancedProject.ifc,0.04956772,0.6598668,1 - First Floor,M_Lavatory - Vanity:760 mmx455 mm - Private:692372,False
3U8bdGexDEOw9DXBmULr9k,IfcWallStandardCase,0.23256135,1080,AdvancedProject.ifc,0.047435764,0.66452104,1 - First Floor,Basic Wall:MockUp Interior between App:873445,False
3p6DR19bjD_PWb8lZMRThy,IfcWallStandardCase,0.23255298,1081,AdvancedProject.ifc,0.04324022,0.6742827,Level 1,Basic Wall:MockUp Interior between App:735583,False
0qKJYWbnv5I8o6vyLfHjzs,IfcDoor,0.23237215,1082,AdvancedProject.ifc,0.04839639,0.66164887,1 - First Floor,M_Single-Flush:Generic Door:900705,False
2m6FhmO0r2OgRBRP7hD4nX,IfcBuildingElementProxy,0.23230429,1083,AdvancedProject.ifc,0.048039764,0.6622548,1 - First Floor,Handtag skåp1:Handtag skåp:710028,False
1N4ygrFWX08Q8J7Fws7pYK,IfcBuildingElementProxy,0.23210385,1084,AdvancedProject.ifc,0.039167598,0.6822884,-1 - Garage,M_Electric Lift-4 person wall based:MockUp A:865497,False
2sG0Vcmgb1Uverjtj49zSM,IfcWallStandardCase,0.2319202,1085,AdvancedProject.ifc,0.049015798,0.6586971,1 - First Floor,Basic Wall:MockUp Interior:591782,False
0HFJ4FEcn5UhECI1IyBBqj,IfcWindow,0.23188847,1086,AdvancedProject.ifc,0.048907638,0.65884376,Level 1,BALANS Fixed Single Window:BALANS GROUND SMALL B:917463,False
3GzoWuxxn4WO8bCtw8H3Ga,IfcBuildingElementProxy,0.23180507,1087,AdvancedProject.ifc,0.048860423,0.6586759,1 - First Floor,Handtag skåp1:Handtag skåp:697569,False
11MreptMzBDAizZWBG8mFz,IfcDoor,0.2317946,1088,AdvancedProject.ifc,0.04734276,0.6621822,1 - First Floor,M_Single-Flush:Generic Door:693614,False
2m6FhmO0r2OgRBRP7hD4nc,IfcBuildingElementProxy,0.23157296,1089,AdvancedProject.ifc,0.048031796,0.65983564,1 - First Floor,Handtag skåp1:Handtag skåp:710027,False
2BLn4xX2vF_gM9G5wfbPwA,IfcDoor,0.23148064,1090,AdvancedProject.ifc,0.04926043,0.6566611,Level 1,M_Single-Flush:Generic Door:836006,False
1KMtYLyv9CyfGv8UjnMBSH,IfcWallStandardCase,0.23143145,1091,AdvancedProject.ifc,0.055910427,0.6409805,1 - First Floor,Basic Wall:MockUp Exterior:793586,False
0ducQKkW5EGQM9rQ5zdM1i,IfcWallStandardCase,0.23143084,1092,AdvancedProject.ifc,0.040164754,0.67771834,-1 - Garage,Basic Wall:MockUp Storage Wall:819030,False
3GzoWuxxn4WO8bCtw8H3Ho,IfcDoor,0.23134336,1093,AdvancedProject.ifc,0.045879763,0.6640917,1 - First Floor,M_Single-Flush:Generic Door:697527,False
0xyFL4ySP5TexORi78qDIC,IfcWindow,0.23130485,1094,AdvancedProject.ifc,0.04530202,0.66531146,Level 1,BALANS Fixed Single Window:BALANS 30M FLOOR (SH = 0):781363,False
11MreptMzBDAizZWBG8_sl,IfcFlowTerminal,0.23117161,1095,AdvancedProject.ifc,0.050225653,0.65337884,1 - First Floor,Kök - Diskmaskin 6m:Diskmaskin:686908,False
0Zs4aBjAr5AggJ3MVmSIQu,IfcDoor,0.23060663,1096,AdvancedProject.ifc,0.045875374,0.6616462,1 - First Floor,M_Single-Flush:Generic Door:598697,False
0fjrUmmzDB4fngo1stt3AE,IfcBuildingElementProxy,0.23060618,1097,AdvancedProject.ifc,0.047581628,0.65766346,1 - First Floor,Handtag kylfrys:Handtag kyl/frys:911795,False
1KMtYLyv9CyfGv8UjnMBSM,IfcWindow,0.23045684,1098,AdvancedProject.ifc,0.047846477,0.65654767,1 - First Floor,BALANS Fixed Single Window:BALANS 20M PRIVATE:793589,False
0pHBx4qSPCfPLZRKuUIKRO,IfcWindow,0.23034915,1099,AdvancedProject.ifc,0.049178798,0.65308,1 - First Floor,BALANS Fixed Single Window:BALANS 10M PRIVATE:906606,False
1KMtYLyv9CyfGv8UjnMB3i,IfcWindow,0.23031156,1100,AdvancedProject.ifc,0.044943713,0.6628365,1 - First Floor,BALANS Fixed Single Window:BALANS 15M PRIVATE:793615,False
3GzoWuxxn4WO8bCtw8H3Gv,IfcWallStandardCase,0.23027682,1101,AdvancedProject.ifc,0.04710208,0.6576845,1 - First Floor,Basic Wall:MockUp Interior:697596,False
2IzmleSW1Dlx86K0hfkLXj,IfcBuildingElementProxy,0.23012754,1102,AdvancedProject.ifc,0.051962864,0.6458451,1 - First Floor,Handtag skåp1:Handtag skåp:904343,False
3ktY1kg3rAwgNBX_XWRV1_,IfcWindow,0.22995432,1103,AdvancedProject.ifc,0.048336703,0.6537287,4 - Fourth Floor,BALANS Fixed Single Window:BALANS 10M PRIVATE:940786,False
2m6FhmO0r2OgRBRP7hD461,IfcDoor,0.22982748,1104,AdvancedProject.ifc,0.04518322,0.6606641,1 - First Floor,M_Single-Flush:Generic Door:710764,False
1KMtYLyv9CyfGv8UjnMBSO,IfcWindow,0.22980675,1105,AdvancedProject.ifc,0.04850206,0.652851,1 - First Floor,BALANS Fixed Single Window:BALANS 10M PRIVATE:793595,False
3U8bdGexDEOw9DXBmULqba,IfcDoor,0.22939405,1106,AdvancedProject.ifc,0.051327378,0.6448829,1 - First Floor,M_Single-Flush:Generic Door:870639,False
0xyFL4ySP5TexORi78qE5c,IfcDoor,0.2291718,1107,AdvancedProject.ifc,0.04636671,0.65571696,Level 1,M_Door-Overhead-Sectional:2400 x 2000mm:776665,False
1KGNuJkf5FjQZDFQ6WeEFB,IfcFlowTerminal,0.22916394,1108,AdvancedProject.ifc,0.045952123,0.6566582,1 - First Floor,M_Shower Stall with Seat - Rectangular:1220 mmx915 mm - Private:675758,False
0xyFL4ySP5TexORi78qDG5,IfcWindow,0.2291183,1109,AdvancedProject.ifc,0.039919488,0.6705822,Level 1,BALANS Fixed Single Window:BALANS 30M FLOOR (SH = 0):781498,False
2SEl4sI2X1JhqYqQydYv4D,IfcBuildingElementProxy,0.22911729,1110,AdvancedProject.ifc,0.04777359,0.65225255,1 - First Floor,M_Hood-Island:1100mm:971286,False
2BLn4xX2vF_gM9G5wfbPQf,IfcWallStandardCase,0.2285532,1111,AdvancedProject.ifc,0.043245748,0.66093725,Level 1,Basic Wall:MockUp Interior:838021,False
1KMtYLyv9CyfGv8UjnMB3l,IfcWindow,0.22800337,1112,AdvancedProject.ifc,0.043331627,0.6589041,1 - First Floor,BALANS Fixed Single Window:BALANS 15M FLOOR (SH = 0):793612,False
0HFJ4FEcn5UhECI1IyBqD7,IfcWindow,0.22799106,1113,AdvancedProject.ifc,0.040731575,0.6649298,Level 1,BALANS Fixed Single Window:BALANS 30M FLOOR (SH = 0):917949,False
3GzoWuxxn4WO8bCtw8H3Gw,IfcFlowTerminal,0.22777495,1114,AdvancedProject.ifc,0.043521438,0.65769976,1 - First Floor,M_Shower Stall with Seat - Rectangular:1220 mmx915 mm - Private:697599,False
2IzmleSW1Dlx86K0hfkLe_,IfcBuildingElementProxy,0.22729705,1115,AdvancedProject.ifc,0.04956758,0.6419991,1 - First Floor,Handtag skåp1:Handtag skåp:904900,False
3pFbansyD0KOHFtJHrTuY0,IfcWallStandardCase,0.22518426,1116,AdvancedProject.ifc,0.049233682,0.63573563,Level 1,Basic Wall:MockUp Interior between App:884151,False
0qKJYWbnv5I8o6vyLfHiPN,IfcBuildingElementProxy,0.22375596,1117,AdvancedProject.ifc,0.053429246,0.62118495,1 - First Floor,Handtag skåp1:Handtag skåp:894784,False
3Icxn5iZD46RLnvfRjDRGg,IfcDoor,0.22277604,1118,AdvancedProject.ifc,0.050053153,0.6257961,1 - First Floor,M_Single-Flush:Generic Door:731677,False
3NlCHdPGXFUvkKekQzm3F_,IfcSlab,0.22234792,1119,AdvancedProject.ifc,0.31218925,0.0127181625,4 - Fourth Floor,Floor:Concrete-Domestic 425mm:982205,False
3NlCHdPGXFUvkKekQzm3Fi,IfcSlab,0.22101288,1120,AdvancedProject.ifc,0.3108187,0.011465963,3 - Third Floor,Floor:Concrete-Domestic 425mm:982191,False
0fjrUmmzDB4fngo1stt0Md,IfcBuildingElementProxy,0.22098652,1121,AdvancedProject.ifc,0.05363658,0.6114697,1 - First Floor,Handtag skåp1:Handtag skåp:908954,False
1KMtYLyv9CyfGv8UjnMB3p,IfcWindow,0.21910176,1122,AdvancedProject.ifc,0.04213215,0.6320308,1 - First Floor,BALANS Fixed Single Window:BALANS 20M PRIVATE:793616,False
3GzoWuxxn4WO8bCtw8H3GG,IfcBuildingElementProxy,0.21722293,1123,AdvancedProject.ifc,0.041799925,0.6265432,1 - First Floor,Kök - Kyl frys-en dörr:Frys:697557,False
2m6FhmO0r2OgRBRP7hD4V6,IfcBuildingElementProxy,0.21697177,1124,AdvancedProject.ifc,0.040592276,0.6285239,1 - First Floor,Kök - Kyl frys-en dörr:Frys:712235,False
2v8sGyGFXDsRc80mj95lHO,IfcFlowTerminal,0.21665618,1125,AdvancedProject.ifc,0.053996515,0.5961954,1 - First Floor,M_Lavatory - Vanity:760 mmx455 mm - Private:726092,False
0SYs3s__10NgRHjGtRj2cf,IfcWallStandardCase,0.20617007,1126,AdvancedProject.ifc,0.123167984,0.39984158,Level 1,Basic Wall:Generic - 200mm:316001,False
0ifV7awIzBlRVUTYG1zp3l,IfcBuildingElementProxy,0.19231556,1127,AdvancedProject.ifc,0.05371,0.51572853,6 - Sixth Floor,M_RPC Male:LaRon:976978,False
3ktY1kg3rAwgNBX_XWRS7x,IfcWindow,0.18980657,1128,AdvancedProject.ifc,0.04512059,0.52740717,2 - Second Floor,BALANS Fixed Single Window:BALANS 15M PRIVATE:945015,False
0Um_J2ClP45uPRcRbJqhtO,IfcBuildingElementProxy,0.1846468,1129,AdvancedProject.ifc,0.04473935,0.5110975,6 - Sixth Floor,Electrical_Solar-Panels_Soprema_Soprasolar_Fix-Evo-Tilt_EN:REC PE 260 HD:958547,False
11MreptMzBDAizZWBG8nuM,IfcBuildingElementProxy,0.17848638,1130,AdvancedProject.ifc,0.050378326,0.47740513,1 - First Floor,Handtag skåp1:Handtag skåp:690309,False
3naw$9in55$v8L5CpxnK2T,IfcRailing,0.17798002,1131,AdvancedProject.ifc,0.0488816,0.47920963,-1 - Garage,Railing:1100mm:712879,False
0xyFL4ySP5TexORi78qEFc,IfcWindow,0.16752651,1132,AdvancedProject.ifc,0.046872538,0.44905245,Level 1,BALANS Fixed Single Window:BALANS TRAPPHUS GROUND:777049,False
0cRoQU_sD5R8MkkMkeodJz,IfcWallStandardCase,0.16352725,1133,AdvancedProject.ifc,0.23360215,1.9192512e-05,Level 1,Basic Wall:Generic - 200mm:310553,False
0qKJYWbnv5I8o6vyLfHg1B,IfcFlowTerminal,0.14027232,1134,AdvancedProject.ifc,0.0539203,0.34176034,1 - First Floor,M_Water Closet - Flush Tank:Public - Flushing Greater than 6.1 Lpf:901468,False
0SYs3s__10NgRHjGtRj2ZW,IfcWallStandardCase,0.13200775,1135,AdvancedProject.ifc,0.18857174,2.5152844e-05,Level 1,Basic Wall:Generic - 200mm:316200,False
1k8pVOGqX51f_yJjFvAc65,IfcWallStandardCase,0.12616564,1136,AdvancedProject.ifc,0.18022887,1.8119648e-05,Level 1,Basic Wall:Generic - 200mm:311811,False
1k8pVOGqX51f_yJjFvAcRl,IfcWallStandardCase,0.10761726,1137,AdvancedProject.ifc,0.15373076,1.9073304e-05,Level 1,Basic Wall:Generic - 200mm:312681,False
1k8pVOGqX51f_yJjFvAc$r,IfcWallStandardCase,0.103997156,1138,AdvancedProject.ifc,0.14854744,4.6490542e-05,Level 1,Basic Wall:Generic - 200mm:314483,False
0cRoQU_sD5R8MkkMkeodVM,IfcWallStandardCase,0.103451595,1139,AdvancedProject.ifc,0.1477761,2.7775379e-05,Level 1,Basic Wall:Generic - 200mm:310834,False
0cRoQU_sD5R8MkkMkeod5q,IfcWallStandardCase,0.1019882,1140,AdvancedProject.ifc,0.14568502,2.8967437e-05,Level 1,Basic Wall:Generic - 200mm:309392,False
1k8pVOGqX51f_yJjFvAckQ,IfcWallStandardCase,0.10186477,1141,AdvancedProject.ifc,0.14550573,3.5881352e-05,Level 1,Basic Wall:Generic - 200mm:313372,False
0SYs3s__10NgRHjGtRj2ZO,IfcWallStandardCase,0.1010831,1142,AdvancedProject.ifc,0.14439304,2.6583319e-05,Level 1,Basic Wall:Generic - 200mm:316176,False
0SYs3s__10NgRHjGtRj2aH,IfcWallStandardCase,0.09827978,1143,AdvancedProject.ifc,0.14038672,3.0278701e-05,Level 1,Basic Wall:Generic - 200mm:316121,False
2V6UQJFc92sfDYeuDKgYAW,IfcWallStandardCase,0.09756059,1144,AdvancedProject.ifc,0.13936001,2.860982e-05,Level 1,Basic Wall:MockUp Exterior Ground Floor:451591,False
1k8pVOGqX51f_yJjFvAcv6,IfcWallStandardCase,0.095706865,1145,AdvancedProject.ifc,0.13670622,4.1722382e-05,Level 1,Basic Wall:Generic - 200mm:314816,False
1p5u6RKD9AXOYfaTdtdJgC,IfcSlab,0.09513053,1146,AdvancedProject.ifc,0.13588022,4.7920985e-05,Level 1,Floor:Generic 150mm:318194,False
1k8pVOGqX51f_yJjFvAcrl,IfcWallStandardCase,0.08918762,1147,AdvancedProject.ifc,0.12739505,3.6954196e-05,Level 1,Basic Wall:Generic - 200mm:315113,False
0SYs3s__10NgRHjGtRj2gr,IfcWallStandardCase,0.087568276,1148,AdvancedProject.ifc,0.12508522,2.8729026e-05,Level 1,Basic Wall:Generic - 200mm:315773,False
0SYs3s__10NgRHjGtRj2WI,IfcSlab,0.08127882,1149,AdvancedProject.ifc,0.11608476,6.496695e-05,Level 1,Floor:Generic 150mm:316378,False
0Um_J2ClP45uPRcRbJqfyP,IfcRailing,0.077519074,1150,AdvancedProject.ifc,0.106328875,0.010296204,6 - Sixth Floor,Railing:Glass Panel - Bottom Fill:950930,False
1KGNuJkf5FjQZDFQ6WeE55,IfcBuildingElementProxy,0.077220656,1151,AdvancedProject.ifc,0.057636626,0.12291671,Level 2,"Display-LCD-Panasonic-Standard:47"", 1080p Full HD LCD w/ built-in speaker:675104",False
11MreptMzBDAizZWBG8_Z3,IfcBuildingElementProxy,0.0764674,1152,AdvancedProject.ifc,0.056281928,0.12356684,Level 2,"Display-LCD-Panasonic-Standard:47"", 1080p Full HD LCD w/ built-in speaker:687696",False
0SYs3s__10NgRHjGtRj2fJ,IfcWallStandardCase,0.07025353,1153,AdvancedProject.ifc,0.1003488,3.1232346e-05,Level 1,Basic Wall:Generic - 200mm:315803,False
0o1QfH3m18FQ$FuQf8Vgjk,IfcSlab,0.062450457,1154,AdvancedProject.ifc,0.08917969,8.225103e-05,Level 1,Floor:Generic 150mm:317573,False
0qKJYWbnv5I8o6vyLfHg6D,IfcWallStandardCase,0.060421936,1155,AdvancedProject.ifc,0.08629902,4.2079995e-05,1 - First Floor,Basic Wall:MockUp Interior:901274,False
0o1QfH3m18FQ$FuQf8VgJg,IfcSlab,0.053196575,1156,AdvancedProject.ifc,0.07593304,0.0001448288,Level 1,Floor:Generic 150mm:317185,False
0o1QfH3m18FQ$FuQf8Vgh_,IfcSlab,0.052128304,1157,AdvancedProject.ifc,0.07443539,7.8436635e-05,Level 1,Floor:Generic 150mm:317717,False
3GzoWuxxn4WO8bCtw8H3Gd,IfcWallStandardCase,0.048450798,1158,AdvancedProject.ifc,0.06919622,4.482169e-05,1 - First Floor,Basic Wall:MockUp Interior:697570,False
0ifV7awIzBlRVUTYG1zpXQ,IfcBuildingElementProxy,0.047448993,1159,AdvancedProject.ifc,0.06777426,2.3364748e-05,Level 1,M_RPC Tree - Deciduous:Kousa Dogwood - 3.0 Meters:975079,False
0Zs4aBjAr5AggJ3MVmSHkB,IfcWallStandardCase,0.047431126,1160,AdvancedProject.ifc,0.067739695,4.4464075e-05,1 - First Floor,Basic Wall:MockUp Interior:597914,False
2I1hX40SDEbAFJeZO_2_C2,IfcBuildingElementProxy,0.045827243,1161,AdvancedProject.ifc,0.06545472,2.9801879e-05,Level 1,M_RPC Tree - Deciduous:Largetooth Aspen - 7.6 Meters:964042,False
2v8sGyGFXDsRc80mj95kV8,IfcWallStandardCase,0.04580381,1162,AdvancedProject.ifc,0.06528394,0.00035017557,-1 - Garage,Basic Wall:MockUp Elavator:722908,False
3naw$9in55$v8L5CpxnK36,IfcWallStandardCase,0.044943117,1163,AdvancedProject.ifc,0.0640627,0.00033075106,-1 - Garage,Basic Wall:MockUp Elavator:712948,False
2I1hX40SDEbAFJeZO_2_Dt,IfcBuildingElementProxy,0.044425596,1164,AdvancedProject.ifc,0.0634517,3.1351552e-05,Level 1,M_RPC Tree - Deciduous:Largetooth Aspen - 7.6 Meters:964031,False
3ktY1kg3rAwgNBX_XWRV4T,IfcWindow,0.04401376,1165,AdvancedProject.ifc,0.057451986,0.012657897,5 - Fifth Floor,BALANS Fixed Single Window:BALANS 10M BATHROOM:940945,False
3Ru66Gtdr8je900XvjI$K5,IfcRailing,0.043852657,1166,AdvancedProject.ifc,0.057746965,0.01143261,5 - Fifth Floor,Railing:1100mm:938786,False
0Zs4aBjAr5AggJ3MVmSIoU,IfcWallStandardCase,0.043609943,1167,AdvancedProject.ifc,0.062281426,4.315283e-05,1 - First Floor,Basic Wall:MockUp Interior:600207,False
3ktY1kg3rAwgNBX_XWRV4O,IfcWindow,0.04274804,1168,AdvancedProject.ifc,0.055712935,0.012496621,5 - Fifth Floor,BALANS Fixed Single Window:BALANS 10M PRIVATE:940948,False
3ktY1kg3rAwgNBX_XWRV7u,IfcWindow,0.042538546,1169,AdvancedProject.ifc,0.055441763,0.012431044,5 - Fifth Floor,BALANS Fixed Single Window:BALANS 10M PRIVATE:940916,False
0cRoQU_sD5R8MkkMkeod7v,IfcWallStandardCase,0.040896352,1170,AdvancedProject.ifc,0.0584063,3.981511e-05,Level 1,Basic Wall:Generic - 200mm:309277,False
3ktY1kg3rAwgNBX_XWRSGL,IfcWallStandardCase,0.040772952,1171,AdvancedProject.ifc,0.053554118,0.010950235,6 - Sixth Floor,Basic Wall:MockUp Roof Wall:945817,False
0Um_J2ClP45uPRcRbJqf_0,IfcDoor,0.040754016,1172,AdvancedProject.ifc,0.053167067,0.011790235,6 - Sixth Floor,Swedoor_Interior_Door_SD4220_P65_EI60_Single-LeftRightOver_1.0:1990 mm (M10) x 2390 mm (M21) - EI60 - Right-handed:950795,False
2sG0Vcmgb1Uverjtj49YfG,IfcWallStandardCase,0.0404051,1173,AdvancedProject.ifc,0.057703435,4.2318403e-05,1 - First Floor,Basic Wall:MockUp Interior:588512,False
3ktY1kg3rAwgNBX_XWRV7y,IfcWindow,0.04035975,1174,AdvancedProject.ifc,0.052150156,0.012848804,5 - Fifth Floor,BALANS Fixed Single Window:BALANS 10M PRIVATE:940912,False
0vUwvmC$5DAhJ5h8TXdzM$,IfcStairFlight,0.039780192,1175,AdvancedProject.ifc,0.053268973,0.008306361,3 - Third Floor,Assembled Stair:Stair:937135 Run 1:3,False
3ktY1kg3rAwgNBX_XWRV4F,IfcWindow,0.039727904,1176,AdvancedProject.ifc,0.051180743,0.01300461,5 - Fifth Floor,BALANS Fixed Single Window:BALANS 10M PRIVATE:940931,False
2v8sGyGFXDsRc80mj95l2Z,IfcWallStandardCase,0.039099485,1177,AdvancedProject.ifc,0.05583822,4.2437605e-05,1 - First Floor,Basic Wall:MockUp Interior:725175,False
34Ni6yH0HDjQqrjEsXb0TF,IfcWallStandardCase,0.03908131,1178,AdvancedProject.ifc,0.055678017,0.00035565728,-1 - Garage,Basic Wall:MockUp Elavator:865746,False
0ifV7awIzBlRVUTYG1zpg5,IfcBuildingElementProxy,0.038765673,1179,AdvancedProject.ifc,0.05536206,4.0768748e-05,Level 1,M_RPC Male:Alex:975416,False
3XuKtrI0jD5PlAb3LVW6Hv,IfcFlowTerminal,0.038398128,1180,AdvancedProject.ifc,0.054832555,5.113948e-05,1 - First Floor,M_Water Closet - Flush Tank:Public - Flushing Greater than 6.1 Lpf:905751,False
3ktY1kg3rAwgNBX_XWRV7$,IfcWindow,0.038221017,1181,AdvancedProject.ifc,0.049078427,0.012887051,5 - Fifth Floor,BALANS Fixed Single Window:BALANS 15M PRIVATE:940915,False
2v8sGyGFXDsRc80mj95i26,IfcBuildingElementProxy,0.03813652,1182,AdvancedProject.ifc,0.054463886,3.933829e-05,1 - First Floor,Handtag skåp1:Handtag skåp:729234,False
3ktY1kg3rAwgNBX_XWRV1Z,IfcWindow,0.03807169,1183,AdvancedProject.ifc,0.05005355,0.010114014,4 - Fourth Floor,BALANS Fixed Single Window:BALANS 10M PRIVATE:940783,False
0fjrUmmzDB4fngo1stt0Na,IfcBuildingElementProxy,0.03796667,1184,AdvancedProject.ifc,0.054221086,3.9695904e-05,1 - First Floor,Handtag skåp1:Handtag skåp:909017,False
2SEl4sI2X1JhqYqQydYviP,IfcBuildingElementProxy,0.037920695,1185,AdvancedProject.ifc,0.05415541,3.9695904e-05,1 - First Floor,Handtag skåp1:Handtag skåp:972802,False
3ktY1kg3rAwgNBX_XWRV1L,IfcWindow,0.037832487,1186,AdvancedProject.ifc,0.049997784,0.009446801,4 - Fourth Floor,BALANS Fixed Single Window:BALANS 20M PRIVATE:940761,False
0ifV7awIzBlRVUTYG1zpbL,IfcBuildingElementProxy,0.037628155,1187,AdvancedProject.ifc,0.053736374,4.2318403e-05,Level 1,M_RPC Male:Alex:975336,False
0qKJYWbnv5I8o6vyLfHiPG,IfcFlowTerminal,0.037625905,1188,AdvancedProject.ifc,0.053729326,5.125868e-05,1 - First Floor,Kök - Diskmaskin 6m:Diskmaskin:894791,False
0RX0qjgLr74ARybmQT42Gd,IfcRailing,0.037625156,1189,AdvancedProject.ifc,0.049717844,0.009408894,4 - Fourth Floor,Railing:1100mm:938790,False
3ktY1kg3rAwgNBX_XWRV7s,IfcWindow,0.03759183,1190,AdvancedProject.ifc,0.04815604,0.012942008,5 - Fifth Floor,BALANS Fixed Single Window:BALANS 15M PRIVATE:940922,False
0fjrUmmzDB4fngo1stt0Lh,IfcBuildingElementProxy,0.037487835,1191,AdvancedProject.ifc,0.05353668,4.0530336e-05,1 - First Floor,Handtag skåp1:Handtag skåp:908886,False
3ktY1kg3rAwgNBX_XWRV42,IfcWindow,0.03738584,1192,AdvancedProject.ifc,0.04798822,0.01264695,5 - Fifth Floor,BALANS Fixed Single Window:BALANS 20M PRIVATE:940942,False
0qKJYWbnv5I8o6vyLfHg2K,IfcFlowTerminal,0.037239116,1193,AdvancedProject.ifc,0.05317672,5.1377883e-05,1 - First Floor,M_Lavatory - Vanity:760 mmx455 mm - Private:901507,False
0ifV7awIzBlRVUTYG1zp29,IfcBuildingElementProxy,0.037203707,1194,AdvancedProject.ifc,0.04875461,0.010251604,6 - Sixth Floor,M_RPC Tree - Deciduous:Gray Birch - 3.1 Meters:976948,False
3pFbansyD0KOHFtJHrTsKe,IfcBuildingElementProxy,0.0370777,1195,AdvancedProject.ifc,0.052944895,5.4238757e-05,Level 1,Handtag skåp1:Handtag skåp:888863,False
0qKJYWbnv5I8o6vyLfHiPT,IfcBuildingElementProxy,0.03705082,1196,AdvancedProject.ifc,0.052912273,4.0768748e-05,1 - First Floor,Handtag skåp1:Handtag skåp:894794,False
0qKJYWbnv5I8o6vyLfHjiq,IfcBuildingElementProxy,0.036905736,1197,AdvancedProject.ifc,0.05270511,4.0530336e-05,1 - First Floor,Handtag skåp1:Handtag skåp:899619,False
1cFRppLhj948bTrzz_AoiD,IfcDoor,0.03683556,1198,AdvancedProject.ifc,0.052469037,0.00035744478,-1 - Garage,M_Single-Flush:0762 x 2032mm:812527,False
0qKJYWbnv5I8o6vyLfHji_,IfcBuildingElementProxy,0.036759283,1199,AdvancedProject.ifc,0.052495793,4.0768748e-05,1 - First Floor,Handtag skåp1:Handtag skåp:899625,False
2v8sGyGFXDsRc80mj95l5K,IfcBuildingElementProxy,0.036733814,1200,AdvancedProject.ifc,0.052460786,3.755022e-05,1 - First Floor,Serena bench with three drawers:Serena bench with three drawers:725312,False
3DRhHSTRP15ukUYu1G74a9,IfcFlowTerminal,0.03666028,1201,AdvancedProject.ifc,0.052348994,5.3285134e-05,1 - First Floor,M_Water Closet - Flush Tank:Public - Flushing Greater than 6.1 Lpf:596032,False
2v8sGyGFXDsRc80mj95iIr,IfcBuildingElementProxy,0.0366076,1202,AdvancedProject.ifc,0.052278694,4.1722382e-05,1 - First Floor,Handtag skåp1:Handtag skåp:730273,False
3ktY1kg3rAwgNBX_XWRV0g,IfcWindow,0.0365853,1203,AdvancedProject.ifc,0.048152935,0.009594165,3 - Third Floor,BALANS Fixed Single Window:BALANS 10M PRIVATE:940710,False
0qKJYWbnv5I8o6vyLfHjid,IfcBuildingElementProxy,0.036526278,1204,AdvancedProject.ifc,0.052162826,4.1007155e-05,1 - First Floor,Handtag skåp1:Handtag skåp:899632,False
3pFbansyD0KOHFtJHrTsV4,IfcBuildingElementProxy,0.036471825,1205,AdvancedProject.ifc,0.05207885,5.5430784e-05,Level 1,Handtag skåp1:Handtag skåp:889587,False
2v8sGyGFXDsRc80mj95iGX,IfcBuildingElementProxy,0.036456876,1206,AdvancedProject.ifc,0.052063316,4.1841584e-05,1 - First Floor,Handtag skåp1:Handtag skåp:730165,False
2v8sGyGFXDsRc80mj95i76,IfcDoor,0.03623084,1207,AdvancedProject.ifc,0.05173852,4.6252135e-05,1 - First Floor,M_Single-Flush:Generic Door:729554,False
2BLn4xX2vF_gM9G5wfbPNz,IfcBuildingElementProxy,0.036033075,1208,AdvancedProject.ifc,0.051451914,5.578839e-05,Level 1,Handtag skåp1:Handtag skåp:838353,False
3ktY1kg3rAwgNBX_XWRV10,IfcWindow,0.03595739,1209,AdvancedProject.ifc,0.047205415,0.009711992,4 - Fourth Floor,BALANS Fixed Single Window:BALANS 20M PRIVATE:940748,False
2BLn4xX2vF_gM9G5wfbPVn,IfcBuildingElementProxy,0.035941493,1210,AdvancedProject.ifc,0.05132093,5.6146e-05,Level 1,Handtag skåp1:Handtag skåp:837853,False
1KGNuJkf5FjQZDFQ6We991,IfcBuildingElementProxy,0.035936743,1211,AdvancedProject.ifc,0.051320422,4.148397e-05,1 - First Floor,Handtag skåp1:Handtag skåp:671268,False
2BLn4xX2vF_gM9G5wfbPVo,IfcBuildingElementProxy,0.03592304,1212,AdvancedProject.ifc,0.051294573,5.6146e-05,Level 1,Handtag skåp1:Handtag skåp:837854,False
0Um_J2ClP45uPRcRbJqe3T,IfcBuildingElementProxy,0.035794027,1213,AdvancedProject.ifc,0.04647805,0.0108646285,6 - Sixth Floor,Electrical_Solar-Panels_Soprema_Soprasolar_Fix-Evo-Tilt_EN:REC PE 260 HD:957782,False
02b4vxvtD5HBo2EeUI65Me,IfcFlowTerminal,0.035786856,1214,AdvancedProject.ifc,0.051101193,5.3404336e-05,1 - First Floor,Kök - Diskmaskin 6m:Diskmaskin:635924,False
3naw$9in55$v8L5CpxnK2j,IfcStairFlight,0.035709977,1215,AdvancedProject.ifc,0.05088992,0.00029011333,-1 - Garage,Assembled Stair:Stair:712862 Run 1,False
3ktY1kg3rAwgNBX_XWRV0C,IfcWindow,0.035598338,1216,AdvancedProject.ifc,0.04693294,0.009150946,3 - Third Floor,BALANS Fixed Single Window:BALANS 20M PRIVATE:940672,False
2SEl4sI2X1JhqYqQydYuq4,IfcBuildingElementProxy,0.035538036,1217,AdvancedProject.ifc,0.050752733,3.70734e-05,1 - First Floor,M_RPC Female:Florence:970271,False
1q9pLykVT2tOtz_4Xjbvw7,IfcDoor,0.035537787,1218,AdvancedProject.ifc,0.050613746,0.00036054308,-1 - Garage,M_Single-Flush:Generic Door:877634,False
3ktY1kg3rAwgNBX_XWRV1r,IfcWindow,0.03543842,1219,AdvancedProject.ifc,0.046274286,0.010154727,4 - Fourth Floor,BALANS Fixed Single Window:BALANS 10M FLOOR (SH = 0):940793,False
3ktY1kg3rAwgNBX_XWRV0Q,IfcWindow,0.03537782,1220,AdvancedProject.ifc,0.04633658,0.009807378,3 - Third Floor,BALANS Fixed Single Window:BALANS 10M PRIVATE:940694,False
3GzoWuxxn4WO8bCtw8H3Vj,IfcWall,0.03535773,1221,AdvancedProject.ifc,0.050491985,4.4464075e-05,1 - First Floor,Basic Wall:MockUp Interior between App:698152,False
0Um_J2ClP45uPRcRbJqhsw,IfcBuildingElementProxy,0.035347346,1222,AdvancedProject.ifc,0.045714475,0.011157383,6 - Sixth Floor,Electrical_Solar-Panels_Soprema_Soprasolar_Fix-Evo-Tilt_EN:REC PE 260 HD:958513,False
0qKJYWbnv5I8o6vyLfHj8U,IfcDoor,0.03531154,1223,AdvancedProject.ifc,0.05042472,4.7444173e-05,1 - First Floor,M_Single-Flush:Generic Door:897801,False
3GzoWuxxn4WO8bCtw8H0zf,IfcBuildingElementProxy,0.035295658,1224,AdvancedProject.ifc,0.050404284,4.2199197e-05,1 - First Floor,Handtag skåp1:Handtag skåp:696236,False
3ktY1kg3rAwgNBX_XWRV0L,IfcWindow,0.035289727,1225,AdvancedProject.ifc,0.046344973,0.009494154,3 - Third Floor,BALANS Fixed Single Window:BALANS 15M PRIVATE:940697,False
3ktY1kg3rAwgNBX_XWRV0S,IfcWindow,0.035287727,1226,AdvancedProject.ifc,0.046333916,0.009513282,3 - Third Floor,BALANS Fixed Single Window:BALANS 15M PRIVATE:940688,False
2BLn4xX2vF_gM9G5wfbP36,IfcDoor,0.035212733,1227,AdvancedProject.ifc,0.050280556,5.447716e-05,Level 1,M_Single-Flush:Generic Door:839658,False
0Um_J2ClP45uPRcRbJqhsm,IfcBuildingElementProxy,0.03513681,1228,AdvancedProject.ifc,0.045396782,0.011196875,6 - Sixth Floor,Electrical_Solar-Panels_Soprema_Soprasolar_Fix-Evo-Tilt_EN:REC PE 260 HD:958523,False
0Um_J2ClP45uPRcRbJqhtx,IfcBuildingElementProxy,0.03503927,1229,AdvancedProject.ifc,0.045226973,0.0112679545,6 - Sixth Floor,Electrical_Solar-Panels_Soprema_Soprasolar_Fix-Evo-Tilt_EN:REC PE 260 HD:958576,False
0qdpkovdH5RgxJU7gsxrD5,IfcDoor,0.034958255,1230,AdvancedProject.ifc,0.04991998,4.7563375e-05,1 - First Floor,M_Single-Flush:Generic Door:903362,False
0pHBx4qSPCfPLZRKuUIKTa,IfcWindow,0.034936357,1231,AdvancedProject.ifc,0.049888954,4.6967358e-05,1 - First Floor,BALANS Fixed Single Window:BALANS 10M PRIVATE:906450,False
1q9pLykVT2tOtz_4XjbvLy,IfcFlowTerminal,0.034912076,1232,AdvancedProject.ifc,0.049694084,0.0004207203,-1 - Garage,M_Lavatory - Vanity:760 mmx455 mm - Private:880569,False
3ktY1kg3rAwgNBX_XWRV1K,IfcWindow,0.03487258,1233,AdvancedProject.ifc,0.045834586,0.009294573,4 - Fourth Floor,BALANS Fixed Single Window:BALANS TRAPPHUS:940760,False
3ktY1kg3rAwgNBX_XWRV0V,IfcWindow,0.03482335,1234,AdvancedProject.ifc,0.045658026,0.009542448,3 - Third Floor,BALANS Fixed Single Window:BALANS 15M PRIVATE:940691,False
34Ni6yH0HDjQqrjEsXbUMJ,IfcDoor,0.03477505,1235,AdvancedProject.ifc,0.049654882,5.5430784e-05,Level 1,M_Single-Flush:Generic Door:841486,False
3pFbansyD0KOHFtJHrTtfJ,IfcDoor,0.03477431,1236,AdvancedProject.ifc,0.04965373,5.566919e-05,Level 1,M_Single-Flush:Generic Door:888676,False
3ktY1kg3rAwgNBX_XWRV1z,IfcWindow,0.034691904,1237,AdvancedProject.ifc,0.045286838,0.0099703865,4 - Fourth Floor,BALANS Fixed Single Window:BALANS 20M PRIVATE:940785,False
2SEl4sI2X1JhqYqQydYuxc,IfcBuildingElementProxy,0.03468129,1238,AdvancedProject.ifc,0.049528506,3.778863e-05,1 - First Floor,M_RPC Male:Jay:970237,False
1ebX2H7F12su$wtPbeYAIT,IfcWindow,0.034602664,1239,AdvancedProject.ifc,0.049414143,4.255681e-05,Level 1,BALANS Fixed Single Window:BALANS 20M FLOOR (SH = 0):773593,False
3ktY1kg3rAwgNBX_XWRV0T,IfcWindow,0.034584105,1240,AdvancedProject.ifc,0.045300305,0.009579642,3 - Third Floor,BALANS Fixed Single Window:BALANS 15M PRIVATE:940689,False
3ktY1kg3rAwgNBX_XWRV00,IfcWindow,0.03455493,1241,AdvancedProject.ifc,0.0455941,0.008796867,3 - Third Floor,BALANS Fixed Single Window:BALANS TRAPPHUS:940684,False
0ducQKkW5EGQM9rQ5zdPFm,IfcDoor,0.034487873,1242,AdvancedProject.ifc,0.049104374,0.00038270777,-1 - Garage,M_Single-Flush:0762 x 2032mm:822474,False
0Um_J2ClP45uPRcRbJqhta,IfcBuildingElementProxy,0.03432625,1243,AdvancedProject.ifc,0.04415428,0.01139419,6 - Sixth Floor,Electrical_Solar-Panels_Soprema_Soprasolar_Fix-Evo-Tilt_EN:REC PE 260 HD:958575,False
3GzoWuxxn4WO8bCtw8H3GJ,IfcBuildingElementProxy,0.034320053,1244,AdvancedProject.ifc,0.049009997,4.3510445e-05,1 - First Floor,Handtag kylfrys:Handtag kyl/frys:697558,False
3ktY1kg3rAwgNBX_XWRS7Q,IfcWindow,0.03431968,1245,AdvancedProject.ifc,0.0459112,0.007272793,2 - Second Floor,BALANS Fixed Single Window:BALANS 15M PRIVATE:944982,False
3U8bdGexDEOw9DXBmULrqF,IfcBuildingElementProxy,0.034294084,1246,AdvancedProject.ifc,0.048972957,4.339124e-05,1 - First Floor,Handtag skåp1:Handtag skåp:875652,False
3GzoWuxxn4WO8bCtw8H3Gb,IfcBuildingElementProxy,0.034208294,1247,AdvancedProject.ifc,0.048850343,4.3510445e-05,1 - First Floor,Handtag skåp1:Handtag skåp:697568,False
0ikA9YOKrBaRArRnE24qEa,IfcRailing,0.034168683,1248,AdvancedProject.ifc,0.04879498,4.0649542e-05,Level 1,Railing:1100mm:939140,False
2m6FhmO0r2OgRBRP7hD2KW,IfcFlowTerminal,0.03414511,1249,AdvancedProject.ifc,0.04875487,5.566919e-05,1 - First Floor,M_Lavatory - Vanity:760 mmx455 mm - Private:703693,False
0MOEoDTm9EnO9yKsXjjlgU,IfcStairFlight,0.03414318,1250,AdvancedProject.ifc,0.048646685,0.0003016732,-1 - Garage,Assembled Stair:Stair:585292 Run 1,False
3GzoWuxxn4WO8bCtw8H3GV,IfcBuildingElementProxy,0.034110773,1251,AdvancedProject.ifc,0.048710976,4.3629647e-05,1 - First Floor,Handtag skåp1:Handtag skåp:697562,False
2m6FhmO0r2OgRBRP7hD4gK,IfcBuildingElementProxy,0.033954564,1252,AdvancedProject.ifc,0.048487563,4.4225668e-05,1 - First Floor,Handtag skåp1:Handtag skåp:709497,False
2m6FhmO0r2OgRBRP7hD4gN,IfcBuildingElementProxy,0.033947773,1253,AdvancedProject.ifc,0.048477866,4.4225668e-05,1 - First Floor,Handtag skåp1:Handtag skåp:709498,False
2sG0Vcmgb1Uverjtj49YtH,IfcDoor,0.033912357,1254,AdvancedProject.ifc,0.04842528,4.8874615e-05,1 - First Floor,M_Single-Flush:Generic Door:589153,False
2m6FhmO0r2OgRBRP7hD4gR,IfcBuildingElementProxy,0.033886608,1255,AdvancedProject.ifc,0.048390437,4.4344873e-05,1 - First Floor,Handtag skåp1:Handtag skåp:709494,False
2m6FhmO0r2OgRBRP7hD4gQ,IfcBuildingElementProxy,0.033879988,1256,AdvancedProject.ifc,0.04838098,4.4344873e-05,1 - First Floor,Handtag skåp1:Handtag skåp:709495,False
3ktY1kg3rAwgNBX_XWRS7Y,IfcWindow,0.03387426,1257,AdvancedProject.ifc,0.045120325,0.007633445,2 - Second Floor,BALANS Fixed Single Window:BALANS 10M PRIVATE:945006,False
2m6FhmO0r2OgRBRP7hD42V,IfcBuildingElementProxy,0.033751562,1258,AdvancedProject.ifc,0.048197515,4.4344873e-05,1 - First Floor,Handtag skåp1:Handtag skåp:711026,False
3U8bdGexDEOw9DXBmULqkr,IfcDoor,0.033742525,1259,AdvancedProject.ifc,0.048182406,4.9470633e-05,1 - First Floor,M_Single-Flush:Generic Door:870974,False
3ktY1kg3rAwgNBX_XWRV1I,IfcWindow,0.033705577,1260,AdvancedProject.ifc,0.04385034,0.010034473,4 - Fourth Floor,BALANS Fixed Single Window:BALANS 15M FLOOR (SH = 0):940766,False
2m6FhmO0r2OgRBRP7hD42B,IfcBuildingElementProxy,0.033664647,1261,AdvancedProject.ifc,0.048073296,4.4464075e-05,1 - First Floor,Handtag skåp1:Handtag skåp:711014,False
3ktY1kg3rAwgNBX_XWRS7d,IfcWindow,0.033614714,1262,AdvancedProject.ifc,0.044926427,0.0072207195,2 - Second Floor,BALANS Fixed Single Window:BALANS 20M PRIVATE:945003,False
3ktY1kg3rAwgNBX_XWRS7m,IfcWindow,0.033543583,1263,AdvancedProject.ifc,0.04503749,0.0067244666,2 - Second Floor,BALANS Fixed Single Window:BALANS 30M FLOOR (SH = 0):945020,False
3ktY1kg3rAwgNBX_XWRV0U,IfcWindow,0.033430558,1264,AdvancedProject.ifc,0.043709867,0.009445502,3 - Third Floor,BALANS Fixed Single Window:BALANS 15M FLOOR (SH = 0):940690,False
11MreptMzBDAizZWBG8nzD,IfcWallStandardCase,0.033399735,1265,AdvancedProject.ifc,0.047692448,5.0066647e-05,1 - First Floor,Basic Wall:MockUp Kitchen:690654,False
0pHBx4qSPCfPLZRKuUIKQ9,IfcWindow,0.03325865,1266,AdvancedProject.ifc,0.04749249,4.6371337e-05,1 - First Floor,BALANS Fixed Single Window:BALANS 15M PRIVATE:906559,False
02b4vxvtD5HBo2EeUI63Px,IfcWallStandardCase,0.033241544,1267,AdvancedProject.ifc,0.047466718,4.9470633e-05,1 - First Floor,Basic Wall:MockUp Kitchen:645063,False
2sG0Vcmgb1Uverjtj49zdx,IfcDoor,0.033118516,1268,AdvancedProject.ifc,0.04729071,5.0066647e-05,1 - First Floor,M_Single-Flush:Generic Door:592203,False
1cFRppLhj948bTrzz_Apu2,IfcDoor,0.033087984,1269,AdvancedProject.ifc,0.047100496,0.00039212167,-1 - Garage,M_Single-Flush:0762 x 2032mm:815328,False
0ducQKkW5EGQM9rQ5zdPyj,IfcDoor,0.032977127,1270,AdvancedProject.ifc,0.046939272,0.00039879474,-1 - Garage,M_Single-Flush:0762 x 2032mm:819223,False
3pFbansyD0KOHFtJHrTutI,IfcDoor,0.03297529,1271,AdvancedProject.ifc,0.046943538,0.00038270777,-1 - Garage,M_Single-Flush:Generic Door:882917,False
28WUkjJ1r5wPzZDX9W1jxA,IfcWallStandardCase,0.032870155,1272,AdvancedProject.ifc,0.046936214,4.9351427e-05,1 - First Floor,Basic Wall:MockUp Kitchen:665914,False
1KMtYLyv9CyfGv8UjnMBSP,IfcWindow,0.03273302,1273,AdvancedProject.ifc,0.046741534,4.6490542e-05,1 - First Floor,BALANS Fixed Single Window:BALANS 15M PRIVATE:793594,False
1cFRppLhj948bTrzz_Apqc,IfcWallStandardCase,0.03270265,1274,AdvancedProject.ifc,0.046574283,0.00033551786,-1 - Garage,Basic Wall:MockUp Storage Wall:816068,False
0ducQKkW5EGQM9rQ5zdPvI,IfcDoor,0.032684233,1275,AdvancedProject.ifc,0.046519373,0.00040225044,-1 - Garage,M_Single-Flush:0762 x 2032mm:819560,False
1gdfXOIAf8ZBJUgAp$8ewJ,IfcWindow,0.032670718,1276,AdvancedProject.ifc,0.04664931,5.400035e-05,Level 1,BALANS Fixed Single Window:BALANS 10M FLOOR (SH = 0):919838,False
3pFbansyD0KOHFtJHrTuWx,IfcWallStandardCase,0.032636654,1277,AdvancedProject.ifc,0.046602644,4.9351427e-05,Level 1,Basic Wall:MockUp Interior between App:883980,False
0xyFL4ySP5TexORi78qDYL,IfcWindow,0.032533,1278,AdvancedProject.ifc,0.046458293,4.0649542e-05,Level 1,BALANS Fixed Single Window:BALANS 30M FLOOR (SH = 0):778282,False
0ducQKkW5EGQM9rQ5zdPrI,IfcDoor,0.03217692,1279,AdvancedProject.ifc,0.045791622,0.00040928094,-1 - Garage,M_Single-Flush:0762 x 2032mm:819816,False
0ifV7awIzBlRVUTYG1zpuT,IfcBuildingElementProxy,0.032175653,1280,AdvancedProject.ifc,0.045945395,4.6252135e-05,Level 1,M_RPC Female:Cynthia:976544,False
3ktY1kg3rAwgNBX_XWRV05,IfcWindow,0.032034572,1281,AdvancedProject.ifc,0.04181263,0.009219101,3 - Third Floor,BALANS Fixed Single Window:BALANS TRAPPHUS:940681,False
0X2$ayW0v5dBNxK3e4nx7c,IfcDoor,0.031772472,1282,AdvancedProject.ifc,0.045366976,5.19739e-05,1 - First Floor,M_Single-Flush:Generic Door:685911,False
1KMtYLyv9CyfGv8UjnMB3n,IfcWindow,0.031499144,1283,AdvancedProject.ifc,0.04497686,5.113948e-05,1 - First Floor,BALANS Fixed Single Window:BALANS 10M PRIVATE:793618,False
3GzoWuxxn4WO8bCtw8H3XD,IfcWallStandardCase,0.031407755,1284,AdvancedProject.ifc,0.04484574,5.2450712e-05,1 - First Floor,Basic Wall:MockUp Kitchen:698504,False
2fypDDb212M80XzLYYLlIb,IfcDoor,0.031391695,1285,AdvancedProject.ifc,0.044822086,5.411955e-05,Level 1,Swedoor_Interior_Door_SD4220_P65_EI60_Single-LeftRightOver_1.0:1990 mm (M10) x 2390 mm (M21) - EI60 - Left-handed:965012,False
3U8bdGexDEOw9DXBmULrR9,IfcWallStandardCase,0.031174466,1286,AdvancedProject.ifc,0.044512168,5.316593e-05,1 - First Floor,Basic Wall:MockUp Kitchen:874306,False
3pFbansyD0KOHFtJHrTuw8,IfcWallStandardCase,0.031025134,1287,AdvancedProject.ifc,0.044298735,5.3404336e-05,Level 1,Basic Wall:MockUp Interior between App:883647,False
1gdfXOIAf8ZBJUgAp$8e1o,IfcWindow,0.030996487,1288,AdvancedProject.ifc,0.044259697,4.8993817e-05,1 - First Floor,BALANS Fixed Single Window:BALANS 15M PRIVATE:919551,False
3naw$9in55$v8L5CpxnKbi,IfcDoor,0.03095612,1289,AdvancedProject.ifc,0.04420009,5.3523538e-05,1 - First Floor,M_Single-Flush:Generic Door:715102,False
2m6FhmO0r2OgRBRP7hD2KY,IfcFlowTerminal,0.030808441,1290,AdvancedProject.ifc,0.04398948,5.2689116e-05,1 - First Floor,M_Shower Stall with Seat - Rectangular:1220 mmx915 mm - Private:703695,False
0o1QfH3m18FQ$FuQf8VgK2,IfcSlab,0.030476587,1291,AdvancedProject.ifc,0.0434776,0.00014089546,Level 1,Floor:Generic 150mm:317161,False
1q9pLykVT2tOtz_4Xjbv7l,IfcBuildingElementProxy,0.030413974,1292,AdvancedProject.ifc,0.043324556,0.0002892791,-1 - Garage,M_RPC Beetle:M_RPC Beetle:879402,False
0xKelnDbLBsf$3TAffmUEN,IfcWallStandardCase,0.030040253,1293,AdvancedProject.ifc,0.042892784,5.1020274e-05,Level 1,Basic Wall:MockUp Interior between App:747035,False
1cFRppLhj948bTrzz_An7Q,IfcBuildingElementProxy,0.029884454,1294,AdvancedProject.ifc,0.042566314,0.0002934502,-1 - Garage,M_RPC Beetle:M_RPC Beetle:810808,False
0HFJ4FEcn5UhECI1IyBq1W,IfcWallStandardCase,0.029848121,1295,AdvancedProject.ifc,0.042621985,4.2437605e-05,Level 1,Basic Wall:MockUp Interior:918170,False
0Pw4h9cu11p8EzOFUdpSRt,IfcWallStandardCase,0.0296924,1296,AdvancedProject.ifc,0.042396974,4.83978e-05,Level 1,Basic Wall:MockUp Interior between App:738337,False
2BLn4xX2vF_gM9G5wfbV3X,IfcBuildingElementProxy,0.029430982,1297,AdvancedProject.ifc,0.04202847,3.6834994e-05,Level 1,M_RPC Beetle:M_RPC Beetle:831437,False
1q9pLykVT2tOtz_4XjbvVT,IfcWallStandardCase,0.029147927,1298,AdvancedProject.ifc,0.041489974,0.00034981806,-1 - Garage,Basic Wall:MockUp Interior between App:879896,False
1cFRppLhj948bTrzz_ApdW,IfcWallStandardCase,0.028880242,1299,AdvancedProject.ifc,0.04110144,0.00036411808,-1 - Garage,Basic Wall:MockUp Storage Wall:816898,False
0MOEoDTm9EnO9yKsXjjie3,IfcWallStandardCase,0.028697895,1300,AdvancedProject.ifc,0.040978245,4.3748852e-05,Level 1,Basic Wall:MockUp Exterior Ground Floor:581328,False
0ducQKkW5EGQM9rQ5zdOtF,IfcWallStandardCase,0.028401267,1301,AdvancedProject.ifc,0.04041239,0.00037531962,-1 - Garage,Basic Wall:MockUp Interior between App:824053,False
1q9pLykVT2tOtz_4Xjbudy,IfcWallStandardCase,0.028249035,1302,AdvancedProject.ifc,0.040188633,0.00038997675,-1 - Garage,Basic Wall:MockUp Storage Wall:881465,False
1q9pLykVT2tOtz_4XjbueK,IfcWallStandardCase,0.02807234,1303,AdvancedProject.ifc,0.03994382,0.00037222132,-1 - Garage,Basic Wall:MockUp Storage Wall:880849,False
1q9pLykVT2tOtz_4XjbuaX,IfcWallStandardCase,0.02806599,1304,AdvancedProject.ifc,0.03992612,0.00039236,-1 - Garage,Basic Wall:MockUp Storage Wall:881636,False
1q9pLykVT2tOtz_4XjbuwS,IfcWallStandardCase,0.027653899,1305,AdvancedProject.ifc,0.03934334,0.00037853705,-1 - Garage,Basic Wall:MockUp Storage Wall:881753,False
1k8pVOGqX51f_yJjFvAcX0,IfcWallStandardCase,0.019592628,1306,AdvancedProject.ifc,0.027953811,8.320462e-05,Level 1,Basic Wall:Generic - 200mm:314310,False
